3fe03f813ea4bf89
00000000bc8fc032
3e963f163faf3edc
3ef1bf0bbf6abf0d
00000000be9d4025
3b213f8a3f5cbe71
3e0a3f1ebf983e07
3e383e8abd5bbeb5
bea1bed13ea8bea4
be403edd3e45bec0
3f043debbda44008
bd4a3ed7bf283f4a
0000000000003eb0
3f2dbe36beb9be9a
bf05bca1be293e3c
000000000000bc4b
bf013ee5be94bed1
bece3e98bf0cbf15
0000000000003f01
be91bdb23e7fbe56
3e3e3dd23eab3e68
0000000000003e90
3dd53ec93c833e12
3c843e613e7fbe78
000000000000be9c
3e5bbe0d3e61bed6
be72bcf33e543e0d
0000000000003e11
beb2bd6abe95bd99
3e9ebcfc3f023e95
0000000000003d13
bd99bf06be02be31
3d12bd54bee7bda7
0000000000003ea2
3e453e943e87bd98
3e8bbe87bea9bcbe
0000000000003e6c
3efe3de5be103ed2
3ed13f21bdb83d12
000000000000bf34
3cd1be573d2f3cbe
bf0a3eb0be153e46
000000000000be86
be003f133e4f3e83
3efebe7cbbd4be25
000000000000bd3b
bd86be7ebf043e04
be43bd51be96be83
0000000000003f0e
be11bcdf3e08be9c
3e1f3ea03e28be0b
000000000000be78
bea83f023de8be9c
bdacbef5bf1cbf43
3e6f3f95be20be22
beb93d1e3f623e94
bbde3c9abe283ec8
3e0cbe74bf5dbf52
3e69bef23e0e3e67
3f073dcd3ebabe8f
bdaf3bf23eb0be8b
3f17be96bef93f01
beaf3d9cbef73ec0
3e8f3f18be953e87
bea33f873f5b3ef9
3eb0c002be8f3d8a
3f633eb6be78bf0f
3e7d3eed3f9ebecb
3ea7bf033cdfbf5f
3f3a3ae7bf4ebf5c
3d77bf10beba3f47
3f43bcd63e803ed7
3eb6bf943ea73ec8
be87bea43ea1bebf
bed2befdbecbbe8f
bf153c4cbe373f1b
3eb13ed23eaa3e94
be3ebe83be663fa2
bfa63de73f2b3d89
3ddcc00dbe4a3f28
3eb5400ebe99be51
bda63ee7be60bf08
bf3740123ebbbe3c
3d43bd0bbe063be1
bd213db0be17be14
bd4cbb35bd473e4c
3e023e2fbe60be32
bd74bc903bde3d84
3d6bbd403def3d4b
000000000000bf00
3e7cbe0fbe4fbde5
bd9c3d913de03e2e
3e34bdeabd513d2e
3cb3bdc9be0cbde6
3dadbc2bbebe3e10
bd913d20bdbabd96
3e993e633df03e80
be81bdb73e883ce2
3e5c3db9bd303bf8
3e2b3e06bebe3e51
3e453d8d3d973d38
3da03e063d53bd8a
000000000000bf00
bd95bdcebdaa3c82
bec23e50bc8e3ddc
bc9ebe0fbb72be32
be46bddd3e00be45
bcc23e8b3e123d7b
be503da2bd6b3e74
3d03be54be993cdc
000000000000bd72
beecbe293e343ec5
be41be63be8ebe90
000000000000bd97
3ead3f0fbe1e3f29
3d923e8bbe8b3f44
0000000000003d85
3d8fbe98be8abe84
3f70be903eaf3e54
0000000000003bbf
3d22bf18bc463d32
bdf9bd3c3e20bcd8
0000000000003db9
3e363ee73eafbdb7
3e86be21bebe3e42
000000000000bcf8
3edabe843f093f58
3f0d3cd8be1b3eb7
0000000000003e85
be89be653efabe12
3e47bf2d3c613df5
0000000000003d82
3f483da4be4a3c77
3dd93e96beb7bf26
0000000000003d84
3ed03e2b3aaabeea
be643f0ebf24bdb4
000000000000bd51
3eeebe6e3de33f1e
bd92bec9bee9be34
0000000000003dd3
3e5abc9b3f0c3f38
3f2e3e303bc6bec7
000000000000b9a7
bbe53f08bee6be1c
bf053e123ea03fdf
be3cbec63ee03e3b
3f9f3eff3eac3d41
3e223e97bee93f4d
bf443f8abd803fbf
bde3bf97bec3be18
3d87bfd3bf90bd88
3fb03f4c3f7d3efd
befc3e66beaabcb3
bed8bf7fbebdbed1
3eaf3f673ed8beb1
bf4b3f52be7b3f81
3f04bf94bf043d99
3d6a3f223d823f03
bf3a3ee43cc13f6c
bd453ef83f453ef2
3e48bd3fbf483e87
bd41beb93f29bf3f
be7a3e843f453f37
3d693dc0be6abf1e
3f473dac3f1b3e4d
3e65bf44bea13f3f
bee13f96beacbcfc
3e60be6abfa23ec0
3f1cbed83e003e5d
3e253ea63f00bf28
3f1d3f2abc6cbf69
be3ebea03f533ec1
be9abfd6bf01be50
3fb2bd66be533f26
be893d313e57bdb7
3dd53d6b3e483e00
bd4cbd743ea53d44
bd8fbdb4bd44bd31
bd0abe2fbe023d2e
be83be183e563e9e
000000000000be42
3cc53da0bd3fbd82
3bca3e8d3e503dce
3c1f3d833da4bcbb
3d8dbf0e3d0c3e13
be893e893e743e2d
3cd43c6d3da93c61
3d0f3df83ddc3de2
bd85bd9bbd283ab3
bde6be82be813e03
bbbf3e9b3ea2be59
3cda3dcbbdf1be3c
3e1d3db73e72be6e
000000000000bf73
3e6cbe2b3cda3e34
3e0f3ce7be9b3e32
3e00bbc5bcee3e23
bdbfbd7cbd3d3e9b
befc3ebebe043e98
3e8a3d60be943dbb
be53be573eb73e6e
0000000000003e1f
bd9cbebd3e2a3ded
3e833f1bbddb3d2c
000000000000bca1
3e04bd9cbd193e58
3ebcbd823db0be60
0000000000003d0a
3e51bdafbe84be4e
bde33e993e2abd95
0000000000003db8
bea53ea73e513e12
3dffbe4a3de9be83
0000000000003d85
be04bdeb3eca3e64
bea63dae3ce53e22
0000000000003d32
be58be6a3e29bd9d
be203e00be07bda0
0000000000003d1c
3f01bdcdbbb63e96
bd673e603dd2bd8f
000000000000bdf4
be4e3d673e8f3e82
be59bf133dadbe9e
000000000000bcc5
bcdf3e4fbe32bd6e
bea6bd1fbdc8bc1f
0000000000003e27
be93be15bc29be92
3da539b23e233e94
0000000000003db6
3ecb3e7fbdfb3f22
be6b3eafbcb13c79
000000000000bcae
3e84beae3de03e21
3f2dbf01be89be78
bee2bf46bf013ee2
be913fabbf013ef7
bff4be91be543f52
bf6d3e09be0a3daa
3af13f1fbf423ed7
3e863dd53ddcbf6f
3e9f3f31bd3fbdfe
3f24be76be953eeb
3ecebf0bbd1bbee6
3f883ee53ee13e8c
3e823f473e2f3f89
beaebf863cf5bf7a
3ebb3ed3bf3d3ee1
3f143fc3bf5bbeac
3f89bde03e943f28
bdd3bfbe3e02be9e
bee53f5f3e233f30
beaa3f96bf8b3cbf
3f553daa3e403d06
bebc3f1cbf633e54
3ea7be93be043ecc
3cb6bf133f87bf6e
3c5f3f72bf24be9c
3dc23f033eb93f3f
bf2a3e973f49bce7
be1d3b7abfb4be93
3f67bf87bdb93ee5
3ef33e983f343f48
3fab3e5cbf4d3f18
beb23bc7bee03e94
3e06bdec39aabdbd
3cb53e79be3cbe09
3dd23e4fbd5bbd84
bd3ebd963e493d00
3e91bd193d883eb9
000000000000b897
3e38be3a3eb5be46
3e06bd21be69be2c
be203de93c103e0b
bde33e503d8bbdf2
3dd43e293dc5bd91
bcba3d4abe36bee4
3e32be153dae3da6
3abbbe8b3e473e20
be0f3d68bd2cbdf9
be353cbcbdd8bd8c
3d093a84bd583ee0
bcccbc453d333d56
0000000000003f39
3b7d3db43da5bd60
3d29be0a3cedbd84
3cfd3e173e0fbe1c
3e453e713e9dbd81
be513c89bec53d6d
3dc83dedbe35bcd6
3ebe3bd8bf0d3ea2
0000000000003dfe
3ee2bed1be81be67
bdf33ea4bef6bd48
0000000000003d56
3e3c3ed5beea3f2c
bdc1be653f143e3e
0000000000003e1e
3ebc3ecf3f00be93
3ed5bf07bebdbdb5
0000000000003d38
bea4bdb1be0a3ec1
be4f3dff3eedbf72
0000000000003dbb
3e3ebe8b3dadbdf7
bcd63f303dce3e57
0000000000003d50
3e51bcd73ee63cc7
bcc23e093d1d3dab
0000000000003dc2
beacbdb1bec23f00
3f05be273ea93e6b
0000000000003cff
3dafbe3dbebbbc8a
3e7b3dc3bda0bf0d
0000000000003dda
beabbd93bd1f3d9e
3cf6bde0bed2be83
0000000000003d19
be933ecabd6e3d49
3f6bbe10bc5dbe8a
000000000000bd32
3e8f3f523e843e99
3e3f3e103e623e97
0000000000003d8b
beaf3dae3e1e3f47
3dd3bd8f3f073dde
bf6bbddd3f723ea8
befa3cf9bf813f08
be093f18becabe28
bf81beb23f413e1e
bda63e5fbf203f2c
bf8fbf3abf09bf86
bdbebe56be74bec1
bf113e4cbc4b3e84
3f283e943e1d3e25
bda23e793f353e1a
bd483ea43f453f45
be08bf55bf1dbcd4
be87bea73e1f3f19
3df63ebcbf1b3f58
3ee73ee2bea6beb8
be31bfb63eddbe79
becd3ef6be113f24
3d9e3d923f9fbf1d
be0bbeca3f5dbf1c
3e693e58bf883e3a
bf86bec43f0abf25
3f703d6bbeb13f04
3dabbdd4bdd8bfa6
beb4be433e4f3d96
3e943d65bee8be1c
3ec13e9f3f8e3e87
3d74bef0beebbeb1
3e783df73f0bbf1e
3eefbecabf72bf36
3cd73e8d3d5f3eab
3dce3b973e2d3d78
be29be013e92be4b
be5dbdde3d8fbe6f
be8c3b1ebcbdbe92
3e913d74be753e4e
000000000000bee5
3dd43da33d2abdb5
be0f3e56bea3bd26
3d3a3e823ce1bd7b
bddcbd27becebe4f
bbd13e8bbd45bd51
3d75bd05bea33e27
3cfa3e223d2abd29
3d233ec53e053db7
3e02bc763cf03d88
3da03e55be8dbe4c
3d8b3ce6be8d3ddb
3ddcbdb23e8abe9b
000000000000bfff
3da3bc25bdc23de9
be073d5f3e5f3dbc
3cf03e00bd83bdc1
3e2ebe2c3de3bedd
3e75bbc73ee5be96
bdda3eef3b823ebb
be89be183e2a3e33
000000000000be1b
bcccbd983d94be81
3e613ea63dcb3ef4
0000000000003dec
be853d8f3e123e47
be0f3ea73dcfbdce
0000000000003d40
bdd33e1b3e87be43
be83be823bf23dc5
0000000000003cb3
bdd2bb613d793e88
bdf63e1a3cadbe2c
000000000000bb94
be203d813cc3be8c
3d5d3de53e803cd9
0000000000003de9
be1b3e223df9bcdc
3e84bdae3ec93ce6
0000000000003cdc
3ceb3e80be1fbd27
bf07bdf43e333b8b
000000000000bcbe
bd28beb6bcee3e7f
3e823dc33eb5bc56
0000000000003de3
3cc1be2cbdce3eb3
bdf93ed5be013e5e
000000000000bc95
be133ed53d98bdd5
3e51be0c3cd1beff
0000000000003e06
be6f3e8d3e44bd46
be183e7b3d5cbe1f
0000000000003dc9
3e353e87bccb3e15
bf8bbf9dbe1d3e3f
3f203e9abf453e3d
3eae3f103f823e08
3f063ebc3f37bc75
3e8b3cb6bf0e3cf5
3e393f99bf283e42
3f7fbdf1bf0c3eca
bf01be403ef8be39
3f953f6fbe4bbf5f
3ec13f0ebddebf00
be81bdb93dc7be9b
bf64bf783f0cbe47
be90bf163f0fbe84
3ddb3d13bf2bbf23
beadbe7dbec33f2e
3e433ec43eb0bd0c
bf8c3ddbbcfbbe21
3ca43f13bdb63f08
3e72bd513f4e3f6e
bef4be7b3f2cbf37
be27be283f013f5e
3eaf3e853fca3e80
bc393f8ebf08bf43
3fadbe443e883eda
bdacbe82be2bbf3c
3e70bed1bf37bde9
be0a3eb4bd9bbde5
bea33e103f3e3f81
be533f073e30bcb2
3f273f12bda93f99
bdbe3e99be0bbe36
bd41bd213dc5bd90
be203dbcbdca3bd8
bea7bbd33c193de0
3d8b3e08bed33e9d
bec33e673c073e13
000000000000bdc3
bd18bcfc3c2bbe87
be1f3ba4beb13e24
3e233d2e3da6be96
bd54be1fbdc9bda7
3ecf3e8a3e29bc0b
be3ebe8dbe12bc72
3dcf3d643e39bedd
3e7f3dd93eb63e29
3e183df5be183e62
3ce4be8b3e113b6e
bc98be1abce13e2c
bebabe883cb2be3e
0000000000003f06
3c393a8d3e4ebb06
3e923ba9be183dad
bdf7be2fbcb6be90
be47bd35bdd43e89
3d043e4cbea6bd61
bea13eab3d783e6e
3ddfbe8fbe0e3e78
0000000000003d9b
3df4bdb3bcf23e0f
bd973ea8be0dbe69
0000000000003e3b
be01be8f3e0a3b81
3e2ebe35bc89be5a
0000000000003d1a
3e93bedc3e5bbc96
3e89bdb63d873d86
0000000000003c02
be83bc953d8a3e4a
3db53e12be833d3c
0000000000003d55
3e673db0bdca3d11
bba8be693dba3bea
000000000000bd9f
bc283e8fbd833e47
3de7bea9bd993dc3
0000000000003db9
be083df63dbcbdfe
3d17bd433e083e07
0000000000003d9b
be2dbe9a3e4ebe92
3e7bbd4e3cc7be6d
0000000000003e25
3dae3e0d3db6be57
3d893e703ea6bc5b
0000000000003d6e
3d1cbdd4be5b3e1f
3cd1be92be563d1d
0000000000003e38
3e54bcb0be113e4c
bdb8be91bdd8bdf6
0000000000003e60
be82be89beafbe7a
bdefbed53e3ebd21
bd273f773ea0bdda
3f63bf393e093f33
be2c3ed03f62bdf2
3ecabf2e3ea3bedf
3eaf3e8d3efabf7a
3fb03e67bf4e3dea
bf353e673f923d90
3dcf3d843f143e2f
bea13e42beb83f55
bf53bf833cfbbdb7
3e6dbfabbe9abe49
3f11bed03f3c3f38
be25bf643f863d71
bed43e3e3f1c3e0d
be0a3d543f92bf82
beda3e6abee1bf2b
3fb5bed3bef03ed8
bee2becabf8f3e6e
beaa3f373e7ebe3a
bdb1bf7dbf2e3dd9
bd433e0e3db93f9d
bee33f0fbe52be3f
3e9b3e613e3b3f8b
3ea23ed73f343ea7
3d05bee5bf753eac
bef9be943d4f3f92
bf253fabbde13e28
3f153e37bfb23f29
be723e6f3ea5befe
be18bea6beb3bcc4
3d44bbe63e853dc9
3db4bef03b653d6d
be273eb1bacb3e79
3e8ebdf8be84be29
bd993d1fbce43e11
0000000000003d70
3e37be0fbe62be05
bd5bbe85bd2abc9a
3e93bd163e5ebe43
3e22bda3be2c39a0
3d1a3d8f3d203cd6
beabbd963e853d41
3e40bed43d173e3c
3d913e20be6bbc32
3e103d59be1ebc99
3cdb3edfbe533cd1
3e333d7b3e08be60
3e243e3ebe50beaf
0000000000003ee8
3ea9be713e68be16
3d293d9c3d643c88
bc7e3e1f3db3bdac
bc8e3e14bd97bdce
3e183e253daabe33
beb5bc603e58bc2c
be923e543e853e80
bd7abe8fbe68be6d
3c72bdfebe32bdec
be2e3e433ddd3e27
3e69bce43d44be83
be8ebd8a3d88bea2
000000000000be6f
3e78bd803e67bb23
3d843e0d3df73dbf
bf043ed7bec3bdc6
3db03e3fbda6bcf5
bebf3e243de9beeb
3dd7be03bf023e10
bede3efb3da0bd1c
bd503e80be613e58
bd883e9cbd3b3da6
bec83eda3ed2bdce
3cdcbcccbb8d3e8b
3e4f3e6f3db5be61
000000000000bf94
bb2ebe23be3ebd2e
beffbea33e0fbe12
bd793e153d79bea0
be85bea6bf073e94
3cffbc32be58bde9
be8f3ef3bd50bdd1
be49be363e18be0f
be96beb2be963dd1
000000000000be15
be693eca3eabbc91
3dc93f18bc09bed5
3d6a3ea1becabe33
3e29becf3cdc3ec8
0000000000003d43
3e44be64be51be06
be933dcf3e64be29
beec3e96be413eb5
3e5bbe683d4dbdc5
0000000000003db0
3deabe6d3e56beb3
3f0f3e98bb163eb4
be87bd0c3dfb3e9a
3dc63f203e94bec6
0000000000003df5
be06beb13df8be3c
3e5cbe0a3eacbe1a
3df7be363d88be4e
bdf23c533d683e23
0000000000003c8c
be92bea5bd39bddc
bea7be283f10be01
be52bde83e1b3cbb
bd26bdd33ee53cb0
0000000000003cdf
be9e3e94bda93ee6
3eb13ea9bd8d3f19
3d903ec13e45bd24
bd51bcc0bd8ebe51
0000000000003b7f
beb13dd33e6dbe83
3ce1be1f3e1f3cce
3e683d3b3e963dde
3d653cb7be0abc76
000000000000bd06
bd96be88be9ebeb4
beebbe423e9dbed5
bec83ed0bec43d60
3dc53eacbd38be74
0000000000003dd0
3ea0bc83bd973e15
3e3fbd1c3ed2bd38
3e713eadbdc83d66
bd943e683ede3ea6
0000000000003ccd
3e263e893f003ddd
3e15baae3d4fbdf5
3f0bbee8bdfa3e3b
3ebc3d0dbe253c3f
000000000000bce9
3dedbc173cecbe61
bc61be3cbe463e17
becf3cb33bc4be4b
bcb03c61bec13db4
000000000000bdc1
3e16bdc93db9bcd1
3d9d3e9d3e44bf1f
3d37bda5bc87be76
be5d3cf93da3bddb
0000000000003cb7
bb503e2dbd1dbcef
3f26bea3bd3dbec3
bd813d7cbea53ea3
3e87be6a3df13eee
0000000000003c49
3d723e74bcc5bdbc
3e24bcfcbc503f1a
beab3efbbec83dbf
beb93ee1bc513e2d
000000000000bccb
3e98be1cbe89be8c
be8c3eadbe25bd91
be67bbbebe453eef
3de13e943e183d68
0000000000003ca8
bdd53c8ebf09be03
bea2bf263d493e05
3ea9be9ebdfd3b68
be283d813ee23d8d
0000000000003bfb
bf0bbdadbe3e3bf6
3e9ebdddbe3abe01
be01be8fbe52befb
beebbe79be6d3d51
0000000000003e05
3dcd3ddbbe51be85
3ca0bee93e753ed9
3cfb3d803e09bd08
bdfa3f193eacbde6
0000000000003c2d
bdedbe253e273ee8
3befbd10be83bd59
3da63c613dca3ea5
3dedbe353c513e1a
000000000000bcf9
3edd3f353c2ebd92
3ca33d17bde4bedb
be0e3de23d6d3e02
3e42be843c203dca
0000000000003db0
3e183d6a3e423dd8
bd7fbdc3bd1d3e3c
3dac3e33bddd3e3e
3efcbd78bd46bd58
000000000000bd46
bdb8bdacbf2dbe8f
bf28bdfe3e82bcd4
3e693e6d3e83bde8
be1e3e893e6cbe5c
000000000000be08
bebe3b493d123e0c
3e663d803eb53d2e
be9bbe393ec33df6
be68be54be25be18
0000000000003d4c
3e66be0cb9e1beea
3d133e20be323e31
be883f03bf11bf31
3f143ed0be7f3f10
bf523e293f2a3e81
bf46be0dbf043f38
bf30bedd3f373e15
bfc03f373e84bf5b
be6bbd72bec7bf4d
beb4be6a3f21be7c
bf16bf91be693fd0
bf7b3ee03ea8be4b
3d803f3a3d69bedd
3edebf923e87bf02
bf133ea33e613f73
3f3a3d623e0a3f76
3ebabf4abebebf4f
be463da8be9d3f44
bf003eda3eb5bf3d
3f15bf2b3ea83dbf
3d353e78bd9d3f48
bd52bea13d31bc02
bf3fbf653fad3ddc
3f31be38bf6b3e7e
3d83be963c693e8d
be64be8bbfb7bf26
bf34bd903fd2be81
becd3e10bc0fbf39
3f8abef2bf5e3f23
3c023d553ee43eb8
3e37bf8b3d543e95
bf72bf21bfa7bf45
bf0b3e02bf653f06
bea53e89be82bf1f
3f813f333f69bea3
beaf3f883ae7bd71
3e79bf1d3e263f3f
be163f423f363f02
3f57bf8fbed33f43
be9e3f063e97bdcf
3fcd3f8cbe853ed1
be8f3f63bfc03eb2
3f5dbee83f0fbd4b
be913f7abf1ebcc4
3f613cafbdd23f0e
bfccbf43bfd43fa2
3f7bbeebbd4c3edd
bcc0bbd0bd80c017
3f99bedbbf0d3f6c
3de6bd80be4a3f0a
bf47bf05bd513f54
be953f21bee4beb7
bec53e933f2f3c75
3f83bf84be51bddb
bf003edc3f0bbde1
3fbf3dec3d093f8e
3f3dbf21be893ea8
3f81be2abff8bf19
3f0aba33bfd43f2a
be79bea03e7ebead
bf743f87bec23ead
bec63e94bf30be2b
bd5ebe0cbe853eb1
3dd3bdf1bdfebdc7
bdfb3dd3bd973af2
3e31be4bbdbd3e4c
bc633da63efe3e6a
3dad3e62bdcfbd95
bcba3c633e68bd0e
ba953da33dc2bca0
3c243c6f3ddebbce
3e78bc2f3d9e3d5d
be0d3d9bbd8d3ce0
3d79be0e3d61bd35
000000000000beab
be303de8be173da2
3da9be283e2ebd5a
ba91bd913d98bda4
bdb1bdfc3dbabe12
3d4a3d92be96bd1a
bde73e993db93e03
3e793e1cbcadbd1a
be87bdc1be1cbcf4
3ea4bd893d453de6
bddc3c0f3bac3e63
3deebe4f3cfbbddd
3cec3d3a3d773e11
3d9fbe013c57bde2
bc1ebd913cbcbd9b
3d28bc85bcaebddf
3e08be043e2ebe94
b9993d2fbb21bdcd
3e22be1b3e033e3d
3ddc3dcd3dc5bdb0
bdc33e063d993e8c
3a073df93e2e3d4a
3d943dc93e773e45
be87be4bbd17bd9c
bd473ee53da63d37
000000000000bf47
3db83e0f3d163e17
3cf1be3bbe92bd93
be853d07bd4fbcda
3e41bba83d623d49
be6a3d4bbd4abd22
bd053cd0bd893caa
bdeabcec3e4c3def
3d6a3d02bdac3d5e
3e8abe06bdd3bcb4
b91f3d0a3d4c3cae
be69bd1fbcb0be07
3e0a3d00bd2dbc41
3dbb3d8b3e2c3d9d
bd9cbc12bdc43db6
3ded3de03e283e34
3daabd72bc3cbb27
3e0cbdb3bdbdbde4
3cf03d89bdc7bdee
3dfd3daabdcf3d89
3cf9bcfd3d503e78
be1fbad6bd533e7a
3e143de4bdfc3e63
3d69bdc33cfebd81
bdb93d91be923d88
0000000000003e67
bd40bd0ebe5a3d77
3e8f3e303d9b3ca7
bdff3db73c813d2f
bd0d3d8ebeab3d39
3e3a3d843dd3bd19
bd8b3c743d4b3df1
3e89beacbba9bde6
be203d9f3c03be56
bd8f3e98bdad3db3
3e4f3d0f3cd6bd54
3d9a3e33bd5ebdf4
bdb2bc133e023cf8
3e233e10bd183e8e
3d023d2ebafbbb61
bda0be163e663c9b
3dbfbdb43da5be08
bb12bc773dbc3e91
3dbfbd253de33cd4
3df93d00be0c3e0c
bdb9bcf13eb73e34
bd6e3d14bd63bd98
3e1cbcf6bda83e78
be53be193dbcbe61
bd2ebc9b3d9fbe53
000000000000bc6f
be4ebdf63ca1bd1e
be013d943e0a3e2b
bdea3d823d843e96
3e243e78be3cbda0
3cdfbe03bd153e01
bccbbc7d3cb9bdbf
3e4cbca0be41be22
3d233bfe3d843e87
3e57bca3bc96be02
3d98bcddbe3fbd6b
bd503cd7bd9fbe4b
3dafbe59bd0b3e35
bd90be133badbe93
3c5cbd743df8be4a
000000000000bd2f
be2abeb4be0b3e81
3e80be20bce93c8c
be1c3d01bd2abdfe
3e13bd903d5abe1b
000000000000bd30
3deebe2dbce13dac
be7b3d953c99bd62
bd91bd2fbcacbc05
3d79be6abe783e48
0000000000003d57
3e14bd75bdbcbea6
bcbf3e173dbf3e0f
be89be273ccf3ca1
3d7e3e13bda33d43
0000000000003dfb
3d123e10bcebbd81
3e573dbfbcb6bc85
3e463bbabce4bdff
bd113d92bca13e71
0000000000003dea
bdadbd313e563dd6
bd303e21be2e3e29
be383d88be4fbe6a
be93bd9e38e23d51
000000000000bd06
bea0bd4d3e313d00
be3f3e07be09bde7
bdf1bbcfbe7e3e94
3d32be8dbd04bd03
000000000000bd13
3e27bdacbd72be86
3e293d91bde0be85
3e973e623db33d18
bcf4be923ba43ebe
0000000000003d0e
3e41bd89bc9fbd84
bd913df33db3bcba
3b80bb713dc73c3f
bd163e2e3d0bbe5d
0000000000003cec
be67bdb63e833ec2
be3f3e5dbc213e01
bceebaabbe57bd31
bd5e3e733da13d84
0000000000003ca0
3e9bbe25bdfd3e22
bc5f3d683c5a3ea9
3e5f3df7bbeebdde
3e26bdcc3d023df3
000000000000bd8c
be74bdb6bed7bdb3
bd913de73d86be3d
3da4bd2e3e7f3b5b
3e21be843d123e86
00000000000039f6
3e423e05bd2f3d1c
be3ebdf83d883e45
ba353dfd3dbfbc89
bdf1bdb63d1e3dd4
0000000000003d38
bd363e33bdcdbd6e
bd82bc05be8fbe53
3dbe3ec43c06bd97
bc0d3dc13e47be12
0000000000003e0f
3e153d5b3d993dab
bd0abe373e933d27
bea43dbb3e8abd98
3d213ccdbdb9be44
0000000000003d80
bbe83cf23e283d22
3d453d533e3ebcf6
3e2d3d573d443c93
3d5e3d483e893d82
0000000000003c3e
bd81bd80bc75bd92
3e9b3d233dfd3d2a
3cc23c96be54bcbf
3d753e06be94be29
0000000000003dae
be8bbda53df73e22
3ea93c93bdf33c85
be2a3d81be3e3d80
be0dbe673e8bbde8
000000000000bd33
3e4cbe12be0c3e28
3ea23de4bc963dac
3e0b3d4fbdcd3e50
3e33bee23e403dfd
000000000000bcd6
3dc73d2f3b4e3dea
bd9ebe3c3cddbcc3
be75be763e11be44
bdb7bce1bd7cbda5
0000000000003d25
bc4fbd62be4cbde6
3c1bbda9be063e3e
be10bda9be9d3e27
be1f3d74bea4be9e
0000000000003d21
be3c3e623d3dbd6f
3c51bdc33d46bea1
3e21bd9e3d7a3c4e
3e25bd80bdbabe44
000000000000bd29
3e13be53bb823d44
be263e8fbdadbd8a
3d113d9f3e19bd41
be8fbc4e3cea3dfb
000000000000bd02
3dbbbc20be253dbe
bb993e963c23ba59
bddcbd5c3c4cbe47
3e6c3e5f3e463e4b
0000000000003c85
bea23e723ea63cdf
bd6cbe0fbea1bbbb
3e99bd603e02c000
3ea83ecf3f7cbee8
3f1d3efebd273f4d
bed43fa23eac3f05
3d3ebfa0bebf3e5f
bf16bf6d3fa2bf7b
bf23bedf3f3e3f8b
3e653f49be4bbeec
bebe3ead3f3dbeb9
bf1f3f0e3d6a3fad
beb53f9e3ea93e95
3fb73dd4be16beff
3f5d3c47bdd53ee3
bf3bbc153e8bbecb
3fbabedebe5d3f5b
3ee73ee0befebe83
3ed53d55be0d3f0b
bd12bc3e3d38bee8
3ca9be6bbd33bf68
be91beb3be80bf33
3f023f833f833b5f
bf8dbe933fa5bf86
3edebf09be433e98
3f70bd52be7ebeb2
bef2bcd03f29bf00
3e08bf72bf13bf05
3f48bf683f223f08
bf043f173eae3eec
3fbcbf10be2bbec7
3e1c3dab3f22bf23
3f39bf903f773e7b
bf203e90bf5d3fec
3cc3bf163f14bf25
bd60bcb13f1fbf66
bf253dd3bf63bebc
3e57bf403f993ec8
bf54bf893e7a3eeb
3e593f333eaabe41
3b96bf5d400bbf94
3f3ebee8bf163fa7
3fa43f6b3d683f58
be85bf85bd63becc
bf073ec73e893e91
3fb63dcfbcb6bf31
3ec7bf993d88bf71
bde1bea23f3f3f28
bfb33f2cbf813eff
3e343c5b3ef6bf75
3de63df23ec9bea8
3f95bf843ed1be7e
3f47be4cbf0e3f68
bf913dc13fb3be4d
3df1bf0fbee2bda8
be4a3e5dbea33f49
3f06bf98bf87bf35
bf65beb5bf473e10
3f56bc883e353f17
3eacbecebe8cbf0a
bf19bdccbf90bf9e
3f493ebc3ee43f6f
bdbb3df33e12be7e
3ce2bd903dfabe69
bcf63d06bc36bd8c
be20bd82be1abcb7
3e173d2cbbed3df7
bde5bc2d3d18bdc2
3db4be193e133d0e
3d8e3d733e093dc5
be3e3dff3dcdbe05
3e57be6dbe8abda2
3dd43daa3c18bd3d
be063d1abac1be03
0000000000003f29
bd683d40bb9ebcbd
3e4f3d2a3d453dea
3e053ddc3e28bc22
bd3abd25bd933d3d
3e053d6f3c2c3d5e
3bbebde43dd43e02
bc7dbe4c3db93d3b
3e483e48bd5dbd66
3af5bd37be513e28
be0dbe113df03d28
bb04bd293c543d75
3dccbe203e58bd88
3c833cb33de2bd5c
be193de73d093c1e
bdd03ea43e18be90
3d593dedbd433d2a
bde03d0f3de6be10
3e66bd5e3e3fbe0a
bd1a3d623dcb3df6
be4cbde5bb3d3d03
3ddd3d95bc943dce
bd983cc1bd58bc6b
bdba3cd63e173c8d
bda5be21bddb3c7f
000000000000bc85
3d11bd8c3cf53e31
3e2d3e9dbe943e06
bdd7bd1fbdb73e15
bddabd9d3d0ebe27
3e07bde6bdc13e6d
3e29bc43bd613d35
3d333b453bbbbc2a
3dd6be0b3d1c3c21
bdda3cc73d4f3e32
3d49bcf43e073c00
3c26bc8ebcf9bdac
3c853cedbdefbc04
3dcb3e3fbe443dae
bdef3e073bd3bd94
3db7be6abdd73def
be81bc0b3ea93dee
3d85be49be013e8c
be1ebdf23abbbc12
3de23d9ebdc3be4f
3d9e3dab3e80bda7
bd2fbd5b3de23e1a
3e75bda43e61bd1e
bdcd3de03e173d14
ba66bd44be9e3c87
000000000000befd
3c49bddabb9e3e13
3db03cabbbdebe57
3d393ca63d233e67
bd513dae3e5d3d97
3d5e3e2d3cbabde5
bc3b3d253e27be8b
3e09bd20bd9dbde0
3c2dbd47bde83e2b
bc7fbc923d353e40
3d8d3e38be773d29
3e053cdbbe0d3ec1
3d703e87beb23d5d
bd9fbc813e6d3e10
bc69be763d55be25
3d21bc723e63bd2e
bbf2be3b3eb53c70
3d34bdb33d69bd84
3e433da8be683d95
3d52be5fbdc03e81
3be2bda73e2cbca7
3da2bd43bdcfbcc4
3cb43c833dd73c32
bc45be3e3dae3e80
bb7e3d47be0bbb20
000000000000bfa7
39803de1bd8ebe2a
be4cbdc53dd9be0a
be5ebd78bb47bcb8
3dabbe04bc6c3dd1
be253d5b3da3bd8c
3e63bd48bcdebdd1
bdfabd433d16be1b
3b9dbe393e0fbe59
3dbabd83bd8abe0e
3d523ce9bde83c74
bcfdbdcebb24be62
bd0a3c73bd2a3cee
bcf2bd953d8c3e0d
be653d56bda43c7d
000000000000bd39
3d8bbe01be50be90
be0dbd75bd973c8a
3d71bdba3d85be32
3d35be2ebc07bd1c
000000000000bcd1
bd843b59bbc93dfd
3dfdbe13be683ebc
3de73e873e54bca1
3e44bc89bbf5bd8a
000000000000bcfc
3e2bbe3bbdc7bd0e
be06bc8c3d93bc6e
bd3dbd77bec6be22
be86bdeebe0d3ded
0000000000003c6a
bdcbbe1ebdadbe01
3e113e8fbd6e3e05
3eabbe95be4a3d9c
bcaebd353ccb3e0b
0000000000003d86
3e28bdd43c0d3e0c
bdc8be21be5cbdc4
bc963d35bdd3be0d
3e27bd903c85bd40
000000000000bc76
3d6d3cb3bd9fbe9d
3d933e38bc553e03
be983e1ebe0c3b9f
bc9fbd023db2bd16
000000000000bd95
3d733d27bd85be2e
3c9c3d8b3e16bdf2
be5cbe1dbbff3e06
3bc6bd1fbdc4bc21
0000000000003d1e
bdfd3e16be253ba0
be763d26bddf3e8d
3e203dca3dcbbe5a
bd803d38bda6bbe5
000000000000bc94
be21bc9abe823e0f
3d95bd09be5abda4
3e403ddfbd8e3d0e
bc8b3db4be5d3d4e
0000000000003e17
3d50bd143db23e23
bd2f3ce23e34bafa
3de93a8bbe413e21
3e5bbe343d7c3e30
0000000000003be9
be123bf3bc9cbd0e
bdddbd823d5dbe56
3e6ebdb73e023cb4
bcbbbabc3e973ded
0000000000003cbd
bd65be8abdcdbd12
3dd33c8a3d003e4b
3c64bd0ebcfebd11
bce73e45bc61bea4
0000000000003d12
bdbdbdbdbd6dbd7f
3c3d3dad3d3f3e19
bd3039b4bd7abe6c
3d68be74bdeabd5f
0000000000003c91
bd8dbd043dc43db0
3e4abe50bbd5bd30
bdc0bd943c793dd9
3d413decbe3c3de6
000000000000b9f0
be47bde53dcc3c9a
be7cbdc53e9ebe37
3d82bd073d0e3e86
bbd6bdacbbe3be5e
000000000000bd25
bd0bbe213d8d3d26
3cb9be013d42bd75
3e4b3e18bd35bcd1
3e4f3d4bbe193b54
0000000000003d0c
3e423b7fbce73e7d
3ebd3e33bd133e16
bc87bc9abd20bd5d
bea03cb53d81bd25
000000000000bd4c
bce43e593d8c3c33
bddfbd4fbdfbbe98
3e3a3cd43e53bdbe
bd773e2c3b863d18
000000000000bcee
be2fbdb63d583d3e
3bcabe15be37bd36
3d403dfd3e5d3e09
3e093db53d1bbe4a
0000000000003ce4
3c3c3c933d283a57
bc88be58be093dcf
be073e70bd6a3e38
be25bde7bd4ebdc0
000000000000bdd2
be653e71bc9d3cff
3e1e3d073caf3e3c
3dadbcb23da43dd6
3c0dbe44bd6dbd8f
0000000000003cc6
3cd63ce0be223d79
3d9cbde2bd2ebdf1
bde83dfbbe80bc13
be01be403e103d98
0000000000003d6b
3bf63cedbd6a3d01
3b2dbd05bd14bdf5
3ddcbde9bd423d16
3d803dd23c853e56
0000000000003d42
bbe33e753e5fbe57
3dec3e693dfebd25
3f04bc853f673f90
3f163c80bf423f97
3ecdbedabdf8bf24
3f713f81bf8e3e91
bef3bf4bbef4bf82
3f2b3e023e393f06
be963dc2bce5be82
be633e3abe1abdd8
bda0bf803e68bf04
bf14bf503e96bf8f
bf0e3e84be86bd84
3ca9bcf83f04bd8e
3efd3f0e3e6bbf44
3fd8bf193ec23f00
bd2abf3abf49be1a
3fc43f033f8bbf0a
3cc4bee6bdb7bd51
bf06bf0cbe493f08
bfb8bf483e093d3a
3f813dcbbf0a3f14
bf74be9b3f02bf08
beecbf823f41bf43
be513f353e8b3d96
bd8e3f05bd8a3f9e
bf9b3f2c3f5dbf7b
3e5a3f893f76bcf0
bf42bf1ebe55be52
3f533ec2bdfa3caf
3f09bec0be673f48
bf59be513fe74011
bf33bf06bbabbeb7
3f52bf91be81bd94
3ec03efe3e8ebd65
bf583df7bf483e5b
3f643f9bbee94006
3f61beb7be4a3de3
bed13f8e3e913f99
be92bf253f7abf39
bf7dbefabf08be7e
3e3b3d16be73bf9c
3f683ee33d34be24
bf6dbe7b3eb43fc8
bdd3beeabf823c77
bf9fbf01be8abe2c
bedbbf85bf89be90
3f2b3f6cbe9fbec6
3f74bf5c3f7dbf87
3ee53f11beb33edd
bf593e563f103fb1
3f8c3d19bf843f06
bf3ebe4e3d1f3d5b
be71beed3fe7bf59
3ecbbde3be94be94
bf81bf66be0bbeea
bfd83e95bf95bf85
bf21bebd3eb7bf70
3dbabecb3ec0bf90
3ebbbeadbda33f29
3f9f3f03bf513f42
be8a3ee3bf883f9c
3e143d21be2a3a76
be583e9c3e49bde3
3d9f3d103cdbbcf8
3e0ebd17bd0e3dda
3e3dbea73d243de7
3d873dfa3d6abd30
3de6bd9a3d3a3e8d
be2bbd633e0dbe44
3cd7bd163debbdda
bdd43e973db3bdc5
bd723db2be25bbec
3dddbdbcbe4f3c15
0000000000003e7a
3d27bd06bd763e2f
3d2bbdd0be5f3d39
3d693e893d86bd15
be053d3bbdee3e0d
3d233cee3e1fbd54
bbdcbc04bbd9bd65
3e0e3e00bdeabadb
3d95bb30bde8bd8f
3c84be1d3e46bdd0
be913cb5bdf1bd21
3a4e3d66bcf5bde1
3e563db73d8cbd93
be90be013d45bd23
bcb23dabbe36bcaa
bdd73e20bdc03d03
be89bcf53e0ebe0c
3e45bd3bbcae3db0
3e333d883e413e12
be063e2ebd9abdf1
3db6bdf6be67be0b
3de33aca3d90bb5f
bdf6be58bc93bcf4
3dc4be2e3dc0be1f
bde1bde5be0d3d43
0000000000003e69
be043da8bd95bc28
3d153d363d473e15
bcfebe5e3d1f3e05
3e5fbca3be57bd87
3d9cbd893dd1bd35
3d9e3da4be4fbe1a
3e06bc123e0bbe51
3d8bbd273e8a3cc4
3e30bdb0bd42bce3
3c173d143e093d26
bc9c3d72be6b3d52
3da9bd99be19be25
3d7a3da13e92be04
3dd63d2fbd59be01
be873cb7bd9e3d7d
be2fbe4bbd973d1d
bd593e25be80bc97
3e333e1ebe2a3e05
3d2bbbad3dc63a3d
3d64be003cc43dcf
bc9dbd8bbddcbcac
3dc0be4a3be2bd52
3e2e3da5bdd93d34
be03bc6ebbb93d16
0000000000003e38
ba46bd923d3c3bcb
3d893c04bd64bd2b
bd31be313df93e0d
be75be35bd263d59
be1a3df73d793cb4
3e223bd73b9cbdc3
bd6ebde5bde03e87
be003d0cbda33c3d
bd863d1ebcb73de2
bdb03dab3d27bc70
3ec4be373d6e3daf
bd8ebe3a3c0d3c55
bd0dbe58bdd63dd9
bc313e06bdb13cbb
bd2dbcd13e80bed9
3e6f3dcabe12bdd7
bd743cc0bd4c3ddb
3de9bd9fbd2d3d64
bbec3dfd3e083d0c
3da8bd98bc02bd47
be293db5bd0a3da3
3db6bdbfbd46bd81
bcb33e69bd1a3dc7
3e033d26be0e3d20
000000000000bee7
3e33bdf6be713ac6
bc78bb813d393988
3d91bdfd3da1bdd1
3dc4bd623e5cbc00
be3abdbdbc6fbbca
be4a3d9f3cb3bd2b
bddcbbac3e553c24
bde7be03bd033ace
bca23c0a3e15bd7c
3d1bbd07be23bcdb
3c3c3d03bbb0bd5f
3c5e3e3cbe6d3bd4
3ddfbe183d7ebe7e
3d6ebddb3d3f3da3
0000000000003ce0
3e01bd85bd273e01
3d103d373daa3cbd
bd7f3e273d68bd44
bda13dee3d02be05
000000000000bc1e
bdcdbd03bd34bdad
3d753d3a3e2ebdf2
3ccdbc2a3c4e3d58
3c063d2abdbf3c30
000000000000bd63
3e03bdb5bdac3db5
3d933d0ebd813d8f
3bbdbd2a3d4ebe4d
3d8c3db0be173e6c
000000000000bd98
3d9b3e03bd8fbd89
be2cbc273e21bcc5
bd21bdd93daa3c5c
3e263dd9bdc4bd54
000000000000bd98
bc5fbd573c98bdd7
bd26ba41bbb43d96
3cd3bcf93c6c3d39
3d9cbd993df1bde5
0000000000003d91
bca0bcef3d5dbd55
bdd13c9abdfcbe2b
be513cd5bd923e64
bdc9bdfc3e133bef
000000000000b97a
3e92be08bdb43da4
bda0bc41bd78bddc
be113d43bd9dbdd1
bdec3e17bdb43d94
000000000000bdac
bc81bd10bca0bd20
3cd33c233e643d81
bd343db73e68bdc0
bd253e0fbe453dc2
000000000000bc72
bd423de43a3a3cac
bcbe3cd13cb9bd12
3c823d97bdce3e1e
3c0ebdf6bd0d3b4c
000000000000be31
bc583d87bdf5bd14
be443de9bd093da5
3d7bbd663b573dea
3dd83cc0bd96bd35
0000000000003d73
3de33c44bd39bdf0
3d183e823e07bd9c
bcf4bbe23df6bd60
bca9bdd63c90bdc7
0000000000003d51
bd71bd8abdb73e23
3db73d443e50bd8c
be653e413c793e19
3da5bcc23dc4bd8a
0000000000003e0e
bc783dc1bddebd89
be33bca6bd8dbe05
bdafbd9f3c43be14
bda33d9fbccabdf1
0000000000003ce5
3dedbdb83e09bdae
bd473cf6bd7b3dd1
3c653e00bd6c3dd4
be09bd0abd2abe54
0000000000003dae
3d943e1abd64bbd7
3dd73ca23e353c7e
3e1dbd5d3e30bd71
bd8b3dd6be37bb87
0000000000003db1
3dd33e0f3d043d93
bcf0bb9e3c913d82
3dcabe02b9593dab
bd163d01bd633d5e
0000000000003e28
bdc7bb0bbce83e28
bd3f3d8cbc4a3c9e
3e863e1b3a56bd4e
3da33e3a3d34bd97
0000000000003d27
bd663d6038c6bd44
baccbb753e423d70
bda93ddb3cf13dcc
3ce6be36bc843cd2
0000000000003c04
3d9cbda0be2cbe8d
3bee3dc53e6b3e1a
3dbebde7bb33be3a
3d7cbd49bd92be4b
0000000000003d19
3cd6be163c9bbd30
bd7ebdc23dcdbd77
bde03e26bd943db3
bdb23c0abc523de9
0000000000003e0c
3ecf3da4bc8cbdc7
bc27bd0fbbf63e29
bb28bd92bcadbd89
3e24bdd43e173cc0
0000000000003dca
bdbdbce13cc2bdb2
bddabd93bd85bc1f
3d98bd9d3df03cb4
bea53d96be413e1c
0000000000003bea
3dd53c9e3e17bda8
bd97be113e64bdba
3e093de2bcc33e05
3dd03e2fbc8dbe89
000000000000bd08
3ce23de6be2cbd82
bcb33d2e3dc7bd3d
bece4003bf2abf2f
3e353f523e463dee
3ea5bf633ee83f7f
3fca3f01be81bf9a
3f693f7a3f2ebe83
3c4dbf4e3edbbd6d
be903f343f2e3f08
3f473d92bedabec3
bf04bdbe3f14bec3
bf88bf62bde33efb
3eafbfe0bf17be31
bf20be91bd9f3f76
3eb33efa3e6d3d0f
3f91bf5ebece3d5b
3f813f83bf61bd41
3f03bde4bf6bbf36
3efd3f31be50bf58
bf38beb4bd98bb7d
3f153e53bedc3e35
3ff5beacbe143c78
3e71bf2cbd1fbf98
3f04bf6b3dccbf0d
bee03f7d3d513f33
3de73e82bf2abf90
3ff3bf1a401bbe8a
bf06bf683f163f31
3fbd3f0bbeff3b0c
bf25be13bed0bebe
be5e3f563ec9bf27
3f5bbf043e143d1f
be05be89be5fbf79
3f9f3fefbf2ebed3
bd9f3c8b3d3fbd46
be4b3e63bf973fb0
bf9d3f1dbf233de7
3f9ebdf4bf1fbf94
be25be72bea03efd
be21be79bc393f83
3e54bbf73e963eeb
bd80bdd5bf22be56
3fa53f27bf6e3f38
bf01bd89bf733dbe
bebd3dc9bdab3f0f
bc03bf1fbe5abe83
bda13fbabf43be21
bf833e99bea7bde2
bf00bfae3fae3f49
3e893ed5bf10beb7
be39bfaebee9bf55
3f85be213cff3f83
3f213f8a3ec13f02
be3cbeb13ef43f8d
bf23be0dbf3abec5
3f6dbfca3f983f9c
bfad3fb03e29bf55
bef33e023eac3edf
be823d5fbf83bebd
3f733ea63ee83d8a
3e07be33be6bbec6
3f363dd3bf113dca
bdd2bce3bd37be18
3dcabd6cbcfb3e1e
be3bbdec3d5bbe66
3de1be093da5bd9f
3e063d0f3d1ebc55
be4cbb643df73dcd
baeabd893d9a3cc5
be373e113e94bcc2
be053e20bca9bd43
3e023da4be213d6b
3e013e10be0abe25
3dd6bc8b3d1cbe08
0000000000003e7a
3d073d74bd48be34
3d993d07be163e60
3da23de3bdc6bd96
be21bd7b3e5a3e05
bd93bcc73e5bbe34
3e28bb40bd66bd68
bdf7bdaf3c893dd9
3ad2bdc2bd85be1c
3dd13e6d3db43e2f
3c053d1dbdd63c3d
3db3bd253dbabdaf
bd6e3d963e203e28
3e5ebc4f3d913eaa
bdab3d783e36bc9c
be38be243be73da5
bcfbbe5d3d20be70
3d563e0c3e223e79
3cfe3e0bbdff3eb6
3b3b3c213e0eba01
bd0d3aacbdbfbd61
3def3d993e17be62
be02bd90be3d3e60
3e37be893d6dbe3b
bdacbdcdbd61be0e
0000000000003ec3
bd86bd78bdd13e49
3c7ebe7bbd0abdc5
3d51be5bbe64bd45
be163c30be18bcc8
bc9bbe01bd55be19
be303d253d6d3d7e
bd84bb2a3c7bbdb3
3e12be2e3e12be40
3b77be513e35bc8e
3dc7bd8cbd96bcd3
be4fbca83e24be51
3e193e4e3c0ebd9d
3dfdbda03e043df5
bcd93e5e3bb23e32
bde93e11be063d94
be01bcb1be28be26
bcf33e0ebd653d65
bddbbc6a3e073dc7
3dbebd313dd3bc86
3e263bc83d4b3d97
bd5dbe063dc3be0a
3ea6bdd8bcce3d96
3e473ed1bdc0bdeb
3e30be163d53be37
000000000000bf1f
3d343ec13e913e6f
bbc83e90be773d3f
3e2e3c633ddc3b87
3db9bc863e0f3b95
be2bbd08bdba3d38
3da0be11bd1ebd37
3d123da3bb9b3ddb
3dbcbc363da9bdac
3c45be21be57bd85
bd4b3cbe3e223d9f
bdfbbe0fbdc83d25
be10be5b3e66becc
3e29be97be1bbddc
3d763e143dd63d25
bd5f3c8f3e913e73
bd343e0a3e6f3cea
3e88be163e013d93
3dce3ecbbcd63d3a
3e013da73e373d93
bdacbe30bd94be0b
3e413e133e1c3ee5
be4ebddbbeb63e79
3c5cbba33e9dbd42
be7bbd7dbbe4bd62
000000000000bec0
bd00bd0ebc893e9b
3c36bdebbd9a3e16
be893e233de4bd81
3cc83e15bd86be0a
bb503df6bdb6bda2
395e3e5d3d8a3bf2
bd80bcd63e033d2d
3cad3c183e55bda0
3e553e4e3d60bba4
bead3d89be1dbdf9
bdb83dc2be073b24
be85bd583e013db8
3d833e0cbe483dd1
be07be723e253c46
3dc23f10bec33be8
3d92bd97be433a0b
3c0abe38be1f3e97
3d1d3da83e43be02
bc82be65bd9a3e12
3dda3e1f3d97be3f
be16bdd4bded3c6d
3e953dc2bcddbe15
be773df6bd5abe53
be303e2dbe793c4c
000000000000bcae
bd6dbdc73e42bdbc
3e4f3e1bbe0dbd65
3e043da7bd3c3e52
3eb33da33d83bdc9
bc1b3dd83e053e14
3dd83dae3ddabd9c
bdc63d793becbd02
bb73bcd5bc663e42
3dd93e283c7d3cf2
3e3d3e223d983dad
bd083cc1be07bc5d
bd773d87be0ebd9c
3d30be5c3cbc3e43
3e19bb98bde9bd8e
bc5ebca13cc83d4b
bd83ba263d82be03
be40bde53e00bd80
bd023d6d3dc5bdad
be1c3dfebe1b3dc9
3d78bd9cbc90bc89
3e3cbdaebd62be41
3e71bd9cbcc83cd1
3d64be90be60be9e
be453db9be123e35
0000000000003f9e
3c953d31bb88bdfe
3d06bd573d5e3d4c
3e0dbe143c9cbdd5
bd913cf73dcbbe26
3e1f3e693e0fbd9c
bde0be3bbe973e4a
bdbbbd20bcf53e48
3d9b3e2d3d813e71
3daabec83bd5bd02
3dce3d9a3d223e3f
bd983c4fbe6a3ed0
3c4f3bc13d11be28
3e1fbdea3de23e0c
3c493a42bd46be3f
3e963c67be54bdd5
000000000000bdb9
bd91be16bd96be2e
bd553d27bf04bcb5
3b4a3df53d123e43
bd03b96f3df43dba
bdb73e10bdb8bc3a
be74be7c3ce13e7e
0000000000003e19
be2dbda23d7bbe85
be043d80bd023df8
beb23d84bd06bd41
3d5bbe0abd1a3e1a
be3e3d02be5d3d07
3e8dbe30be95bb7a
0000000000003cf1
bca03d8b3e49bd51
bd9e3e0dbe253e9b
bec2be083ea53e8e
3f01be763de93e47
3e54bc353d1d3dfb
3e29bc263df9bde4
000000000000bdcf
3e9e3e553e1fbe62
3ed63d89bd693df6
be50bda13de8bd30
be8abe43bd83be7e
3d5bbd303e8b3e3b
be6cbd8dbe9c3c43
0000000000003d0d
3e7a3dc0be623dad
beab3ecdbe7f3c2f
bea0beb1bd673e02
bddabe693ca5bef5
bcce3cfebe33ba26
be6bbdd7bd1fbe56
0000000000003d6f
3e85be62bd4e3e0c
3e2b3e61bd86be78
3d10bec7be06be74
3e043d48be3bbd7b
3e44be27bb9c3de2
3e893d3dbe15beb5
0000000000003d78
bf23bc6ebe333e8a
be4b3c783e163de4
be3d3eba3e22be74
be9bbdefbdfbbeb1
3c9dba403e923e6b
3e02bde13d5ebe08
0000000000003de9
be6bbe6b3d8d3c83
be13bd64be34be2d
be213e6c3d6dbdd5
3c65bd533e2dbe82
3e803dc3bbc7bec6
3e36bdac3e44be2b
0000000000003d67
3db73c2bbd8f3e06
bd55bdef3e2bbe7e
bd05bbcfbd443e2d
be86be583d6f3e6c
3d7d3e073e84bda8
3e213dbebc4abf0a
000000000000bd41
be913dda3e10be50
3dc33e3ebe8e3e4b
3b953dca3de3be2f
bebb3dfebe1ebdb0
3dc23d13be203e3a
3e41bdf33b41be2d
0000000000003d2d
beaabd93be70bd48
3e473ed2bdebbd02
be38bd92bdeebc3c
3eb03e8cbe83bda8
be003bbfbe1b3ec0
3ddcbe07bcd9bd5c
000000000000bcc5
be343d623d5e3e0c
3e03be133eccbe14
be8bbe6d3ec83e39
3db73cf23d503e13
be27bdea3de1bd0f
be33befb3ca93daa
0000000000003cc2
be373c0e3d83bc31
3e3a3e323e2dbd24
3d9cbcdf3e223ee3
3dcf3ee83e233d4f
be3e3c73bcde3cbd
bdcd3da13d03be68
0000000000003db3
3bf0bc7fbd47be60
3e10bdb03dab3e61
be5dbe97bdf33e04
3de93e02bd20be07
be11bd653e023eab
be6abdc7bab6bd6d
0000000000003cfd
be10be08be943e51
3db3be0d3eb4be52
be4dbc93bec0bdd4
be3f3d423e583d61
3e02be27bec7bdf3
3ecbbda13cc13e71
000000000000bb29
3e00be5fbddfbe87
3e5ebe3c3d813e87
bd52be15be6e3e1e
3dd13d613dab3e52
be4d3e103decbd28
3db03e253d8bbe32
000000000000bc88
3e6c3e40bc3cbecc
3dfd3cd73e4abde7
bd3fbe923e20bec8
be043d823eccbda2
3ed4bd9dbe1abe60
bd873c49be0c3d89
0000000000003d70
bdc03c713c8cbe04
3e693d4d3e133e8f
bdc9badd3d293e5c
bd85be833ea7bcf5
3ce93d09bea73d9e
3d3ebe69be66bdec
0000000000003de0
bb97be363e0e3eaa
3e94be2cbdde3d9e
bd40bdbebc9c3e57
3da23e08bc7ebe08
be2cbe8cbe1c3e64
3dc4bd253e473d98
000000000000bcfb
bdc43e273c253e74
3cf5bedd3e463eaf
be613e953e04be46
3e35beafbe453dfd
be823d073be4be0a
be183ddbbe23be7b
0000000000003c99
3e5abd6fbedf3d8a
bec1bd0e3c26be82
3e683bba3ebcbdac
3dc8be273de4be26
3e19bdde3e03be19
3e563d3fbe52be9a
000000000000bc89
bdf93e5d3e7e3dac
3daabe37be14bed9
3dd83e4dbe29bdd8
3e5d3e85bde73d5a
be393d123ebe3db7
bc8fbdb93dd13d96
0000000000003c8b
3c023e03bef63c07
3dbc3d0dbd093d0a
be003ec63e943e28
ba173e59be65bd30
3def3cc63eb8bdb2
3e8e3dcd3cb4be3c
0000000000003d16
bdb6be093de03ea1
be04be033e26bd9f
3d273d073ca6bda0
be2ebc823d7d3e22
3cc53e0e3d8a3b1c
bd273e7c3e4abe13
0000000000003d92
3e2dbd1cbba0be59
3c113eb53e343ea5
be503d873e09be93
be3f3c663d97b8b8
3d83bebb3c353eab
3b933d9f3e173dd0
0000000000003d18
3eb43d58bcb9bceb
3cfc3e39bdee3d4b
bcb7be4bbe533e66
bd4d3ec93dbf3d8b
bd7d3c693da53e04
be583cdcbce83d26
0000000000003d22
be89be6ebd53be1a
3e1d3d89bd943c44
3ddd3d423de8bea1
bd3e3c153d833d88
3ed7be10bd6abd75
3e423ee13e393ccc
000000000000bc9e
be4f3ec23ebabd29
bdbf3e703d8c3e1d
bde7bde4beb6be2e
bdbebe7f3e683c90
3bec3db7be68be33
3a6f3dc8be3dbb1b
0000000000003be4
3e2abe313eb8bd90
3d833e61be01bc00
be143d433ee3bdf6
3ea8bd143d963e4c
be643e63bd04be7e
bea1bedbbd67bee6
0000000000003c68
3e783e2c3de7be89
beb33d04be8b3ce4
bb513c96bdb83e60
3e25bd81bea1be78
3d523d3ebdb4beb6
be103eb4bd07be23
000000000000bb2f
3eafbcd8bddf3cf6
bde83db03de53eb4
be20bdc73e823db8
be4d3deabdda3f00
be8439a4be363e84
bd70bed33cea3e28
0000000000003cc4
beb73d243f063ec6
3e8f3d863df63daf
3dd5bd8ebdd73c95
3ed33e3a3e77bea4
bdccbd35bd933e23
be07bad3bd803e57
000000000000bc54
bcb93ee7bdbbbd8a
3e32bd053cffbc97
3e14be81be7f3d81
3e6f3d94bdb03d0b
be2cbd6dbe8f3d47
3d87be4ebe513d34
0000000000003d6c
3aa73d31bd3dbd5a
3e4dbc9f3ce8be39
3d4bbe0dbe8f3d9d
be27be5dbe0ebddd
3deabe71be63bec8
3ed3be923c233e98
000000000000bbb7
be1cbe19be3fbd5d
3def3c32bcbd3df4
3e28bd64be7e3c1b
3e8fbd553de4be8a
3d29bed2bbba3d25
3c78be11bd983dd6
0000000000003d24
3e83bc41bddabcea
bd033e913d30be79
be2ebe163e233eef
3f093f6c3f6b3f06
3e02beeb3ebabf75
be32bf20bf543e98
bf703e8b3e1a3f4d
3e2f3d2dbf72bd0b
bf193f8f3e69be83
be33bed0befabf2c
be06be51bd3e3ece
be08bf3e3fc5beff
be613e6dbf0abee6
bec43df7bee33f54
3f92bf013f6dbf8a
becabee8bce63ec9
3f243f253de93dc8
bea2bf1d3e2fbf43
3fb03ec13e0b3cb3
be9d3f2a3e1b3f1d
3df03e35be7c3eb5
be993eb83e39bea3
bd743f76be95be11
3e9dbfa93f56bd94
bf6c3e033ed2bfef
3c3d3e973e343f20
bf2bbf6bbdad3efe
bf74be5bbebfbf01
3f37bec53ebf3f5d
3ddfbeeabfb23f8a
3e1f3e893ebcbefa
3d833f383f14bf1b
bf773e3a3fb7bef4
bf4ebf303fc5bf6f
be673dd8be4f3e63
3f533ef6becabe83
be9f3efabfa63f04
3dfd3f4d3f003f6e
bd03bf03bf0b3ef4
bf243f49be803f3c
3f503ec3be373e6c
bf603f9fbf1dbf86
bf9c3f023f2cbf3c
bf2b3eb2bf0d3eb4
3f7ebe21bebd3ec8
be72be12bf0b3f07
3f98be5d3f20be66
be75be833ea4bf4c
3d0f3f7dbf373f4a
3f20bf843f93bf3f
bf163f073f1e3e9a
bee93cd9bf3d3e5a
3bc43e3bbf78bea8
be173f963e0ebf62
bf9cbdedbe3dbe42
3f32bf08be543f01
3d2d3ea23fa1be2c
bef6bf3b3eedbee2
bf993eb33f4cbf33
bf44bf51bf8f3f7c
3f23be413f093f3e
3ee63f67bf12bf33
beb3bea7bef9be45
bc73bdd4bf3c3e42
be753e58bde33fac
bc62be7f3e1bbe87
bd80be043f0bbd01
3ec0beb33f443e5d
3df0bf51bea23fbb
be74bf653efa3fc0
bea03f603eeabeef
bf7fbf533dcb3d8b
bf5abf653d12bf8a
3bb83f943f9cbf1c
bf0d3ec5bef0bec8
3f2abf76bda53f06
3f17bf983e293efb
beee3e993f03bf0c
bf06bd6cbe423fbe
bf903e96bf013ea1
3f65bdb6bddcbef3
bf81bc47bf21bf05
bef9bdbf3e1bbf12
3f09bfb53e25be78
be30bec6bdb33f29
befb3f1dbebabf2a
bec6bf053fb0bf13
bf2abe843f543ddb
be393e783f013e97
3defbd9bbf9d3edc
3e703ee53e643e23
beeabdbc3dd1be5c
bf233fb3bf823f68
bdf2bd83bdadbe1f
bd933e13bda7bca2
bdcd3c8f3d473da3
bd9f3defbdc9bd5e
3c2cbd223d71bd09
3d883d6cbd97bbb4
be033e39bb783d98
3e5cbdaabc363d40
be3f3dfe3bb33e44
3db03ccb3d68bdc2
3b6dbcb43df83c0b
bd9c3d5a3cd93dee
3d38bdfebc1b3d25
bd653dffbe113dc0
be7abde7be363da2
3d7f3b413d05bc84
3ccc3e0c3d6e3cf1
3d1c3d70bd95be05
0000000000003e24
3db3bd373bc63e45
bcb83e233e20bd3c
3cbab9adbd8bbd2f
3b2ebd0b3bcb3d5c
3d5b3d58bc1e3c17
bdbfbdccbe1a3ca4
bdddbd863dde3cb8
bcb1bddd3da73dde
bb983d9ebd1f3d80
3daf3d4bbbcf3991
3d98bda23d983dad
bbf2bc82bdb5bde7
3e213dcbbd2c3c70
3d17bd333db83d84
3d13bb0bbd913ddd
bd393b863d81be05
bdcabd25bd613d41
bd9a3b8fbbecbd26
be06bd9b3e41bd0a
3d5fbe063d1e3d2f
bd8d3e04bde03e09
be4e3c023dc43cc5
3d83bd6bbddfbda3
bcca3e06be113e45
3d0d3e6abe29bd32
bccdbd8fbd7a3dc3
bdb23db3bca53da7
3d5e3e063d963db8
3c44bdf8be20bd01
be12be0f3d29bd06
3d5d3d3f3d4dbe11
bca3bc9f3c60bdeb
3d97bdfdbdc4be04
bdc4bd35bc5cbdce
3c853dd2bd883d9a
3e04bc553e443d8e
000000000000bdcc
be2bbd023dc5bd7a
3c4b3dee3d693d3d
3df83e37be23bd7f
bd983e083d06ba09
bceebd6f3d4cbb74
3d1fba3fbde4bd00
bd9abdf53d8abb83
bdfdbd61be383d5f
3cc23c2fbbe8bdbe
3cc73d9b3c5b3cd2
3dbfbd883c25bdf8
bd7fbca63c3e3d9b
be103cd63d183d99
bcec3e3a3e0b3e0d
bcf0bd9b3dd53cd8
3c0fbd613c8abe6e
3d67be133c65bc78
be32bda93dc7bd5d
bbb9bcc43dc63d98
bca93d893d353dba
bbe3bde4bc93bd09
3c083cec3d903caa
3ce7be00bbcabc9b
3a803d56bda23df1
bd403d513bd13c38
bd1ebde2bdd33d27
3d603ccbbd83bcbf
3d85bbe3bc993d3a
3bfd3e883d20bcc4
3e41bca73e0abd58
3dc13e223ae8bde9
bd7d3df83d263e3b
3b713d8fbd1e3d59
3d03be0c3df53e32
3da3bd423c54be16
bce43cae3d823d8d
000000000000bef0
be0dbcd83ca33bcb
3cb23deb3beb3da1
3d6b3c4abd843cc6
bdf6bcb9be1c3e12
3d5cbdaebd453d23
3da43dd13d1d3e0e
bd153ca83e3c3d82
3de83d7b3db2be53
3d4f3db1bde73d02
3e1fbdb0bd7ebc5b
bdf43c9a3d123cb5
bdb13d033d29bd7a
3dbebd3bbc973d2c
3cf8bd05bdb43e0e
3cdcbd1fbcebbd73
3da43d873d1f3d63
bb81be0b3dfbbd6b
3ca93ca03caeba59
3d093daebdebbd54
3d393d34be103a90
3d423d2a3d983d89
bd06bc68bd8a3d9e
bd85bb73387c3de6
3e0a3cd6bc05bdbc
bcc33e103d02ba87
bd9ebd243d9dbded
bd8ebdb63e4f3cee
bdaf3d97bd95bc83
3d063c66be073dd3
bd073d72be1cbdf8
bd4e3dabbcd73cc7
be0f3dbbbdaa3dc9
3e06be253d213d8e
3ca3bb7a3c73bb61
3d5b3d7fbd253d44
3cfd3d91be85bcf2
000000000000be12
3c6fbdb8be363ca1
3e33bd7dbd6fbdf5
bdd6bcf3bdd4bcf0
3e12ba9bbdfebe2c
3df8bd24bcf9bd9a
3e02be023d6b3d3b
3decbde1bcd03e18
bdb4bd093db2bc56
3e0b3e713df6bce0
bda4bdf03e073de0
bd5a3d9fbdbfbd37
bda8bceebce73df4
bdde3d8abe063e27
bde5be45bcb93d81
3d2c3ce8bd833d3c
bd0b3e2b3d66be0e
bc1e3dec3c25bdaf
bd073d8cbc89bc63
3d463dcd3d163d96
3b553d873dba3d9c
3d163ce63e04be4b
bce03e183dba3d7b
bd2f3da0bd15bb2f
3d53bddb3c563cbb
bbd23de3bd923e2c
bdb03ddf3c1ebdf7
be373d9b3d61bd23
bd2dbb063d293c8d
bd4fbd1f3bc43dd4
bcbd3c96bd88bd5f
bd333d20bdc03d66
3e13be723d943cab
bc943e0cbc833c9e
bd72bbb53e87be2e
3cad3d1ebb88bd82
bdb63c0dbdee3dba
000000000000be7f
bd973dc33ca33d91
3c89be103cee3e02
be0b3d3fbdf1bcb0
3dacbe813d4f3e7e
3cb2bc1b3c1dbd75
3dccbd923d98bcb6
3d3dbdca3d573e0c
3d2a3d5a3d723bb5
3e0d3d923d603d8b
bd21bb893d323d32
3d2e3df6bafabcf2
bd9bbdf3bbf13c1a
bdba3c583dd5be29
3dc43d273d2ebd0d
be583c95bd283c02
bc94bd843cc73d98
3d21bdc3bdb93dd4
3d1dbdc13dd83c60
bd06bd17bc743c85
3da63c1dbda53d5a
bd753dc23e11bd95
bd0b3bc1bdb2bd6c
be53bd833e0a3c5c
be25bce2bd60bcca
3b1a3e0b3e193dc8
3d893d983e053c87
bd623d9d3d223cc3
3dee3b5d3cbe3d2d
bd18bde7bdf83d8b
3c22bc28bd103e33
bc27bd603d6bbe35
bd86bc753c073e44
3cc6bd7fbe1abd9d
bd20be2c3ca33d9e
bda5bc2dbc09be1b
bc16bc483dbebe25
000000000000bf08
bc043dcebc13bd48
3cbdbd913d2f3dbb
3df53e1c3dcfbd21
3d3fbdf93da23d18
3bc8bda53e0bbd1c
be0b3cbfbe1abc20
bded3dfa3d9a3c88
bcac3e34be1dbcfe
3d83bcd1be833d5a
3dfd3dd13d513d88
bcb63e093b713dbc
3d793e08bdb4bcf2
3c90be2bbc6ebdef
bd5fbc3fbdbe3d1d
bdc8bbbdbde13dc5
ba75bc35bd12bd8a
3d9ebcfabc2ebe10
3d93be14bd5e3b39
3e103c0e3dd7bd70
be58bdbcbd203df4
3ddebe243da2bd8e
000000000000bdc3
bd21be1b3d6cbb38
bc9cbdf8bb663c2b
be273baf3bc2bd89
3d8b3cb23d173b2c
be4abd593bd9bdfa
bdc23e20bd9d3c81
0000000000003cc1
3e2bbe633d81bbed
be36bb833d1dbd04
3d303d02be12be33
3e083dda3dc33cb1
bdf63cad3de7bd3a
bc6ebd353c0ebe17
0000000000003b82
3de63db4bd68bd9b
38533e373d77be05
3de13bc83ccb3e30
3ca03debba593e70
bd6abd223ce83df5
bcec3933bdb3bb94
0000000000003d84
3e0c3dcabdcb3d8c
3d89be4d3d9b3da1
be27bcffbb9d3e33
ba173c8cbe5c3e0d
bc493e1ebc5d3c6f
3da0be0fbe2ebd80
0000000000003c3b
bddb3d41be8dbd04
bd5dbe783e663e35
bd003d473ddfbd58
3a5a3e113dd3bd07
3e183ce2be103d41
bd0fba7c3dd0be9d
000000000000bbed
3db03dba3e423d4b
bcacbcaf3de03bca
3e0fbe24be41bd9e
3e6b3d59bd253e1f
3dcb3e3b3dc7bd8e
3e39bddcbe383d9d
000000000000bd61
bd80bd493d503b2b
be4ebc0fbc0fbdd3
bd08be3cbe07be06
be6fbdb53d49be22
be24bc793c133dca
3e773cbebcd93e68
0000000000003d14
3c8d3d26bd9f3d1e
be14bda8bafb3db9
3e533d8fbc343d9e
bd923d9a3dc7bd5d
3c923e39be2cbe5a
3e893e2f3dedbc6b
000000000000bd51
bb383e16bd843dc8
beb6bd513ddbbd32
bc623d893dc7be3d
bd9d3b19bd953d94
3dd53e1a3cf93cdb
bd44bd4d3e79bd56
0000000000003e19
3d493e773db5bd04
3e153cdf3d093e34
bde93d4a3d8dbdb9
3d943bddbd2ebddb
3e4d3d9a39863e03
3de83dfbbd99bd93
0000000000003ce6
bc7c3c9fbdecbd57
be673cef3d793e17
3dd23c6bbe273e8b
bdf03e483c333da2
3e0d3d19bdc4bc04
3d8d3c92be51bdb5
000000000000bb8b
3dfbbe5ebe8dbcb5
bd46bd9fbda0bd95
bd723d913dacbdee
bca7bd6f3d343e21
3cd5be4fbe07bc2e
3d7dbe77bcac3e4c
0000000000003d96
bdd23e743e22bd9b
3e25bdfbbd2cbd36
3e2fbbcf3e0bbc03
3d6bbe6b3c883d12
3e073d30bc9a3cca
bd0e3de23da2bdbc
0000000000003dec
3dbf3a8b3d18bc91
bd063e55bdddbccf
bd073d2a3d653e5c
be113e0a3d883df2
bd943cf23c833d31
bd3ebd243c253e18
000000000000baa8
bc2fbc6b3d9c3d55
3c1e3e0ebd393e82
3d07be02bcb13db2
3df6bbb43d9a3df4
3cc4bd743dfd3da4
3e193cb8bdf0be36
000000000000bc42
3e1cbc823dde3df3
be1d3d7abe0fbe26
3e63bd3e3e5e3e37
3d92be0fbd5cbe33
bddfbc023d1b3d34
3d8abe04be2ebc98
0000000000003dd2
be2d3d093d933ded
3dd4bd26be6cbcc4
3d943d943d7ebd85
be12bc7ebda9bc7b
bda03da2bd45be0d
3bdf3db23d33bdd1
0000000000003d89
be0cbd5dbdddbe01
3d7e3e2ebdd13c6f
bda0bec13bd8be02
bd3e3e923cfb3dae
bc8bbd0bbc913b8b
3d0c3d45be173d36
0000000000003d8b
3e813cbe3d27be46
be163dfdbe353e47
3e0a3d6bbe1d3d96
3d13be3abea33d8e
bd1e3dc7bd903cff
3df7be463d4e3dfd
000000000000bc7e
bdcabd95bd9ebe17
3d33bdc3be1f3e2f
3c9fbd3e3d833c35
be32be5c3df13d58
3d04bd75bdb6be33
3d63bcc93cca3d96
0000000000003c8b
bd313cbd3d3b3e30
bd663e013db1bdc6
bc2ebda13e2fbea5
3e0a3df6bda33e69
3d9bbe03bce8bdb6
bd8d3cdeb9aa3cc4
000000000000bba9
bdc3bde83cbfbd49
bdfbbd48bdcf3cd8
bce7bdb53ab1be58
be0a3d50be09be9b
bcebbd883e143e7b
bdc9bdb6be1ebda2
0000000000003db4
3dd73e19bd9d3d44
3e423e4abcc93e85
3e9cbd70bca43dba
be08bd56bdb23c76
be02bdd03cd93d4f
bcdc3e413e12bdbd
0000000000003d69
3d563d0a3dc43d9b
be163d61bc24be5c
3daebcf63c01be1f
3b373e903dd0bd44
be23bdc2be983d43
3e0b3e8a3a5a3de3
0000000000003d5e
be853d303dc7bd68
bcb93d9c3c9b3d8b
3d643d813bfa3c0b
be05bc223de6bdce
3e1d3d9bbbd7be2d
be163cbb3ddf3d97
0000000000003e1c
3d05bd153dbabd96
bce13cca3ca8bd83
bd153df6bdd9bdf3
be03bceb3dbebd04
3d1b3dcb3d92be25
3c253cf43da7bdd2
0000000000003d02
bd96be503e4abe7f
bca9bd8d3e3b3db6
3e0b3c9cbc95bd3f
3e17bce33e4cbee1
3e4dbe103c8a3ce8
bd4b3e5abddebd0d
000000000000bd9d
3c6abd30bd46bc85
3e533dff3d06bdd7
3e8c3e1c3c923e18
3c14be0cbe833e4b
bccbbcc13d7dbcb0
3e5e3e84be42bd50
0000000000003bce
bdf9bc813e19be15
bbb53d29be0d3cad
be92bd92bb8cbdcc
bcb03d523e9cbdb4
3a5cbe873da03d8f
be7dbc2bbe153dc6
0000000000003cfe
bd143e443db2bd62
3db9bb403d68bd94
bd1f3da3bdf5bda3
bdc63e4b3c85bdaa
bc8e3d953e093d53
3dac3e18bcbdbdf5
000000000000bc50
3d02bc93be143e31
bd933e9cbde03dae
3db6bd12bbf4bde7
3de93da73c6d3d9d
be3a3e6bbd193d89
be63be503dee3e52
0000000000003c18
be04bdb23c8dbcb1
3d0c3bfa3cef3dbe
be50bd093e1dbe15
3c78bde3be9f3d75
bca73db2be4abcf8
3d613d37be07bd7f
0000000000003d41
bdcbbd983e833d1c
bc3e3dee3dc8bdff
bc72bd2dbc54be5c
bc583dd03e18be67
bc0cbc1dbd973a91
3d0fbcca3d893d5c
000000000000bd2a
3d8f3cd8bdfe3e9e
be363e743b943e01
bd3a3d5abe8d3b5d
be0b3e3fbd8abe25
3d5ebcb3bdd8bd27
3e653ddbbe73be2d
000000000000bd6f
bd56bdc93e23bd03
3c513d2dbe123da5
3e45bda43dfe3e63
3e28beb83dfcbbac
3e593e01bd843b30
bbc33d3d3b79be91
000000000000bc4c
3d003d183c09bd5b
be413c47bd57bd69
3e01bdd3bba1be13
beb0bf453bf63ef1
bceb3ecdbf13bd65
bf02bec1bebd3e05
bf683c673f1d3eb2
be0fbe393d043e52
bea2bfbabe8abf14
3eecbd123cc9be8b
3f283ee1beaf3f17
3f95bd8dbddfbed8
bef4bfa9be973f48
3eaf3e92be8c3f60
be6fbf58be5dbad6
3e373d90be76bea4
3f213f693d7abfbc
bfc0be74beddbddb
beb1bc683ff03f85
be37bc9dbe883f76
3f5ebd0ebceabdf6
bef5bed53f393e74
be14bed0bfc23ec8
3faa3f2f3f4bbf6a
bf1bbe203e80be60
3f10bdb2bf513f18
3e0c3eddbea33f57
be72bfbebf393eed
bf2dbf3c3fafbf24
3f09bf4b3d9e3f43
be983ecbbea63e24
3da83ed4bf67bf0d
bd81bebcbf8abcef
bf4e3eca3ebabf30
bd073eefbd96bf1b
be89bf0cbef73f1c
be263eac3e9e3ebd
bf9dbecc3f5c3b99
bedebda73f25bf86
bd34beff3e2b3e22
bed5bef8bf373f58
3d413f11be2a3f8f
3edb3f9fbf4e3ea0
bf8e3f6f3e34bef1
bf41be723e943f18
3f41be4a3e9b3f3c
befdbd18bf7d3fb7
bf88be953e98befa
3d78bf023f0e3fd7
3d19bf093d973e41
3f073ed7bca2bf25
befc3f263f40bf34
be8e3fcabf64beba
3fcd3f10be13bebb
bf303e50bf0d3ec8
bf0b3d1fbe1fbeb0
3ecebf313e4cbe9c
bf773eacbf313ec9
bf07bf503ed5bf20
bf1ebec1bf2f3e9b
3f013f023f803f87
3f1a3ec7becfbf06
be083f73bdb73f56
3c0ebf073e65bf57
bf03bf0e3d9bbea3
be82bee9beb73e07
3f25be9f3f2fbfaa
beba3d833eb7bf1d
3e0f3f853ec43df2
3e073e06bf003f40
bf4fbe52be8fbe0b
bf01bf67be47bd75
bf673fecbf523ebd
3f7c3f753f2ebedd
3f0a3f3ebf16be05
bdb7be70be9e3f18
3f18bf323f63bfa4
bf9c3f66bf3cbfb9
3e64be98bedd3f28
3f563c133fb8beb6
3e803f06bf003f1b
bfdbbe87bf6f3f8c
3ed7bf5b3f82be6a
be1fbd4f3f1abdc8
beacbd823f823f19
be9dbf1dbe54bd8d
3da5bd883f89bf45
3e85bdd63f11be80
3f04bf30beec3e91
3f263f01bf41be90
bf3ebccc3f0fbeed
bde63e5f3fbf3fb3
bd9ebf7bbe82be64
bda23d703d90bcef
bc973e2b3d163d9d
ba663e4dbd2d3c20
3e003e02bca13d5f
3da0bd4cbd203e58
3d8abca93c03bdc0
baeb3cdabdb6bcdb
bc9bbaccbce9bde9
3d18bb8bbdd13c14
bdecbc943d833d71
bd18bd6fbd4dbde8
3989bdc4bc76bbf9
bda23ca6bcd03d27
3d093cf73d90bd12
bd933d8d3dc53ceb
ba78bda7bce4bc64
3d21bdf63d523c03
3ca5be673da4bd8f
0000000000003e2b
bd32bdf43dbc3d1f
3de9bd873a98bde3
bca23d2c3cdb3dfd
3e0b3d2d3d343d3e
be353dd03b943c8c
bd82be973b923e2f
bd5cbd363dd0bbf3
3d76bce7bca73d38
bd4f3e1cbdd93dda
3d6f3cb1bcf63e3b
bd1dbe093d483dd0
bdf0badebd9abe07
3e05bd0a3d043e19
3d763dc2bd38bd45
bd10bc31bdafbe52
bd92bb7c3dc23d4f
bd90bc8fbd113c2c
3bd43d873de4bbaa
bde0bc5fbe023dbf
3da5bd1d3df93cee
bb603d24bd38bd1d
bd2dbb6dbccb3e0d
3d00bcffbd3dbcf1
3b983cc7bdf8bc35
3d6b3d35bdb3bdd8
3e083d4fbcc4bddd
3abcbcb43df1bd20
3e02bd23bc7fbc80
3d6dbd313d9fbcac
3c453ba3bbfabdb0
bd9abc0dbca03cac
3dbcbda5bd723e0b
3d743d7dbe073cee
3e103cb4bb85bd8c
bd843d383c66bdaa
3cf13c8abd823d8f
000000000000be98
be0dbd6fbd103ce0
3c13bd0f3d343ca0
3d92bdbebdfc3d8b
3e01bd113d9f3c85
3d003dae3db43da0
be723a943d0d3ce8
bda7bccabc9abd90
3d61bd64bdb73d01
bd90bdbe3c883cee
bc6c3d593d97bdbe
3d963d15bd89bc20
3cdcbcb73e423d7c
3c773e053d84bd60
bdbc3d9b3c8f3d85
bd093d753cecbdcf
bd433e19bd103e03
3d9a3c453cd73bd2
3e203bf2bcbe3a5d
3e60bc12bcb3bd64
3c5b3d7ebc99bd11
3c9f3d8f3c953d69
bc43bd613d1a3d4d
3de0bc02bd55bd31
3ccd3dad3daa3d57
3d763d75be1bbdc1
bd34be03bccbbd9f
3e20bd4a3d903c51
bc413d5f3d313dba
bd1d3c5c3c2e3dbd
3dda3da0bdefbd95
3e223dc73da2bce5
3d313cdc3ca33d26
bd603daebdc4be6f
bcdc3e24be083ca1
be0cbcb2bda2bbda
bc133bf13cc8bde9
0000000000003e7c
3bc53bd23b73bcc0
bc9ebdafbc893ccb
be00bd20bd553d48
3ddf3da9bdcfbd94
bd11be173d54bccf
baedbccdbd65bd79
3d81bb513ce43d46
bd843d393b763d30
bd053d31bcb1bdaa
bdfcbe063e0d3de7
b7573d04be2e3c96
3d053d5abc99bdad
bc073dcc3dd2bc12
3e0bbdabbc5c3d9c
bc23be5cbe1c3c8e
bd43bcb0bd5c3d8f
bd593c87bde93dfa
bd843ab5be1c3b5b
3d47bd34bde73d8c
3bf8bda4bdff3d8f
bd80bcadbd5f3d9c
3d07bd49bb5fbb73
3c413d82bd9fbdd4
bcf03dc7bc393de0
3d493dae3bdabc70
3d923dd63d7b3b81
bdf7bdd33e0e3e20
bdde3b023db33ce6
3d64bccc3b0dbdc4
bd5b3c47bdc5be2e
bd3e3da839b13d8e
bd45bc0e3df5bab5
3e15bdb6bd4fbc23
bcae3ce1be243d91
bc8cbda8bda53c7a
bd6a3d233da4bca7
0000000000003f25
3d29bcf0bb133dcf
bc64be1d3b853db2
3d83bd05be0f3bad
bcdd3c9b3de0bd62
bdb5bb88ba443e0c
bd87bdd03c843df6
bd44be193d1e3b66
3d9e3a49bda93e08
3ddabc843c3fbc23
bd45bd32badfbe0e
3d853ba73ddf3d2b
bcefbcbbbd8e3e07
bdf1bddcbdaf3e17
3e03bc8e3989be13
bd303e03bcf83d10
3db43a053d303d03
bc9d3dcc3d2dbc2b
3c2cbc3c3db63db9
bc5ebd29bd61b989
bd1a3e123d583d93
bdeb3e0bbcd3bd15
bd403bf03d99be18
3daebcd43d9abbaa
bdfdbd1cb882bcf2
3d59bb8e3e043b17
3c05bcc7bdd43c98
bc583c9abd863d04
3ca53d09bde9bd13
3d85bc78bc523d13
3d8d3c443d85bd92
3dbe3d193d8ebcdb
bc333d9ebcfdbb73
3ca8bd2bbbf3bc32
3d2d3da3bd683c91
3cd23aa43d24bd0d
3b7f3c71bd3ebdba
000000000000bce2
3de4bcf73d3f3c17
bdf33e25bc973c40
3e26bcf03d1b3e35
bd693d59bcd1bd59
bce6bcfbbdf63d88
bd8bbd173d0a3db6
bbfb3cfbbdb1bcfe
3d8d3aeabe1b3c59
3d883e513ce6bd65
bb8b3cbf3d02be48
bd6fbe3d3d63bd52
3d0abc75bd4c3def
bd3dbd0cbcc53c1c
3dd2bc6c3d1ebcdc
3d05bd843d0e3e3e
3c36bdeebb2a3d21
3d933dd83c563c95
bdb6bd65ba1f3e4c
3b54bd913c9abd82
bd863d32bd02bd26
3d813d96bd12bd65
3d263dbebd8bbda3
bd22be03bd023e50
3d4b3c3f3d9ebcc7
be0b3c6abcddbe02
bd383bc03d413ce8
be4abdcfbde33dd2
be0a3de5be103da7
3d5e3d4fbdefbd81
bc6dbdd53e093de5
3d803ce03d053da8
bd973ba33dd0bb28
3ce13da53e0f3dd6
bd123d36bd86bc6f
3d8abe553b8bbdc1
be0fbc08bda9be2b
0000000000003eed
bd9ebdd6bd7b3e31
bdf63d85bb42bda6
3c62be193d0f3d97
3d23bd323ca23de4
3e3fbe0dbd093c8e
bbcd3e2cbd8fbd6d
3ddd3dc1bace3cf7
3dfa3daabdc3bd05
3dccbdb13d2ebd77
3c98bce23e20bd0d
bd2b3dbdbd703d9d
3dc4bd58be0abd86
3c353d82bd783d63
bd5abe2f3dfdbd8f
bdc5bd8e3e223cb6
3be4bd47bd4b3d26
bd37bdf03dce3de3
3d213e4b3dafbdfd
bcbd3c16bdae3d5f
3d6ebe113e0f3d10
bd6f3dbebd523adf
0000000000003e0f
3d573c14be3f3d92
bc77bd273d62bddb
be293decbd49bde9
be02bd5fbc043d46
bd7dbe55bc05bd29
be15bc25bdffbb3f
0000000000003d26
bc67bd363c5bbc55
3d673e053e2abd8d
3cc03dfe3dc13ddf
3cc43dcabbe8bb50
bd8f3d91ba203e04
bd0ebdbb3d2a3dfd
000000000000bd9c
3d1fbdb2be5fbdf1
3dc4bd883e1abd71
3db03d1abc82bcfb
be07bdd3bd033e2d
bb50bc9e3d143dfc
be093e37bd8cbc64
000000000000bd2d
3d9f3d8f3e4dbe16
bd6e3e44bd05be32
3d6b3e453dad3d60
3df6bdd73c92bdb1
be243c6dbdc5bd23
3ccd3c72be7e3b0f
000000000000bcd6
bd9e3d4dbe5bbd8f
3da73c7cbd513d2e
bd6f3dd23df7bde8
bd913d1cbd893d33
bcaf3cc33d1fbdb6
bdd23d8dbbaebde9
000000000000bd1b
3e25bdf43d3c3d92
3d643c98be17be38
bd143cb23c96bc8a
bbe7bda53d523d49
3ba6bceebc01b9c2
bde1be10bca2bcc6
0000000000003cb8
3e52bc91bc21bdaa
be153dd53d84bc9d
3d27bdc1bc553d8e
bd123cea3e78bc2d
3caebdc53cdd3d62
3cc5bdb33d853c95
0000000000003d61
bd203dbb3df63c10
3d473e4fbc81be05
3da1bd593e003dad
3cf43db5bdc83d65
bd163d0f3d823e47
3dacbe0f3d753d39
0000000000003cba
3cc53dc3bcb9bdba
be163bf13dc0bd71
bd5cbd513cfc3ce7
bd9ebcb5bc293dad
3bcebe16bdee3bbc
bdb43d243e373be8
000000000000bbfe
3d243caabe1f3de5
bdb7bd3abe38bdc7
bd743e89bd333d9c
3dc33dae3b76bc46
bac3be303cd23e19
bd683d80bd7dbda9
000000000000bdb8
bd1abd263e1cbd0d
3cd4bd033e1d3c20
3df1bceebc53bdd1
3d54be403db53d8a
3cf73d7f3cf7bd94
3be93d4cbb703e1f
0000000000003d71
bc4dbe373d9b3d71
3dc73e103dfe3d72
be023db2bdc6bc68
bcaa3c913dc7bd3e
3d933d16bd193e0c
3c5c3d7bbe00bddb
0000000000003d89
3c583ccb3c833dea
3ddcbe28bc15bd81
bcf73d493d82bd4a
3c613d073cccbbe7
3e41bcbf3c3c3df6
bba2bddfbc633b0c
0000000000003aec
be0e3d713d953e0a
3d86bd023d6ebbf7
bbc2bd823e143d93
bdccbe46bddcbdfd
bd36bd51bd023de3
3dddbdba3cb4bd74
000000000000bda1
bcb2bd75bbe53df5
3d013e153d24bdad
be78bc8bbd8f3d50
3cc2bd713dc4bd52
3d1cbddcbdeebd43
bda73d823e12be72
0000000000003c3d
bdbc3c18bde7be71
3dd1be27be693c9c
3c0bbcecbd233e56
3da53e3e3cebbd34
bd063d9dbdd43d9f
bcea3daabcaf3d42
0000000000003c4f
bc2f3e6fbdc83cf8
bd85bd82bbefbd5c
3a14bda6bd9e3e3a
3e30bdddbde7be50
3e373d16be293d29
bba8bd5dbcdabd5c
0000000000003e2e
3da8bd56bdb93d48
bc9bbd6e3dc33dc7
bdd23df43e0b3be1
3dafbcdc3c91bd82
3c78bc353b3b3d57
3bd7be0c3d593c50
000000000000bab4
be16be01bb71bd94
bda8bd2c3d9dbe66
3d043debbd8b3d91
bdc83d05bd4b3d89
bcfa3dae3cdb3d03
3e163da23e32bd46
0000000000003d20
bd0abc8a3e243e0c
bcdfbcf13dbf3b8f
3df73dac3d08bd5f
bd273d12bdcc3d9e
3dd9bd9dbe1bbe53
bd0b3e083e1abd82
0000000000003c43
bd8ebd9e3b87bdb8
be2abc08bd77bddb
be27bd303e26bdb8
3d533b8bbd383c44
bda93d0d3d8e3db1
bd8cbba33c49bcb5
000000000000bdb5
3d0bbc893dfe3c18
bcae3df13dccbba0
bdb13db8bc66bd5f
bcd7bd363c883c0d
3d953c47be02bc96
3dacbd2d3ddc3d9f
0000000000003d29
bcebbc873dfebe02
3c36be2f3d5d3dba
bdbd3bb0bade3d78
bc1f3d273c4c3de3
bbe43c4dbd603d31
3d56bd17bd38bd6e
0000000000003d41
3d983bad3d003dc5
bdf9be07bd0d3e01
3e06bce1bbfdbea0
3da33cf63cf43e85
3d5fbdbb3dcb3c5e
bc7dbd6b3d453de4
0000000000003abf
bde03bebbc3a3e2e
bdb8bd2fbdadbda5
be56bde03e0c3d72
bdccbe04bd553e01
3c5bbe12be12bdd6
3e06be18b9a0bcf2
0000000000003d80
bc403b953d95bcf8
39b43d8d3d1e3d0e
3cedbcb8bdf13d82
3d09bcabbe33bd73
bbf23d523d8c3d65
bcc4bd153e013d88
000000000000bd81
3dce3df3bd23bcca
bd8e3d31be273dea
be26be05be1bbdfa
3d9f3c54be2dbe25
bcaa3ad73e3b3dc4
bc903db8bdec3d26
000000000000bd39
3dcb3c5d3cb03daa
3cba3e3e3d933d5a
bdbe3d383e2dbd6a
3e2fbdb2be0d3da0
bcb3bd433e103e5a
bdf4be0bbba23e1d
0000000000003ca4
3e03bde43d373d9a
bd373c3f3da2bde3
bded3dccbdca3c2d
be1abe1a3dd03e12
bdf1bd4dbe1a3daa
bde4be21bdfa3e1c
0000000000003d1e
bdadbddc3d42bda8
3d77bc343df5be3a
3dcfbc3a3d6cbb26
bc0bbd90be0e3d26
3e04bb52bdb93d2f
bc123d503c8cbe1d
0000000000003c83
be6abcbe3dd6be1a
be023ccf3de63dc2
bd80bdbdbdbb3d3f
3e183e30be03bde7
3e2bbe063d233d57
3dc03d97bcb73baf
0000000000003d2c
be353d233e09bc96
3bfd3d1cbe033e05
be02bdfdbe42bc22
bde63e133aebbdd9
3e33ba7fbc2b3e42
3c8c3d57bcedbdc7
0000000000003c35
bd52bd333c433e0d
bd50bc25bd05bd5f
bdf9bdb7be0ebdbb
be103cc5be1fbd3e
3cf83dd8bd9e3def
bda0bdcc3d0c3ab0
0000000000003d9c
3dc53aaf3e243d81
3dc73c3abdf1bc9c
3c603df53d97bcab
bbcfbd00bd823d79
3d9ebe08bdd7bde1
bdc43e233ce33c87
0000000000003c94
3cc3bd7dbe403dc9
bd763e0a3dce3b84
3e01be2bbd1f3de2
bdd23e093d723d49
bb723e22bcafbcf2
bce9bcca3bb6bc9f
0000000000003d8b
3a393d103e0f3cf0
bd8f3dd0bd6dbc99
bde13dddbe063ddc
be8dbe54bf4dbfbd
3f003dd73e44bdf7
bf14bf343e14bf6f
3e4d3e393ed0bde5
3f6abfa23eefbe30
bf803e703dbf3ea9
bf8b3f1ebedbbf03
bd8f3ec63f943ef4
be1e3f053e183f3d
be89bd813e023ed1
3eaa3de73f543e51
3ef33e913eee3d3a
bf69bec0bf79bed3
be123eb13da3bed4
3d043fdabded3f1d
3c0abd93be11be86
3e31be753f103f82
3f4bbe9c3e90bfa8
bf313d4ebf3ebec8
bf35bda33f7ebed0
be963f393e623eb4
3eb93f8cbf133fa9
bf5ebf923f8bbf8f
3fba3f34be903f26
beebbd133e8a3d60
3eb5beeebd88bf63
3f893f133fcb3f7c
bf18bf223d9abf57
bf663dd5be143ee9
3f42bf13bf0cbefb
3e0a3d513cafbef5
3eb63e8e3da73e88
bf5cbf01bee63f49
bddf3ee6bf1c3f06
bf083d1d3eab3f17
3e323f95be6e3c46
3ebcbd1f3f253e26
3f6fbf43be47bf29
3e1ebe24bce5bee4
bc4e3c77bedb3b6a
be8cbf0d3f093d8c
3f65be003f44bf24
bf72bf33bf8cbdc3
3ed53ed1bf5d3e3e
3f953d943f38be1f
be3bbf8abf07bdd8
3d9dbfe5be583f3f
bf4ebf01bf5abf4d
bd753f973d3a3e56
bfa3be703ede3f94
3f453ee0bebfbe1f
bef2be103d393f52
3dea3fcc3ebbbf09
be7dbec33d883f02
bf7dbf003b703f9b
3f1a3e283d2e3efa
3ea13e9cbf88bf8b
3e64bf133d833f9d
3e983eab3f2cbdb4
bd84bf21bf4abe90
3e1ebed2bdbebed9
bf713e8cbea93e58
3e7cbf3c3f94befb
be80be18be983f0c
3f7dbda4bca33f15
be0a3eea3e553cc9
3b5cbeff3fe0be97
3f36be963ecfbee9
3d39be8cbda2bf6f
3f503eb23d113f86
3e873eac3d4cbe61
be453f903f81be6d
bf36bf81bf4a3f70
3e97bedcbb7dbcd3
3dbbbc08bf86bf27
befc3f2abdefbe07
3efcbfb53eaa3f2d
3f5a3f2bbdeabd05
befebdc63f56bf1b
3e9b3f93bef33f7c
3ec63f143f0fbe69
3b9bbfa43e303e28
3f503f883f3dbf08
be5fbf123ebd3eb7
bf06bf043f44bf56
bdacbdc13e8fbf0b
3ef83f213eea3f90
bf62bf41be3fbf9c
3ed8be42be983e97
3e5fbeb4be7bbf08
bd1a3d9d3c3bbc77
3e223cd03bb23c27
bd753dc93d083dac
3c3c3c33bd34bd1a
3dc33af93b76be07
3d14bd1e3d0fbdbc
39983d9fbd133d3d
3dc23d453dac3d63
bda53cbb3decbd8e
bcf4bcf83defbc66
bc913d00395c3cc7
bda9bb01bd86bb7b
be43bd6a3d8a3b4d
bd7cbd9dbd72be08
bd863d8d3b8f3ca8
bd85bd99bd943d57
bcd83e3cbd8cbe48
3bd3bc5dbcd13dd8
3ce2bca2bdecbdf9
3c663d6e3d3f3dd0
3de5bca63e01bd18
3c84bda93cb6bd8d
bdee3d233cc83d83
3e03bd7cbbb43db5
3d9b3d42bd643da7
bdae3e21bdd3bd26
bdaabe083d103d8d
3c693c4e3d9abc0e
3d903acabd81bcf7
bdfe3db2bd973d14
3e213e1c3cd0bd7b
3df43da23d843d7b
3c91bd75bdc5bd60
bc9f3dcb3c31bd07
bd903e02bce33db0
bda6bdadbcf83992
0000000000000000
3c9bbbb33bbebd15
bce33cf7bd10bc98
bd263c77bd8e3d0e
3d4dbdab3de3bcfe
3cbbbcb53d2ebd56
3dad3d423c09bdb5
bdc8bd663db3bd4c
be203d1b3d46bcde
bdd33df83d7ebe5c
3bb7bd46bdeabacd
bd60bd753d92bd95
3d903c31bd943d8b
bcf23cc4be12be15
3d5f3de93e303cf8
3d7c3cb9bbf5bdaa
bc3abcb0be0dbd88
3a5b3d11ba5e3d55
bd32bda3be17be2c
bd3bbc9b3e173d19
3ce63dc5bd963d6c
bc053e09bb2dbd86
bd81bdfebddebd8a
bd7bbe6f3d0e3d1c
bd593cb0bd6fbc8b
bc9d3dcd3db3bd70
bd773df5bcd93e0a
bc06bd03bd603aec
bdc13d58bd89bc27
bc333a52bc8dbd0f
3cdc3d783c873ca0
bdca3d8cbddfbd30
3c883bc4bd843d65
3c9abe6dbd0a3c8d
bdc2bde5be0a3da0
3a1cbe0ebd863d1d
bdd5bde93deebd84
0000000000000000
3dcc3dd2bd913ba1
3cecbc8fbd933d27
bdcc3dd93d97bc83
3d99bdc7be28bd3b
be14bd62bd06bd2a
bdc9bd9fbbf83d9e
bd4b3c943d60bd80
be29bdca3d00bd71
bb8c3d51bdbdbbed
bce03da2bad3bc7f
3d2abe15bda1bdc4
be003d09bcbf3e28
bd443e02bbd33d82
3acdbce03cb43d8c
bdd3bdc83b31bd6d
bd1abbb73d22bd49
3dc0bd46be45bc87
3d5fbc393d733dfb
3d1d3cf3bdc33cee
3b673d8d3d283caf
bd0abdfebcc73c90
3d7fbd573d49bd2a
be433e02bc343e0e
be053d9abdbebbd3
bceb3c763e0ebcb2
3e193cd0bda63d8d
3e27bc35bd6abd50
be0abd1d3dcbbe4d
bcb83c043d88bd75
bd633da4bd9abc6e
bc973dcabe293ca5
bde03d83bd87bdcd
3dafbcd5bd5ebcd6
bd5f3d943e1bbc76
3daabc84bd813b88
3df13d9c3d9cbd1a
0000000000000000
bdcf3d7bbd683d45
3db5bd96bd20bc7c
bd51bdb43d0b39bb
bcbcbe14bd79bd90
bdf13ced3e0bbca8
3e3abcc33d353d5b
bd633dbebd663cae
3bd63e3c3cdbbd9b
3d71bc933dae3d20
3e013cd6bda53cdf
bd3dbcddbe633c9d
bda6bcd93d53be16
3d693b563dff3b86
3dc03d043c7f3cea
3da9bc71bdaa3d5b
3d6c3b813e4bbd50
be17bc2c3d56bda2
bd2d3d0cbdcc3de4
bd62bce73dcb3d86
bd99be123d4cbd47
bdacbcadbc94bdab
3e293dd0bdb03c85
3e673d643e083ca6
bd263c233d84bd5d
3cb0bd823ace3d46
bd9e3e123d183d88
3d34bdf93dccbe40
3d17bd23baebbd63
3de8bd373dc2bd51
bd3f3d1dbca3bc66
bdf23defbb67bc02
3db6be113e20bd51
bda83e0bbdb83da9
bb143b67be3e3d4d
bdbfbc843dab3d55
3d96bde13dc1be32
0000000000000000
3da33cd23d1abdd3
bd4b3d063d593dcb
bd743dcdbbacbcce
3e363cc5bcf73bb4
3d17bdf63d023d93
bbfa3dabbd4bbe21
3d8abd083de0bd13
3def3c663d823d19
bd8f3d08bd28bc53
bc71bc253d463d8c
3d56bd30bd62bdb5
bd0f3d8a394fbe2b
bc283c77bd1d3dd3
3cce3da33ca53d01
3d2d3d14bd023c0d
3d463d69bcbd3cc2
bcd43d433d7fbd99
3e0ebdf7bc99bd6d
bd513c7a3d1c3dbe
3be93d7ebe363e01
3e2e3d64bcf83cc4
bd86be3ebc9abd0d
3c27bdb7bdd3bd0b
3c853df0bdc23d6b
be4abdd43e1a3c94
bdefbe173cd3bd69
3d08bdccbd853e5e
3e41bd1abd393d19
bc9c3c7e3dac3d62
bdd43cc43d12bdf4
bdc0bdb5bdaa3d86
3d10bd7ebdb1bd04
bd213c303e26bd0c
bd11be57bdf43d5e
3deb3ce6bc673daf
bbd23d97bd183c56
0000000000000000
3b433e313cb8bdae
3c613b1dbc823c5d
3dcfbd943d09bd89
bddabd0e3a50bd85
3df03d0a3dd53d5b
bda9bd4c3d4abc95
3d12bbf23d5dbc74
3ca53c613cc73d21
bd54bd94bdfc3ccb
3d943d4cbd45bd51
3c0cbe6cbc21bd47
bd9abdb13d08bd6e
bc0bbd30be333dbf
3d31bdaf3ca13c4c
bd8cbdeb3d99be1b
3de7bdb7bd853b1a
3d76be37bda83b56
bdbb3d0abc05be5a
3d8dbce8bd4fbd56
bbbdbc8a3d16bd8a
3d3f3dd03dedbc33
be023c39bc6cbcf2
be3f3ccdbd3cbda3
3da33c9a3d753bc2
bd05bcfebc003d9d
3ddcbcbbbb2b3d04
3da63dd5bc973cb6
bcf7bcfc3c79bcca
3d733dcebce6bd0c
3ccbbc4a3ce83d5d
3c7e3c2a3d6e3d88
be1bbd08bd153d94
bd79bcfa3d713e56
3d89bb773c06bd4a
3d9f3be8bdfb3d3e
3c70be183c803d8d
0000000000000000
bd1f3e1ebd383e0a
bd603d4ebce9bd25
bc85bcbd3d053d66
3cd3bca8bd2cbdaa
3c07be0abc21bd33
3d683c143b04bd6d
bc8b3dc0bd9dbd96
3da23d5dbdbcbd94
bd5fbdfdbc733dbb
3d7cbd20bb98be29
3d203d913d56bcc3
3d6c3e083e143e19
bda8bd2abce0bcfa
bc03be273c4cbd68
3da43daa3d6b3e0f
bd07bc7a3d633c3c
3dd2bde6bbb9bc38
3a9f3e45bc9a3d09
bd02be10bcc5bcba
bc58bce93d943df4
bd42bda2bbcd3d9e
bdae3d03bd503da8
3d97bd2bbd9dbcbf
bd90bcad3e19bb5e
3db63d573e03bb97
3cedbc7b3bccbd83
3be53d893de13d6a
bbe33e01bd9d3da9
bd403ca0be03bd9a
bd1b3d92ba6a3d85
3dcdbbccbd923e07
3b5a3ccbbddcbd61
bd8f3d713d8dbe0f
bdd83cfabe02bd87
be3cbd1d3db5bbc0
3d85be1fbca03cd3
0000000000000000
3c363b5f3d4cbd87
3c13bcd8be14bd56
3db23d943cc4bdbc
3beabd5ebcb5bdb3
be02bc6d3db9bd63
3def3d373d623e0a
3dba3d11bdb1bc60
bc03bd51bb11bdcf
bd013d9cbd643c52
3de03d6c3c9e3de6
3d8a3c49bd163d62
bd8d3d413d08be90
3d2e3d90bcdebdaf
3d6abd4c3d9fbdf6
3e043c913d94bd72
3e063d443d5abdee
be28bc413dd83d80
3d44be103d55bd7f
bcd6bd293dad3d7a
bd6a3d243cebbdc3
3de3bdd33d963d11
3d77bd87bd8ebc55
3e043b413cf5bd04
bc243dbfbd4bbd5e
bd9abdfe3d7abd2a
bd8f3dbd3cb9bcca
be0e3d403bb2be20
3d3dbbfdbd843cbe
3d5bbd6ebdac3d5d
bd37bd2abd9fbd81
3d84bd923bc83d95
3e08bd7cbd6d3e32
3e293c97bc233db1
bd0fbd8fbde33e29
3d1a3dfbbd22bd02
bcf13a98bc79baea
0000000000000000
bdc4bd2dbd663d02
bdc6bdec3d373d9d
bd283c983dcabd61
3d143c96bd0d3d83
3d94bb253c173d06
bdf4bc613d26be16
3c69bd343c773d73
bd613cd0bd54bd20
3c44bd0a3c543d05
bcd13dff3e173d93
bc203e1b3e1f3d5e
3ceabd113d783c27
bce6bd253db4bcac
bd2abd403d1cbd1f
bcce3da1bdaa3d28
3d743e01bbb5bc5a
3dd83d47bd643cd4
3d413bf83d673d2c
3c0dbc5e3cbcbc67
bd13bd29bda03c2f
3d513d05bcfbbdb7
3deb3b9e3d853ddc
bd703d223da8bc9e
bd78bd723bafbc84
bcc93bed3d243e2f
3ce63d363dce3d9c
bda73d19bdabbc92
3c8c3cd13d70bd83
3de23c7ebd4c3d98
be05bb013d78be0c
3de6bde23bd2bdc9
bcc4bdbcbd52be50
bc0abd953ddf3da8
3c503da73da5bc1f
bd873d8e3d84bd99
3e1fbdf9bd4f3bfb
0000000000000000
3dd8bdb2bd663c9e
3c53bc96bda73daf
bd1ebb083c4e3da3
3d29bb48be05bc8f
3ddabd70be4f3d2c
3dd1bdd83cf3bcc0
bd3bbde03df8bde1
bded3e0fbe40bd8f
bd363cd3bdafbdc0
be203d963e1d3d34
3acc3ddbbdb1bd82
3d50bcacbe753ba6
3d45bd2ebd9f3b96
bcb33d3b3d1ebd61
bd283dbdbd32bd6a
3ddfbbb83d593d0b
3d45bda03db0bdd8
bd4bbdf73e503dd1
bdcd3b24bc083d58
3d84bd8dbe033e0a
bd8cbd3bbc35bcde
3d67bdfabe223c71
bcdfbccb3dafbdd5
bdaa3cd3bce33b89
3d84bc5fbddfbd5b
3db0bd423e0e3c7f
3d163c6dbde53e12
bd863ca63d88bd6b
3c4fbd8abd40bd76
bd5c3dc1bc44bc51
bd353cc7bd943d67
3ceebc9dbdf1bc61
bd67bdb4bdeabd0f
bd75bd693d9f3df8
3d5bbc693d2dbe04
3d85bcd1bdfb3cb6
0000000000000000
bdf3bda2be1f3dad
3d43bd1dbe4b3d52
bd053b0e3d90be91
3cf53b643b05bce4
bcb7bb693e2bbe29
3caabe25bd7b3d19
bdafbe363d42be04
3d8c3e29bd3dbb3d
bdaebdfabd7b3da8
3ea0bcba3d3c3def
0000000000000000
bd28bcaf3e733e32
be4c3c1fbddd3e3b
bd6dbddcbd0f3df6
3e313df73c43bd80
3d683e0e3d31bde7
3cedbd783d1ebda7
bbce3e07bd80bbf9
3bebbd8e3d023cdf
3d0f3b8fbd7e3e06
bcdb3db53e123d49
0000000000000000
3ca03dde3d88be00
3d873e383dc63cc3
3d5e3d6abdd73df4
3d9fbdb23da93e78
3e9cbd8dbd33be6b
bdabbdbbbe2abe0d
bcdd3dfabd713d82
3d013d833d78bdc4
bd083ccc3e21bd88
be853d273cf2bdc1
0000000000000000
bddf3de93da13d9d
3c59bcc1bda5bc11
be48be3dbe4a3c54
3deb3e133cf5bdd1
3e5dbdcabda83de5
be0cbd25bdddb935
3d15bad4be113d99
be35bcdfbd313e2b
3dbf3e223cc03e02
3e82bde3be43be20
0000000000000000
3d1c3d553e533d90
3c3c3da43d703d9f
bd4bbd1cbe113afa
3cebbe693d433bf8
bea73d90bc7d3dea
3d5abd313cef3e1c
3a2d3dcb3d073db0
3eca3ca33d88bc63
3e173e52be4d3d0a
3e443e02bcc33c82
0000000000000000
bdc33d9abddfbe3e
3a1d3d28bdaabe0f
bc26bdc53d8a3d1b
bdb93c4ebdeebd7f
3d903e2a3b73bda8
3ce7bc283e57be4c
bd663da23d6ebd0d
be143d42be2c3c81
3e16bd8d3dad3d5d
3dca3e32bd643cca
0000000000000000
3d463e333e103d74
3d863d933e093d83
bd09bdf73e253e23
3ac7bd3b3dc5bdf9
3e07be38bd11bdbc
3d6cbd34bd44bcd1
bd9cbdeebdf1bda6
bc26be3bbe20be30
3d22bc93bd9abdfe
3e063e09bd453dcf
0000000000000000
be573df8be083dd0
3df7bda5be913e6f
3c863c35bd68bcac
bdf13d933d34bd87
bcebbc973d0ebdf1
3dec3e8fbdf33d4d
bdaabe2ebcb0bd23
3da73d343da5bcdc
bb703c8abe4c3ca2
3dc4bd7ebdd6be4b
0000000000000000
bbb9bb453cad3dd4
be013da43e2ebe10
bce9bbf8bdd83e2d
3db23d613e39bd12
be3c3ddf3ca9bd98
bc823d8cbd323c39
3dfc3db9bca4bcc4
3dc63dcb3d7ebc69
bd433cb9bdc6bdde
bdbfbd603d253e51
0000000000000000
3e003d9e3d25bdc0
3e9c3df23d29bd77
3de23d87bd0fbdc9
3dffbd01bca8bcd3
3de03d22bdf33cb2
be3c3d6abb0d39f7
3e503cc7bdcc3e4e
bbcc3d49bdfe3e25
bdba3d8bbcea3dee
3bc4bd64bd933e6b
0000000000000000
3d763d453e47be4c
3ddd3b8d3e67bc85
3e193e2f3de9bbfc
ba8e3dc63c793e29
bd283e9f3e3b3d33
be22bb643c163d3f
be283e903e423d44
bd843da53ce7bda9
3c8a3dcd3d02bd98
3ae03df6be373d94
0000000000000000
3e4b3eaebc49be47
bc7fbd74bdacbd38
3d903e813d8d3c0c
3d943dbf3c5dbe13
3e393d97bd443dff
3d01bb18bd373822
bdc0be05bd053d14
3d9ebd14be673c64
3cc73dbb3e03bcd2
3cc4be1c3cacbdda
0000000000000000
bce7bddc3e173e1d
bd86be073cdebeb1
bc3cbcc0bd323da5
3c85bd69bd75be2d
3dbd3d82bd65bc20
3e5dbabfbd8abd43
3d9bbd903dba3d9e
bc25bc95bd3b3e7f
3e113dbcbdb7be44
3cc83ddf3c6e3cf0
0000000000000000
bddbbcbfbdc33e07
3cb23e063e63bd4a
bc5a3cd1bd32bd8a
3e533e0fbe42bdb0
3e3b3cc0bdc8bdc7
be183d2abcdfbc9a
bbbb3d36bd013d69
bcd43e3e3ce33dad
bded3df2be3dbdea
3dbabc783dbfbd62
0000000000000000
3dd5bd8a3ca23e0d
bd4bbdb5bd85be22
bd99bcb3bc94bc9f
3dc0bd93bb653e1f
bc1a3e09bbb0bd00
be25bdc23ce4bd4c
bd12bc8c3d443ce8
3ddebe3e3e01bd53
bd573ca73dfa3df9
be7ebe6e3dc3be23
0000000000000000
3df6bdb03e193da6
bd3cbd5fbe0c3e8b
3deebd853de2bcf9
3d883da63c123dce
bc023d0cbd06bd15
be63bd1d3d8b3ba7
3e093c343e14bb98
b9483d013dcd3dd0
be6f3d2b3da9bdd3
3e58bd243c76be21
0000000000000000
be50bc923c1c3df9
3c743d5c3d99be24
be073dba3dec3e0c
3ae0bc3ebe233da3
bd973d043dec3ccb
bc94bdc83d163cca
bde6bd75bd523d40
3dcdbe843c25be50
be2c3a83bdc8bcfb
3df3bdb4be7bbe03
0000000000000000
3e143e3bbe1f3e48
3d85bd01bda4be1a
3cb6bcf73e44bd0d
bbf4be323e223e30
bc84bd81bc703dea
bafebda13d223cff
bcebbc173dc53ddc
3db1bdf73e363e3d
be403cd13eaabc0a
3da2bc083d0d3db0
0000000000000000
3dd9bcfe3cf33d4a
bd243d9f3d753d79
be0f3d4d3dfe3e6e
be043e0c3d4e3dde
bd2b3c513bbabde3
bd933d543d9e3db0
be46be2d3e28be84
bcb7be583da43e0e
bd28be1d3be6bde7
bd5dbe343d8bbdc1
0000000000000000
3c8abd633e033e12
bdcebd34bdc5be63
3da23df23ce5be04
bddebe04bdeebe02
bdaebd9d3c1b3ce6
3e3cbcbd3c6f3e50
3df43cad3d6abd55
3de43e7bbd463d25
bdab3c9b3d31bda2
3e19bd1fbe683de3
0000000000000000
3d643ca53d88bb41
3d87bd1dbd2b3d8b
bd06bddd3d913d87
be12bde1bcc1bc41
3cbdbd9dbd033dc3
3d753d653e613db2
bd733b063e383ddc
bdff3e02be723e1e
be263e0e3eaabdc9
bcfebddd3b173e78
0000000000000000
bdd53c263dfd3e7c
3d35be223e8cbdad
be073e06bd39bd4d
3e20bdbdbdbdbc54
3e2a3e2d3cfebe0b
bdc2be593c8fbd33
bd44be03bc5d3e0b
be963ce23e46be12
3d34bbc53db73ca1
3e3fbdefbe0a3dc7
0000000000000000
3d23bdc53dc8bdf7
be7b3de9be803d63
3dd23dd3bdf03e26
3e30bddc3e1fbde4
bbbcbdb9be413dd2
3d433da3be4ebd16
bd0d3b313d26bd92
bde4be163d933d4e
3ca03d8e3e073bc3
be0bbe403d10bd55
0000000000000000
be133e75bcbb3dd4
bd943dc2bd0e3e04
bd98bd85be03bded
bdbbbde9bd0dbe4f
3d233db23db13d21
3dc5bd02bcb83e0a
bd413db13e27be1f
3d9a3e2e3cbcbe4e
bdc03e2e3e63be73
bd22bd9fbcc73e23
0000000000000000
3dab3bbfbcc2bdd8
3de0bdeabc8d3cf5
3c7bbde43abe3db9
3ac03d1e3e2fbe03
3d35bca13e43bcab
3e063e763d35bcb9
bd32be56bd773dee
3d923e053e403d63
3dfb3d70bae23cd8
3b0fbdd0bd4fbd93
0000000000000000
3d74bd9bbd993cd5
bd89be1c3dcb3e0b
3de8be063dc13e74
bccbbd81bddd3e9b
bd9a3dafbd20bde6
be113e26bdba3e00
3d743d823dc23d22
bd88bd433d2abdae
3b9c3d0c3df93dee
be8d3d58bd9bbe81
0000000000000000
3cf03dd6bc15bb93
3d723c6f3c7e3dbd
3ca4bd10bd343dd0
bc1abe00bd203dda
3e1e3e043d24be25
be56bddcbe12be13
3da63dc33d73bd29
3bf5bd11be02be6c
bd44bdccbe8dbe03
3dd1be8c3d6e3da6
0000000000000000
bca9bdba3da9bdb8
be32bcddbc023dd6
3d053de93d18bd37
3d673dabbc84bd4e
3d363c9b3d86bd02
bdb03db73d803c9f
3d0f3c603d6e3a22
3c45b9873dfd3c39
bd96bccb3cb93da7
3d8bbdb63da63e24
0000000000000000
3d0ebd86bd1a3cad
3cea3ea9be1abcae
bcfa3e2a3c63bccf
be6c3d953cd8be08
3d75bc7d3e03be51
3d153c6abdf5bcf4
be3d3c9cbd1ebd16
3d0e3d413de2bd2f
bd9b3e2cbc3f3e0e
3c863dcb3d0e3dcd
0000000000000000
bdb3be15bd52be4b
bd083e2fbcdc3d36
bde0be0d3ddcbe46
3ddc3d6fbca0bd8a
be273d9b3bb93de9
3dc63d7dbda93d78
3cc8bd89bd9fbd72
3dcb3d48bd68bd10
bdeebe1abd01be68
bd9b3dfcbd2cbd3e
0000000000000000
be29be0cbc97bdbb
be0fbd17bd8f3d81
bcd03d5bbe1abda3
3d1e3d2b398abda6
3de7bcd9bdea3e6c
3e12bc16be0cbcc2
bdf83cab3e4abd5e
bdff3b5ebe26bd3b
be4c3d6b37653cca
bd5ebb71bd393ea5
0000000000000000
3e223d313c8dbe74
be45be1fbba63dd2
3d29be433db93993
bdb4bd80bd8bbe33
be983d92bdeebb5d
bd84bd823db03d1c
3ea2bcc7bdbd3d97
3df5bd573d87bca1
3dc2bd6ebda03e4c
be4ebc1abe18be0a
0000000000000000
3c0b3bba3e553cb6
be3a3aabbdf3bb9d
bdb93b553e07bdb9
be15bcdabe16bd82
be333e42be39bdf3
bcd53cbb3d4a3d24
3dbb3db2bdb23de0
3d9cbda3bcb03e02
bd87bdb1be22bb1f
3e063dbc3e653c46
0000000000000000
3c243dfb3cce3dca
bd51beaabc95be3e
3d4ebc85be2f3d44
3e48be413d793e50
3db1bd963d3f3b12
bd633e213d37bc94
bde13d133c283e09
3e85bc353d853e70
be163c2f3dc63d70
3eb2bdd9bd4dbda2
0000000000000000
3dbb3e7b3dcebd47
bcdb3ca8be9e3ddd
3da93cbebdcc3d22
3db53e50be0f3e13
be2abcc93e7f3e32
3d6a3db9bcefbde7
3c893cf1be24bba8
3d63bd2fbd413e19
3dc5bd1bbd38be60
be4e3e69bdc9bd45
0000000000000000
bd353d4dbab53d7b
bdbf3d9b3cecbdc8
3d523e563d96be83
bd983e453d5f3e03
bd273e203d8c3e06
3d37bace3d89bde4
3de5bc07be383e3f
bb213e0cbe0d3dff
3e5cbdb6bdaabe2d
be02bd953d21bda1
0000000000000000
3e44bcaa3c853c0d
be51bd973ca6be06
bca33ce7bd61bda9
3c95bd3dbd8f3daa
bdc6bd653bef3bee
3cc03ba1be29bd8b
3baf3dd93dc3be06
be27be83bdaf3c09
3cb23d533d01bd81
3a42ba893dc0bd80
0000000000000000
bca9bd94be0d3c64
bd923e71bd68bcbc
bd3c3df03d69be14
3cc0bc7c3db2bc51
3dfcbcd53e173ddf
bd093dd5be31bceb
3e54be8f3d9fbdf3
3e4d3e0c3c583dd7
3d7e3e18bbc13d86
3c21bd60be3d3e50
0000000000000000
3cd73d203d5b3df3
bcdbbb263c403e8f
bd52be083a6fbe17
3d3cbd103e493e3d
bd9f3e56bcd1bdea
be38bd9b3dc4be0e
3c8b3e863e06be06
be083cb53e823c51
be28be08bd5bbe1c
3b07bd893d5d3e88
0000000000000000
3d8b3de13d32bae7
3c9ebeb13cffbe01
3bd13ce33d793ceb
bce9bc183d99bcad
bd803d60bd39bdc3
3b913ddb3e213bef
bd833e15bcf03d40
3de4be10bd4e3da2
3d863b5ebe0bbd77
3d86bd91bde7bdcd
0000000000000000
3d09be0e3d24bdf5
bd153e943d393e7f
be29bd853dcdbbe7
bcc8bd0dbd51bc35
bcfd3d463d6cbda6
3d56bd253c133b88
3b0fbd4d3dbfbdc3
3e36bd9bbbebbd31
bda5bbb4bc6dbe43
bdffbc08bde13cf3
0000000000000000
bcb5bc73bdaebd52
bd233d95bdc83d73
3e873c9c3d923d8a
3c423cecbd9dbc80
3c663dcdbdd33e9d
3dde3d763dbb3cdc
bd793cf03df63d96
3db33d3abd373e82
3e15be3f3d8f3dd7
3e3abddb3e13bd96
0000000000000000
3d273c963bdb3d58
be19bd5dbe26be6b
bd25bd7d3d0d3c79
bdd1bd803db13c24
3dbabd903df7bcaf
bc01bd9ebcdfbd7a
3ea8bdb0ba95bdd1
bd763d043e193e18
3d8cbda43e26bdd9
3d113d973d8bbc89
0000000000000000
bc4fbdecbc9c3d22
3cb9bd31bcdabd02
bdbebac3be68be39
bd0abc6c3e443e0a
be2a3ca6bd943da8
bd893e2e3e46bcf2
3cb4bc7cbcf3be82
bd813de23e45bdde
3e803d923d8cbd48
be093c66be633e4f
0000000000000000
3e4e3e733e043d18
3dfabe05be5b3d4b
3dfbbc4dbb89be7a
bc98bde53dd13dff
bd3dbe3c3d353d52
be2d3d58be8abc62
3dfcbc16bc8b3d2f
3e06bce1bdc53e7c
3d873c953e2bbe35
be303d8dbd80baf1
0000000000000000
3d323d73bd01bdc0
bdddbdac3d8bbe20
be383bb23d093cff
bd883d633e36bb7a
bc19bc943d44bd6a
3e09bb623dcd3d1a
bd283d4abc8cbc2e
bde6bd9cbe863bb1
bd30bca1bd72bd55
3ae63d2b3df23cfc
0000000000000000
be893e333c693da0
be10bdfc3da2be08
3c1ebe3f3d7dbe0e
3e683de63e213e41
be29bdd1bd6ebdd2
bc1ebd793e513d83
be1c3e123c6abc53
bcb5bd693da7bd14
3d133863bbe73de9
be573e09be213c98
0000000000000000
3dccbbd93d843cf2
be673d3ebd9fbe0d
be24bc00bd883dac
3cbf3c94bd23be14
be1d3df3be123cb3
bd2e3cef3dd23e2b
bd69bd91bd863e04
3ba6bbb8bb8cbc49
3b32bc8dbcf93d7d
3cc53cf4bd7f3cf8
0000000000000000
3c993e3f3d94bd28
3d2cbe883d153dbf
3ce2bda2bb7bbe35
3e3ebdbcbd6dbdb3
bde63dac3dcf3e05
be44be80bde83ce3
be843e96bd8dbdb9
bded3ef4bba93e0a
be65be0a3cabbc4d
3d46be243e18bdce
0000000000000000
bd9ebdd93d38bda0
3e14bb013e293d85
bc45bb693e4fbda0
3d973e343e4d3b95
3db4bddbbdb6bd94
3dd23badbd0b3e09
3d33bdf0be28bcff
be103d933d613ce7
3d7cbd7a3c4e3cf0
be1abdc8be1cbe49
0000000000000000
bdbbbdb0bdcebdab
bc653de5babd3dc7
3df0bd8fbcddbdc6
3d093e69be603e6a
bcb23d85bdb13d2d
bda23de6be133cdb
3e253e163c703c0e
3dcb3e1a3c7a3dc2
bd203c8b3c69bd53
bcf0bd85be663e1e
0000000000000000
bde53de33cb8bd31
3d3fbd953e303e42
3db9be01bdccbd6f
bdb0bc9dbdb33d2a
3c7d3d563e1a3ca7
3d5abdc6bc533db1
bcef3d073e52be36
bb5ebd5cbc903d83
3e5ebba4be3c3d81
3c0bbc0fbc19be7a
0000000000000000
3bc43dad3d8d3e06
be24bb823d50bdc7
bd483cf0bcaabd71
bd953da1be0c39ff
3d4abd14bd9dbd3a
3cc4bc36bae6bdec
bc873d8cbd19bdb7
3d6bbd64bdaabe13
bc593df73db43e7d
3d6cbd753ad23c39
0000000000000000
bcc73df03c853cc4
3d933e00bda93e90
3dd8bd2eb956bd71
be273dd7bde23e11
bca4be243e1fbd95
3d593ca2bc90bdf2
bd363e063cbe3d90
be21bb933e07be73
bd08be96bda63ea1
3da23dae3d843d2a
0000000000000000
3d9b3c683e23bd6b
bca4bd66bd50bdc8
be253d213da53ac6
be86be683da5bdcd
bcd53cbebd203ca4
bc86bd323d383bc0
3da63dcd3e14bba5
3c583e2e3da0be23
3e6cbdc73e143e9c
3e05bdf43d9c3d27
0000000000000000
3d96bca63ba7be04
3c93bc51bd373a50
bd73bd193de8bd9f
39fe3cf9bd5a3dee
3d0c3d393e873b21
3d133b0ebdf23dcd
be07be21be35be35
bbe9bd93bce7be1c
bda03d17be0bbe8d
3c873e903d8bbcbf
0000000000000000
3d16bdbabe3e3e10
bd3d3df03d3dbe35
3ba43ccb3e5dbe45
be4f3c653e603e2a
3e463d913dd03c46
3df3be54bdde3e31
bda83df8be31bc9f
bce03e3abd1fbe09
3d393dcb3db13e18
bdb03be73d883d17
0000000000000000
3dafbea63e05bd9b
3dc2be51be483d90
bdda3e6eba953cdd
3de43d17be203d63
3c94bcec3d183db8
be62bb413db8bc46
bcbdbd7fbd3f3d8b
3ca0bbc3bd7b3d4b
3e2f3dc9bd46bd8c
3d6abd4cbcd83d1f
0000000000000000
3e51bc2cbe02ba9f
3de8bde3bdd53dad
bd37bcdcbd88be2e
3e4b3ca6bdedbe1c
3df03c9cbd26bde8
bc41bc93bd6dbe43
bb47bdc03e893dd2
3e94bc943d55bd98
3da63e02be283c81
3d94bdb6bbca3dd5
0000000000000000
3c9b3de33d1bbe42
be74be02bcddbd40
3e063d73bd913da4
bd9ebc883afabd95
be66be21bce0bd0b
3d503a9d3c0ebdb6
bd8e3db23c1f3d36
bd503e6fbd98bd13
be87bd6abcec3d18
3dbd3e01be6c3ce2
0000000000000000
3d36bfc03ed5be81
bf6a3f964055bf97
bf54bf053f3cbf29
bf6b4006bffc3ec5
3cbbbf7f3ee03f0d
3fc2c0843fbdc030
bfaf3ff74007405d
3f09bf3f3eefbf19
3f403f54bf5f3f16
bf0fbe0f3ef1bf72
c0043da23e4dbd53
bec83f79bf403e86
bf2abf33bf0cbf3c
bfef3e563f883d9f
3f16bf423f07be92
bec93f8b3ec63dc1
3f8fbfccc0123e12
bf1abf153f253eef
bffd4021bfa3406a
c004c007be05bfee
be223de8bf8fbf27
bd6b400440223fd0
bf2fbf5c3f14bf06
3f0b3e033f083f25
3db6bf73bed5c03d
bfedc0273f863e21
400e40c53f333fbd
3f2bbef6bf103f04
3d16bf4ebd8b4020
bf25be8fbf913ffd
3ffebf943ffdbea9
c056bdf4c00e402a
3f11bf33bee1bf0a
3fcfc00dbec73fbf
bef43fdf3ed73c67
befb3ceebfbabf53
beddbdadbefd3e83
bf233f21bef13f19
bf0bbeeb3f353ead
bf5e3fb03f8d3e83
3f16bff23f15bf4a
3e75bf93bf05c017
bf1b3efdbf013f10
3dfabee43c60bfca
bd31be1e3d693ea3
3d91bf9bbf8cbedd
3f21be2fbff7be8c
3f0a3f453f5e3f24
3efac0223ecac0d2
3ed6c06dc03fbf8e
becbbef93ec53f13
bf573ec7bf34bfc4
3edbbf18bf173f0f
3f9e40a2c02f3eb1
be16be09bf7cc062
c0683f263d743e2f
c0ce40023ed23cf0
3ecf3f4cbf013ed8
bfa83d9a3f303f46
bfb13cfebe2e3f1e
3fa3bfee3f11c01a
bea33f7b3fb2c034
3f06bf303f32bf51
be21c097bef8400c
bf58c027c0e83fde
bf69bff83f53be36
c003bce7be163edf
3f68bf2a3f0b3f1f
bef4bf7fbe21bf19
3e17bcef3f0bbf4d
becc3f6cc09b3ea3
3fe2bf583ee9bfdc
3f033f253eeb3f26
bed9bf443eba3fb6
c014bfabbecc3fbf
3ff9bf9bbd21c06a
3f79400dbe453f64
3f473f2fbf23bf1e
3f1e3fba3e2c4012
3efcbf05bee3bfc8
3f543fca40143f4e
3f3e4062c062bfe5
bf263ee5bf1d3f68
3f25bf333e96bed2
3ee6bf703f13bee7
3f084001bfa34004
3f0bbfdfbf8e3fcf
3edfbf02bf143f10
3f80bfaf3f2bbdac
3eccbf583f3abf32
3ea7be173f654084
3ea93ef23f83be36
bf1abf1f3ef23f15
beb33f86bf243fd7
3f0a40d8bf693f21
bf6ec049bfcbc033
3f8c3ec53ff63fdf
3f373f0ebf403f41
beb5bfb43ef9bfbb
3f653eb93eb73da2
3f073fd53ea0bfdf
bf0dc06a3f8f3fd4
3f2a3f1cbf2a3f17
3fe1c0b24093bee9
3d5ec0703ec8beb2
3f904005bf72bf04
bdb840393f60404d
3f25bee83ec1bee6
3e64c0753efa3f7a
3eb8c0093f774000
c0353f3e403ebf16
bfab3fb53fe3407a
3f033f153f35bf22
3f89bcafbfd2beb8
bf9e40123f60bcb3
40373fbfbe89bfa5
3edabdcd3e1fc03b
3f1f3eff3f2c3e99
3f5c3e64bddd3f9d
c023bf4f3f5a3aa7
3f8f3e943ea23e91
bf963f43bf68be10
bf1cbf123f0f3f08
c067bdad3f943e71
400dbf0ebebcbec5
befe3f8cbe31becc
be744026beb53ffd
3f32bf1dbf053ef9
bf93bf69c03d407a
3fa7be7bbdda40e4
3efa3f3f3d693e95
bf4abec7bcbabe8a
3f99bf18bf2bbf41
4017bf05c089bffe
3da03f493f993f47
bf06bfd2bee5c009
bf94befcc0cabf0c
3f143f293ef9bf17
bfaabf94bfda3fc7
bfb53e2b40233f8b
3eacbf49c0633f9f
4067bfc3bf76be95
bf58bf723f19bf36
40ac3f14beaabfa7
3fee3f66beaa4013
bd583fcfbdbcbe59
bf03bfb73f0dbdcf
bf1abf513f11bf47
be553eacc0603fa8
beea3ee5becbbf88
bd993c493dd03ce2
3c3bbd61ba6e3d1a
bd8abc92bd88bda0
bd0b3df73daa3d18
be1dbca73d8fbd3f
3d95bbae3d87bd4e
3d29bcc7bc413dd7
3cb13d423d223cc0
3d0cbd81bc603cf6
3c963b0cbb053cfa
bbf53dcbbd773c3d
bd52bd293b133d66
bd1c3d953dab3c35
bc643d853db13dcc
3c363cdf3d10bcaf
3da63d95bd89bd0e
bc053ca23d2b3d9d
bc54bdb73d313d4c
3d96bd09bbcb3d6a
3d9b3cd0bc63bd03
3d0bbcfbbd78b933
3c76bd753d303c90
3d5a3e10bc71bc29
3cb1bc59bbfc3cf7
bc2d3cf23d073d90
3c8f3d4abcf53d2f
3d1cbdc13c36bcd5
bd41bd0dbcdf3d32
bc0a3ce8bcb53d16
bcbebd04bbe03d9a
000000000000be9b
3d2bbd9abca53d59
3bb03dc23d713cb7
bd563ca23b9cbd8a
bc95bcc33bba3c23
3d65bd763de5bd39
3d28bcd2bd8dbd42
bd03bd3c3d873d8b
3b5f3cc8bd7d3cc0
3dd73d733d843cda
3d3d3b56bddb3d42
bd58bd1cbcbc3d80
bcd2bc67bc8d3d1e
3b443d29bd38bda8
3bd93d68bdbf3d7c
3cdebdb83c923c56
3d49bc85bd07bd82
3e36bd453d4c3d63
3d283cb2bc633d78
bd393d263d553e10
3ce13e213b383d86
bd96bd7f3df1bd5f
3cca3b943b823c18
3d2c3dd4bc0a3dc5
3cac3d6f3d8f3d34
bce3bcabbd11bca3
bb73b9abbd86bdad
3c5dbda23d57bc9b
3c18bd523dc53d6b
bc7dbe3e3d8dba3c
3c1abd89bdeb3d14
3dbe3c34bc0f3bde
3cadbdb23cc13be1
bd8f392039803c24
3c9bbc833d8a3d20
bd7e3d6abcf53db1
b9febbbd3d55bccd
bd6a3c993d833d54
bb38bb543cd83d92
3d0f3d003d5c3ba2
3d243dc63dc83ccf
bd62bca93d1abd86
3d78bd9b3bb43ce5
bceb3c92bd9cbd48
3bf63c963da0bbee
bd14bd973cb5bd4a
3d6a3ddabd4c3db5
3dabbd13bb5d3dc7
bce9bd2f3c02bc31
bcb33c82bcf03d4c
bd6b3df3bc85bd80
3c403d3d3d0f3c81
3a873e13bc20be05
3d7ebd3abcd8bc77
3ca03c113be33b41
3d94bd9abd42bc25
3d0dbd913c853aa7
3c0cbcaebc1e3da2
bda1bdaebd303da9
3baf3d273d323d6b
bde93cc1bd093d0a
000000000000becd
3bacbd58bcca3c63
3a813d913ce3bd80
bcf1bd64bb8b3db0
3d03bd903d2dbd20
bda3bb65bd5ebd4c
3d29bad0bba0bd7f
bcf03c06bcaf3cf1
bd1dbd04bd36bc1c
bdbe3b78bc5bbd0b
bd1bbd083d7a3b93
bd8c3cbe3bd3bc12
3ccb3d2abb813bcf
bcf9bcb3bced3d0a
3d70bdc9bcd8bd07
ba903ba93d453c11
3d93bc503cd6bd13
bde13d3cbcd7bd64
bbc03cc7bd1b3d03
3d843d69bdaf3c12
bda3bd7a3d7fbdbe
3bf63d053d82bb0e
3d1cbbf23cc8bd09
be053cd9bc9abca4
ba20bd71bb8c3c98
bd7bbb6abd413cc2
bb40bc1ebcf0bd42
baf43d853b4abcb2
3cdf3c71bd1f3d85
bd4a3d123d5b3d88
bdf6bba83d83bd63
bd5cbd4f3d313c48
bd72bd313d9bbd44
bc543cc1bbf9bc9b
3c86bbd2bcc5b9ea
3df53cccbdb7bd97
3d2f3d2d3d40bd7d
3d31bc25bce2bc5b
bd8e3c9d3d823d12
bca8bde53da63c3d
bd3d3d253c9abc9b
bd97bab23ca33b45
bcc1bcc6bc6f3cc4
be0bbdb6bc9bbd1b
bce43ceb3cdd3ca1
bc94bdcf3d253d9d
3bc23e13bd283d94
3d4c3cb5bd8a3a57
3cf33d1b3aee3e00
3c9fbc98bb44bd10
bc903d8bbd053c32
bd72bb17bd7e3d68
bc62bc133c12bb32
bd10bc983dcfbbaa
bd453d903db43c3d
bda63dae3d1abd19
b9d1be023d12bdff
3d633d8e3c07bbb5
bc9ebcc0bcddbdd2
bd443d213e0a3e14
bb68bdae3dd8bd3f
0000000000003bce
bdfebcd1baed3db3
bd823d373c463d3e
bd0abc39bd993b4f
3d6bbd803d69bc42
be133cd73d993b35
3c9ebd303db9bd0b
3da9bd39bd85be0a
3d71bce3bcb2bd04
3d5e3cf03cfb3cf2
3d3b3e2a3cffbcc9
bd29bdc03cfdbb17
bc65bd36bc87bb8f
3cbcbd543c26bd50
bc343b10bab3bc28
3dc43d153d98bd65
3e04bd813c883dc2
3e0abcfd3d24bba3
bd293d18bd913d6f
3d403d96bc27bd62
3d84bcf1bd8fbc82
bdd4bc453bf5be19
3de63d903d74bd84
3d74bd243cd83d1a
3d3bbcb63d15bd1e
be26bcca3d323c8d
bd8f3bb3bd2ebde0
3e2a3bc9bd46be36
bd60bd8a3db73deb
bd223da83d343e0f
3cf2bd1ebdf73ce9
bd943c9d3e1fbc9f
ba973c8b3d50bd81
bbdb3db23d48bdaf
3ce1bd21bd143c21
bd853bc1bd753c15
bd373cdabc3cbdcc
3df1bc0b3c91bcdf
bd59bbbfbb043d41
3c0a399fbd0a3d69
bc2fbd903d57bd68
3ce7bcbc3d783d0a
bd9a3c6bbe0bbe1b
bd993e313db63d86
bba13d20be003def
3d6dbd28bd1abc7b
3d873c973d313b1b
3d8dbc97bd18bb56
bd233dc1bcb33e09
bc263c3e3ccebda0
bdd4bd3a3b793cbb
bdb53c903cb3bd50
3d1dbc24baf1bb6f
bb873d94bd4c3d66
3c493bae3d1ebad5
bb4d3d42bcb3bd2f
3d49bd8dbb0cbca1
bd113d4dbc733c20
3ce3bb453d30bdc1
bd0cbdafbd0f3c99
bdce3cc43ccdbc70
000000000000bf2c
3d903d73bc18bcf9
3d8e3ce43d5c3b93
bd04bd163deebc8b
3ccfbd433ca2bc06
bca8bd6e3b42bcdf
bcd7bd31bcc93cc0
3bb4bc89b9713c19
bdf23d97bd78bd0b
bd373c8d3d48bd89
bd75bd523da9ba4e
bd58bd623dbdbd45
be08bda73d9bbd36
bcb93d2bbdaebdc3
3d8c3caf3dbe3e05
3d273b923ca3bd48
3cbcbd983dba3d3a
3ca3bcb5bd16bd94
3ce9bba6bbf4bb90
3b97bc0abe3cbd89
3b573ca53c9bba37
3ce83da93d96bd84
3ceebd953bd6bcd4
3a833e47bd843c01
bc213d013c373da8
3c46bcecbc8a3c74
3cbebd143c10b907
3d823d32bd1c3d59
bcc9bbc2bbc3bb87
bd6039df3d6abccc
3a51bd7d3cd8bde8
bc90bd45be053dec
3e17bc82bd0fbd54
be303d873d9abdb1
3cf9bda5bd143d92
3d27bd273d8d3d8e
3de3bdfbbd3ebd8d
bd96bd173d9fbc37
bd4fbd833d21bd08
3bd4bc64bd31bd07
3d38bd593c2dbc88
3d73bbc93dab3dcb
bd0abcacbc85bd93
bddbbb67bd7f3d0c
bd77bd0ebc9dbd9f
3d0c3c493dd23d3c
bb8a3d52bdda3cc0
3d46bc8f3d39bbb8
bdb6badd3d6b3cc2
3a7a3dc2bd03be1b
3d74bd043aa33cc3
39ae3d363ad3bc89
bd70bd8e3c043d14
3daabcf1bcde3d77
3d613b70bcf0bc5a
bccdbd1fbd45bd3c
3d6fbc9b3d583c73
bcd7bcb73ce6bd8e
bdd83d30bc97bdb1
3d833d24bc113b9a
bccd3d86bd88bd68
0000000000003cd4
3d5b3d6b3bfabd6c
bcfdbd1dbda13cbc
3c1f3caf3d663db1
3d9a3d113c093c75
bcbb3c3abd403d7e
3cad3da5bd87bd62
bb4f3bafbd993d8b
bdd53ceabcde3c85
3b043d1f3d4dbd03
3d38bca8bd273d67
3d22bc74bd16bd2c
3c863c18bc97bdb4
3d4abd173b8b3d84
3d51bb9fbc66ba17
bcc8bbe5bd4ebd08
3d42bd10bd8bbd29
bc29bc143cf93ce8
3dbbbd5d3d93bcd4
bdbcbcf63dfb3ba8
3bfabc2cbcf8bc4c
3be63d75bc79bc31
3c5b3d57bd4e3d67
bb983d243d26bd09
3d573d733d523d2e
bb9a3cd9bcf6bc0e
bc383dbebcea3ce2
3be3bdf1bc2dbd41
3d793d0ebda53dc1
bce53d783d21bcd2
bc873d65be03bd3b
3d59bd3a3cb1bdb9
bd1f3c603e0b3cc6
3d6cbbf5bc6abdf9
bd033da1bc9a3dd0
3c433d90bd17bbaa
3d47bc923cdebc80
3cddbd403dde3da9
bcd53c8c3b1a3d32
bcafbc8d3d523ccb
bcf73ce03cc93d8c
3d653d443cd7bdd9
3e1e3c363d25bd89
bc85bcaa3dc5be1f
3d5cbe173c433c64
bccb3ced3d903c88
bcb63c2c3c78bd51
3df73da23d28bce1
bdc6bcf2bccc3da1
bc9cbd673cd43ce0
bcf4bd003c38bcbc
3c173d903d3b3d4d
bd0e3c47bd393d1e
bca4bd99bd093dba
bcbe3d81bd44bbaf
3dd73d863d493c3f
3d583c8c3bfdbbc9
3d76bbcf3da93dbe
3c8a3cf9bdb33cec
3d44bdafbd09bd4b
3be0bd8f3c6a3c50
000000000000be83
bc89bcf3bd173cad
3d3d3d70bb3f3d2c
bb0c3d013d64bcc4
3cbdbd6dbdd63dab
bd103d89bc6abb06
bd6c3ddabd7cbc61
bae0bd9fbd16bd9c
bda23d22bd4a3cad
bb9fbd593dc93cb1
bcddbd463dd1bd4b
3ca33da2bda5bd53
3c9ebcb1bd7ebb53
3d79bcb7bdd53d2f
bddcbd973d853d9d
bc00bd29bda5ba4a
bd863d553d60bce7
3d8abd0539c53d09
be073d903a9abb8c
3a543de1bc853da8
3e14bd7ebd313daa
bd2abc8fbe1d3d69
bd8fbe073d81bd6b
3d9abca03de7bbd5
bc76bd1d3a30bcf6
3e383d093ccebd89
3d8b3dab3b90bd38
bda9bdb63dd23c26
3d143d453d44bdd0
bcd53c65bb873d60
bc79bd493d563dbe
3def3dea3b863ca1
bd07bd5b3d24bdbb
3c3abcdabd7e3d5f
be0dbd0c3dd63ddf
3c013d573d533e1d
3d9dbc7fbd9abd28
bd7dbcffbd65bd5c
be363a82be083d85
bd193d89bcdf3d92
bc34bd843dfbbd1e
bd12bd6c3d76bda8
ba033c54bb7b3dd6
bc4db9903c9c3b6a
bcb63c8539843d70
bd0fbd61bd9a3d23
3cf3bc853d02bd20
3d8c3ca73d6ebd7c
bd83bb24bd903ca0
bb343bf1ba18bd45
3be13caf3c013a8b
3b5cbd68bc9fbd12
bcaf3d3ebda4bca3
3c833d0cbd033d58
bd9d3d36bd093d20
bd30bdb13b9d3cd5
bd803d56bcd0baf5
3d9337453cf03d77
3dfe3d0abd5f3bd7
bbb1bdf1bbed3d21
bd193d983c753bde
0000000000003ec5
bb8d3c8d3d473d2a
bbdebd42bca5bcbf
3bc73c16bce2bd33
3ce4bc7bbd523c4d
3b6ebc913c9b3d4e
bc283be83dd1bcaf
3d083d113cafbd80
bcc8bbaf3cc13caa
bd6cbd32bcd7bcfc
bc973c9ebd43bd73
3d22bd3f3db53db7
bcf33b823d943bc0
bd3dbc85bd353cde
3d09bcb33d19bbbe
bcc23d9dbd8dbcff
bd573d2d3c6a3b87
bd2dbcc0bd643c85
bd063c8d3d513d94
bb7e3c7c3d273b93
3b9cbc9a3ccfbd09
b9263c813d593c27
3d5ebda93d973cc2
bd91bc2a3ce4bd1a
3d28bc4fbdd83d4b
3d8fbcca3c4dbcec
bd62bd6fbc86bd87
3d97bc903d40bd82
3d973d8a3c3fbd20
bd05bcaebd25bd2f
bc32bd513c13bb09
bca83c29bc50bb80
bc02bdbf3ce5bc83
3d4e3d043cab3c94
bcb83c20bb8e3cde
3d583bd13cb93d93
bca33cea3de33bbb
bc54bdfc3d063d00
3c143cc23dc63d1a
bcd93d263ba43d90
bd1c3d4ebd083cbd
3c073c133c83bdba
3c4b3dca3cd3bcf4
bcd2bdc4bbc03bee
3c833d12bbc13d11
3ca8bd2a3c3c3d30
3db2bdab3d143d84
3c55bd163d35bd46
bd613ce8bc533dca
3da43c79bd82bccc
bdaa3c86bcdc3d89
3d14bc51bdab3ce1
3d393c1b3cdabcba
3cba3c313d7dbcc9
bd58bd653c40bcfe
3d41bd283cc13d5b
bccdbdc2bdc83d3d
bcb13d34bd533dcc
bad23d313d6ebd82
bccb3d6a3cc4bc37
3d0dbca6bd8fbd1d
000000000000bd91
3bf0bcc23c4c3c25
3d56bce9bd853d15
3d9c3d553be63c5f
bc20bd1fbd78bcf5
3d883cddbdefbc7a
bc963c943d5a3c0f
3d8ebc72bd80bcd2
3b33bcb4bc8b3d80
3d23bcaabbe1bd88
3c93bc49bd073b39
bc30bd0a3b8d3d2f
3c843cc6bd9d3d0e
bcd73d6abd35bde5
3d313c9c3c3a3bd4
bbbabdb4bccdbcc3
3e213d3c3d8dbd9f
3da33c833d373c90
bba23ce33cdc3d88
bdfc3d4c3becbbb4
3d553dc33d933d59
3d86bd0e3d9a3da6
3bbebca63db13d21
bd1abd16bdb53c98
3d0b3d90bd183ca4
3d69bd54bda03c8f
be10bd1e3d6f3d9a
bc9bbe043db0bd3a
3e123d81bd4abcf8
bd02bd263dbd3da7
bd513d6d3dd2bd8f
3dac3c9b3d31bd2e
bcb53c2d3c563d10
b9d93d2ebd973d98
bce83c313b81bd0d
bd5bbcb2bd31bc7c
3d6dbd1ebc2dbc21
bc853c9eb8ed3d83
3c9f3c01bc3dbdc9
3d8dbc8b3ca5bd6b
3d843c07bd2fbc13
bc0fbc683d173dbb
bc3abcaabcac3b62
bbb8bce9bd973d25
bd87bc833cde3c04
bd183d86bb72bcee
3c86bdca3d543cbe
3d0a3b2fbad3bcf7
bcae3d8a3ce03de6
3d17bcb63d0cbd6a
bd543d1cbc75bd94
3e063d35bd183d11
bdefbd703d0ebdb4
3d333c93bc3fbc8c
3b12bd663be73d4b
3d523d3dbd8e3e0e
bd60bb853bbb3d6e
3c513cc1bdcf3ce9
be1abd893de8bdd0
bc413d383d283d6b
3dbcbdcbbcba3c0d
000000000000befe
3e0b3c8fbccf3d74
3c19bdf93c49bdfa
3c113d6dbd5ebd82
bd3c3d01bc87bcce
3dac3cd5bdebbd0a
bd0dbdb33df2bd8e
3ce03c773d37bca5
bd04bd6a3d1ebd0a
3d34baf83c383ac2
bcc5bdd8bc3f3caf
bca73dbfbd45bcbc
bcb13da83d14bd95
3b493c7f3cb4be00
bd653b55bd103da0
bd113de13dc4bdc6
bcb93d4437fb3d7c
bca0bd51bca33dec
3da53cc4bdea3cde
bd29bc993cdcbd77
3d5d3c34bd11bd46
39a8bd163c01bc8d
bd483d08bdc23c8d
3dc6bd883c113d5f
3cce3c2abb453cad
bd73ba96bd5bbd85
bde8bc47bcf13dac
bd54bbd43d81bdc5
bb5b3e393aa5bd08
3d843dfb3ddf3d92
bbd4bda73cbe3c3e
3db2bb213beebd5c
3cf83d5e3ca53c14
bca03d2c3d933dcd
3d68bc3b3d203d84
3d193c783d8abdc1
3c70bc883dc23ca7
bc3ebcecbdad3d19
3d3b3d683d21bb0b
bcd13d123d6bbd17
bc6e3b383dab3daa
3d4a3b38bcb3bda2
bc993de8bc863c80
bd273d033c83bcc7
3d003d07bd683d60
bd143d6d3d7cbd1b
3d613d143d1cbd94
3d263dc43cb73da9
bbdf3da4bd6cbe06
bd0cbd14bdb03dd9
3de1bdcd3b973dcf
bc693d8bbc713c64
3d10bd79bd55bbeb
bdb53c99bd3a3c4c
3ce7bd0a3d8dbdc3
3d35bd7f3c9c3d2f
3d5d3c8d3d773c9e
3df23e01bc063c64
bd1bbca5bdecbc99
bd493d4ebd47bbbb
ba493dc7bd56bd01
0000000000003e03
bd623d533d4b3c36
3d153aa43b9b3c82
bc953d2c3cf5bd22
bcb73c9e3ddcbda0
bda3bcdd3d09bc1a
3ddc3ca33cc33d38
3d2bbdf5ba9b3d43
bc75bbf2bc76bdb7
bdc73d4abdd03d84
3ca0bcbe3db33d80
bbf03ad8bd79bd83
bd14bc333bc33d99
bcdebd68bcac3c89
bd4fbbd43c4abd27
3d0bbd1dbc59bcfa
3c90bcc33d59bc6a
3d39bda33a5e3dd7
bd6dbd1c3d543d50
3afa3d753d7d3ccd
3d10bcc33c1cbd1f
3d883d6c3d10bc5e
bc9cbd3d3db93d7d
bbd3bd83bdc8bd27
bdd53da6bc053d68
3da1bd603cd4bc21
bd413d163c893d60
3c8dbda9bd133dc2
bcb53ddebde7bcf9
3d63bd4e3c4dbb62
3d123d3f3d2f3d63
bcba3c27bda33d89
bdbebd2f3e23bcfc
bcd33d643e493d83
bccbbac3bdf73990
3b843c5ebc7dbd60
bbe53d91bd86bd0b
3dbabd8f3caf3d8e
3d7e3d923cc93d15
3de93c76bd19bcc4
3e11bb063b2d3d97
0000000000000000
bd3bbc6fbd30bdb5
bcadbe063d7fbc89
bdde3cc53b2f3c0b
bd47be4bbd773d23
3d38bc8abd9e3bbb
bcddbd763db43df9
3da1bdb43d67bd58
3aad3d7b3c2bbd0b
bdc0bdfabd36be3b
3cb73c693dc8bc84
0000000000000000
bdb5bcf83c783a1b
3d26bd663d303d0b
3b9a3e36bd95bd44
bdd43d863e07bb23
bce2bd593c863c42
bbfd3e293d0e3e38
3e08bdc3bd46bd5b
3d07bd96bc9a3d85
3e05bb283d4d3d05
3c71bd08bc073df7
0000000000000000
bd03be11bdbb3d53
bd7fbde13c72bd3b
bd19bdc43deebd89
bd8ebcaebdffbc89
3d8f3e23bc48bd4d
bca5bc863d07bd07
3d533d193c80baf8
bc593d69be143c6a
3c97bd283c9a3d09
3cc2bd753cde3b86
0000000000000000
3c023d16bcc3bd0c
3c38bc053d2c3da9
3d5c3d5c3c83bd07
3d87bd453d443cbd
bcc93d493d14bd0c
3d7f3cf73cdd3de4
bdd33dd63d98bbab
bd0cbd3bbd2c3b77
3d1a3e3d3ddb3d93
b99a3cebbd023d92
0000000000000000
3d11bd2b3c093de9
bd2a3ccebd8cbd25
bc903d87bd7d3d2d
3e053d2fbd313cb8
be093d7abd05bd3a
3d583da63d3b3de4
bdcbbd753d75bd6c
3e03bc993c1cbddb
3c283ca63d2ebe04
bb77bcfa3b11bd64
0000000000000000
bc95be02bd16be0e
bcfa3c4b3dc73ab9
3dee3e1bbd0e3cd6
3e15bda73d13bcac
bda63d353b4abbf6
3d873abe3db5bdcb
3b97bcd4bdb7bd00
baff3d0abb963dd5
3de8bd183dc5bd49
3db3bcabbe0dbddf
0000000000000000
3cbb3db43da33d0c
3c083d9bbe263d3d
bc96bdbdbde5bd6c
3d8f3cf4be623c92
bcdf3b873dabbdcc
3d383d44bbefbd7f
bba13c223d4a3dae
bdca3e17bd6e3c3f
bd3dbcab3d97bb33
3d85bd1bbe063d3b
0000000000000000
3d56bd8dbd023cc0
3d84bbcb3d61bd3c
bd983cb03dc2bd49
3db9bcd5bdee3cf2
3c0e3d3f3defbbfc
bc63bdfe3d9b3db1
3d443cebbd7dbd15
3c53bd6f3d47bc26
3d343c7cbd06bc06
bdb1bd9d3d9cbd9f
0000000000000000
3d2abd323d913cbd
3c363dc7bdf83d69
3acb3d993c6f3e1e
bcf1bd183d173d3e
bd76bdf3bd9ebd56
3b8d3dd73be8bb66
bc863d6abd503c1b
3d3fbdb6bd603a9b
3b60bdec3c88bd04
bd88bdb23ca03c9b
0000000000000000
3d26bcc83d8d3d53
3de1bddfbd5c3e54
bdd6bcffbddabe15
3ddf3d5fbc873d50
be2bbda43d98be0c
bc6cbd8e3d51bdbd
3de93d083d9bbde2
3d58bdd3bca63e16
bd26bccbbc4f3c9c
bd06bddcbbed3da4
0000000000000000
3c943bd43db03e0d
3e34bc10bcb8bd50
3d343c1fbd883caa
3d393d44bd913b99
3d0d3d2a3d11bd5c
bceebca43d82bd5f
bdcfbd5e3b8bbd6e
bbc13d443df1bd3a
bc0d3d77bd453d07
3d68bc81bc603d55
0000000000000000
3d49bd513d9abdf1
bde6bd383c86bc91
bd14bd813da6bd1b
bc463d8b3dd93dd8
bcdd3c623da6bd35
3cf7bdfb3d633b20
3c583bf7bccfbd25
bd4d3ced3d393d03
3dab3d4ab842bd8c
bc473db8bdf3bd8a
0000000000000000
bd68bd3e3e06be02
3cd53d4e3cb73d89
bd16bdb63c87bd5e
3d4dbc4a3cc73d6e
3d8a3c8fbd0cbd1c
3c93bcc9bc753d45
3d1c3c9cbdb43d4d
3d3b3de4bc50bd88
3c333d8ebd983d46
bda03da43bccbc12
0000000000000000
3cf33d2c3d443e1d
3b85bd25bdffbd85
3ca33aa6bd3ebd6b
3d623d2abd3bbd0e
3ce4bd95bc5b3c64
3cc0bca63d39bc4a
3cbc3d3bbb9fbde4
3ca63c9d3d9a3cc9
3cbebd83be223e56
3d8dbd0ebe4bbe38
0000000000000000
3d0fbd0a39e53da5
be03bc6cbced3d8e
3c8dbd923d563dc4
3d4b3d95bcd3bcb8
bcffbe40bc963d9a
3e053d153dbabdca
bd3cbd30bcc5bd0b
bc08bd313d9b3de7
3c93bd893ca0bde5
be25bd05bc33bcde
0000000000000000
bc423d163e30bddd
bd973bc63bf73d5a
3e343ddabd0c3dc6
bda4bbb7bbfcbdd8
bd0b3e12bc4e3bf1
bd3f3c8c3dacbca0
3d4a3ded3b7b3d6b
3cf83e82bc763d89
bd8bbc72bdbf3d5b
bd0e3cc9bd83bd6e
0000000000000000
3d243cebbd74bc7d
3d4b3a60bd11bca1
bd7e3d193dce3d5b
bc6c3b4abd75be07
3e0a399e3dcabd76
3d293c1a3bebbd8d
3da4bc77bdb93c63
3da8bc45bd883a16
3d14bd763c8dbd81
3da0bdd93c7e3d14
0000000000000000
bd123db6bdf4bc68
3d27bdf73cb93d74
bd523ba43e1bbd54
3dd73be23de4bd8e
bd72bc4a3dd4bcfb
3c283d60bdb73ccc
3c67bc8ebd3f3b87
3da4bc353db73d07
3d393c143d7ebc93
bd04bd41bd933c89
0000000000000000
be16bd6c3d783d74
bcc33d993dc2bd91
3d963cbfbdae3d91
bbf83d6abd8e3cd5
3d453d5c3cbe3c5d
3d393daabdcc3ced
bd43bcaebd253d1c
3cd23c11bd68be07
bd4fbda23dba3d4a
be49bd853d9dbc27
0000000000000000
3dcabdd4bdbbbe59
bda43d6c3d1b3d85
bdce3d763dd139c2
bd2d3ca1bd453deb
bd8bbd043d5b3c7f
bd0ebc7c3c6a3d3c
3dadbce0bca43d3d
bd5b3c2fbdb2bcbf
bdcd3d86bd5fba86
bd503ce3bcc13c9a
0000000000000000
3d933cfd3d393d98
be20be1f3c903d8e
bcd8bd05bd4dbdf2
3dadba67be273af8
3dcabd943dc13e1b
3c2bbd3abd78bbf9
3d75bd47be4fbcb6
bcb73d28bcd23d57
bd8dbda83d2dbe94
bd763d073e1abd46
0000000000000000
3d8d3badbe3fbdc9
bcad3c2ebc9f3c3c
bd523d48bdb1bb44
bd87bcd9bd99bc0f
bca13b343e0f3d25
3d35bd5bbe053a09
3ca9bc483c723db3
3becbd813cd53d6e
bd423c6b3beb3cb7
3e28bc99be0abd09
0000000000000000
3c08bb72bd9b3dec
3d6b3cab3d963dba
3c203d89bca33da1
baafbd64bdf0bd28
bdd53cb83c8ebc55
bd19bd7bbd493db7
3dadbd333dc2bdd3
bbc2bd89bce2bd8a
3dc63baf3c01bcae
3d0c3de73cfa3d92
0000000000000000
bb43bd72bd0b3e0a
bd2cbd1e3d64bb03
bd0fbe0cbc82bbf4
bd7fbd113d3bbd05
3d803d57bd1b3dba
3df9bca3bd9f3dc2
3bc93d293da8bda1
3dc03db03d7ebd21
3d9dbd8c3d483db7
3d8fbc0cbc863d81
0000000000000000
3cd9bc833d8d3d9b
3cae3e1cbd333d15
3a6e3cd93d463c49
bde53c8abdc3bd20
3debbd5f3cc6bca8
3ca9bcfbbb6c3d0b
bcd0bd23bd6e3d85
bd5dbd8c3d163caf
3cf6bdf13bdf3e04
bd32bd433d18bd16
0000000000000000
3d913d1e3ca6bdc6
3ca73e1dbd023d9c
bbcc3ce33dab3dfc
bc933d9dbdc7bd28
3d653da83d993da6
3bcbbcb93c4d3e53
3d4d3d9fbd883ddc
bdcc3dbebca23d84
bc1a3dd2bd82bcb2
3d783d5fbd3e3d89
0000000000000000
be1a3d83bd9fbd5e
bd46bd01bd143d49
3c93bc52be1b3d84
bc0a3d793cacbace
3daa3d52bd5abc77
bdc7bc6d3cbc3d4f
3d98be06bd34bc89
3d35bd5f3d453dcf
bd3b3c113c9abc3f
3d7c3bd9bd17bb77
0000000000000000
3d283d663d1e3dbe
3d23bba43c523ca5
be143c92bc6bbcac
bd213ddf3e063ce7
bde23c13bceebcb8
3af13d49bd80bc3a
3d89bda6bd69bd23
3d9b3dab3d993b88
bd02bd3bbd863c2c
3d75bd4d3cc2bd84
0000000000000000
bdb33c173d443c47
ba763d3e3c5dbdd2
3d61bd2bbd14bd96
bd183d87bad63adc
3e0abc3d3b063cb0
bd96bc7fb9eb3d90
bbc53d253d0a3cb0
bd6a3d743e333d01
3d3ebaf6bd4b3dd6
bce33d6c3d5c3d4e
0000000000000000
be0e3da73d95bdb5
bd833cfc3e233d72
bdaabd15bc66bb88
3d643c4dbd1c3ce2
3b1f3d1c3c37bd1c
bc93bb96bcaabd1f
3bb6bca73dc13d90
3d8c3db73cd03d3c
be07bde83cc3bba6
bdb3bc86bd73bdac
0000000000000000
3cb8bd643dc7bceb
3cc2bd983c9bbcc0
3d9c3d633d39bcc1
bdc0bd913c9bbd0d
3e053dba3d943cdb
be15bd0c3de2bc19
bdb3bd113dd2bdab
3c3bbd71bdf13d18
3cb9bd093d753b4f
bd30bd83bd2abcf7
0000000000000000
bd213ce03d52bc5a
bc483826be7fbc45
3d113c083c203b25
3dbe3dbbbde63d75
3d8cbd58bdb1bdf2
bbf33df03a5d3b2d
bdc1bdc93da53e2a
bba4bd14bd6c3cd2
3c503d82bd603d7d
bc92bcb4bdadbb0e
0000000000000000
bdf9bccdbc603dab
3e54bb7f3c91be54
3db7bac0bc6c3c1e
3a2d3c99bdbe3b73
3c0fbd7d3d9cbd3a
bdd1bce2bdaf3e3b
bd1cbc843afabce2
bd313e34bd573da5
3c70bcd13a403d7f
be0fbce23dcd3d84
0000000000000000
bd9a3da33d67bce2
3e4ebd9b3b0e3d6d
bdbebcc13cc43b45
3dc83d8d3d81bc8a
bd99bd233cd93cdb
3d873d49bc8f3cbf
bdbebd8cbdd43d6d
3da73c94bb6e3d12
bc0cbc833da43d77
bc7bbd9bbda23dad
0000000000000000
bcd9bd493de7bdba
bd433c463da9bcfb
3dd5be0b3c12bd97
bd6e3d553ce3bc18
bd423cb23dfebdff
3cc03ca03d123e04
3d8a3c5fbcd5bd07
3cdebd923aef3b6e
bc9bbd6cba853dd2
bcb13b0fbe0c3ca9
0000000000000000
3d4b3c90bce6bc3d
bdb8bd80be073dd0
bd543e843cedbdd3
3dae3d81be1c3ca1
3d9e3e433dad3d13
bdc73e0f3e353e0f
3d763d7abd2e3ca7
3d353dfcbdb9bdbb
3df0bd37bbb1bd3d
bc52bd1b3d58bd77
0000000000000000
3daebbf13c57bb86
bdecbd5b3d4dbcb0
3d83bc7bbdec3ded
bdabbd913d203c42
bbe23c8a3d4fbca6
bd1fbd0a3d823d3f
bced3c92bda23cdb
3c963a0ebd92bd35
bcd93dd6bcd0bd21
bcc13d93bd8cbdcd
0000000000000000
bce93d6d3d31bdd1
bd30bd70bcebbd07
bbaa3d5cbe4f3d0d
3d803e2dbcbf3e98
bd463b823c583c6b
be42bca33da63dcc
bdacbcf73d9a3d52
bd0a3d42bd023d61
3bcf3d823e2abdab
3b3b3da93d73bd3b
0000000000000000
3e02be16bd6cbd83
bcda3c363e50be12
bbd93daabe653bbf
3def3cdd3e1abd90
3dab3dfebd1a3cfb
bcf83c093d8c3d8c
bbf63c01bda63d20
bd9fbdecbe023d76
bd143cad3c04bcab
bd7cbd0c3d69bd0b
0000000000000000
3d91bcbd3e03bcd3
bc283de13d903d20
3d5a3d553d603d3b
3da6bde4bdfdbe0a
bdc6bdab3d5f3e21
bca53da23b083c47
bd1fbe3bbd313d10
bcefbdbc3dd2bcc2
bcfe3d22bd94bd93
bcac3d85bda53dfd
0000000000000000
3dc4bde5bd513e02
bc77bdf03c78bd11
3db33c303bd63d0f
3cc3bd9a3d273e02
bd4cbc0b3db13d04
bd84bd85bd67be83
bd283d2d3d51bd71
be03be7abd22bdb9
3d74bd9ebdbcbd77
3bb13d50bcaabda2
0000000000000000
bd86bdb13dc53e08
3da93d65bd95bd57
ba7fbb613ce4bd86
3c71bd93bc423e2c
bcfc3d0abd07bc9b
bd273dac3d88bde3
bddfbc223dcd3d33
bdb93dab3d493db0
3d99bd903ccd3cfc
bde53e4c3d58bd55
0000000000000000
3df8bc76bda8bda6
3bb7bd58bcd5bd29
3cc73d59bd8fbcae
bc19bc78bd53bc69
3c02bd7f3d913c9b
3d9b3cc5bdcdbcad
bd94bc783d96bc15
3cc6bd9d3dbfbdbc
bd263cc53ce63da3
3d3b3d383d55bc0b
0000000000000000
bd9a3d55bc64bca3
bbcdbd7b3c90bc0b
3df9bddb3d2abda3
3cc8bd1a3d70baf4
bd8dbdcb3d563c05
3cc03d113d933e18
3e2e3e2f3b7fbd51
3d5dbcb43ce63cfc
bda1bdd1bd8cbbc8
bc8c3accbd9cbcbd
0000000000000000
3dbabd8e3b9b3b9d
3d763d3d3dc8bccb
bd94bd853da4bd48
bd733d143d0b3c6c
bc0c3d37bd3abdfb
3afcbd8fbc9a3d18
bd2bbd56bd923de7
bda6bca0bdddbd4d
bca03d02bdab3d62
3a273d713d103d28
0000000000000000
be04bc51bd05bde0
bdbb3e203cebbd8f
3e03bd813d94bcb8
bd3abcda3d0c3d82
3d2e3e11bd06bd70
3d1a3d6c3bd13b4b
3de6bd7a3d5c3e54
bce63bb33d4b3de0
bc7abd313c5b3de5
3ca03d373d9bbd8b
0000000000000000
bbad3e063be9bd72
bce2bd9fbd943c8e
bdb13d2cbc423d62
3bbc3b913da6bb2a
bd4abd063d833c09
3c82bce33df33c59
3d4abd9f3db2bc91
3dc1bdc03d2f3d24
3d973c093d4d3cc5
3c16bd1f3d48bd7d
0000000000000000
3ddfbd08be0bbda9
bd4cbdb1bd14bc6e
bcfcbcc63dcdbd30
bdcabda1bcfdbdf9
bdcabd883de83c08
3b7fbe05bd42bdec
3d403db5bd14bcd9
3cb03c20bc3dbdb4
3dde3d673c5c3c28
bc013b7abd4a3ce5
0000000000000000
bdf33c093e34bd12
3db4bac7bdb73d1b
3e513dc43cf53c1c
3c9bbceebd823e44
bc66bda7bcf53caa
3dcc3c833da13b24
3dd7bd9bbd333d79
bcc13d8b3da23d84
bdc5bd123ba1bc45
be4ebd963d013b25
0000000000000000
3d5d3d15bd1cbb24
3c2f3dc63d383d1a
3d0dbdce3cbc3c48
bbf8bcc63cd5bca3
bce7bde13df23d69
3d8a3e083d96bd47
3c833d2e3dfb3db6
bcebbb303d7e3d73
bc5bbd5fbc703cf3
bd29bd3fbc923cd4
0000000000000000
3ce1bc503e023e19
bd15bd60bcf4bd7f
bd123cb3bd593ca3
bcfebd92bd3cbe8b
bbaa38fbbdbf3dbf
be223d12bc8dbca9
bc5cbdb53d173e2a
bd733b06bcfb3d19
3db23d9a3d4dbd52
bd44bdaebcbdbc8f
0000000000000000
bd023bc5bd18bd32
3cf83de0bd9cbd5b
3cfdbe203d85bcc5
3bad3cca3db1bdc4
3d493c14bafbbb8a
bc553d8fbe0a3d79
3aaa3d353c3dbd44
be0e3d82bdc2bdd0
bdf0bca83d94bdd4
3e2d3e193c4e3db0
0000000000000000
bcf63ce23d01bdb3
3c6b3e14bde63c8f
3d1a3ca5bda03de8
3d44ba023c49bd91
bda5bd803d65be27
bc883d0cbcdfbba4
bcce3de63c10be09
be263d993cecbd3b
3d623c923c86bd90
3a023cf23cf03d1c
0000000000000000
bd353e13bbe1bcaf
3da93d29bd833db9
3ce8bd84bdc7bceb
3deb3d8a3cb2bd82
bceabd6abd18bdf5
3da2bb94bcf4bdef
bdf03d07bdb53c70
3dcfbd053b1bbdbc
bdd73de03d883d34
3ddf3d133d97bdbd
0000000000000000
bdc13d993d8cbb55
3cb3bb463d88bdd5
bd98bd73bcf53d08
bd82bdb8bd1b3d02
3d65bdac3d6dbd79
bda63cc13c6c3cde
bdafbcecbd5bbdd2
bdd7bd07bd82bd24
3d0f3d31bce8bd86
bdcc3cb0bc343d44
0000000000000000
3d84bc543e463d05
bc323dff3da73bac
3c08bc31bcc43d1a
bcf73d493d19bc8d
3dd0bdf03e1b3d9c
bcf43d143c4d3d84
bce93c023d3fbc61
bdaebbe43dcabc20
bca33d0e3d63bd3b
3d2bbcb33da6bc98
0000000000000000
bdbbbcfd3d4d3e04
3d003cd9bde03e07
bdcb3e363df63a32
3debbcd0bd32bc35
bd073c283df6bcd6
3c25bcc73dcbbdab
3d22be38bcab3d54
3cd2bd7cbd8d3d38
3bf2bd513da7bc52
bdad3c48bd583e2b
0000000000000000
be0d3e2abd593d9b
3d20bda13c22bd33
3ddf3a3a3d87bcea
bcf1bd10bd1e3dbc
3d353d21bd06bd7e
3d93bd0e3baabc43
3c6cbdfbbc923d7d
3b833d91bccdbda3
3dc4bce43d38bc85
3d6dbe22bd9b3b79
0000000000000000
3cc73cfdbd31bd96
3e2dbdbcbe4fbd28
3da5be21be2dbaca
bdd53e053d193d80
bcbf3b2fbd743b95
bd32bb933e45bce5
bd30bd2d3d803cbf
3cbd3c80bcafbdbb
bc923cf53cd23e0f
bd8b3bfdbda8bcf9
0000000000000000
400bbdc43dcd3e8e
3fa83e493e103e59
3f16bf0cbf283ecf
40323f623e8b3fe2
c0713dbbbea33f0f
c00dbfabbf383ed3
be2d4093c031be5b
3f123eeabf1c3f01
3fb3bed0bf413d8d
bfc1bfa93f753f9d
bf1540313d60c0af
3f51bef9bdd540d5
bf4b3eff3f453f40
bfc2bdeebf41be9f
bfb64031befbbe38
3ec43f32bf64be24
be91bda43f27bc63
bf103ecfbf333f3d
c091bfd63fa7beff
3f2c3fc93fa4bc5d
3f46bcc93f863ee5
c0ba3fab3f95be6f
bdbcbf0e3f36bf05
bf46bf44bd6d3f08
bf9ebfa2bfe43eb2
403c3e39be263edb
bd613f28bf343ea1
bf4c3f013f223eb6
bfcb4087c034bd8e
bfe1bf2e3f6c3eb6
be053f313b963f62
c0bdc04abe6e3f4e
3f3c3f0d3f2b3ed1
3f133b6d3e6f402a
bda1c06e4050bf56
412ebf573e14be01
bf6b404c3f98bfc7
bf063ea43f1abef5
3dc0bfbcbf1dc051
be3bbf1e3f933f89
bded3efdbf35bf8c
be16bfab3e523fbe
3ed1bf253ec73f01
bfa2bf4f3f963ff6
407cbfef3f96bea5
3f7fbfe3bfc2bfd9
bd014061bf31c0b8
bf4e3e8bbf383f18
400fbd213f53c057
3fb03f87bf6e405a
4013c01bbf813f7e
bf4540423f48bf17
3f20bf40bf523f09
c05f3f37bfe1bf92
3eebbeb240a13da3
3d94bed33e31be87
3e7e4010bec23f95
3f193e90bf22bf2d
3e47c066bbd63f0a
3f10c0243f873e22
bf823f12bd01bfa7
3fbcbed1be70be8e
bf033f62bf3b3f11
3f7ac1023fa0bf6c
400dc09ebf29bde7
bfa240b93d583ea4
bf183fae40273f0b
bf153f043f10bf18
3f08403ebfcc3f47
3ed73f7f3fc8bf53
bfa5be7bbf9ebebf
bf07bfa8c00bbfba
3eccbf0a3f05bf21
bd713d9dbf3cbfae
3e153f50bf834025
bf9c3fcabf3d400e
bf633dfd3ec3bf08
bf1dbf06bf28bf24
bf67bf373e3a3d85
bf1a3f9cbf143f1b
c0083f223e2e4093
3f333fd8bee13f62
3f17bf363f1d3f24
bd6ebec6beb9be6e
3fd2bf0abe553d54
bf5ebf30bed7bfc3
bfbdbe353ef23f5d
bf1bbf133f253f37
400b3deabf97c01b
bf74bf45bcc53f00
3f94be4dbf3f3faa
bf5c3f213fd53f07
3ec03f5d3f4dbf0b
3f3e3d89c085c084
bf583fc23ef0bf9c
bfea3c433d84bf5f
3de9bf8bbf123f53
3f39befcbee93f18
be2e3f3ebea7bfac
beb0c036bdd93fa3
be2abf313fb6be8a
bfb0bdc4bf6ebf25
bf1d3f183f123f39
bf78bf56c054bd51
bed5bf80bff63f27
bf00befdbfe03e8f
bf924030bf63be9b
3f20bf113f133f38
3fdb4008bf0bc027
bf4ebecd3eec3f8c
3fe63ecabe58bea6
3f67c0853f21bfb5
3f2f3f2d3f1a3f39
3fa13fb8bf8c3f26
bf333fa1be4f3ff7
3f1bbf14c026400a
bfa73f74bfb94024
bf11bf08bf01bf11
bff83f1ebeb63fbb
bf303e87be3c3e29
3ea03f073fc63f37
bfb3bff4bfca3ebc
bf17bf463f293f2b
c04ebd6ebf20be98
be393eb03e81bd8d
be8440863ef63f0e
bfb83fe73e1bbf20
3f233f13bf39bf27
bffb3f863f2f3ee1
3e8dbf583f52bd80
4022c0973fd7bf0e
3f0ec04e3fb33ea6
3f0b3f023f2b3f2f
bd543de9bf23bfe0
bf4e3ea6bc493f04
3f4f3facbec03f97
3f44bff63eb2bf1f
3f16bf20bf1fbef1
3ead3e7fc0533f1d
bffcbf48bfbdc078
3ea6c083bf73402e
3f833e92bcf43d7f
bef83f08bf123f0d
40183aa0bf353ef5
bf2b3fa8befd3d8d
bef0bf453fa63f23
bf16bee03ff13f3b
bf123f213f34bf15
bd7540b2c000bfd8
bec43fc1bea7bfbd
bcb139603c6a3ceb
bd763cf03b053d8e
bd723d013ba03bca
3c10bd00bd89bda9
bda93cb4bce9bc01
3c9a3c9dbcd23c19
bcde3d27bd86bdb4
bc8a3cd33cdf3dea
3db63c0e3c9f3d3f
3d0f3d053ccbbc41
bd41bd5cbcf2bd88
3cfa3d5abc963d0c
3d623ca6bd8c3ca5
bd083dc93d9a3cd3
bd0dbdfbbdcfbd30
bd7eb9d93a563d4b
bd1e3d183c5cbd6d
bceabca9bd4a3d1b
bb953bffbd363d35
3d203d16bca8bcb2
bced3c90bc6e3c67
3cf5bcb03d37ba9b
bcaa3cf53c853cdd
bb7a39b5bc8d3c8a
bd583d53bd04bc48
bc8e3b4cbd153c4f
bcea3c743c99bd45
3d35bc26bcff3d52
bcfabd92bbbdbd4f
3d373b603c86bdc8
0000000000003ce1
bd07bd173bf13ca4
3cc93d43bd48bd94
3d913ddbbc98bcfc
3c123d4bbcb53caa
3c97bda4bc8a3c81
3d443ce5bd753af6
bd26bc8f3d41bbf7
3db0bcb93bf2bd89
3afc3ca93b2cbbab
3bcf3d95bd853d25
3b8abc6b3bf73d4c
bd48bbf9bcbcbd1d
3c32bc47bce7bc9b
3cec3cc83cb9bd89
bce4bddcbc70bcd8
bc1dbbe2bcb33c00
bd0b3bdfbcd63cae
3da9bd87bd5cbbba
bcc4bc87bca83c17
bca1bb703cd53d01
bd2e3b953c303cbc
bdb0bd063856bc53
3c153c34bd963d88
bdafbddebcce3c71
bcc5bd61bd96bd7c
3c3c3c24ba2a3c82
3d74bcf93c943d10
bb66bd353c50bb5d
3d083ca23bb9bd25
3c59bdb0bc153d8b
3cc5bd04bc5bbc26
3b0a3d64bd04bd8f
3c81bca73d543d33
3c313d76bd3ebd79
bcf23d3d3c39bc6e
bca1bc82bcffbd42
bc44bd423bc23d17
3db3bcc5bd233d0a
3d0b3d1bbc68bd23
3cf4bd8dbc373b06
3d8a3b683d8fbc75
3cd2be0cbbacbdd9
3d1a3c8dbc563cb7
3c9cbd4abb94bd82
bcd1bd72bc343c93
bda0bd773c7a3d18
3d553c87bd9fbd8a
3d7e3d6a3b083d55
3b3abce63da7bd8a
3d58bdbbbd76bce1
bd8c3ce8be15bcd1
bdd03d19bdb13d32
3bc83d653d133dc2
bcc83b7dbdca3d16
3d58bdd1bcbebda1
bc5dbdb53d9cbcc7
bd513d323bc13c8c
3b873deebe073e2f
3dbe3e2cbd85bba4
bcbfbb36bdb4bc16
0000000000003eaa
3d433c7cbc483d47
bc073d0fbd1ebbc3
bcda3d913d31bbd7
bcedbb953ce8bd57
bd1abd31bc9f3d27
3d8dbd5f3da93c44
bcd4bc7b3b88bd52
bd5ebcb93d1b3ad5
3c78bc32bd203d31
bd0dbb8fbcc63c55
3d743d763d18bc83
3c35bd23bc513d0e
3d08bb3c3d50bc88
3c4a3d193bcf3c3b
3d053c7cbc963d03
bdf13d2abbd93cb7
3d86bd17bbcd3d05
bc663e01bc2a3c1b
bb453bd4bd9f3c97
3d3f3c733b513dae
3e0d3dd23e0e3dd6
3e023c35bd8d3c25
3d92bb553d833d24
3c71bd083d953d13
bd6bbd98bc29bd17
3d62bab7bce63cef
3ca73bf13d173d7a
bcf03ca5bd0dbc95
bd33bbff3bac3b9b
3c073c25bc85bdf1
3d603bfbbd293c82
3d383cd0bd9e3d02
3cb73d86bbc83d58
bd2b3ca83d1fbd7f
bcfa3d053ce6bd29
bd64bcb93ab6bd4c
3cb2bca6bd44bbed
3d60bd46bd5b3b6f
3d923c493dadbb52
3c593cb53d223cf6
3ce93a3bba073d36
bd133cad3d8bbd2a
bd103db9bccebbe5
bd0c3cc0bdd43d24
3b8c3daabd163d1f
3d413d47bcd3bd5d
bc723d21bd27bd38
3d4b3d8b3ca33d07
bca0bbbd3cab3b94
3bf73c2c3db53baa
3cfe3d03bcd0bc17
3c9b3b2c3cb7bc73
bdbc3c943dab3ccc
bd483d043d77bc2e
3c9d3c883d723ce6
3d313ca83c7c3d53
3d233dbcbc5dbd4e
3cbdbbf3bd5f3d40
bcb6bc133c12bd74
3d84bd0fbd17bcba
000000000000bd96
3d043d73bd87bce8
3d1bbdc4bcaf3c4c
3d1abcb1bcc6bc08
bd053c963d123cea
bd843b8f3dd03d05
bad8bdf93d5d3bbc
bd5a3d2a3d58bd01
3c7c3d0f3d12bcc2
3dc83cfbbc863d64
3cbabc5f3cd9bd87
bcb03d17bd94bcf4
bdaf3db4bd9abda9
bd793c56bdecbbac
3ce63c923da8bb8b
bca6bcdcbd0e3d3a
3c73bcf1bd27bd0e
3d873cf6bb713d85
bd3f3c8ebd033cc3
bdc63d8a3c5d3c8e
3db83c3d3dc33d92
bd063d81bde3bd01
bd90bc18bdd8bd47
bcafbd65bd953dbb
3d57bd2fbdc13dd7
bd34bd633c13bd84
3d0fbd5abc933d96
bcdb3c94bc9e3d96
bce2bc533bfcbdff
bcc9bcfc3de53cd9
3d373cbb3d16bcbc
bd813cb73d99bc0f
3d4a3da5bcee3ce8
bd32bc773b523c02
bc8abc83bd313ba7
bcd5bc5bbca93d04
bd823c38bc4b3c25
bd2a3d3c3cf5bbd0
3b4abcf23d4e3dc1
3b8bbd4f3d13bdea
3d02bdc33cffbd81
bc663ad3bcc5bcd3
3d2abdb9bd0ebcbc
bd1d3ce33b1739b4
3cb63d8d3beabbf8
b9103dbbbc043d55
3c28bc9dbc44bc02
bb993d05bd9abd29
bd51bd9dbc4cbd23
3cd73d443c553c01
bb2e3bab3d01bb59
3b9fbce63d50bb9e
3b813ba83d223a2b
3d603ca03c61bd58
3b0ebdbcbc2eba29
3d9a3958bc0c3cdf
bcd7bd013be0bd2d
3d10bda2bd483dbb
bc833be83cf93d80
bc5b3c713b8dbd4a
bd283d03bcf83d00
0000000000003e77
bd203d253dc3bbbf
bbe53d86bde6bd9c
3dfc3c8bbd093ced
be083d483d0f3d5c
ba17bda63d1a3d80
bd293b9dbdf93d38
3d2c3d29bc6a3cf4
bda03c803dccbc84
bd843b6dbcacbd2b
bc96bc0b3b08bdbe
3d70bd813cb83d14
be01bd3dbc8f3d43
bdbd3df63da3bcbf
3d223cd6bd5e3bdd
3d7bbca33d6f3bb0
bd47bd2a3cf03da7
3d113cf93c7cbdb5
3b5e3d29bcf73d61
3db53d02bda5b927
3bb2bd19bca5bbc4
bdc9be063e123d5a
bd36bb363da53bc1
bcd9bc8cbe2fbc4c
bd083c9fbd063b5d
3d01bd573da5bdc9
bd04bd2d3dca3d90
bc653e093cf13def
3dc33d83bd5a3d65
bd71bd053c65bd51
3e28bc68bc76bd72
bda3bd6339a1bd85
bc563d6b3d8a3db2
bd103d923c4cbc87
bd8e3d953d34bd49
bd5c3d81bc6e3c1b
3d05bdb4bdd7bd55
3d33bd05bcb1bdaa
3caebda1bceabcf2
bd613d3e3ce43a2e
3d573d5cbcac3d34
3d653c983cb0bd4b
bd963dd83c023dd2
bcb0bd5e3d12bd31
bd86bdd53d15bc83
3e12bc57bd473ccd
3ca6bd2e3debbda8
bd33be03bddfbd2b
3dc0bbc03c7abd9b
ba98bb043d533d32
3d3f3d67bd1f3c12
3d8e3d45bda3bce6
3d2dbc89ba58bdff
3d7dbd5f38c9bd6b
3d7abc5dbcc4bd0f
bc2abafebda53bd2
bd313bca3db33d00
bd86bc9a3d843d67
3d713aabbd11bb6c
bc6fbdb73d44bdd6
3d60bc933d38be14
0000000000003f14
3cdbbbf5bdb3bd21
3de2bc65bdb33b10
bcf0bd8b3ce83c9f
bc9abc11bdab3e20
bb5fbc48bbeabd1c
bd8a3c63bd8abc2f
bc4bbe07bd023ccb
bd80bc66bd03bcf5
bc403dc7bc783d7f
3da53d38bcc23b8c
3be7bccbbc23bd2d
bc17bcb3bc7e3d23
bd563d9b3b843cbb
3d6cbcd93c0d3cf3
3c4abcb2bdb3bc4b
3dd0bdd0bc46bd6c
3e0c3cc8bd81bd09
bd8d3d4ebe0e3d2e
bd44bcb93d13bd09
3b093d7a3ca8bc94
3cb6bdcfbd4f3ce6
3d6a3b48bd223d45
bd42bd24bdc1bc80
3cd93da33db03c6d
bd16be02bdc73be0
3d96bd8b3de13d78
3d673d21bd2fbc33
bdb3bd073d303dce
3cfc3ca6bac03d30
3bc3bbfbbde83cff
3d623c97bd17bd9d
3c6c3d683e11bcc6
b732bd33bc933cbf
3d88bd1fbc0ebc9e
3d973ce53c1d3d1e
bbaebd32bd993da6
3c6f3d683d203d6a
bd1e3d313cdc3dbf
bdc23ab23de1bdab
3d283d55bbfcbd5c
bda3bcefbd1e3d8d
bdda3c6ebd903d50
3cf33d70bd653d93
3c1ebd49bc2d3cb4
bc223c65bd97bd26
3d90bd6d3d653d81
3da6bdac3beebde9
bd2b3c86bcf7bc4b
bb2a3d11bd47bb1c
bc733d813d47bcde
bbf2bcc1bcaa3ca2
bc3cbd2ebc8a3d75
bbf73c07bda33cf0
bd063cb4bd283de2
3b2fbda73c803c61
bd10bd2a3d763c6e
3d13bc8ebddc3d94
bc94bdee3dc9bcc2
bc4dbd133dbbbc62
bcf3bc003d41bd2c
0000000000003df0
3d1c3d84bc08bbb4
bceb3b11bd0a3bfc
bcf1bca83d03bc8a
bd673cc23ce0bd5f
3cb2bc15bc5dbc7c
bccf3d713c88bc96
bd86bc60bd3a3d93
bd49ba5a3cee3a8c
3ca93cc3bc963cc9
3d10bcefbb093cb9
bc01bc723b39bd05
bbefba913d0b3b85
bc30bd4bbcaa3d26
bcabbc823d153d59
bcb8bc8bbd4d3d06
bd5cbc8b3d8dbd4c
3d36bd1c3d5cbd83
bcd53c993d07bd24
bbeb3c173c1dbcd3
3d393db1ba5a3d0d
3b34bc723dd13b48
3e023d2fbbef3d67
bc6abd053ba53c96
3c193cf2bd10bcb6
bc97bd11bbb9bd95
3d473d9cbd40bcb8
3b60bcf53d99bc96
bd983d2cbda2bd79
bcf53ac93b993bb4
3b8dbbeabc1ebcfb
3d0abc6fbcf4bd10
3c66bcc3bc723bd9
bdc5bca2bcc33d83
bd353db13d753d58
3cc63cfabd83bd01
be0a3bf7bd09bd61
3d823dd83db33c6a
bd5f3c993c7fbdb7
3d44bcb63daf3d6a
3cbc3c463d493c28
3c7d3cf43d873d18
3db63d53bd90bcb8
bd07bdaa3c73bc1f
3daf3cb9bd1e3e19
3cd4bcf2bdb83dfd
bc1aba5dbcaf3da4
bd393c1ebc5d3d23
3ca63c863d9b3d92
3c473d0cbc35bd61
bdce3d86ba70bd0f
3d993d02bd593d88
3db8ba963c9d3d9a
3c52bcfd3b63bc9b
bcdc3dcfbd6bbdf5
bdd63d283c8cbc8f
3d183d1dbd873d6c
bcccbcccbda6bdc1
bd343c953c33bc6a
3c82bddd3cc4bd0c
3d403bef3e183c77
000000000000398f
3ca33d233da73cbf
bdcb3b103d0f3d03
3c40bd8cbd9bbda6
bd5e3cd63d473dbc
bd65b918bcde3c6f
bc7b3c683d0abce7
3d11be203d59bc84
bda93d9dbadb3cbc
3bdd3bb73c933d2e
3d963cb03cd63d52
bc8a3d1abd6abd6d
3ccdbd33bb973c51
3cafbd133c82bdbb
bc423adf3c453d4c
bd653d2cbd1e3bf6
3b8d3a8bbc8f3c40
3ca03cf93d51bcd8
3cf73d8abd593d1b
3d24bd163c813c90
3db6bc7cbcc93d27
bd3bbcdabdb0bbb4
3d0ebce0bceb3c24
bc113d123c59bc58
bc4e3cfcbd233c52
bc17bd05bd813ca5
3c8a3bcebcd63d0f
bd173d353d51bd1a
bcebbc3d3d8ebc23
bd84bc92bcc83c26
bc93bd80bda03ce1
3d123bb2bc213d62
bb89bdb5bc3f3d7e
3c6bb8e4bd743c94
bc5cbd263c5f3d49
bc113c1bbd02ba06
bd19bcd83b83b99c
3d503d233c63bd90
bd173c5ebb82bb44
bd2c3c2cbd543c7e
3d8b3cb0bc13bc8e
3b2abd7abcb83d32
bc853ca9bca13b83
3cabbbc73d2d3d3f
3cf1bd233d9f3bdb
3cb03c29bcefbdb2
bb223d7ebcd1bd2e
3d42bd03bc5ebc3f
bd21bbbcbd313bd4
3d4f3d1b3d89bcb9
bbd23bbd3c58bd4d
ba893d673bd3bd1f
3cd1bd4e3cbd3c88
3d313cd1bd9ebd45
39f23b3d3cd03c3d
3c65bcc43d9ebdb8
3c243d80bd863d12
bcbf3db33d00bd83
bd6abdcbbd41bd58
3c14bdae3daf3ced
bdf73c333d2c3c2e
000000000000be8d
3c88bcd6bcea3d9e
3da33c84bc8dbd2c
3cb4bd70bc21bd14
bc9b3ba3bd76bc87
3d57bd613d9dbd3d
bd1c3d6c3db83d24
3c1b3cd7bc353d05
bca6bc66bcbfbd48
3c1fbd2ebcb23c47
ba44bd2cbbc23cd2
bcd93d5fbd29bc24
bc92bd07ba903b16
bdbd3c683dca3c44
3dcb3d11bb143c38
bd7abb89bc2b3d06
3c883d473d92bcf0
bd21bcc2bd31bd12
bd9b3dc03ca63c71
3dfabc73bd61bd63
bdbabc283d7cbd57
3d903cb73c283c67
bd443a4f3da93d53
bd84bc85bcd6bdb1
bc4fbd1b3c36bd8b
bcaa3d893cab3d49
bcd8bccfbdb93dce
3b113cfb3da93d76
3ce43da3be3abaaa
3d023dbcbc73bcc7
3d5e3d333c62bcec
bc863c213baa3b54
396f3e003c23bd18
3c883c3c3d533cb6
3d1b3d003cd73c0a
3a87bd0fbcd2bd97
bbbabd64bd44bd8c
3bb5bce53d77bd01
3dc7bd063d84bce6
bb40bc2b3da2bd0a
be0f3d0e3deebcc4
3bf73d8c3d6cbc52
3d05bd10bac7bc93
bc763d4a3cbf3d0b
bceebda4bc8a3d4e
3d033d20ba9bbd9a
bc2b3d033c92bd93
bc683d12bc9e3ce0
3c9abd0f3adf3c88
bdaa3ca73d9e3d38
3bab3d04bd133cd5
3d273b933d4cbc1c
bdc4bc9ebd283d03
3b773d2e3c90bc94
bcb9bd45bd3d3cb5
bcb9bcb43c9bbc12
3d12bcb3bd6abb48
bcecbd3cbd69bcc4
3d253cf2bd8fbd0f
bd30bc8d3d463c61
3d4b3cefbcaa3d8b
0000000000003eaf
3d453d4b3c0a3d9a
3d8bbd233bd93d88
3d83bc283b953d83
3afc3d15bd46bbf8
bcdfbc97bd8d3cce
bc10bc98bcdabde0
39553d973cbf3d63
bd98bd103e1a3ac4
bdbe3cedbdf43df6
bd01bd773d0abd85
3c26bd6a3cb43cb1
3df0bdc5bd703ba7
bca23d06bd673d21
3d7e3d5a3da93ce2
bd4fbd3f3ca33d28
bd3a3d303d82bd40
bd3dbd163cb33a4e
3db9bc603d653ccf
bc5dbc883cfcbca0
bd86bbfcbdd83cf8
bc703cb53ae1bd39
3dbfbc5fbc303d2b
3d8f3af23c9b3bed
3ba1bce3bd0bbbe3
3cd3bcfa3d633d12
bd183d37bc1dbca4
bc393c203cd1bcc7
3d173cbd3bb6bd4a
3d55bc2bbbc8bd27
bd7ebd863cbcbd45
bc39bc373dbfbd59
3d9b3bc4bd24bbe1
3d9bbdaf3b4ebb95
3d96bd69bd6fbd5e
3d13bccc3d44bd7b
3cbe3da4bd333d41
3c2d3cb6bbd83ba2
bdbc3dd0ba51bd95
bdb9bc3abc73bc96
bc793a1dbd13bd0d
3da3b90bbdd1bcc3
3d0abb2fbd373d78
bd21bc5e3d2a3d91
3cedbd3cbc4b3b7d
3d3e3d333cebbda0
3cd4bc5f3cc93cdc
bd06bccbbc9bbd4b
bb88bab63c82bdec
3d53bdd0b8f7bd8d
3a093d263cf93c41
bd7bbbca3d133b26
3ce93b8cbd0fbdcb
bd17bcdcbc03bb13
bbb73c8b3cadbdd6
3b963d16bd9a3d7f
bd8c3cabba32bcc0
3cfdbd75bb8a3afa
bde8bc83bd97bd09
3c573bddbb82bd07
bd273c1c3c943b4c
0000000000003e98
bccbbcd0bcc03dd1
3dc93cafbd1a3d61
3c3dbd213d51ba5e
3d2cbc3dbc25bbd0
bb9abd69bd1c3ca5
bd8bbc213d75bd7f
bdfcbc013c263d4f
3ce93cd53d33bc2a
bd7d3d8c3d323c9b
bd073cac3d793d40
bc39bdab3d3fbda5
bd1abd473d3e3d44
bbc3bd11bdb03cff
3bcdbc11bb1ebd1a
3c703d5cbc673cef
bc41bcfe3d1cbc03
bcb63dbcbce9bd6c
3d60bb933d20bca7
bc72bc2f3c5abd9c
3d5fbd4f3d35bd42
bb4dbdd2bd7bbc14
bb3dbdaa3ceb3ce2
bd063c3fbb06ba11
bd0c3ccfbc473cc6
3d1bbdf83c97bdca
bcd23d38bd4cbd7b
3c6c3ddcbd953c23
3c883cdf3d223cb7
bc0bbc493b29bcdc
3c7d3cee3d8f3b4d
bbb5bdb9bd0e3d7d
bcabbd8c3ba33c99
bd3c3cd83b543d02
3a87bcef3caebc71
3ca6bcff3c53bd6e
3dafbb89bcca3daf
bcb9bd083c87bccd
bbd9bd5dbb4abda0
bd84bc583cbabbb3
bb8ebd35bbda3b92
0000000000000000
bd153b573c2b3b85
bda1bd17bb563bcc
bbb1bd843d77bdd0
bd8d3cdbbd913d1b
3cc5bc553db83c90
3d9dbb73bd1c3d01
3d0a3d23bdc8bc9d
bd5e3cccbc2b3cc9
3df73dffbd38bd94
3d903d2e3d07bd00
0000000000000000
be1b3c82bd913d2d
3d6bbc8e3d2fbad4
3df3bd6b3da1bcc8
3d2bbd0a3d88bd04
bb1d3d8fbc473ca6
bd463dd0bb77bdb2
bd953e053cf1bd87
bd67ba9f3ca8bc81
bde2bcd83d48bc02
3b973dcbbd173d19
0000000000000000
3c003c6e3d3abb10
bcb9bd583ba5bd18
3cc2bcee3d5b3b63
3d783a5cbc4fbc88
3db5bdc2bc833ce1
bc853c81bce03d14
3cd63ca13c04bd67
3c84bd46bcd83b28
3d343c213c56bd93
3d6bbc5fbd3e3c5e
0000000000000000
3c8cbd15ba8cbd1d
3caa3ccb3dc73d15
bc1f3caa3d16bc88
3c963d7f3d443d2f
bd54bda33c043bec
3d1abd39bb933dab
3d753db63c373cb2
bd27bcf43d563d6f
bd2b3d663d9fbc3c
3bbcbca83cb63d58
0000000000000000
bcc3bdc0bd043c9f
3d4dbc793db63d81
bcd3bc81bb1f3d50
bd54bd243dbe3da3
37153d52bd0d3c13
3c8c3d0bbc443d87
3c08bd843d08bcb4
bc293af33dbb3c23
3d803c4bbd063d92
3cb43d4ebd00bc9f
0000000000000000
3d40bd223d393dbc
ba053bf73d303d99
3cfabd5abd123e12
3b4dbc7d3cdd3cff
3c523bc43df6bcf0
3d7dbda63cc93e0f
bd28bd133d653c3e
3c4fbc7fbd453dab
3d503c903ce7bd7e
bd5fbd4d3dbcbafa
0000000000000000
3c093d62bca8bcd4
bb1e3c94bbf73d31
bd11bd503ceebbb6
bbf8bc843daf3d0b
3e17bc873d6bbd40
bc90bca5bd133db3
3ddd3c1c3d293c05
bd123d6e3d9d3beb
3d93bc953b943ce5
3cde3c86bda63c1a
0000000000000000
3d59bc21bd54bca0
bd0dbc933c423d2e
bc973b75ba553db4
baa6bd8b3bdcbc68
3d943d1abd273c9c
bdae3d4ebd543bbb
bd2bbdcfbd4fbd8f
bdb4bd88bd4a3cff
bbe6bdb7bd223cce
bbba3d4abba6bce2
0000000000000000
3c5a3db73d9a3d0f
3d063d8e3ccb3bbd
3d3fbe013d503c89
bcb4bc76bc663cf5
3bffbc8cbcdb3cc7
bdbb3d9f3d363d6c
3ccbbd573d96bd84
bdb43b42bd70bdb5
3d5e3c593b2d3b85
bda03e2e3e09bd90
0000000000000000
3c543d9b3cb1bd1b
3d00be0cbc88bcfe
3b49bd383c0abd64
3d83bd7abc8abdbf
bd45bc913d903dd1
3d5a3d983db03d4f
3c1d3c43bda13d01
3dd93cdc3c713d0b
ba9ebd8b3e133d5c
bdaabcf53da13d26
0000000000000000
bd853ba6bcf53c99
3c08b6c4bc65bd93
bd673d8fba82bcaf
3ce8bc99bd5abe3d
b9b23d293dae3da6
3c2e3ba73ab13c07
3d6dbd033c823d69
3e02bd913d963bbb
3d6c3b2b3d18bcbd
bc6b3d253d2e3bbe
0000000000000000
bd48bc2b3bd1bcb3
bd47bc6a3d183bb2
bd073d5cbd093d77
bd14bd1cbdcd3cda
bc063d54bc963b0f
bd33bceebd45bdb2
bd323cf13d8abc1e
be043d813d80bc66
bc0abc75bc903ca6
3d16bb8cbca53d22
0000000000000000
bd86bd203d6c3cce
3d263cde3cb5bd10
bcd33c5bbba53b0f
3d56bdbd3c7fbcec
3cd03dabbd513d0e
3c463d6ebd51bb9d
3c8bbdf43d8bbca0
3a8dbc7d3cdbbd90
3d11bcdb3db3bcea
3b913d543d95bd7a
0000000000000000
bd04bdae3cbe3d35
3cda3d013d9abc8f
3b2a3cc7ba3b3d51
bd963d13bdca3cc4
bd0abd453cfa3d82
bcb7bbcb3d20bd0f
bcd23ba7bd263cf4
3d4b3a013d3fbcc2
bd2bbd7bbe1a3ace
bd53bcf83c9dbd88
0000000000000000
bd8e3c4f3ca83d9e
3c153c7fbd9cbc4d
bc23bcb43cb6bc2f
3d5bbd283d0dbb54
3c443d333c8fbd73
3c6f3d1dbc8a3cd9
3d00bcbabce1bd18
3d34bcc33d5ebcea
bc533cb63d2fbbff
3c883cb03e01bd96
0000000000000000
3d033d713ba23cf4
3bdfbd4bbdc33dcc
bd8abcf43c9cbccf
3cdbbdad3d983d96
3c11bd58bd6f3ce4
3cb83dc23ce23ddd
bc223b0c3d81bdb9
3bfb3db73ba73d4b
bd66bd753c983d7e
bc163d13bd33bb04
0000000000000000
3c3dbcddbd773cc7
bcab3ba0bda83ccf
bb683db43d253d4d
bda73bd13d8bbd72
bd7f3de93c8b3c5b
bd603d8abd1e3dc6
bbbdbd31bd073cfb
3c2ebbf9bdffbcc0
bcbabe0d3da13d47
3d53bca1bd2fba7c
0000000000000000
b9e33d593c5bbbe6
bc1bbc13bc8abd04
38d73dcdbcedbd96
be2fbd0b3d34bdbf
3cd6bd5ebd2d3d97
3da73c9b3dd53db7
bce73d3dbd2cbd02
bd4c3da7bd813d04
bdc83d41bcc6bd8a
3d8a3ca2bd0c3d2c
0000000000000000
bd003c903d043d09
bd3abd5c3df03d0f
3d9cbd663d1b3c52
bd49bd64bd72bdaf
bc803d8ebcce3bb3
3e163da23d05bd10
bcd23d4abc09bd53
bd9b3d2a3d47bb6a
bd09bd0bbac83cb5
3c3a3d723d633d48
0000000000000000
3b7f3d4dbc803c7f
bce1bd5fbd88bca0
bc44bcf9bd0abd28
3d49bdf2bcfabdd9
bd053cf7bc983d39
3bb23da7bb4fbc8f
3c2cbdaebcf83ca2
bd8b3d6cbcd63ce0
bd0ebdbdbc753d50
bcb53d11bcd53d3f
0000000000000000
bd693c4abd0a3c64
bcb0bc3f3c2b3d9c
bde4bc63bd77bb88
3d9a3d1e3b38bca5
bcfe3d243e113c34
3d313ca9bc09bd91
3d6d3d5c3d55bd46
3c213c99bccdbdba
3daebd7b3d96bd7d
bbc53a3a3b273c9e
0000000000000000
bcf2bc83bc17bb66
bd18bd0bbd29bd63
bce93cf7bd12baec
3dc13cf2bcd23c9b
3d7c3d183d9f3c28
3d5b3d1fbcbdbbe7
3d533c35bd123ded
bc34bd843d573d25
3d773c9e3bbebd10
bd26bd053d8fbcf8
0000000000000000
3cc8bc9ebd7bbd81
bc04bdc9bd4d3d73
bd513bfdbd57bca1
3d0a3b75bcb1ba34
bd153b01bda13cd1
bd113d8dbd3d3ccd
3cefbd0fbda33c9b
3cbdb9a5bb173a22
3ab7bcd8bd443d3d
bd9bbc49bccd3da3
0000000000000000
bbf5bce0bcd93cf8
3d45bc62bca4bd40
3dcf3c7f3b733b7b
3d123cc3bceabd4a
3caebd943cd83a78
bcabbab8bd0a3d32
3c883cc7bca63d69
bd7fbdcdbd41bd18
bd4f3d5ebce8bd86
3c933bcd3bf1bd5b
0000000000000000
3c643de53ccebc9c
bd0e3d6d3cf4bcfd
bbda3d233d4c3d0f
bc90bc64bd0f3c70
bd35bcef3b0c3b74
bd90bce7bd153dcd
3d57bcea3d7ebd7e
bba13d3cbdb6bd38
3d87bbd23d40bc1a
3b03bd443d85bc3b
0000000000000000
3dbfbd133cbfbc82
3dedbbedbe023c38
3d6dbbd03d363db5
be053e1d3cb63d06
3d473d48bde13d46
3d8bbda4bd5abd62
3c683d283cf1bc8a
3cdcbe14bbd4bcab
3d363ddfbd2cbd0e
3cf9bc2a3c99bcf2
0000000000000000
bc30bd62bbe03d11
bc303c8abd36baa0
bd2abd403c3a3c81
bd50bd77bd983c7b
bd343dab3d4c3ced
bbbc3d03bda0bcbb
3ce7bc863d663c93
3c883c643c173dad
bc9a3cde3cc8bd47
b8d73ca5bd4a3d92
0000000000000000
3dd93b743ca43d3f
bd12bd033d583c9c
3d633ccfbd6c3d0b
3cdb3e3a3d9d3db7
bc18bdc0bdecbda4
3c97bc84bdb53d03
3cf3bdb2bdeebba6
3d17bdc9bde3bd9b
3c1abb4a3d8fbdf8
bcdf3caf3b853c06
0000000000000000
bca9bc24bd553db5
bb983d1c3d11bc1f
bd29bcc53d633c0a
bcd63dae3b923b72
3cc1bc563d0ebc3d
3ca8be07bd2dbd7c
3d963e1f3c1ebd37
3d32bd153b59bd8c
3b0a3a893dd6bbd3
3b8a3db0bccb3b62
0000000000000000
3d63bd373d9abd94
3d4fbca23d8e3c7e
bdb13db7bc633dac
3d02bdafbd7dbb94
3c063d23bd1b3c19
3d0c3b553d6f3d60
bd343d2abd2e3d65
bc49bcdcbc833dd0
3d3d3d12bd24bd4c
3db03d30bb72bd5b
0000000000000000
3dab3cb0bc69bc54
3c993d593d883d0d
bda0bd27bd083c73
3d863c41bcea3c04
3cf43d4e3cec3d90
3cde39c43d563af5
3c87bc4f3d413d2c
bc11bcb1bb423a0c
bde8bcfb3d1e3e27
bc3f3c23bc0abd1c
0000000000000000
3de83da5b9443c93
bbe93cacbd013d3d
bd74bdb93dbc3a60
bd093c473d1cbbac
3cf0bb84bd35bcf3
bd723d9dbdb83d3b
3d883ccebd913b2b
3c93bd91bd903cdc
3b8fbd0dbdc8bd67
bdd6bd27bdbabd23
0000000000000000
3d7c3c3bbd323b90
bc1a3bdc3d53bc0f
3c08bd3e3c973d3d
3d83bb67bd4bbb90
bd83bd193de43d9c
3cafbd16ba3d3cb5
3bb3bdc0bd143ce8
bbcebda93d65bcef
bd773d743e00bd40
bdb7bc94bd523d51
0000000000000000
3c813c54bd3fbbde
3b533c34bd27bcc6
bafb3b9dbdc8bcbb
bd17bd42bd9dbd1a
be01bbcfbca33d8f
3c0fbd3b3cfdbd29
bd38bcacbd3bbcbf
3dbbbd953d8e3d3d
bd813c0cbcc03d19
bdaf3c893d74bbce
0000000000000000
bd943d893d1cbd99
bcf53d823c44bd9c
3da13d47bcb43ce5
bc0abd3dbcb13c0d
3c58bd26bc713d10
3d773d44bd2bbc43
3db8bc423d62bd10
ba95bcfe3d19bc8e
bda4bc89bce6bc1d
3cb3bc2b3d46bd63
0000000000000000
3cb7bbb83c723cb4
3b9fbd06bcb73ca1
3d78bdd63d253c0a
3c633cadbd5dbc86
bdac3adabc683d59
bc8d3db2bcd9bd5c
3d70bcbfbc49be09
bd17bc8abd5b3c1e
bc9a3de1bc7c3ce7
bd53bd653d1e3c98
0000000000000000
3dae3d083db6bc5b
bd573db23da93d20
3bdabba8bd8f3d58
bd903e213d6cbd91
3e0b3d85bdb43d5e
3c1e3db73d533c12
bd3dbc73bcbabca4
bd9e3c5a3d413db0
3d453c93bd70bd74
3d053c9c3d14bcd4
0000000000000000
3d3a3d39bd15bd0f
3bd43d163ad4bd24
bb8ebd3c3af43d41
bc8abd17bd5fbd80
bcdfbd1d3cfabcbf
bd873cc63d46bdaf
bc7e3cfd3dca3c3b
bbad3d603c9bbc87
3ceb3c743c893d04
3ccf3d02bda0bd96
0000000000000000
3cb0bbf0bd97bba5
bc8fbd043cd43cfb
3c753c48bcf43c1d
3d233d063d9039ea
bda4bd85bd5f3d4f
bc09bc71bd02bca7
3c9bbcd7bcbcbd2e
3ca1bd44bca93d6a
bcc1bd89bce6bc56
bd84bd93bc40bca3
0000000000000000
3c4fbba3bc563bf3
bd4fbcb8bd98bd5e
bce8bddf3dba3cbe
3d393cd6bdcdbce5
3bd83d2b3c963d0a
3d0fbd2dbd193b90
3cbd3d8bbd5abce2
3d35bdb3bd063d77
bd15bc2abc7a3c0e
3d243b95bc1a3d6f
0000000000000000
bc8b3cac3d8cbd28
bbaf3d47bce7bcfd
bb23bd1c3b913d8d
bdc33dafbb7c3c86
bb5a3da9bbee3cec
bc32bbb83d68bc2d
bd073ce9bd553b42
bd253bd3bc6abcd1
3ddfbc26bd59bd75
3d01bac0bd573c1e
0000000000000000
bcfc3c4bbc0f39d6
bd56bb4d3d50bcbe
3d053d053b28bd1c
3b163d033c6dbd1e
3cc3bc93393abd58
3b543d05bd6d3cdd
3b1bbd4cbcc7bcb7
bcadbd02bc5ebd8d
bd2a3ce3bca83c11
be00bc273d223caf
0000000000000000
3a863ae4bd86bcd4
3c17bbc1bcb33ba7
3c4cbc463d1d3d9f
3c273b963d58bc93
bd5c3cb33d8fba6a
3ca03d09bb4e3d2d
3cb5bc1fbc263d25
3d71bc673d8d3d26
bd09bd053b153c5b
3d09bd223c4d3d1b
0000000000000000
bca0bd4dbcf03d30
3d323c503d92bcab
3d48bb043ca3bcea
bc12bc8c3cde3d91
3cce3d1bbd04be06
bdc93c62bc913daa
bdc33c653d26bda3
bdacbd2c3d6abcca
3d8e3cfabd66bd00
ba8f3d22bcdbbd89
0000000000000000
3ca93d3ebdbfbd4c
bcc13d8d3ca93d53
bc6cbce13cd9bda5
bc0f3decbd973d83
bc11bdd7bc25bd6c
3ceabe0e3b573cf1
bcf33d6ebce7bd52
bda2bba23d8d3d0e
3d253c5dbcf93d86
bc2fbd953bc0bd29
0000000000000000
3d6abcafbd993ba5
bd5ebbe7bce7bc9a
3cdcbaf83d09bcc0
3d88bd21bda73d0b
3c84bd98bdd43d8b
bd4ebda13be7bce3
3bdbbd023c3a3d8e
bc33bd9a3d463dde
bc38ba87bddebdcf
bc9fbd353b8abd45
0000000000000000
bcccbd8dbd32bd98
3d51bce1bc7bbc8e
bcc1bd57bd34bc40
3cc93d613db53c95
3cdf3d883df4bd7c
bd16bd9cbd503a16
3c8abc6fbcb43dbd
3b1a3cc03cf73d8b
3c39bdd6bbf7bcb1
3c81bd193dc23c85
0000000000000000
3da8bd26bd9fbd2a
bdd73d49bc813da0
bdb93d22bd87bc08
3ddc3dc33d16bcef
3d8ebd583d423d14
3d67bc4f3bfabc07
bc3dbd563cec3de3
3d9d3d923d0abb91
3bb7bd5dbd0f3d72
3baf3d1a3d8cbc9e
0000000000000000
bc443dd1bd16bc58
bd433b9a3c04bbc4
3bc2bc6bbcd63ccb
3c23bc93bd5c3a16
bc4fbbecbda6bc94
bbca3b403c80bdc8
3d6f3d893d113d19
bd8b3d863d65bcea
3ca23d0a3d55bc2c
3d523d20bda2bcc8
0000000000000000
bdb93d60bd853ca2
bc7c3c663d5abd7b
bd273d51bd17bc6f
bdd5bd42bcd9bd07
bd34bdbf3b903dd4
3d46bdfabd1dbd86
bd38be033d713cc7
be0cbcd23c7e3c35
bc063c1e3d02be07
bd0f3d86bb313e0a
0000000000000000
3c983d21bcfb3c81
3d75bc563b233d7b
bbef3c8b3b21bb73
3c04bc60bc66bdb5
bd3bbb42bce63d0e
3d62bc253d04bdb8
bb99bd2cbccbbbdf
3d113cdc3c053bea
bd26bccebb4f3d98
bd0c3d473c16bcbd
0000000000000000
bd353ab33d653d18
bd42bd57bc8fbdce
3d19bca03cc83c7b
3d173d9c3c5dbd77
bd8cbd18bd803c0b
bd72bb563d103de8
3d29bd063d6abdf7
bd99bd3c3d8dbc0a
bc03bdf2bdacbcb4
3d293d633d36bc25
0000000000000000
bc88bc8fbd993d29
bd4d3c043c07bd47
3d263cc53cbd3d4d
3d273cb73d21bd58
bab8bd6f3d3f3cd8
3c1cbd6bbb2c3ce1
bc473cf0b9f23d1b
bd633db33d103d5b
3d69b9e0b814bd23
bdaf3ccfbce73da4
0000000000000000
bca73d18bc91bd35
bc193d93bd5a3cd9
3934bd883c0eba8c
3ce8bce1bc28bc76
bc6c3bee3c623e3c
bda93c67bd5ebd83
bd9cbd18bcb9bd82
bd53bd0f3d9fbd9c
bd333dc43d333bf5
3c1ebc3c3ca73d07
0000000000000000
3d183d68bc833bad
bcc03d9c3cec3d06
bc8ebc08bd7abc07
bc74bcb63ce43d53
3d62bd5dbcf53d8f
bd343d4c3d403d33
bc9ebdddbacf3da8
3c813bf33df4bb05
3911bcce3c08bba2
bd18bcacbcc53ce3
0000000000000000
3cb43e0f3d593c26
3d2f3ceabc6f3d10
3ce63cd83ce7bc01
3dd23d84bd173ca3
3d973d30bbf8bc89
bce53ca23da23e3e
3d5cbc51bd76bcac
bc3e3d93bc8dbd19
3ca4bd83bae8bcd6
3d84bd2bbc86bd17
0000000000000000
bc6bbd833d393dda
bbe7bceb3c97bd97
bb8cbc853bbcbc98
bd773d7c3d163dcf
bcabbc82bb993a38
3d3cbd43bdb5bd2e
bdc63cd7bd8a3d30
bdc33d00bd383db4
3d1d3c8e3da43ceb
bd8dbc263d713ddf
0000000000000000
3d2c3d513d1dbdb2
3d763cdabcae3d55
3c033d4a3d473d9c
3dbcbc623d0f3c35
be00be08bdae3c26
bdcc3d813e19bd5b
3da43cf9bd8ebd6e
bd0abdcdbd643d19
bd473d2fbbe13c5d
bd50bd0bbd143d01
0000000000000000
bc85bd84be083c5f
3de93c54bc28bc1c
bb91bd39bbbd3cfd
bc4bbd5dbd46bb91
3c0f3d9fbd403d43
3c4bbc01bca6bdbb
3da9bd233dbc3d17
bd863da8bd433d68
bccd3ca83d33bd7d
3d2b3d8cbda03cba
0000000000000000
bf013e89401f3e5a
3ee33de13fecbf9e
3effbf0b3f67bf3e
bde83e57c046bfa0
3f353e6cbe873f07
3f643f08bda23ffb
be4b3f023f1a4060
3f64bf1fbf18bf3d
befa3da03eb8bf7a
3fb3bfe03f003def
3e113f75bf91be9d
bed43f183ef63f91
befabf233ee73eda
bf47bf84bf8a3dec
40b2bfae3eeabd6e
3f863f03bea9bf13
3fa0bc4abc9ebed7
3ef7bf0ebf223efc
3fd63f1a3f84c057
bf553f4abec8c02c
be843e1dbd12bf1b
3e6b3f883de7bf72
3f04bf20bf3abf24
3d24bfaa405cbea3
3efe3ea3c0b5c04a
bdafbf00bdebc03c
bdb9bf6b3dac3f31
3f01befc3f06bf45
3f55bf0e3f243f33
be8740173e3dbe4d
3ff23f1ec00f3f11
bf5dbfe73ff0be32
bf423f0a3e7b3f42
404dbfe4bf9bbc56
4056c0063f2d3f2c
3f353f1e3f28bec9
bf32c0bf3fccbca8
3f1cbf103edb3f13
c0913d98bdff4002
4099bd32bea93ee7
bfdf3e6c3eb4bea6
bb263f3cbeaa4004
3ee7bf333e663f0e
3f2cbf69bf483e2e
bf81403e3fdb3f63
bff63e413ff83fb9
bff83fb0bdc0c05e
3f0bbef6bf32bf19
3f3fc09fbef9bf3c
3de7bf85bef2bf29
3f313f95bfcc3f25
3f5b3f0b3de03f38
3f32bf233eeebf50
bfbdbf2dbfc23fb2
bd9d4066bda9bfa8
bf9fbece3e823e6d
3f96c01dbf453c14
3f37bf293f273f2a
c067be6ebd123fdc
3f4b3e9e3f023e74
3f453ea63f45bf73
3faabedcbfbfbee9
3ebe3f153ecbbf13
3f05bf1ebf13bfa6
bcd33c53c001bf14
3e4c401b3e23bf8d
bf9dbfcb3fecbfe9
bf31bf2e3f18bee0
40ab3fb43fef40d3
3fb8c024beae3f9e
407c3e08c00abed8
bf43bf5f3e833e41
bed3bf3d3f313f34
bec7bfa8bf3a3fe2
3eba405dbf753fb1
3f84400bbf45bf52
3f0d3fd2400f3d82
bf443ef4bf443f41
bf853eda3fae3ecb
bd8f3d063f493f8b
bf16bedc40023e12
bf33bdd43d85beb9
3ec13f2a3f59bf1c
bedf3f90bdeabf83
be43bf57be35c031
3f4fbf3e3fa73f8e
402840063fb13f47
bf42bf32bf20bf3f
3f8cbecc3ec4bf8c
3eb53f4940593f92
bf183f87bf133fb8
3c9b3f3e3f0bc003
bf0ebf12bf32bf13
3fd6be75beb3bf20
3f4b3fbb3c8dbeb9
be063f463ee3beb8
bf633da53e1cbf52
bf0e3f4bbeee3f39
beb4bf11bf83bea8
beeabfa93eaf3d44
bf793fb23f193dc1
3fd14025beb13f06
bf23bf393f20bf57
bf44bfc0bf583f78
bf213fb73de63d11
3f143f35bef2bed2
bea9bf2ebf10bfb1
bedbbf113f4fbf28
3f33bf17bf3f3f8c
3ffbbed7400bbfbb
bf983d11be493f9b
bda83f8c3f46bf63
3f1a3f2b3f19bf4a
bc0ebe1fbf79bd8d
3d653f31c040bf13
bea3bf963e7abf32
3e9a3fca3e933e5e
3eb7bf27bf373f05
bf10bf5a3f15bfa9
c013bd75be1d3ffe
3f283e0dc029bf12
bf25bd6040153eb2
3f143f12bf34bed0
409a3d22400e4049
bfaf3fe1bf993fbf
3fb63ff13ddcbf54
3f24bcab3f083e88
3f16bf4abf693f1b
3f42c0943ee4bf84
3e9a40a03ee53d88
bf81bf62be87bf0c
3d49c02c3e023edd
3f2d3ecd3f073f1f
3faa3ec1c07c3f45
3f8840043f7e3e55
3e30be2a3edb3d59
400abf3b402fbe9a
bf443f17bf383efd
bf35bf3abe68beb8
3fdb3f65becd3d7f
bd71bd73bfbabf0a
be4c402dbea6bcfe
3f16befd3f463f0a
3f23bf4f3db54010
bdef3e783f823f9c
bf423f2340023f9b
3fb4beb5bf80c00e
3f2dbf103f49bf15
bef2bfc0c010bf8d
3f163e6e3e483dc1
bd66bc8fbd19bdca
bb673ce8bccd3c51
bcd4bd74bcb7bcc4
3b1cbe01bdd9be28
3d763ccfbd13bca0
bcc13da03d8f3d69
3d2abc2e3c993d11
3d29bd443d093dd0
bb653d083d8b3b95
3c8f3ca63d4c3e24
bcad3d033d07bd1c
3b3abd1fbd10bd41
3c9c3d38bd3e3d46
bdb73d51bc973c98
3cd5be0dbbfa3c8e
bd773d733d4a3c0b
bcf1bd9e3dc83d60
3cc23d9e3d9dbcf4
3cce3d02bba03d86
3b9c3cfc3d8b3cdb
3d9abdcbbc56bc14
3aa93d6a3dafbdbc
3ac9bd9c3be13daa
bb62bd39bc803d7f
3d893bd23d883db1
bd023d6d3dce3ccd
3aeb3b9fbc1cbce4
be0c3d103bc53aa2
bbc7bd133da33d7a
3d7cbde1bd6bbd5b
bd963c50bd6e3db5
3bb8bd893b41bd3d
bc843e06ba52bdb5
3d4a3d403b4cbd88
3c8a3dc43d26bdb1
bd2c3b993d6f3dd6
bdfbbd2abceabd30
bcc63d8f3cd73ca4
bcaebcf9bd913d89
3da6bda3bc03bae6
bd76be033cbe3d1b
bc31bcb73c06bc87
3cea3d713d8b3cd9
bcfc3d64bb223dbd
bb92bd79be02bca9
3d013cc5bcd9bdd7
3d4dbc083d9fbc90
3cc33d8bbb563ce9
bb1abd56bd833d1d
bc703e393cf83d49
3d5339b5bd94bd53
3d233c14bcd13db3
3d943c93bdd0bd26
bce83cc43dc9bcac
3c7abd873d31bd33
bda53d03bd80bd56
bbb5bdf63d2f3ceb
3d573dc8bca2bcff
bd3c3d75bd33bdb5
bd3dbdfe3d8c3c3f
0000000000000000
bb9dbd93bc363c86
3bdfbc8cbd27bb8a
3cc8bda33d22bd39
3b833c6a3ce6bc84
bc8e3d2d3dd33c23
bd0bbd903d8bbcc5
3d913d13bc24bcae
b9e73bc83d1b3da4
3d143a9dbc9bbd42
bd113a963dcdbda6
3d73bcc2bc143d63
3c1f3d313cc63cc9
3c013c93bd3e3ca1
3d023d173d783b01
3de6b9843d543db5
bda53d933cf2bcd2
3d463c83bd023aba
3d71bc923ce53d9a
3d92bba5bcfd3d7c
bd33bd49bd143cfc
3d743c413d43bd9e
3c123cdbbc753c4b
bd44bc3e3d093d11
3cde3d003d4a3c14
3c403cacbd6fbd1b
3cb5bb80bd273bbc
3c9a3d15bd08bca4
3cdb3d0d3c803cf0
bbf43d39bb57bd50
bda33c823e1e3dc9
3d2dbd1cbcfb3c00
3d313d773c593cde
3c313d7ebcf43d0a
bca63d8a3d0b3cfb
bcee3dac3ba8bc4a
3d173d8bbad03bba
3cf0bcca3b2cbe08
bcd23b97bd4f3cd1
3cc4bd17bceb3bda
bd4a3d1e3c0c3c2b
bddd3c2a3cbe3de5
bde3bc95bd233cf2
bda0bd04bd7f3d8e
bcc03b983cf93d9a
bcf0bd40bca1bcf5
bcd83cb53b8c3cc6
3d043ba1bcc33d86
3bff3d2fbcc53d1a
3dba3c85bcc83d83
bce0bb523dad3d05
bd913d053cf83d00
3d6ebd06bdabbc6f
bdb73c0f3dd8bd32
bc95bd263d96bd86
bdd9bd0cbd40bbe3
bcd0bc283c68bb16
3dccbc063d633bfd
3d81bca63ba5bdf9
bd6fbc953cd1bdf6
3d533db0be053d0c
0000000000000000
3e2ebce0bc813d69
bb15bd5d3b903c97
bd41bd8ebc36bcf0
bc023d8cbd3bbd8a
3d463d94bdba3d5d
bd23b9d0bd8bbc17
bc4fbc883da9bd1a
bd10bc193e193d3d
bd0b3e04bd8e3d1a
bd9b3cd5bd05bc8b
be16bd113cc6bce8
bc573ce53d15bd8e
bd883d583d15bc95
bc63bd563d13bd89
bd9ebc8bbd383bd0
bd80bd8dbccb3cd8
bd97bdc33d173c91
bce23c5e3ceb3dc0
3c543d243c263cc4
bd90bd143d973cf8
bcc63d543df8bd39
3bf43d81bd6fbc05
bd363dafbd58bd09
3c56bd2ebd41bd0f
3b553c8d3d603b05
bb4ebd2e3cf0bd5c
bc653ca53d8cbca7
bdda3d293ce63d9b
3d183cc1bdb0bb25
3d8dbcdcbb5f3c58
bbb33d3bbc1fbd55
bc68bd4e3dc83dc0
3d5d3c013c0b3b91
bc5cbc7b3d503de9
bd45bdbdbd193d86
bda4bbbe3e173dc3
3dc53c90bcafbc75
3d013da7bdc9bc24
bd71bd693b6f3d9c
3d60bccebd5cbd4c
bd003bce3d91bd84
bd27bda23c8a3dab
3cab3d183d1d3bbb
3d4b3dc6bdbfbaaa
3d43bd60bd063cdc
bdbc3dcfbe073cdc
3daabc81bd37bd53
bd013d123db73cf4
3dfe3cdebd89bd9b
bdf13cde3dab3c18
bd983d7e3d75bd59
bd293bdb3c1b3d5a
3d89bc4a3d2a3c54
bd9abd15bd1fbdfb
bd953c59bd193d90
3d0f3d63bcfabd67
bd5fbc8b3d29bb4a
bd693c84bd643d32
3d413dadbd953de3
bd48bb503cb53cef
0000000000000000
3dd8b990bd903d3f
bd01bba73cfdbddc
bbd93c29bd823d71
bd053bd83d443ddc
3d063c723bd6bd77
bd673cdd3c3f3c7f
bbe4bd4cbd323d39
3dcdbd773d143d9e
bc0b3c8dbc8c3de7
bde93c703c813d94
3d403c3c3d7dbc83
3cf2bd303dbfbd96
bc6b3d1b3d213caf
bd3ebc053c573d7c
bcaa3c8f3dd7bc93
3cdc3dbf3b85bc9d
bcf03bb8ba17bc86
3bf6bdcfbc973d19
bc0dbb9abd1e3bb6
bd1a3c143d04bd7a
3d043d1ebe06bc58
bb653dab3d35bd95
3cafbc8fbb903be2
bd68bcae3d9bbd6a
bd11bce33dbfbcb8
3e0fbb30bd453d02
bd5fbdf6bd88bd1c
bce3bc5cbd2c3d3d
3dbbbd3a3b503de6
3d103cd13da4bd9f
bbc13c1cbb2c3d60
bd813bc43d2b3b8e
3cd23cfdbc723b8a
3d7fbdd03d1cbd17
3be7bcb23cf03de7
3dad3cabbce3bd94
3dd03d61bd9e3da2
3cbb3c813d4c3b05
bdf83d32bd95bd20
bd8cbc3ebdb8bdd0
bc93bbbd3dc23d43
3cd7bc3f3c873cb8
3dcd3b5b3d283c08
bd85bda43cf23d40
3cc13c3d3c953cf3
bd8b3cf3bde33d0e
3e343d0cbc1abc16
3da0bdaabda2bc12
bdaebda73e103d9d
bceb3b48be1a3ca7
bc1b3d01bb37bd02
3d20bbf0bca43d63
3cb5bc02bc5f3dc3
bda3bc613d2ebd36
3d97bddabd06bc58
bda2bc483d0a3d62
be05bc5cbce1bc74
3c253e0abc78bd31
bdd8bd003d15bd5b
3dd1bd7bbd25bc0e
0000000000000000
bd3d3d68bb8dbd8b
bcfd3d183cf73dc2
3d4f3cb2bdb6bd3c
3c523d12bd3b3d24
3dbdbd1d3d173d09
bc593a023df43ca5
bc20bd963bacbd33
3ce739283d71bcc2
3df1bdbcbbd2bd7f
3d793d26bd7ebbe8
3aafbca53aef3d19
bdb33c44bc4ebe17
bdaebd20bb7d3df5
3af03b91bcbfbd41
bd75bc6fbd7e3dc9
3aba3c70bc49bd0c
bda5bd9bba8bbcad
bbffbce3bc5d3d6e
3d66bd2fbc9b3cfb
bd5ebca1bdce3d84
3ba4bd10bd033d06
bde7bd06bcb33d8d
3d74bc06bd75bd66
bd89bd6239a03d9b
3e0c3bfcbd043c1d
3c943d07bcfabda3
3bc1bcffbd0e3d09
bdf8bca23d8d3cb0
bcf0bd0a3cd53d3f
3c4bbd11bd3b3bd3
3d653cdb3d2cbbdf
bd41bcb5bd743b57
bcdfbc703c713c81
bda7bd9e3b7b3dd9
bd37bdbfba9ebcc2
bdba3cf63b66bcba
b88a3d22bbb0bdea
bb81bda2bd3a3c82
bdddbc933c473c97
bd17bc58bdfabe0b
3da23a37bcba3da6
3dc43d80bc283ce5
bdbc3da53da8bda6
bd4e3c843ca7bda5
3c5fbd9abd2fbd5d
3ce53d6ebd7abc5d
bcb03d413d67bc58
3d8f3d873d223ce8
bdb8bd9cbdbfbbac
3dbabd643c533b16
3c203ba93d283e16
3dc8bce03a3ebd65
3d6a39fdbc9c3cbf
bc3f3daebcac3c91
bbc03d0cbcd63cc5
3d2a3b4c3d56bdcf
3b1f3c15bd4bbd1e
3cfcbbe93cd7be0f
bdeebd0e3d193cd7
bc3f3d82bd1c3c02
0000000000000000
3ba8bdd93c2f3da5
bdf0baa73d21bdc4
3d093d7e3bee3db4
bce2bdc23cea3cc1
bd833ccf3d9bbd2e
3beb3d173d74bd82
3cc33d17bca23da3
bd67bd32bd31bd4d
3db8ba4cbd36bbb5
3caa3cb6bcfd3de2
3d953e023da0bc03
3d65bd11bdeb3d93
bce93b9cbd2dbd1b
bd1abad3bced3d00
bd0cbd40ba7abd9e
3d63bd073c86b983
3ddbbd8e3a7ebdac
3d08bbe53ca13cec
bcf53d8e3d88bda9
bb28bd6c3cc3bb93
bc8bbdcdbb8cbd2d
bd773d62bb2e3d0f
3c253c37bbc3bd2e
bd80bd623c54bbcd
3deabe02bdd5bdb8
bb91bd91bc9f3c17
3c20bd8fbd61bc8b
3d5bbd6e3d03bde2
bd05bd1e3c85bc8e
bdb53d5cbd513b7c
bd0abce1bd863d71
bbf83db83bfe3d98
bd783cd1bd0f3da9
bda0bb8f3db6bb51
3ae33bb0be1d3c0a
3c373d233ba0bca4
3c833ce23d0cbc23
3da8bca7bcbebd11
3cb6bcb93d733d5a
3bdd3d1d3d04bbd7
3e233d003d6abdbb
3bdd3d4abd0a3d6f
bd023d133bdf3d8c
bd40bde33c89bc7e
bc79bc9e3c65bc7d
3b8e3d25bd363d27
3dc8bc823d4bbcf6
3dd73c5abd43bdce
3daf3d253d383b04
baa0bd10bb4abd5d
bcf2bc7b3d29bd14
3dafbd9dbe1bbd63
bd50bc4d3ce7bd00
3d99bccebc17bd94
bbf9bce9bc9ebc0d
bc10bd90bcf5bd8b
3d35bd16bc163c5b
bd2bbdb1bd02bc11
bdf33c833d363c19
bd6cbd2dbcb33d8b
0000000000000000
bc053d923cff3e05
bcc63d01bd043c03
3d4cbde7be063c8f
3cb33d3fbd05bdd8
3d57bd54bd903d09
bdaabc0dbb79bc7d
3b2dbd9a3c10bc42
3d1abd57bc473beb
bd0e3d243c83bc81
bd113c843d053dc7
bbc73d29bd5b3d21
3d863c3dbd3d3dae
3c97bd9b3c54bd0d
bd50bdbd3d133d0a
3bcbbdc93bd2bbf6
3d49bb8abb393d4f
bd003d6c3cfbbe04
bc7ebd343d41ba28
bc963d713d4b3bf5
bd663d703c733c48
3cb1bcab3d1ebd02
bcc2bc1fbb7e3c69
bbeabd24bc4ebd6c
3c8ebb87bde8bd20
bd3fbd3fbd7ebd9a
3d0fbd0a3d8e3ce8
3bdfbdce3d74be12
3bab3cc23d053c61
3d063c4f3ca43d1e
3c113a51bc22ba98
ba8ebca03b93bd91
3dad3e43bcd83e04
3c853e323d7ebe09
3babbd473b9ebc95
bc9c3df4bd613d89
bcf63dd53da03cc8
3d19bd91bd3cbbf9
3c79bdbbbd9fbd29
bd3139f03ddf3d54
bd71bde1bd28bd86
bd5abd1639b9bdc3
bc08bd403c2f3d5d
bcbe3d9a3cb7bd0b
3d0d3d4c3b933d0e
3bd33d463d723cab
3d603e08b8b7bd87
b9c5be02bc74bd7f
3d5cbd913d243ddf
3c8b3c023d19bd54
3d8b3d233da93d1f
bd0c3d18bd093d60
bd183d5a3b95bde4
3ca43d14ba5e3c9d
3d5dbc66bcbdbd6b
3d08bb863d763d38
bd913cf43dbdbd7e
bc8bbd3cbda23cb0
3c23bce3bd37bc38
bc113d723dc93d42
bc983d553d5ebcc1
0000000000000000
3bff3c9c3d25bd38
bd323d5e3d4d3caa
3c2e3cc8bb8f3d94
3d303d813d1b3bc4
bc80bda8bd0a3d16
bca5bcfb3b33bc89
bcd2bd2a3c1ebd24
3b003d27bd123dae
3c72bc903b9b3ae8
bc8cbd1a3d603d81
3cb13c9fbd5ebcda
bd07bb893dc0bd1d
bc573d3bbce4bcb1
3d06bbefbd223d4f
bd3ebd4bbbbe3d26
bd493cf7bc68bd6e
bc4cbc58bddbb9d7
bc64bd213cfbbcf6
bcbabcc1bd4abd43
3d18bc933d793d23
bdc3bc83bc7cbd94
3d1fbc8ebd0ebdaa
bc97bd0bbcedbdc6
bd253d3bbcec3d64
bcc13d013d2b3c18
bcc4bc133de6bda5
bd1d3cdc3b7dbd3b
bc453d90bd3dbd6e
3d10bd683cabbd2a
bbd43d543c80bcf4
bd5bbd87bd443cc6
3d12bdea3d4cbd2d
3c493c893de9bdd3
bd21bc0d3d31bd36
bd4abd343dd7bc97
3b38bd773d68bd98
bce6bc6fbce73da7
3bda3e303d08bd06
bd5d3c46bd093cc9
3c7f3e08bd823d1b
bdbebc533cac3ad6
bce83d233abdbdc8
bd4e3dd5bd793cd2
bd703ca7bd93bd07
3bcb3dcf3d18bccc
3db53c6b3c90bd38
3d30bd6dbd6abd2b
bdab3bd93d28bdb2
bb9ebcac3dc4bc59
3d2bbdeb3d3f3cc5
bd7b3b753da8bc43
bd553c66bcebbcbe
bd913d48bd203d91
3c733b913d8f3c70
bd3ebcb4bc993df9
bddcbd17bd4b3cd9
3cb0bd1cbd8f3bec
bd7d3d99bc2c3d78
bbd23d32bd22bc30
3d19bdc6bd06bd24
0000000000000000
3d483d2f3d24bb92
3d173bc6bda33c12
bc183be9bd593ced
bd433d74bd3fbcbc
3cc83cc63cabbd87
bdc5bd873d89bdc0
3c833ce83cf53cda
3d3f3d773d853c96
3d0b3dc9bd87bd94
3c743e02bb273c34
bdb0bd08bcb53d87
3cc6bdfd3dfcbd0e
bd14bcebba4d3ce5
bd9bbd10bc52be3a
3c823db6bc5fbd4f
3d083d853cf73d0b
3c9f3daf3cb33c83
bd103d493cb83d33
bd65bd953d5c3d89
3ccdbd903da53da9
3d89bca3bd863d2c
bd0fbce3bd2c3dad
3d51bd4bbdc93c93
3c8e3c2d3c423d10
bd89bcebbc5a3d47
3d493dbb3d953c6c
bd4a3d27bc9f3d03
bbeabb843c163c36
bd103d31bd9fbd94
ba913d9dbd4b3d8e
bd663d51bcb13dba
bc773ca03d9b3cf8
bcb5bd613d69bdd3
3b363d8bbcd6bdc0
bd68bd9f3dbdbcef
bcaabd713d0abcbc
3d4c3df33c753d9b
3c55bd273d44bdc9
bc4fbcf2bd253d57
bc0c3dc2be0f3e18
bd863d9bbdc1bd29
3ce13b8cbc3abc9a
3cbdbb97bcacbb5b
3d503d3c3c89bd06
bd90bd23bcdabb38
bdab3d1b3b7d3e15
bc9f3d4f3b953d82
bcc23d173d553d96
3d29bd37bdbabc95
bddf3d353d083dc6
bca53d03bbc1bd07
bcc4bd103bffbd5b
3cadbb0d3dcabc16
3bbb3d6bbc97bd06
3d2dbc9b3d1fbcb0
3d4b3c3b3cedbc0a
bc8b3d39bda6bc1a
3dd83d163d2a3db4
3b9bbda5bd723e0c
3c553ddb3cbdbd78
0000000000000000
bc86bc833d64bd16
be033cc93de53db4
3d343caf3d28bdb0
3dfebd06bd21bd9b
bc5ebdb8bd823d3b
bc42bccabdb0bd42
3c81bd263cdb3d2c
bdce3bde3c143d6c
bc403d443dc33d2a
3d403d253ca6bb7d
bdafbbdabce2bdb9
3c813d8fbbd2bc62
3cbb3d52bd02bcb0
3dc03c2ebcf13d76
3d90bd54bce5bc7e
bc123daf3d043dbe
bce63c9fbdb2bbd3
bcf7bd2d3b203bfa
3c2cbd2f3d85bd71
bc413c5d3d88bca9
bdfabb5abcb6bb52
bd99bd7e3c18bc93
bd6ebcafbd8b3c45
3e18bc5abcf63d84
bd603cd6bdca3d15
bdbdbd2a3c8a3c2d
bc433bc03d5f3b8d
bc713c02bcca3dbf
bc853d3b3cee3d82
3de23cd53dbbbb84
bc26bc193c28bce3
bb733ccf3d02bd51
bd7ebc88bd33bcf2
bd163d88bdd23c3a
3c97bd03bc443cf5
bd1b3cccbd103c4e
bc4e3d1abdffbcb6
3e38bd87bb963d06
bd6ebd72b9c7bc29
bcfa3d63bd37bdf6
bdcc3cb7bd903c23
bc39bd223c2fbd17
3d66bdb4bd56bd30
3c4e3cc1bd3d3bc1
3d433d3f3d3ebd4c
3e08bc4d3cb63ae0
3c623caa3ccabbe7
bd25bd673db43dab
3cb1bd6e3d29bbb0
bd41bceb3bf43d44
bc0d3ccf3ce2bcf3
bd88bbd2be083d44
bc84bbf1bcd1bc85
3c97bd71bcb03d82
3d313cd6be143ce7
ba95bdcb3cfabddd
bcf33d8bbc543d8c
3c5cbd513d093c1e
bd263c58bd8dbd02
bc9abd4cbdc0bca8
0000000000000000
bd09bd16bcb9bc53
3d233c30bbb63bfb
3db1bb91bb8cbdcc
3d593d143cb23d60
bc973ca9bbd43cd9
bd573e1b3d2a3ba7
3d013d9dbd17bd53
3d2a3ca9bd76bc28
bd143d2339c3bd05
bd103c91bd9c3cea
3d053d243d6dbd15
3bbabceabb363db7
bc19bc593c99bd9f
bd95bd1abd0c3c0d
bc363d213c41be10
3d17bc07bd51bd73
3d043d21bd43bdf0
3c10bc4dbdacbda8
3d69bc03be103d9c
bb653dc83d08bd53
3d053c37bd25bc0d
3d70bd2cbd353d9b
bca9bc0dbbdbbd06
3d5d3bbfbc64be33
bd753cbabe37bc20
3cb3bd1cba7d3d2d
3daa3c70bdb8bd6b
3d08bd74bcbebb2b
3d80bd62bcd33db4
3cfbbd2c3cf53dff
bd583d033ce13d6e
3d43bc83bd49bda2
3d763dc7bca43bd7
3a9e3a133d8a3d4d
bc563cf3bd553d3c
bdbb3cbd3dadbd5c
bc2fbdac3d4e3bd6
3c3e3d853bbc3d87
3d243dccbe3a3d4b
bc15bd5d3d633c62
bd6f3cc43bf3bdf5
bd19be37bd9f3d41
bd843d26bd5ebc99
3cee3d1a3bd23d05
bddbbd11bd093c8f
3d62bd4abd243dd1
bceebd693bf03d9f
bcc9bd063d113d34
3d46be043d28bd0a
3b783dc4bd0fbdab
bd713db93d9e3c6a
3d243c3d3c043d89
bd5c3dbd3cb9bd24
3de33cc53be33aad
bd8ebd493d2a390e
bd29bd113d81bbb6
bcf53d30bc0dbe19
bd453d9f3d8dbd82
bd243db43d69bd3a
3c0d3d40bda83c09
0000000000000000
bc663d13bd8abc72
bc613d86bc1a3d04
bdd6bdb23d46bd22
bc8f38ffbcb2bc91
3c3f3d30bd81bd1a
bc70ba133db6bc9c
3d84bd6d3d18bbf4
3d7ebcf4bd313cf2
be253b3cba88bddc
3d25bd29bcd1bd4b
bd70bdeb3d273a3f
3d6d3d80bdc0bd70
3b3bbda43d07bc9a
3d91bcba3d863cb6
3ce63d20bb2e3d7e
3dc03da73dba3d45
3c8e3dbb3d563cd6
3d443d3dbc25bd0c
bd1b3d1bbd97bd50
3d13bc98bbfb3dd5
3c45bc913c9bbcfb
bbbdbd6fbd80bcac
3c183bf13c9c3d04
bbeebd373dd2bd09
3d89bc0f3b89bd52
bdc5bd243c1dbda2
bb37bd21bd1abd1b
bca03bf5bc87bd38
3d08bcb1bbc9bcfd
3d2f3c9abd9cbbcf
bdb73b223d1bb9d6
3da93b62bc59bcf6
3c843dbbbdd63b8f
3e3c3d1cbcef3d47
bcdd3b123da9bce0
3d96bc18bca63d1f
bd46bc89bd0ebcc7
bd72bc3dbd33bd00
3d353cc8bc903b26
bd5dbcd9bd95bc9a
bda13bf13d7cbd6c
3d013dd2bc63bd46
3c793cc7bdc83b15
bc97bbdebd32bcbb
bd51bb35bc3dbd4d
bcb63d24bca63d39
be413d0ebd293c94
be2fbd353bd5bd50
bc943c2ebd6a3b4d
3c27bc8ebb393ce1
bd50bcb1bdf4baff
3cf73c0a3d583d5b
3c213c083c89bc34
3cea3d1d3d4a3a07
3d983bafba57bbee
bc203be0bdb6bda3
bddebcd93c11bd64
3d213d023cf73d1c
3d82bdd6ba8fbd08
3d90bbb0bd3ebc7d
0000000000000000
bc7abd21bc613cb8
3c94bdb1bbd9bc03
3ccebd15bd35bd9b
3d4ebdf3bdba3d62
bd903d0cbbff3de7
3d8cbd213e0f3b84
bb393ab1bcfe3b5c
3bafbd6e3d58bd47
bd683c9b3d24bd76
3cfe3deb3d7bba6a
3cddbd023c55bd1b
bc633de03c863d86
bb75bcb8bc7bbdbe
bc8f3deabe16bb08
3caa3d963c3f3d6e
bccf3d1cbc4f3cac
3bca3d13bd90bdbb
bdc83caa3bb53da1
3b27bd2e3bf9bc0c
3be33c0f3e313d94
3d243bb0bd3bbda7
bd04bceabba53cd1
3da8bde7bceebd34
3be3bd963d1cbd2b
3ce5bd43bca5bd64
3d123bd43b81bd67
bcaa3da33d13bcdd
3d8e3d3d3aebbd2f
3df93d763d853da5
bcec3d1dbd05bce3
3d35bc5cbd35bd00
3d7ebd85bc32bdc1
3da13c9b3d593cad
bd1f3c21bd81bb7d
bce53d843be7bd49
bd643cc8bd4cbd07
bda23d563cd1bc5e
bbafbd04bc18bcb1
bcfcbbe83d453d9b
bcadbcaebc0e3ce0
3cf1bd1c3e243d01
3db4bd413d5ebcd7
3c653ce2be0a3d3e
bc723da5be0739a3
bd64bc26bb563b07
3d5c3d063de43be5
3d253c4cbd0b3d7c
3d843d833d2dbd0d
bd943d8fbc9bbc66
3dcbbd03bda73e01
bbc23d023d9c3cb1
3d1c3b863da1bcaf
bcce3d9d3d33bd1d
bcd3bca83c6fbd5c
bd12bcbd3d1d3d26
bd663bf73bee3ca0
bdc93d60bd203c40
bc88bdccbd8c3d94
3dbcbd23bda23d77
3d3bbbba3cb13a99
0000000000000000
bdc33d4f3ce8bd09
bd0b3cbebd883a79
bd1cbd2c3c563db5
3dbcbd37bd30bc95
3d853d373c03bc78
b9b8bcfabd24bc11
bd7ebb68bd683d27
3db0bc353b043d53
bc543d3c3d26bcd1
bd9dbd29bcc9bc8e
bdadbd8f3d523cb6
bb87bd22bd373ad9
bd363c5b3b7ebdb3
bcdd3d113d923d8d
3d03bd3a3bf0bd9f
3ce03d0d3db5bd1a
bb2ebd893d8bbdd9
bd5e3e2bbb403c86
bd963df6ba033cc0
bdb33c7abd16bb38
bc69bb8a3c90bb0e
bbd23d833c543d04
bd223ddc3d93bd9a
bc7ebd363c143c43
bd173dc2bdbcbd21
bdc9bc863dae3cf1
3d14bbf9bcabbd8a
bd32bc48bcecbdbb
3b48bdf3bc85bc5b
bcbe3d323dd0bd48
bc293b59bd5f3c2a
bcc6bc53bd1dbc37
bcb9bd5e3d01bb3b
3cd4bcf8bd0c3cba
3d063d533d423d41
bd95bdb8bd79bd7a
3c8c3cba3d383c66
3d113c893d3dbd40
3d59bd2f3d73bd06
bd9bbd483c4bbcfc
bc13bcd5bccbbd78
3d37bc823d393d7c
3d6a3cd7bda9bc8f
bcda3da93d3fbc97
bc8dbe083e173d06
3b0d3d97bd1e3c02
3a80bd36bd90bcdb
3ce13d53bb09bb67
bc773c2bbcc33c27
bd3ebd98bd2abd07
3d91bd6f3e5f3c8b
3d54bdafbc9c3d49
3df6bdce3d61bc8e
bd923d30bb6cbd59
3ce6bc97bc7b3d3a
3dbe3d76bd063de5
3de5bd9cbb78bc94
bd50bdd33c8f3d5e
3da3bdf3bbf9bd46
3c013c023cf93c4c
0000000000000000
3d5cbb603dae3d96
bc1a3bda3bc6bb28
b9893d37bd5b3d6b
bcc23d403da03b67
3c3f3d36bc633ba8
3d11bcde3d2f3dc6
38dfbd283e1bbda2
bc0ebd363d27bdac
bd023bafbcd23c06
bc7bbd9bbd53bd6f
3dc63da7bd993d1d
bd53bd423d973c84
3a27ba433cb03c1f
3d23bd703d8f3d3f
bd49bc193d1f3daa
bd36bdb7bd66bcc7
3cd03c92bd67bdba
3c80bd413dd2be08
3d553e093bbd3c24
3c07bd09bcbe3df3
3b48bd7d3d7abc94
bb1b3c2bbdc7ba8b
bb3c3ca1bbbcbc52
bd5ebc263e06bd23
3d363d643df53c4f
3d2ebc6bb9b13d2b
3d2cbbd83cc73c5b
3d0f3c53bd13bb22
bd6abd173dc23d1f
bd233ca83bdcbad1
bd80bbf7bc1ebcbe
bd8b3d4e3c1fba99
bceabd563d043c94
bd45bc14bd043e30
3cd53af4bcef3bc5
3c86bdb73dc43d1b
bde93d74bd6fbddf
bbe3bddcbca13dbe
3ca3bded3d2b3d93
3c623d243d65bca9
3d123d333c903dc7
bd60bda13d7ebd60
3bbc3c71bcefbcf8
3b9abd3e3da13e17
bc863d0f3cbbbdc8
bbf8bc853cab3daa
3dbe3ca53ccb3c84
3e13bd9fbd133b35
3d043d0fbccebca8
3c3d3b6e3be73d84
3c32bdcf3bb03c79
3c31bc973d69bca4
3da03b65bc363d89
baf53cf33cb93d84
bc9dbc8d3cf1bd62
bcd33c9a3d87bce9
bc86bca1bca0bcc1
bcfc3d953c5e3d58
bcd73d8c3d74ba2e
bcb2bd4a3da5be10
0000000000000000
3c01bd5fbd8b3cab
bdb43d833c86bc1e
3d2b3d05bc533bbe
bda83ce2bd57bb3d
3c65bdef3c3a3c9e
bc903de13c153d4e
3b9bba4fbd8ebcf9
3da7bda23b713cf9
3cd9be363a0dbd04
bc0c3d553d50bdaf
3d42bd353ce53d77
bda53dabbb72bde5
3d26bcf0bbc33de8
3d5bbcda3d34bc3b
bcffbce4bb19bcd7
bd0d3c07bdb2bcd7
3cfcbd19bcfabcc0
bc41bbb5bd07bd8a
3c113d99bc323db4
3ad8bc2dbc9cbce5
3cd5bc723ddb3ca4
ba76bd5a3b133d04
bd393d523d763d41
bd4b3dbf3c4ebd2d
bd083d823d1dbcaf
bd82bd783d09bdc4
3cd03dfc3d56bcd3
3d95bcdf3cfabd14
bc5a3d1a3d11bc8d
3cd8bd213ca73dad
bd02bbd43c953d5d
bd18bd473dc93a23
bcb13ddebd06bdae
bd8b3dcebc9dbcbf
3c1d3cd43bfabda8
bce03cafbdad3d82
3d593ceabd52bcf8
bca13de6bd68bd81
bd96bc373a14bc3b
3c7fbcd5bd4d3c3a
3d48bdc63d8e3d59
bd67bc54bd063da1
bd29bcd53c543ce4
bcd13c69bb14bdcb
3c6c3d3dbd80bd97
3bcd3d6b3d0cbca3
bbdbbcea3ce53c1f
bd0e3dc5bd093d06
bd0f3d9b3d493af5
3d13bcb7bc883d44
3d183d8cbdc5bc5d
3d72bcb8bd2e3d54
3d243d82be013d1b
bdc23d1e3d40bd9c
3cbfbbf13d7cbd25
3da0bdb1bdcbbda5
3d333bed3c89bcaa
3ceb3cd33d343c69
bdccbd42bcefbcd6
3d623cabbd63bc2d
0000000000000000
bcefbe023dcbbd1d
bd7cbd50bd38bd9f
3dd83d80bd7c3cb2
3d143dacbc22bd21
3c2bbba5bd293afa
3dbc3db8bd213c29
bd4bbd473cf83c9a
3cb8be3f3d96bd16
3c943c623da6bb52
3dd8bd3f3d3dbc4f
3d33bccf3d36bcf8
bab5be10bcd53dc9
bd26bccdbcfbbb22
bd64bcbcbb6f3d08
bcd33cbfbcd53d77
3d4d3e123dc93d29
3c14bdad3ccf3d96
bcc8bd603d0b3d5b
bcf0bdb53dc8bcb3
bb7d3de4bd073cee
3d32bcf5bd023cf0
bd313d3abd2fbc5e
bc7abd3cbc7f3d12
bcebbbfe3c2a3d5a
bd18bccb3b33bd87
3d24bd4bbc263d3d
3dd73d25bcd13cb8
3d9fbced3d8ebd2d
3bd43da6bdc83d69
bd293df8bcc7bd3d
bdba3d2cbe34bc84
bd8bbd8b3de53d5a
bcda3d9d3d253c27
3badbc37be0b3ce7
bd91bdcfbdb33b70
3d8dbd4dbd77bbcd
3d783cc73db6bd6f
3d09bd68bc863d9a
3de73ddfbd01bc0e
3df9bcaebd8ebcd5
bcabbc7f3d8dbc27
3d81bd4bbd4a3d74
be1b3df63ca33d7b
3d20bd90bc853d0b
bd9d3d0cbd183c29
bd2d3d1abe30bc66
3da93d1a3dccbd61
3c723e01bc11bda8
bd45bce83d243c9b
3d683cfdbe09bddd
3d5e3c83bd92bcf1
baf5bdae3bb3bc56
3c7ebd563a64bd85
3dc9bcaabe123d29
bdb2bd7ebcf23cf2
3ddd3d7a3cbd3d06
ba39bd463e1dba9a
bd703d60bdb33c82
b94a3da7bdb7bcfa
3d24bcc13bd4bce9
0000000000000000
3d213cd03d99bd91
bc51bd26bcebbd6a
3bc23d09bc633e1a
3cd73d303dee3dc4
3c4638eebc7abca2
bc913d5abdcc3d2a
3d083daa3bcb3d58
3c2abb323b9a3c61
bcaebc863d8b3dad
b9d1b9a23c91bd7a
3cd43dc4bda1bc19
bcf2bddf3d8bbd8f
bcb7bd1f3a9c3c59
bc9e3c803d9d3d99
3d1d3cd83db83d91
bcfd3bf4bc913e10
3cd0bc34bd08bacb
3b063cebbad0bcfa
3d38bc83bcbb3d36
3d5e3c91bd2b3c3e
bd7bbc6e3d0bbcb1
bc173dc2bb5e3c9c
3c41bdc7bc4a3cbb
3bb53c133d113c44
3c6ebd8b3c05bcf5
bbfdbd39bbb5bd57
3c84bbafbbacbd8b
3bd3bd12bcdcbc52
3cd53de13d9d3cfe
bd22bdad3d1e3dec
3c4b3cd13c153d84
bd9fbd17bd113d05
3d11bdbbbcc9bca8
bd513c4f3cd93d43
3b1abc0b3d1cbc68
3cb33cd5bc663d49
3d53bc8cbcbbbc94
bc82bc76bcde3bf1
3da33bdebe083c8b
3d353b5f3d4d3d29
3c3ebb013ca93c8b
3d183cc4bc93bd19
bc11ba7abb42bd8a
bc31bda7bd283cc3
3d103d153de2bcf1
bcf33da53cc23bf7
3ca7bdae3e05bc41
bd2fbdd23c453d2e
bd0bbd3f3b2ebce8
3b023c04bcc93d0f
bce7bcc43dacbcd2
3d763d883d7fbde3
bc6ebd9a3d1f3ca0
3b88bc833c293ce3
3d6a3dc1bd1dbc3e
3c853d0a3d34bb41
bd6cbcd53bc1bd9d
3c853d2bbdbfbd54
bcc23dce3c683c2b
3d01bbf0badbbddb
0000000000000000
3c5f3b3c3dea3d5c
bcb83d523dce3c9d
bd933c8d395fbc20
bc6a3d39bd343d79
3d77bd6dbd9abc57
3d103c79bda4bcc1
bd1ebd3a3d873d8f
bd02bd36bd0e3d23
3c8dbd62bd4ebd83
3da6bd903dc1bc85
3ca03d723d4dbd52
bd0abdd73df23d93
3c3f3ac4bd48bccd
3c38bc703db8bd28
3cee3d0b3cb83c9d
3d603e06bdba3d28
3d823c8bbd7bbafd
bc223d52bd603ce5
bcb33d5f3c3cbd67
be133d2b3c983c98
3ceb3dc0bd5e3b9e
bcd13d073db33c56
bc0dbdb6bdb6bce8
bc63bba13cc53a90
bd783cf73d7e3cdd
bd66bde0bc6fbd8e
bd29bcb23d27bcce
3ca2bd43bd2f3d45
bd1cbcbd3bfa3ce5
bd4cbdc83b8f3d21
3c493dbbbb5d3db2
bb08bdcc3dc2bbeb
bd383d333cdf3cba
3dbd3ddc3dcd3df2
bcc83d09bd57bda0
bc8c3d373a973d96
3d06bd4e3d6f3c14
bcedbc293c0ebc98
bdfa3dd13b813a96
bd8bbb693ccb3c87
3d6b3ce93c163c5d
bd36bd1fbc36bd78
3d6e3d863b10bd54
bdde3de63da23da7
3d76bd003c963d54
3c8bbd5b3d6f3b83
bce13d06bd8bbe02
3ca93dd2bc8f3d7b
bd13bdeb3d5fbb4f
bc86bc35bc65bd41
3d07bcb03cef3cb4
bd5bbd0ebd31bd2a
3d2d3bd8bc7c3ce6
3cf63dc23e42bdae
3cd83db1bd793c8a
3d07bdb13acf3bb3
bce8bcbfbdc8bc88
bc123d2cbd463c9f
bcfe3d523a3ebd39
bc99bda4bcb2bdad
0000000000000000
bdc5bd0039c1bdcd
bcfebd2ebb9bbcf6
bbf0bd3c3dd53d3e
3c183b173d733d57
bcafbdb7bd18bd72
3db23cae3bb3bcbb
3d29bcdcbcc53d5c
3b853ca73d503d21
3cae3d2f3ddc3c78
3cb1baa9bda5bbf8
bcaebd8e3d7f3c70
3c4bbd07bd9f3e02
bb55bd26bce93b79
bd9b3ca9bd7fbd09
babc3b80bc283ce6
3b673d6a3c23bcd1
3cadbda63d883da1
3c24be0ebcfcbd96
39d13d543ca03cd2
3d753c03bce4bd4c
bdc2bd5a3dbcbc57
bd3b3de93d2cbd49
3cebbd09bcd9bda1
bd8b3bc23d46bce6
3b143bd73d30bccb
3cb43d16bcf23db7
bd20bc3638dd3afb
3dcebd863cb03c70
3ca73b85bc0bbd83
bdcebbb53dc6bd95
bda1bc0abcc13ca5
3c2cbae0bd47bcb6
3d2dbca9bc8f3d56
3c5e3b99bc3c3cb5
3c7ebcbcbc6c3b80
bd403d8d3dc8bb9c
bbeb3d033d4e3d80
bc2fbc143daabd3a
bd803d09bc89bd5b
bd7cbc17bd66bc9b
3b1bbc8abc723d75
3d8b3bccbe03bd83
3db9bc003d193cf6
3d25bce9bc143dd7
3c24bd9abd023c08
bc35bd013d5c3d51
bc29bd47bcf43d56
3d32bcf43db0be0d
bc493d23bcc8bd01
bcc9bd57bd403d34
3cc43c33bd6c3a98
3d8e3ccdbbb43d59
be023d353da03ce9
3c0fbcbd3dd0bce8
bc31bb98bbaf3c75
bb9a3c323e3ebd1d
3ccfbcff3ccabc7b
bd093ddebc7abda0
3d27bd903d743d60
bc8a3c7b3cc9bd32
0000000000000000
3d1dbcbd3c8b3d92
bdf83cd5bd06bc6e
bdd53b88be133c8d
bc993d87bd0ebd08
bb71bce23d193d40
3d12bd0abb60bc05
3d1fbd83bbc03c55
bc253c4d3d3dbbaf
bc193c823cc23d5f
bd09b90f3d493ca5
bd423d06bc15bce2
bd00bd243d77bcc7
3d9d3c8d3cc03d79
bca63d253d2c3cbc
3c15bcf43bb6bafb
3b4a3cd7bd3dbcb0
bc9abb73bd6eb900
bd693c71bc60bd51
3cb33ba43cd23cd2
bcbd3c4fbcc7bc81
0000000000000000
bc843d963ce3b8cd
3c5bbd123bb5bd4a
39bb3da83d6fbcfe
3dbd3cf33d6bbcf2
3d31bc463d01bcae
bc03bc593d8cbcc2
3c32bce73c603cf3
bb71bc73bc153c42
bcd53bf9bd333c8d
bbf63c19bb8fbb84
3c9cbccdbd31bd24
bcea3cccbc55bd31
bd5cb977bc143d08
bcbcbcd83b9a3ba6
bca1bc1f3d3dbd5a
bc0e3cfe3d23bcb7
bcf53d283c9b3c96
3d6f3d0cbbe0bd14
3cbb3d553c803c91
3c91bd353cc8bbee
0000000000000000
bdcdbcfe3b943d26
3dd33db7bcccbd85
bd47bdeababd3ce7
bad03c303d2bbce1
bc16bdb73c8a3c9c
bd7d3b26bd673ce8
bd5cbd403b75bb2e
bccb3d26bbbe3c97
3b193cccbd01bc9c
3d8d3d9d3d673bb1
3d5fbc67bcc1bdbc
bd783c34bd563d46
bcafbc0b3bf83ddf
3d9c3db53bf33d23
bc40bd00bbde3bd2
bd8fbd603c8fbc8d
bcedbce2bd1f3bba
bd0fbce33d17bd58
3cf33bab3da1bd07
bc133dc1bba2bd1a
0000000000000000
bcfd3bfb3b97bd80
bc543d2cbda03c04
3d943cc23cefbd76
3d31bd543bb2b9aa
bcd93baebde9bcb7
bbd53d5a3dd4bcb1
3d153c75bcd3bbad
3d2b3c943ae6bd48
bc793c5f3cf9bce3
bca23da23cb6bca0
3c4fbd1d3b41bc3f
bcc63da6bccbbd93
3c0c3cd5bb50bd6f
bc56bbe9bcaabd30
bd58bcfd3d89bbf6
3c21bd133c8ebcbd
3c1d3ca33db4bd2c
3cc6bda7bb713d8a
bd4bbcc73d173c83
3d083d52bce2bce1
0000000000000000
bda9bca0bb41bc86
bc3a3ba03cf5be0e
bd3b3d583d3c3d7d
3d8a3cc13c95bd10
3acfbcddbc573d8b
3d90bc22bdbcbcba
bd13bc5d3b513d2b
bd8c3be9bc3abd0e
bd9fbd25bcb63d4c
3d92bc763c313d77
3c883c8c3c6cbd8f
3d88bd7d3c1ebcd6
bc493cc1bbafbc3e
3cd43cb4bc1fbdba
bd31bc6b3ce23cf5
bcc63d813bc0bc80
3b75bd23bd2dbd95
bcbb3c983c8dbd3c
bc4dbc463d1f3cf7
3c6ebbf53d0fbd31
0000000000000000
3c0ebc85bde43d1e
bd9dbd08b9ff3d22
3d143addbd0d3d8e
3d03bd0abcbbbd09
3d463cddbdc73d09
3c663cfe3bef380f
3da4bcf9bbdd3be0
bd0a3c46bc5bbd78
bd20bd4d3c503cca
bbf0bd67bcb5bd94
bd063c9e3cfc3d01
3d20bdb1bd2dbd41
3d47bca6bc0bbc98
bd49bd28bcb1bd48
3c6fbc8f3d57bbca
bcd73d59bd0b3d07
3b7abc6cbd71bd47
bd3bbceb3cae3d84
39a8bcbfbca1bd18
bd913d1e3be93d86
0000000000000000
bd793c893caf3d60
3d6fbd3f3cecbba3
bd29bc213d7b3c33
bd163c30bd2cbd3d
bc5fbd00bc483d1f
bbacbd77bd533d70
bd2d3c7c3c293d15
3c2bbcf63d883d89
bc9e3d6a3d5c3d8e
bd1dbd6cbcc93d22
bd0a3d6ebdbbbd8f
3d8dbd863c74bd35
3dbabcfb3c19bd04
3dadbdb33cef3bb8
3cc4bc043be03c52
bd063c043d0c3c0e
bcfbbc26bddfbd82
bdc83d11bcabbdb3
bbf83c713d46bb88
bcf53d88bcfb3b3c
0000000000000000
bd2ebddebc223cdf
3b633ca43bcf3c0f
3c01bccdbd61bd2d
bc8abc2abcc73cc4
3cabbd98bc9ebcad
3ce7bccf3d2bb8a5
3ba4bd603c8c3cd1
bd32bd93bc55bd1a
3bf9bdae3c883cd9
3b2b3c3f3cf2bc97
3c4b3d243ccebb91
bb53bd5bbd033c30
bc76bd053dbfbb36
3caa3cae3d17bbf8
bd9cbd203d2d3c01
bdbebd37bc11bc86
3d38bc813d1fbd2e
bac73cd8bd6abc04
3d323cb1bc4f3bbb
3d103c953c2abd68
0000000000000000
3b603dc43d2eb9b9
3d11bda8bd1fbd50
bc77bd30bbc2bb74
bc29bcccbca83c94
bd193da43d8cbd2a
bd26bd243d5dbd2a
bbad3bca3d5b3d8d
3d06bd30bc49bc44
bd0bbbc33d193c99
3d6fbd883be93dae
3d7abcd2bc7f3bfb
bd323cf73d5abca7
bce03d14bcc5bd69
3d1d3d6cbd83bce2
bcd6bbd6bb58bc8b
3b9d3bebbd3ebc99
3c99bbc4bb7f3994
3d82bc4cbdaa3d0e
3c71bd063a893d0b
3cf03aa0bd20ba54
0000000000000000
3c4cbd933ceabbcd
bc893d2abc0fbd67
bcf0bccb3d043d86
bd1a3cc9bc583ca5
3d7d3c923cbd3ce6
3b58bd8ebdb0bdb0
3c17bcf9bd84bc47
3bf4bcd33c423c6e
3d06bd14bc5cbb17
bce23d383cc1bc52
3c4b3d1dbd853bf1
3ca43c4abc34bd79
3c6bba433cc43d55
3c86bc45bd31bb6a
3cb4bd46bd563caa
3c72bcb13d313cb0
bbc9bd5b3d793c2d
bc843d433be93d95
3b83bcbd3d0e3d95
3ad43d17bbbbbc8c
0000000000000000
3cde3c0f3cd23d88
bd193c91bba33ca8
3d9ebd12bd24bc80
3d2a3d30bb99bc5b
3d95bce93b6d3da3
bbaabc973d153c12
3bb9bba5bc873ca2
bc88bd46bd113e02
bd36bc7bbba43cee
bd5b3d0f3c343d10
3c0b3dce3c84bc3b
bcdf3d493d35bb9d
bd0fbd873af33d51
bc023ca53d063b77
bc863ce93c463c00
3d063cb4bc94bd86
bcb53c7abd22bd9a
3d433d8dbca5bd4c
bacc3e0fbd3b3d68
3d32bd1d3c693ccd
0000000000000000
3d34bc9ebd873d7b
bd08bc993c69bba1
3bacbcefbcdebdb3
bb2abcc6ba38bc86
bd543bd4bd98bc12
bc14bd16bd3cbcc6
3d7cbc86bd2cbc9b
bbaabd69bd0a3d4d
bc5e3cc03ada3d05
bcc4bd6b3ab7bd43
bd343d0a3bb03ca6
3ab5bcccbda5bba2
bc20bc87bcd6ba2c
3d0ebc6f3c4cbd32
3c653bebbb7a3cc8
bd1cbd1f3c7fbcd6
3ba83b66bb74bd38
3b8bbbeb3d1abd7d
bcc3bcabbcb33cee
bc7e3d05bd483c87
0000000000000000
bd49bce53e0ebbf3
3c763cd4ba18bb21
bd04bd3cbd093d13
3d583d8abd98bc9c
bd0e3b8fbc8b3d43
bd1ebdbe3e183b9f
3c673d5e3d123d5c
bc813d513da1bbec
3d313cf3bde7bd3d
bcf23dcb3d3fbdcc
3d2bbc98bcdc3cc1
bdbcbc503d8fbb84
3cfa3d15bce33c3b
3c17bcb5bd043d34
3c723da1bd6dbcef
bd99bb803c543c2c
bd1abc273daebcc5
3b243d22bdee3c1a
bda43ddcbd49bd81
bc3d3c95bcc7bdc3
0000000000000000
bcfabcb1bcfdbd3b
3ccd3deabcecbcfa
bc54bd923cbe3d01
3d71bcdc3d82bc68
bd0b3c683c9b3d2c
bd0e3d50bb23bcb8
3c43bdcf3d353d46
bb8dbbcfbd12bcf5
3b59bd82bce43a55
bbedbd1cbd9abd36
3d4e3d553ca83d59
bbfb3db93cd13c9a
3d903b063cf63bdd
3cd5bc07bcaa3d26
3d903bf8baf6bd76
bb0dbd2cbd8abd41
3d90bd413dafbd7d
3ce0bd25bb70bb92
3d783d49bdb9bcd0
bcbd3ce9bb7a3cb0
0000000000000000
bbc5bbe13d7dbd28
bd0dbd0ebdcbbc25
bd9fbd693d9bbb88
bb5b3c01bcfebd99
3d243cd8bc92bccd
3b513d8cbdacbd11
3d0f3c24bd92bca1
3d18bd8abc47bc6d
3b90bb863d8a3bd8
bd323d233d0ebc98
3d4dbd14bc823bfb
bda03cb3bc2d3d3b
bd1f3d12bd0cbc82
3b583c98bc723c1a
3bdfbd3d3ce33d36
bbe7bda03d7ebca7
bca73c653d483ca8
3d59bd8e3d803ae0
3c4b3c1abd35bd23
bc4b3c0d3c64bd7b
0000000000000000
bc28bd383c813d57
bc92bd27bd4e3cf9
bd30bd56bd293c53
3952bcb83a81bbb4
3d1f3d0ebd773b25
bd2abb3d3cb2bd23
bc2b3d04bc243cab
bcb4bd26bc743d16
bcbdbc963c5e3cbb
bcec3d633d033c17
3c5e3cd0bc4bbd81
3d40bd46bbc13cf1
3c48bcdb3ccf3cb5
bb523d01bc633c15
3c373d0c3cf6bd91
bd01bd95bd793ce3
3c23bc46bcfebd3c
bb823d023d41bc59
3d2bbd3ebb54bce1
3c8d3c92bc9e3d69
0000000000000000
bc8d3d68bb943d3d
3c15bd063d2ebd20
bc153dad3c173d19
3cbc3c9b3d9f3cf1
3c0ebc96ba23bcb7
bb1c3c843d2b3d30
3d563cb7bcd9bd01
bd0c395dbc5bbccd
bd353ba23bb53d23
bdafbc943cc7bcce
3bfbbcd23c3cbd84
bc95bcad3c833ca3
3b903b7b3a93bc3c
bd0abcb83ccc3ca4
3c41bbdcbd8cbb2e
3c673d5d3d1d3cf0
bd433c8abb693dda
bbea3ce93cf83aeb
bc27bce23b653d89
3d773c8a3d0dbdd2
0000000000000000
3cd73b34bc0bbcd9
bc8d3c12bb903d11
bb5d3d163c883c5e
bc943d23bcb83d26
3d10bd3abcae3c34
3b70bce9bb343c09
3d323c943d72bc9b
bc9b3c1b3d48bd34
bd7dbd7ebc3abc9d
bcf93d0a3bd03a6c
3cf73ae3bd2c3ca5
3c473d5c3c96bc8c
3ca1bcc2bcea3c45
3d88bc223be2bc29
bd1b3d823cafbc41
3d283d34bd353d24
bd0a3d853bb5bbec
3c6c3d3abd533bfc
bd7a3c803a8cbc85
3d183d713acdbcb5
0000000000000000
3cdcbd5bbc63bdb0
bd1bbc6cbca8bd20
bd833a0dbd273ce3
bc1dbd65bc243db2
bca23ca23ce8bd41
3d863b9c3ce83df5
3ca83d003d483d5b
bdc83cdebcfabc9c
3ca23cd13c31bda7
3c58baac3d2dbd08
3c823d1cbc463df2
3d1a3c25bc00bca6
3c89bb0c3d26bcb5
3b9dbd593d5bbbca
bc9a3b21bc973db9
bcc8bd18bcb1bd5a
3d49bc093b363cfc
bcb8bc4b3a3d3dc9
bc563c20bd1c3d6a
bd37bcd0bb0fbe0d
0000000000000000
bd40bce5bdaa3ce5
3dd93c973cc9ba8f
bd7e3bc93d20bc7d
3cf23c9f3bfebca4
bc883dc63ce83c99
3b543c0abc2bbd3c
bd93bc8cbc94bd1c
3c253c083a6bbca8
bd16bc35bb81bcf5
3d243c4cbde43c83
3d603ca239823a6a
bcf83d9abdc03c50
bd983c6abd4b3d81
3dcabcef3ce73d33
bd573cd8b8a3ba80
bd54bcca3d0fbc08
bd0fbcd93cebbda5
3d09bd703cfdbd38
3d57bc27bd34bcf0
3d863c633c883d25
0000000000000000
bd40bad73c7d3c0e
3c153cc23ce0bd21
3db53d073d083d8c
bd2abd43bc433d7c
3cd53d75bc9dbd0d
3cf93cb9bc1239b6
3d5cbd11bc0dbc80
bd9b3d403d6f3d32
bd2fbc92bb1a3d70
bcba3ccdbb873cc2
3deabcc33c97bcf4
3d49bd9a3cfabbb8
bc5b3c4abcc23d38
bd2d3d3dbd093d30
3d45bc8b3d383d71
bccdbcd73a973d48
3d613c1ebd9f3d3a
3d78bcaebd90bd42
bdf7bd7dbcedbbfb
bd383c51bbbc3cb9
0000000000000000
bd5bbd15bc12bd0b
3dc3bd673d173d99
bcbb3bb8bc493d40
3d6dbc593c083b11
3cca3dc1bd553b2e
bd3e3d82bca6bd22
bd273b23bd82bc4c
bd81bcd93d573d82
bd103ceebcae3b18
3798bd733d91bd11
3d75bcb33aec3ccb
bdbfbd703c96bcd4
bd123d49bd7d3ce6
3d78bd7a3b733d18
bad7bc7dbcad3d35
bc9dba333c18bd27
bd503c6e3d27bb8c
3d35bddb3d653c8f
3d023cc63c99bd51
bd693d723cfebc46
0000000000000000
bc0a3c3abd5c3ca6
3d9bbd1fbc4f3dac
bd5c3bdebd263d26
3cdb3c843cedbc90
3c743d253b13bd79
3c493a4abd80bb0c
bd333d22bb68bce0
3d21bcfb3d3c3d57
bca43d95bbc03c82
bdb4bb6d3bbb3d2e
bd05bc6239d5bd28
3c033c67bc9e3d0e
bc3d3cfd3c3bb86c
3bd4bc5d3d6c3d30
bc6a3cd63c73bb8f
bd67bbc9bd333d34
3ca4bcc4bc203c59
3d02bc17bbabbd4f
be17bd3fbcea3bf8
3b0a3cab3c633be4
0000000000000000
3cbabaeb3d96bd90
3d84bd12bd8fbc25
3b7dbc6b3c8bbd7b
bcc43cefbd74bd1c
bd323c62bcb83d10
bd0dbb32bb51bcf0
bd18bbfabd1dbd28
3cf3bd3f3cf0bd3c
bc60bd65bcd6bd50
bbd4bc243da3ba88
3ce83a99bd853c85
3d36bd1b3d29bd43
3c9a3d87bc1cbc8e
3d303cd6bc9b3c03
bc0cbd6ebd85bc88
3a7bbc483ccfbd34
bd6f3a5e3dbb3d40
3d403d2abc163d58
3d88bde8bba03d0d
3d223c42bcc83bf9
0000000000000000
bd6bbc97bc303c92
3d723cba3c71bd2c
bc983bc3bcabbd51
bc973bf73d1ebc38
bc933c80bd043d4f
3d263c40bb033d73
bd023c423c853d92
bd003cfa3b9abc50
bd6abd2d3c2b3ca9
bbc63d343d4fbb88
3c853d1cbd123d42
bdd83b853a453d1b
bc21bd3dbd0c3bf7
3d023a3fbb06ba7c
3c7abb57bd1e3cf7
3d36bc13ba59bd78
bb553cc6bde8ba93
3d7c3dab3c96bca6
3d0d3cc73db0bcde
3d2e3d343d08bd00
0000000000000000
3d123d33bd813c6d
bca1bd44bca1bb2b
3d8c3d55bdc0bcc9
3ba1bdc8bb8d3de0
bd4f3cf7bc87bc55
bd7a3d833d603c8f
3d1abd87bd093da1
bc193dadbdab3c8c
3ccabd1dbc06bcd8
3cb0bcab3d493d90
bc2dbd0f3dae3d28
bd0abd74bd213c5c
bc9a3da1bdddbd83
bc5ebd153a9a3c5e
3c06bc01bda8bd06
3d593c41bd2f3d32
3c8f3d463d9bbcb4
bbebbba33d523ce4
3d0f3c223dd73ddc
bd09bdce3b8b3ada
0000000000000000
3d1ebd733cb2bcbd
bd5ebc0e3cf83ca7
bd94bc8cbd563c8f
3d26bcafbd89bd9d
3d1ebd54bd403cfe
bd0f3c2f3cdd3c1c
bd10ba02bc383c97
bb9bbc983c8f3cc6
bcff3cc0bbe03c98
3d0dbc773d113d05
3c20bc77bbad3da5
bd3ebcb43d8dbbd9
3d6dbc2bbc93bd6c
bca63ad93bc1bddf
bd983c2bbd873d96
bd25bc933b56bd69
3c13bc72bb82bd93
3ce03af2bb1cbd15
bc68bc3ebd013c83
bc82bcdd3c46bd4f
0000000000000000
3d53bd52bd5ebd46
bd9a3d67bcaabbb3
3d55bd5dbd11bd3f
bc6d3d55bc82bcf7
bd853d153cfe3d2d
3c6c3cffbd71bd69
bbc93adfbc723c33
3d23bd27bd14bb62
3d92bd64bd313d49
3a953cf33c2f3be0
bdb93cf33cf9bc30
bd3ebd0f3b0abbea
3d523daf3c493d5a
bd8a3d7a3c0d3d27
3c1bbd363d06bd2b
3d90bb71bc61bc12
3d9a3ce5bd0e3cae
bba7bc83bba9bce2
3d3fbc693ccbbbe0
bd1c3c95bd18bd9a
0000000000000000
39aabd45bcefbce5
3cd0bc353d83bc14
3c84bda5bd14bd69
3d8abce53cc9bd19
bcdcbba43c6ebbcf
bc503a88bd59bcf9
3d42bc4cba9b3d32
3b4cbda1bd133dbf
bbbfbc11bcb8bc3e
bcf53acb3ca93cb5
bcf83b87bc993b03
bd13bc53bd73bd3b
bcc5bc2abaa53d21
bc513bee3d0d3c80
3c2abce03d09bd49
3d0abc11bb183d15
bc2dbd103d22bcba
3d7c3a923d523d18
3bf3bd0bbd52bc84
bd3b3b1f3d053cf1
0000000000000000
bd09bc3ebc573cd2
3b04bd1dbcc73ce8
bd433b5ebd863d86
bd593dc6bd54bd13
3d8abd403d05bc8e
3d073ba1bcf0bc95
3d2e3d7a3ca7bcf6
3b79bcd23bf03d7b
3b28bdb1bc173c9f
bccc3cc4bd473ca9
bd663d12bb1f3bc7
3c503bcdbb873cac
3d89bc3b3a41bb8e
3d7f3cba3cd73bc5
3d903d023c3ebcaa
3c453c90bd1c3d53
3d2e3c85bcdbbcee
3d3d3d6fbce3bcd0
bd3a3d71bd3d3c81
bd273cb9bc95bc0f
0000000000000000
bd8cbc803c813cb1
3bb13b013dc2bd77
bc223c30bd143c86
bc883ba03d9cbcdb
3b03bb5abd41bcc1
bdb23c853d463d42
bdb23c04bd2a3d86
bcf5bd0fbd1abd07
bc3cbccabd953ae8
bbabbc993e3dbc9a
3c073d8e3dabbcc9
bcbc3ca03d95bc9a
3c62bd703c133cee
3d03bd393daf3be7
bd0c3d7dba35bd2a
3d363d1ebd9dbd20
bc83ba963d53bc80
3cd1bb5fbc82bd8c
bcea3c94bbe9bd2d
3d98bab43d53bc6e
0000000000000000
3c733d333ccdbdb5
3c843d33bd7cbc20
3d4e3d283d5cbd99
3bd03d5dbd3dbc1a
3cfcbbe9bbd1bc25
bc4dbc043d823b56
3cc1bb8f3d93bd45
ba08bb2fbcf9bcfb
3ca1bd563c6dbcce
3c553a553c2bbb88
bca9bb3a3c953b87
bd84bd04bcb2bb3f
bd603c62bca2bc0b
bd163cd4bcc63bb7
bc943ce83d39bc89
bade3d33bcf93a9f
3c85bd153c82bc83
3d9ebbedbd483b3c
3d043cdb3c53bda7
3d073d4abcbd398c
0000000000000000
bc08bc82bda23d2e
3c2dbc953e05bd2a
3d0d3cfdbd48bb94
3d4e3cc63cebbd6e
3c313d9abd2c3941
bccdbbdfbd833ab5
bd053bbbbaef3d64
3cd5bc213ce03c26
3cdfbca03d143bd6
bd113bcc3cd93c92
3d2fbcbf3c66bdea
bd8a3c59bc6a3bb4
3c683d113bf13d2e
bd08bcc23deb3cc6
bd62bd77bd46bca7
3d84bb3abca53ccc
3baebdbbbd883c92
3d11bd21bcd8bda7
bcc4bd093db03ca1
bc30bc483dbcbd83
0000000000000000
bd5d3d453c64bd7d
3c4dbd0d39653e02
ba6d3d13bc53bca8
3b75bacdbdb43d27
bb22bd623cadbc01
3d04bc463d863d2f
bcd53d213cc3bd69
bd1a3cebbba53d90
3d59bd713dcd3d29
3b77bb613c733ac3
3c65bd18bc3c3d5f
babd3c4dbbfbbd71
3bd53c8cbb9bbd24
3cd73ce73c203d5b
bc243a72bcf7bc61
bd863da8bacebcbe
3c983d0c3d53bc80
bcc8bcb03c863b4d
3ce2bd6839e3bb24
3ca5b8e23ae73c86
0000000000000000
bcbebb06bd123afd
3b043d793d5abc45
bce3bd06bc8abc8a
3d113b6f3d4d3cab
bcbbbd293c0d3c88
bd4e3d403cd13b84
3d7e3d11bd393d37
3c613d6d3c66bccd
bcbabd01bd01bcc7
3cce3db83b92bd4c
3c0fbcd23d433d2b
bbbebc2eb90e3c67
bcd9bd1f3d353c46
3d33bcdf3d453cba
3d0fbca13bd3bc2c
3d4e398a3ce3bcf8
bd163dad3ce2bc32
3cc23c353cdbbd83
3d29bb603ca2ba92
bc7e3ccabc863d1a
0000000000000000
3d043cd93cbe3ce3
3d23bc3cbd9cbd7b
bd593cb0bacabd3e
3c213cc7bcbf3c91
3d43bd0f3d483d6b
3d8cbc103bf4bd01
bc963b933c6a3ccf
3d27bd0abca0bd06
bbc8bbae3c93bb84
bd053d27bbf0bbcf
bc913a9c3d0e3bb1
3d32bcdc3d41bbf4
ba8ebc92bb113d06
3d623c37bd29bc37
bd32bb633d2cbc08
bcaf3c31bd513d4a
3cbd3d02baae3d68
bd2b3d1bbccfbd89
3d273d21bc9abc22
bc173c97bd35bd41
0000000000000000
3c113d483c1fbcb3
3c38bcbe3d283d30
3bce3d39bceab9d5
3cedbde33a303ced
bb313dbbbc4e3cab
bc163c5abce9bd41
bcc7bd01bcc3bd2b
bd353e253d05bd29
39853c92bbf1bd5b
3d94bd903c8f3d55
bb9dbd62bd5cbc34
bd133d01bc3cbbc4
3d063df73d123c69
3b0cbe0ebbb9ba41
bbcb3bff3cc83d66
bca23c823cad3cc2
bc503e17bccc3c46
3c303d473d653d13
3d393b003d4b3d0c
3cc2bda43d23bc1e
0000000000000000
3d8fbd52bd51bc8e
bcd2bce53c98bd1f
ba6dbd5d3cf43d41
bbdc3ad93db73c8e
3d843d1f3c9dbd26
3d993cefbda2bd89
bd25bcb33ca63d51
3d303acabcd43de0
bc293d183c233ca5
bdc13cb5bced3d9f
bdc1bc90ba7bbd9e
bd263b4d3cb8bd64
3da1bd11bd05bd40
bd1b3ca93b1fbd50
3d33bd103c5d3d40
bc68bcbc3cb53c95
3dc1bd0fbc69bd70
bdadbcb03cd5bd5b
bd76bd2a3d063dd8
be03bd0ebd7abccc
0000000000000000
3baa3c5fbdb5bc5a
bdb23b3f3dc5bd33
bca33ca3bd95bc28
bd8a3d19bd11bca7
3d6d3c5bbdaf3c75
bcc63b35be0e3ce5
3d85bd09bc97399a
3c6d3c903d84bcdc
3ceabd6b3cfabc90
bd34bc49bcdabc4a
bc00bcc13d4bbd1b
b9b8bace3c88bb0b
bd033cf13a9cbcd9
bd11ba453c59bd5a
3d88bd403d3abd6e
be1fbca63d073d3f
bd9a3d56be0bbdc9
bbdc3d263c5c3d76
3d1dba3a3d443d74
bd863cbcbba1bd38
0000000000000000
3d59bdfbbc923c8d
3cf03c383d7ab885
3c3ebd19bcd0bd1a
3d5b3d14bd09bbe8
bcf73bf9bcb73d4b
3c033c20bcea3cec
3baabbdabd8dbbf4
3be0bda2bd193cd8
bd01bcddbd833c98
3d02bc73394c3b8a
bc96bba43d4ebc87
bd06bcdd3c463da6
bb9abdff391bbb3e
bb0dbd103c9dbc0e
bc18bc0bbd0d3b3a
3d243d5abc06bc40
bc0d3d243bffbce9
3c2e3dc43d13bd81
bb843ccbba213cab
b96dbca13d513bfb
0000000000000000
bd7a3c9a3b61bc99
3d54bdd7bcb33d5a
bd1ebc1d3d2fbb22
bd69bd1b3b7dbde7
bce33cd93b54bd31
bc02bdd13cc03d23
bd253d3cbb17bd79
bd98bc223c28bc1e
3c15bd2bbd3fbca8
3bd4bd6abc2e3c27
3cd9bddf3cc83cab
bbd23d91bc273d1a
bcf43d6f3c6d3b92
bac4bc2a3d2d3cee
bbb43d2ebc8fbcaa
bca9bd823d44bd2f
3b883ca8bc6fbaa3
3d55bb113d1b3b52
bd7bbcf2bc8ebd1a
3be6bd903d20bd11
0000000000000000
bd11bcde3ba53cbf
bcd43c70bd25bd41
3dd23b9ebcab3ca2
bc8d3bfc3c8f3cc2
3d753b04bcd13cd4
bd573c0fbc6ebb3e
3cb73d66bc823d80
bd90bdc23b6bbd44
bdacbc94bdaf3dc2
bc933d1c3d2b3c70
bd4bbc87bbffbb68
bd203d5dbc933cbf
3c59bb2dbc1f3ccc
3d1fbd97bcac3c43
3da5ba35bd033ce2
3d85bcf9bd073c00
bd9b3c063c9bbce8
3c32bc4e3d74bc73
bd5e3b883c71bc80
bc0ebcb8bc76bcfe
0000000000000000
bdb8bd0e3d163c5a
3d613b92bbedbd60
3d3abbf53c873d4a
3d833d90bd6c3d92
3c9bbbba3d09bce7
3ce7bcbfbb8fbcff
3d1d3af73c683cf3
bc3dbd673cc73c7a
3d3abbb33d8abc8b
bc4b3c253bac3d50
bce83d323d793cb8
bcfcbd183daa3ac2
3bdfbd88bca53c88
3d3c3cdabd0b3d44
bd7e3d01bd37bc56
bcda3b06bd3e3bfe
bcf63cacbd883ca5
bd203db0bcc13cd0
3d3d3c723cf33b08
bb03bc69bcd93d0b
0000000000000000
3c7dbcf83d7cbb4a
bd8d3d02bd81bc2c
bd0abd263a21bda8
3bcf3cb5bce0bd0e
3c21bcf2bca23d80
3ce7bd3d3d423cef
3dc0bd193d473d66
bbcdbc1f3c15bc70
3d5a3b213ce73d09
bd09bd3d3bb23c55
bd66bc203c473c81
bc79bd54bcb33c63
3cd4bd5c3bdf3a4a
bd81bca2bd22bc45
3d403d04bc83ba84
bb3d3d25bd7fbd83
3d89bbed3cc63d04
bd6e3c6dbd2dbcfb
bde6bca93cf2bd12
bd2e3d2c3c003cab
0000000000000000
bd703c58bda8bd67
bd51bd0e3d8a3c7b
bc26bde8bd95bb5f
bb9ebcebbd3e3b15
3cc2bbb0bca53d95
bd013c813cafbd4e
bc04bd083cfc3c1d
bd67bd37bc4d3cda
3d4ebd0d3d5dbccf
bb01bd223d84bcad
bd423b1fbc6f3c05
3cb13d0e3c4bbcaa
3cd3bc10bb963d20
bc203d26bd043d6a
3c3cbd16b9aa3b8c
bd75bcc6bd823cf0
bd3ebbff3d74bd18
bd0ebcfdbce8bbdb
bc7cbcd0bc7bbccc
3c0bbcd4bd5fbc02
0000000000000000
bcaf3c933c923c32
3d1ebc5bbd12bdf3
bd62bcc8bcec3d30
bd753cbabbb9bd0f
3d003cb73d293d92
bc2cbc8cbc15bd78
bbc63d42bb4ebd04
3d693c2fbbabbd18
bbe53cee3d2c3cd1
3c0f3bb7bd013dc8
bca93d1abc29bc9c
3d153da13d81bdbf
bbbabccb3d6ebc86
3d643d2f3c86bd1f
3c7dbb233d35bd8c
3cd13c27bd193c09
bd97bd9f3cdcbd58
bd22bd77bdb9bbda
bcc53c45bda7bb9a
bd9abab03b813c0f
0000000000000000
bd87bd3d3d00bd5d
bdae3d8a3d293d13
bde6bc8e3bb7bd8d
3d9b3a4cbd183c67
3d9dbd353cadbcf6
3cc7bd503cfbbbcb
3da5bd94bd32bd03
bd2cbccd3c2a3d86
bd1d3d173cf9bd11
3cccbcb3bd383bbc
3d363cd2bd52bc69
3ca4bd273c6ebc2b
3d96bd28379d3d0c
3c1e3bef3d81bd86
bd243d323c8e3d14
be1e3c1fbd4d3c11
3d89bd043d0b3c80
bd4d3d14bd2abca7
ba983d0fbc29bd2c
bd113c75bd303ac9
0000000000000000
bd96bb8ebc13bcc0
3c22bd833bec3c77
bcf8bd79bc68bd85
bd223d6839bdbd89
3c8d3c14bcecbd09
bce8bd58bbabbc7b
bd163cffbbb0bd36
bd923d573d41bc75
3c023c36bcb7bd13
3c183c843d68bbe2
3cf6bc8f3cb03acc
bd09bcb53d05bc81
3d3e3d453c90bc0a
3ce6bcbf3cedbd09
bc963cf1bd183c7d
bd53bc82b9abbce6
bc8fbc7a3ca63cb2
bc2bbce7bb0abd3b
bc2e3d8ebc77bc12
3cd4bac43cf6bd0a
0000000000000000
3d02bbedbd39bb8f
bd3e3b7bbb2a3ce3
3d613ce5bd8b3cfd
bca5bc1d3ca4bb3d
39d63bc5bd843c87
390dbc113d793c9f
3d9f3bedba363c9f
3d03bd743cc9bd51
3d00bd27bd8e3c5d
bd2b3ce13d0b3c4e
bd5a3d1d3d61bc04
3d2ebd433d333d72
3c28bc55bcd2bc35
bd643d513d823b98
3c3e3d533923bc00
3d12bb06bd37bced
3d003bc13d2e3d06
3cc13d63bd12bd56
3c463b91bd79bd38
bd8c3d313d00bc36
0000000000000000
3c65bd5dba8cbb05
3d623d61bd16bd28
bcbebd083c463c7c
bd81bae03c0d3ccb
bd93bd34bc17bcae
bb61bd47bd3fbcb4
bd4bbdec3bb83cc6
bc4f3cf13b9c3cbb
bcb6bc72bbd4bd01
3dc83d583ac03b64
3d213d64bcaf3b86
3c903c60bcf0bcbe
bcb83c1ebc2abcc5
3d573da73cadbcdc
bc32bc97bd8ebcd0
3c62bd193d853d60
3b28bdaebd833c62
3d44bd1a3d8c3d18
3c30bb583cb6bb5b
3cefbbd33d133cb8
0000000000000000
38ab3c9abd47bb10
3c11bd403d0ebc30
ba8bbb43bd453d97
3cdf3c34bd063d54
3ccebc703d13bc62
bbfabc42bd633d3d
bc9ebcabbd56bb69
baca3d23bd4a3d29
bcdc3b7dbb43bbe0
bcb63b0c3bde3cd7
3ceebd063bf4bd9e
bd95bc0abbcd3cbd
3b83bd1abd00bd49
3c56bd2d3c86bd71
3cacbd0dbd003cb5
bc803caa3d583d07
3c303adc3b6c3c8d
bb813c61bbb8bca1
3c733d863bb93c48
3cc8bc403c1ebc0d
0000000000000000
bd26bcc7bd083ba3
bd0c3ad1bd2c3a03
bbd33b2a3cc23bb9
bc8a3a86bc01b89f
3d4abd07bd86bbe2
bd23bd3dbd7c3c45
bd08bc36bcd93d3e
3d49ba783d083ca6
bd55bd85bc023c1b
3c553d4a3c01bd45
3c8e3d5d3d13bd6b
bc52bc8ebcc63c6e
3d85bc4fbda13d62
bd343d93bd5cbc90
bd2fbd54bd66bca1
3b97bd5d3bfb3be7
bc8b3d1e3d8dbc20
3c12b9d23d84bd1f
bd3abd84bbe2bca1
bd853d02bd32bd28
0000000000000000
bcadbb6d3db8bd1e
3ce93c6dbd923d31
bd713ce5bcf1bca4
bc533cda3cb03d65
bd6a3c223bbebd13
bd1f3cbcbc6d3c30
bdb9bb0dbd21bd3a
3d2bbb173d33bd43
bc2dbc913b163c67
3bfe3c3bbd713c92
3c93bc81bd823cb1
bcc83731bcb3bd00
bc7a3beabc84bbfd
3cb53c2abd3e3c92
3b5bbc9ebd85bd46
bc283d233d833c78
bdba3c1d3c3c3d2f
3c6c3ccfbc413c93
3d313a7c3bf63b2e
3c653ae83dad3d17
0000000000000000
3cc13d503d95bce4
3dd8bcbabdadbc35
3cda3c293d47bd61
3ca5bcb53d393c8d
bcb43d55bc3a3cf6
3d4ebbae3e06bcfc
3d113c923cad39a8
3e053c5abd093cd0
3d84bd63bd463c80
be043cafbc383989
bd393d6ebcf13da3
bc0e39b33d973bde
3d3abc4d3d963d18
3becbb6ebd1e3995
bc97bc063d8cbd0d
bd63bd853dbebd04
bc68bc3a3d94bc1d
bdcdbd1abd0a3b54
bd5fbd9cbcfabd5d
bb06bc2bbbaebd8a
0000000000000000
3ce53dc6bd97bc30
3b9fbdb03cc8bd45
3d12bc35bd2ebcc9
bcd5bd5bbd903dbf
3db23d2d3d03bb92
3d35bccbbd153d93
3d123d16bc233d99
bd4a3ce8bb80bd5f
3b403cc0bc3abd7a
bca5bcc93ad93e05
bd51bc993d5b3d31
3db53da9bcf63dc1
bba63c9539883b9e
bce5bd1c3cefbd34
3cd53bee3b3f3c22
bce3bb7dbd16bd18
3bacbb7d3cd2bd02
3bf6bd01bcd6bc41
bd223c46bd6f3d90
bd40bc1abcb8bd71
0000000000000000
bbc13cd43d93bcef
bdc3bcd43b51bc45
3cd33d1ebbc4bd48
bd40b9dd3d473c39
bcf63dc83d063ccd
3d31bc82bd92bd3e
3d603bdebba5bb20
3d383ce23d41bd44
3d0bbd75bdb5bcbc
bb85bd7b3cacbd0f
bcaebd62bc9d3aba
bd343dcfbd8fbc84
bccc3a153d133cbc
bd41bb2cbd49bca8
bb43bcf63b8d3d64
bc8dbd443cd6bd3d
bc673b1e3c863d1d
bbda3d8abd2bbc4c
3d80bd06bb96bcdb
3c15bda5bd1a39d2
0000000000000000
bca1ba153d09bc9f
bc773d193c163c83
3b803b573c7dbd01
bcaa3d913d16bc2b
3d7ebc9b3d96bc9c
bd793d6a3d8b3be7
bd60bc263ccf3b17
bd5f3dc9bd23bced
3d1bbd67bd33bb83
bd2c3d1cbd053be9
3d003c363c1a3cbf
bd00bd9a3bc83c5f
3d5d3c0ebca2bcb2
3aca3d3abbf0bc45
39d7bcc93c983d06
3babbcb93cf3bd83
3bf4bca6bd453b17
3d433cf6bd59bcf9
bbd23cebbcd0bb20
3d023d4a3d35bc54
0000000000000000
3ca2bcf6bbad3c9c
bd48bcbbbd0bbc70
3c88bcdd3ca4bb20
bc8fbd9e3c65baa2
3c55bd6d3d193d5a
3c4dbd523c253d0e
3d0b3c4c3d233d71
bc0fbd19bd25bc65
bd10bc8739f8bd8e
bc60bd37bda3bd09
3c8d3d52bd193d63
3d2cbd233ba53c04
3d3dbd4d3d023d22
bd1839ed3d353d23
3c9e3d163d57bd7d
bd07bd8bbd913d18
bd1fbd44bb27bd75
bdb13d94bd2abd09
3c8e3c05bcc0bca8
bccebd1cbdad3b94
0000000000000000
3b0a3a98bd3abc96
3d39bcaf3d4cbcc6
bc833d6ebdbd3cf1
3c8f3c72bc07bd8f
bda63cdc3c37bd27
3d82bcce3d0d3d21
bc57bc343d6b3c86
3cde3d20bce1bd0f
3c9ebd973bb33c80
bd973d293d633cd0
3d893c443d213d3f
bd5c3baa3d523d3d
bcd3bcfabd4d3c90
3c77bcebbcc3bcac
3dd73cabbd8e3bf5
3cd1bb9cbd9f3c3e
bcacbd033d073d17
3b9d3cfc3d953b83
395f3d633e17bc1e
3b783d22bd85bba0
0000000000000000
bcef3d0abcc2bd2f
3d31bd28ba9a3cda
3d163d89bc35bcaa
3d5a3d55bd153cb0
bcf0bc7c3c10bd86
3bdc3c953d0ebc8b
bce4bc8dbd37bd0e
bd3e3d15bd043cbe
bb69bc2a3ae83d90
bc5dbbf6bd2ebd42
3d1abcabbc6cbbd1
3b58bc9a3d02bd45
3ccf3c29bca5bd18
3d0ebcda3c033d8c
3b8c3c9b3c92bcd4
3c2f3c95bc5a3c73
bc7e3cca3c773cdd
3d5f3cec3b2e3d14
3c223d48bb1bbd81
3b8bbd43bd6f3cca
0000000000000000
3ca5bc2abd473d84
3984bb433ce3bc80
bd953d6abd823cbb
bda9ba81bcc0bc0a
3d403d6dbcc23cc6
3d073c943cb73cc4
3c383d98bd713d3f
3c80bcc4bc213a08
3bbf3d30bd5f3dc0
bd313cebbd91bd57
3cef3c543da9bcde
bbd4bd1dbce6bc6e
3d96bc5a3b673d89
3d023cba3d1fbd50
3d47bb19bd14bc8a
3cbebd5fbd99bd88
3cfcbd5d3badbaeb
bd49bd623c8bbcd4
3d463cf0bd7b3d03
3bf6bcc13d7d3c56
0000000000000000
bd823c16bcc2bb8c
bc3e3d50bc06bd68
bc0e3d5cbd443cf0
bba03b65b9a03c33
bd843ca63ce9bc56
bc5bbcdebd1e3c8f
bc583c033cb73d2f
bdb7bb6cbcf23a57
3c1bbca4bd32bb95
3bf73c17bcae3d49
3c88b94abad23da9
3cc6bd8fbc503d1b
bc423d093d8d3ba6
bd04bb493d153d2b
bb963d0d3d60bd4f
3be03d96bd2abcc0
bd163c8abd5dbb95
bc213d3b3c803d41
bce1bd16bcaa3d60
bd6e3b233b1abdc5
0000000000000000
3bd63c2d3d243d23
3caf3beabb7e3bcc
3c89bc8dbd6cbc0d
3d483d12bd103b7a
3c9b3ccf3df6bcc2
bccdbc753c5cbd1e
bca53baebbf83ce7
b92e3c92bd093cf7
bbf83b113cac3d82
bb81bcaebd4bbc8c
ba4a3d883d95bc2d
3c6b3b0bbd78baa7
3cf23c413d32bc97
3cc93d2e3cebbc75
3ced3b993c753c4d
3cbc3d0d3cb43d03
3d3dbc9d3d8cbd36
3c9a3ce7bdcebd5d
baaebbab3d9f3d3c
bc933bb1bc053ca7
0000000000000000
3ca6bd70bca13d01
bd58bd23bcf53d0b
bdc83b8fbcebbd69
bd193bdebdd3bd83
3c303d3dbca23d0c
3d35bcf53c01ba80
bc6a3c5ebbb73cf7
3d43bcafbce43c21
3d17bd1dbd3b3d04
3d213db6bc583d2c
bc5bbd62bd283c8c
3d693d1cbbcd3cdc
3c9a3ce5bc3ebc1b
bd70bc57bd843bf2
bd073c29bced3c11
bd113d143d143b03
3d0dbcd13d66bd01
bd58baed3c01bdb9
bc2b3d9ab8ca3cc7
3d44bd08bce6bd14
0000000000000000
bb53bd18bd67bd0b
3ca73b173df8bd8b
3bd1bd63bc703d14
3ce7bd89bc08bcf4
bc013bd0bd8d3cc7
bd133ccebccfbd3e
bbe13c48bd543cca
bcf63c1d3d9bbc98
bd7ebd8dbb25bc30
bd58bd9cbd2bbcc1
3c0e3d1c3c1fbc23
bd583cf8bb8dbc4d
3cc0bd38bce23d01
bc253c373d2a3cb6
bccebd2a3d8fbc8e
3ce8bdce3c19bcaa
bcee3c60bdabbd72
3d8bbbce3d1ebc94
3d7abc573d163c69
bd3dbd2dbc20bd23
0000000000000000
3d23bc0dbca4bd53
3d39bcea3cf7bbad
bd003bddbd5cbbd2
3d24bd183cef3cc3
bd4b3dca3c81bc96
3cbc3c87bd14bd83
3c7b3d39bd23bd52
3c543c2abca7bd12
bba53d063c36bc49
3ba8ba323b7fbcb0
ba91bd143cf83b83
3c8d3d36bd29bd16
3c623d0a3be0bd25
bbaebbb9bcacbc8a
3cfa3ca33a523d09
3ca9bd3e3d2e3cae
bc99bc6cbbb4bd83
bcd2bcfb3d2b3d93
3ce9bcdb3d2f3b1d
3aebbd513c8fbc27
0000000000000000
bd48bdb13b493c8a
3cab3d67bbc0bd00
bb583d46bce83d3a
bd1bbd243d87bab9
bd1db92fbdb33d6d
bcd53d003bdc3cfe
bd643ca63c51bc4b
bce13c14bca1bc79
bd483ccabd98bd9d
3b81bcd73db3bd1f
3d5b3a8ebb95bc48
bd223d92bc7ebcf8
bd2d3d9e3b103d10
3c693cd63c913d1e
3bda3dbebd3dbc8c
3ce7bcca3c81bd7f
bd673d3c3d1abd59
3d39bdce3d83bc3c
bd1dbd843c173d57
bcc6be053d493c96
0000000000000000
bda23c9f3d24bd26
3c3c3c183c773d16
bd8b3bbcbd783c38
bcc23d013cbabdc0
3be5bc0e3bd7bcda
3cc6bd913d01bd75
bd25bbfe3d2abc7b
bd17bd02bd523cdb
3bdc3c93bd7b3c19
bc0a3cee3ba43ccc
3c7a3c9f3c8a3d00
3cc0bc8f3c653c88
3c90bccf3c21bd53
3cb6bc0a3c84bd10
bacebcc73d33bd0e
bd773c8f3d38bd90
3cac3d00bd433d8a
3c563d2fbcd0bca6
bcdebbdfbcc5bda2
bd473d06bc773d43
0000000000000000
3d99bd663d7bbc9b
3c883bcfbda43cd5
bd323cc4bc203cd7
bc52bbf6bd183d8a
3c9ebb113af03c2a
3d4cbdcb3cf6bcfc
bc80bb8d3d2b3b97
3b9b3d49bb593c9e
bd213bc9bc66bce1
bd7c3badbda63d71
bd953ca3bc963d43
399c3b263d1dbcba
3a3ebc60bcc1bcd1
3de3bd39bc6a3c77
bd96bbcbbcb7bd2c
bd553c7d3bfd3bdb
bcaabd833cb5bcca
bc9b3cb9bc903bad
bdea3d423ccfbb1e
3b813ca7bd833ca7
0000000000000000
3a8cbd7fbd61bd7b
3c7f3c093da13ddc
3d17bcac3c39bbce
bc12bae13bd53b9a
bd293cd7bd12bc5a
3d613ba93d09bc77
bd8fbcc8bcd9bd65
3d8dbd273d7c3d8d
3cbdbc573c283cf8
bca03d293cae3db5
bcd53bc3bc083cb9
3cc3bcab3c89bcf1
bd323ce2bd32bbd8
bcd33cf83d103daf
bd11bc803d1fbc4a
3d20bd453cb1bc06
3cc13cc1bb01bd79
3c87bcd9bd73bcc7
bcf3bd203d8f3cc3
bccdbcb03d3b3da8
0000000000000000
bbb2bd83bc93bd3a
bd62bd82bd5a3d7b
bcecbd2c3c91bc4a
3d223d523cfd3dcd
3ca53d4a3deabd03
3caebcfdbd5abcfb
3c8c3ca13cd5bd32
3c893d23bddabc8a
3b1abc86bcc0bd30
bc27bd63bd373ce5
bd333cc9bc693bea
bd173cc2bcb8bc90
3d7e3d3abc0e3ca7
3c933c99bd713d08
bcc03c8cbd0d3c66
bd13bd573cabbd19
3cbcbca1bd7d3ca2
bd5fbd623cb8bc74
bd0bbd59bd5abd8d
bd6dbc363d83bccb
0000000000000000
bd39bbd8bc7dbd2b
3d633da2bd383d3e
3b9dbc08bd033d08
bbb03cbabcee3db5
3ab0bd48bbb43d3e
bd5b3cb43d053d73
ba4ebd09bc8fbcb4
3c79bcec3ce0bcbf
bd19bc95bd23bd01
3b143cb7bc313d82
3c7f3bc43c003d4e
bcbbbc963abdbd09
bc67bd4b3b373d53
3c1e3c97bc813d5f
bd3f3d03bc523cdd
bc553c97bd1fbbe5
bca53cbb3b7d3dd4
3d113cadbc74bab5
bc65bc12bd08bd19
3e183c903c713d11
0000000000000000
bb5e3c043a8f3d12
3cbd3ca33d8fbd8b
3d273d1e3cc43c66
3d02ba0fbcdfbd59
bdaabd7d3d503d82
3c1ebc1d3c863d86
bd07bd303de33ca6
3c0c3cdd3d6ebda9
bbf4bd793b8bbcb1
3c9b3d003d093d8a
bdb5bd2b3d94bdcd
3d1a3db1bd063cbd
bce1bccc3ab73cd8
bc6bbd8b3d333c83
bc193c8ebcc53dd1
3cdb3dcb3d183c07
bc9e3d1fbe113d6b
3c5d3da7bccebd95
3d233bc03b953d67
bcb3bd123d89bd7b
0000000000000000
bb8d3ca4bcb93c27
3c1bbd88bca3bd04
3d2e3d013d273c7b
bc67bd953cf5bca2
3cb7bd533d1dbc9c
3c9cbb293c3b3d76
bda0bd60bcd63b58
bd523d3bbcabbc95
bcf53cdc3c3d3cb8
3d42bc1dbd03bd87
be08bd583a3fbae6
3d50b970bd1f3d0c
3d4b3dec3ba5bcc0
3bacbd76bc83bd14
bd92bd92bc693d3c
bbacbd373d2bbd52
bdb5bd90bcd0bd02
3bafbce63d0abcf9
bd223ca0bd3d3b1b
bd1c3d343c913a45
0000000000000000
bd623a09bc57bb2f
bcd9bc053ae83c44
bd863b753cc0bb91
bc75bd663cb23b48
bd013d033c343c19
bd0b3cd5bba23ad2
3d973b9ebcc83c0c
bd373c53bd31bca9
bd973d61bcae3d48
3d4d3c05bd0cbc1f
3dd9bd483d66bd68
bb533d30bd813d11
bde23c103d293d2d
bba1bcfd3cb4bafa
3d8bbd23bc86bc48
bc58bc96bce0bc87
bdbbbc9abc0f3c2a
3d54bd933d1cbd0f
3e273d1e3c95bbeb
bc003d4e3d5fbd14
0000000000000000
bd063d0c3c9e3ced
3ceaba6cbbbc3db1
3c483d913cb0bca4
3d24bd0c3bdabbf4
3ca4bc1dbcee3d1e
bc9cbb5b3a753d0a
3cc83d853ce33c88
3d173d273d5abdae
bd553d783cd8bd17
3d48bd9c3d83bbcb
3d23bce7bd323d8c
3af73d123c143dc3
bc2f3d09bd2fbcf4
bc85bc21bd163d85
bc99bd64bc89bd60
3d263bd8bc483c71
3c60bd383d7cbcae
3c86bd11bb8bbc8c
3ba9bb133d31bcf8
3d8a39183be73c73
0000000000000000
3db4bc563ad93d30
3dbfbd96bcc23d67
3d2d3d033c0d3d83
bd52bc403d20bd10
b9aabc1dbc7d3d04
bcd5bd17bd913c08
bd8a3c0fbc5cbcba
3d0f3b98bc873bd3
3c8bbc6b3bebbd83
3e08bd58bc183b8a
bcf8bd143c793cdc
3d813cbabbb23ced
3ca83d47bce73c3a
3c6b3d8dbc933d17
bdda3b71bcae3c82
3c3cbc473ca43d67
bac93d983c37bc74
baf4bc483cffba44
bd4ebd183d10bd0b
3cb0bddabcd73cf6
0000000000000000
3c83bd383a103cc8
bd12bd0c3d1f3d10
3d20bd843c29bd08
3c1a3d3f3d73bd30
3dacbba43b54bd36
bd6a3d163a083c8a
bd3bbd8b3caebd25
3cfb3ce1bc193d52
bb3e3d12bd7ebd28
bc1b3d1bbc59bd80
bcef3cdcbc49bda7
3c363d0cbd0fbb11
3dc03c283c8bbda2
bbb03c833bfb3d6e
3ca3bd54bc503c95
bd18bd2c3d65bc03
bc033c873d213d74
bd53bc8a3d123d2e
3cc33cdebd1a3c9b
bc6abc143b3cbd93
0000000000000000
3c99bd263d59bb90
3cec3d0ebbf03b85
bc94bd833b243bc5
bd5e3d8e3bdcbc51
3d10bd9bbd23bd41
3bb83d7e3c743ce7
bcdbbc69b8d93cb3
3d23bc34bd04bd0d
3d94bd77bd6bbd12
bc803dc43cdd3c81
3c4b3da13cd63da0
3d59bbd2bc973d3c
3c9e3c12bc5ebcfa
bd1c3ca93ca93d1f
3ca6bd8c3c133b0f
bc60bcdebb3fbc5b
bc4c3daf3d293c54
3b553bc83c8d3cf6
bbcbbc32bc953c53
bd09bd4b3c933d32
0000000000000000
3d1f3cf0bc15bdb1
bc893c8aba97bcae
3d9a3cfdbd88bd2e
3b5b3cd53b99bcfa
bcb0bd0d3c3b3d08
3a90bd583cab3c57
3c06bd4abcb9bc33
bccebc28bc7d3bb8
3cef3cbfbcd4bcbc
3c3c3c67bc08bd6c
3cc93c8e3d693d15
3c41bd033d2dbd0d
bc153c23bb7ebbda
bc8839453d823ca9
3ccfbc033c903cd6
3d283d19bc9cbae5
3d1d3c2d3bd93c9b
3ccc3d11bcc13d67
3d0e3c34bcbabd52
bd3abd4fbcb53d09
0000000000000000
3bbfbca53d03bd5f
3d323d96bcf33c0e
bc833afd3c98bcb8
bd15bc86bc7a3a49
bd5dbd553db7bd90
bc9c3bc73d6bbd1f
bd7cbce43d7c3c37
3da03d863c09be09
bdb8bd2fbc8cbce3
3d003d9fbd30bbc3
3ba3bccd3b3dbd0f
3e0a3b513c023b97
bce7bd29bb83bd50
3b5e3c563d08bd6f
3c21bd603d2d3d5b
bacdbc2a3d543ad8
3ce1bcd0bd1f3d0f
3ca8bdacbd543d79
3d483c42bd453db4
bc033d8c3d29bd52
0000000000000000
3cf6bd243c0cbc88
3d0bbd04bd65bc11
bbf6bd223c82bbec
3d98bd33ba8cbce5
bd26bc853d203c7d
bd09bdc73d97bc48
3b22bab83d553ce2
3b1fbdfdbc41bbbe
bcc0bd013c813d65
3d33bc8d3d123d43
3a8abc943d4f3c2c
bbecbc9d3c6dbc10
bb35bbbf3c66bd02
3cd6bd09bc753ce3
bbb43db93d35bc8b
3c7fbbabbd113d0e
3cc03b6fbd2ebc82
3d2dbb2d3d0bbcda
3d5bbc5fbc85bd6b
bb0fbc85bd203ccb
0000000000000000
3cc83d5fbd1b3c6f
3c97bd54bd4dbd8d
bd17bc9abd323c58
bd953ca23abd3d14
bc82bb663a203d88
3c5d3b5abb853b57
3c82bcf9bbfc3d08
3c033a85bbbdbca6
3c32bbdcbc14bd17
bc863b11bd8a3d11
bd87bcfd3ca3bd7e
bb0abd4abcae3d3e
3d66b9ef3d523cb0
bbddbcad3d48bcc0
bd37bd55bc2dbc74
bcc43d38bcc33d14
bc1d3c733b833bb5
3c493d29bb543d56
bc88bd06bd8bbca7
bd303d303a8fbcef
0000000000000000
3a83bb6dbc023cec
bca7bd52bc3dbd62
3aa03d153cbb3d44
bce43c213cb23c81
bc25bd063c3ebd3c
3d0a3d83bc7abc11
3d4d3b013cbe3a1d
bd7abd9c3ca93b0b
bd53bc14bd023ce1
3bb63a3e3d243cb2
3cdbbc353c6ebd1a
3dc63d1bbc8e3d86
bd06bc9abbd03d81
bc08bc9dbba6bd81
3cc63d30bd003d7f
3cf6bc883cf33d31
bd4cbc8d3d3f3da8
bcb0bc243cb63c39
3ce3bce43ce53d68
bdd0bdcb3ca4bb3a
0000000000000000
bdb93c9dbda0bc9e
3df03c9fbc7f3bd6
bd2a3c34bd083c38
bae83d423c83bc91
bcf83c3e3d173c83
bd653c663da7bc99
3cebbc81bd0b3d0a
3cf4bc6f3b6a3d14
3c40bd293d313b8a
3da8ba86bd5cbd1a
bd36bc623cdc3bde
bd96bd3fbcc0bd5e
3b543cf5bc3d3d0c
3db4bbcb3c973c93
bdd5bbe03cb13cb4
bd1c3d12bd81bc16
3cbd3cc5bb73bc7e
3ba33cd3bd283c6f
3d123affbccfbca1
3de23d483bf9bd18
0000000000000000
3c89bc813cde3ce9
3a30bd6dbb0d3bcf
3d623d3f3b2c3d3b
bd0cbc97bca23d17
bd1d3d2b3cb9bcfe
3941bd393d863cd2
3c54bb733d75bbdd
3d3dbcc6bd06bc03
3d41bcefbcc3bbf9
3d6ebd8abc773d43
bc70b7953ce4bcc7
3d55bd023d4dbc80
bd83bd4ebd0b3d29
bcbb3cc33bbcbc96
bc7bbcabbc773b89
3d9bbd13bd2b3d3b
bc35bd3bbb8d3d47
3d313d34bce63bd9
3c2abcaa3c633c4a
3d003d2ebd303b3f
0000000000000000
bda7bcfa3cd63c0a
bd14bbd7bcc8bdbb
bdfbbd013cbd3d7b
bd18bacebc903c84
bc06bcd03d17bce1
bd1a3d5d3cdbbd36
bb0dbcadbc413cb3
bdb83cb73d813c0f
bd1fbd953d81bd17
bc91bccabd753ce6
3de73d88bd1ebdc7
bd2cbcb43d113c99
3a7b3cc0bc873cd5
3d903cc8bd103ccd
bd99bc083d48bdaf
bceb3b973d573d29
bd593cee3d863c7a
3d423ccbbc11bd6b
3ceebd34bd443bba
3cd73d2dbd5abc94
0000000000000000
bd69bc823cc0bd1f
3cbebb0abbb93cfa
bd2abc50bb653bc6
bb3abd61bc523dc2
bd2e3da23d743c58
bbbcbd383caebd08
bd31bc803bbbbc81
bd39bd083ca5bd41
bb17bd18bd623bd0
bdb8bd263cbe3cb8
3d8a3d393d82bc22
bd9abd36bc1d3c4e
bdc0bcfb3cc93d5e
3d71bd563d573c4b
bb12bc603d3dbc3b
bd213cddbcd93ca6
bcddbda9bcfb3d69
3c1a3c3bbd643d76
bcbcbc8fbbe0bbd3
bc553d923ccfbbae
0000000000000000
3d553c3c3c89b9ac
3d093d0fbd2e3c2e
3d69bbacbc8f3cee
bd09bcf23d38bcd0
bb103cda3da4bd25
bda1bd0cbca23db2
3cbc3c3d3bccbc12
3d2ebd183c9d3d1f
3d15bdab3d3d3c9e
bb963d96bbcebb0f
bddc3d653cb43cdb
bd6d3b9bbccc3cfa
bbb3bd203d8cbd52
3bda3d08bdd1bcf6
bd3fbd4a3d533d08
3ca63c6dbc68bd3a
bbac3dccbcfbbd59
3d48bb64bc2dbd81
bc4d3beabd6a3d72
3c613d08bd83bda9
0000000000000000
3d693d95bb813ca3
bc5b3b3e3ca33a73
3d90bd05bcfebca9
3d343c50bc95bd85
3d583df2bd32bcf4
3d2d3d50bd1bbcfc
3cdd3dd8bd07bc92
bcfa3c343cb73dec
bd203cac3d363d42
3d323d0cbcba3c95
bd8c3ce9bd18bdaa
3ca3bd9a3d04bd73
bc75bcc03b04bc18
3c823d5abcadbd1c
3c253d49bcb4bc12
3c863d0b3bbdbca1
bc41bd83bc4cbd64
bc8fbc23bd1cbcc3
bded3c23bd203dcc
3c4e3d8a3d6b3d6e
0000000000000000
3c14bd84baaabc1e
3d85bc10bc043d36
bb653c9dbe123d1c
3b963c203db03a9e
bd7bbd71bbcfbce0
bc8a3c3fbdae3ca8
bd1dbc5d3a93baba
3daf3c2b3db0bcaa
bd8bbdf2b9ac3b05
3d173da83d5b3d2c
3d1c3c563d49baec
3d50bceebd703cd8
bc7fbd86bbfcbd85
3d143ba13e01bbcf
bd30bd7cbd86bcc9
3c6fbcc2bdf2bc2c
bae73dbcbdde3d2c
bd133ae73d7e3d97
3962bbd63da13c8f
3d5c3d1f3e2f3ced
0000000000000000
ba63bc073c96bd8c
3d523b7e3c53bda8
bcc6bd573c9d3d2d
bcc1bce33d983bc0
bd943bf53d603d60
3a8a3d763d093cd5
bd8e3d0f39f33c07
3c9bbcf43a8bbdb0
3d183b9d3d233cd7
3d87bb8b3ca53d86
3cb7bbc5bd833d9c
bd0e3d003e233db5
bb9a3bf13c98bb7f
3d943d68bdabbd1c
bd3e3c023cca3d36
b999bd3b3d253cf1
3b96bd093d2f3d34
3d13bcb9bd6f3c1d
bd133ca53cec3ca0
3d263d1cbdadbd8d
0000000000000000
3c1c3cc7bb0d3c80
3d133c8ebaa93aea
bd333baf3cdc3c35
bd66bd67bce73c08
bcc539b83ceb3b3d
bcaf3b543d78bc2c
bd8abd21bd41bda8
3ce13d28b9973ac7
bc0f3d443cd7bca3
3d883d1b3cf0bb51
3d513ccdbd083b8e
3c333d1bbd20bb91
3d8b3d563da43b3f
3dc93aa43d1bbcb8
bd5a3ccdbc5ebd0a
bcf2bd14bcf93d36
3cdc3aecbceb3cce
3cb6bd19bd8c3d1f
3c84bcdbbb683ce3
3d97bcca3d2b3d6d
0000000000000000
3cc1bca3baad3cee
3cfa3d4ebd863d3d
3c3fbd97bc0b3d70
ba0bbccdbd213c18
3b6d3cc63ccc3d1a
3d5e3d493d953d34
bc91bc603d003cc8
3d5abb31bd273d87
bc76bd55bc913d04
bc8e3c553cc93c5f
3b863d67bbf5bd60
3b593d833dde3d8a
bd213c69bd31bd52
bc4b3d2fbca2bd16
3c1f3d63bcfa3b01
3d203c06bc9d3ba2
bb57bbffbc3fbd54
3a6cbb67bd363c7c
3d20bd2d3cda3d64
3cb43c5bbd83bd1d
0000000000000000
bd983d0d3cc9bc01
bb39bc703d1fbd55
bcbfbd25bd96bd2c
bdbfbd18bd9ebdf1
bc61bb473bfebc58
3c633db33d0bbc7e
bc8b3d5e3d47bcec
bd0a3d063cc23c89
bc4fbd373b813ccc
bc4dbc483c1b3d1b
3dd43d2bbc383b99
bc6c3d31bda73ccc
3c443bbd3c5f3d9b
3d503d2dbc1ebc47
bd07bb02bd33bcf4
bd09bc65bd79bbe8
3d013d3bbb9abcb2
3d9dbd71bc97bd5f
bcfebcd6bd16bbaf
bb193aab3bb2bc8f
0000000000000000
3d22bcfcbc46bcec
bb71bbcc3d90bda3
3d20bd72bd3f3ba3
bcb5bc9bbb22bc04
bc5b3d17bcc4bd82
3adb3caabd20bcec
bca03ccabcf53e46
3d70bb443d73bda6
3bf93ccb3cac3d3b
bc7e3acdbc963e22
bca6bc9a3d633e57
bc5a3bd7bd673d9f
bc833ab9bd00bd7d
3c9abbf83d69bd9b
bd59bc273d193d87
3c3cbc75bc4abac6
bc7abcb7bdedbe0b
3cb6bd4cbc2f3d11
3b2b3d32bc3c3df9
bd3e3d36bc1d3d68
0000000000000000
3d9cbc0e3ca3bd9f
bca4ba60bd71ba2d
bc18bcf13acebca4
bc9a3c813d57bdaf
3b993c5b3cebbc74
3c57bc1bbcd0bdfa
3d183aab3d72bc93
bbe939723c8cbe12
bd8e3d2bbc4cbdae
bc24bb343ccf3c8a
3d523a57bcd6bcd1
b97fbcaa3d21bd66
3cc93c8e3da2bd0c
3d8c3b463d333d08
3d44bbe4bc87bd8f
3c883c9e3d3f3ce4
bcc2bd8eb7b4bb50
bcb53cedbcc63d20
bd2c3d893d283d86
3d0f3c9f3c68bd84
0000000000000000
bd27bd3b3cbebc1d
3d2bbc3f3cd03c2b
bd43bd58bc7b3c1d
bc13bd2abc083e01
bb323ccbbd2bbda5
3cfb3bdd3b27bc95
bca93aa7bc6a3d2b
bc2abd0a3d243d2f
bd9cbc9bbd44bdeb
bd4ebd793d223d44
bcba3ce53c4bbb8d
3cb9bbd6bc11bd27
bc97bc823bdebd6d
3ba238ccbd14bb27
3d7e3c9fbd573dd5
bd53bcc3bce23b46
bc823c023d403b83
3c983c02bd793d23
3d53bd2ebd403d02
3d2fbc593dc1bd76
0000000000000000
bcd3bd4fbd503cbe
ba133cb43ca7ba27
bcae3c4b3baaba59
3cc93d833bba3b3a
bd84bd683d283c20
3cb0bd8ebd8bbd1e
bc373ccebc763c73
bd243d0b3c3bbd19
bd1bbbf0bc1fbd41
3d913dbcbbf0bb62
3d58bc293d2c3d04
bd46bd213c91bb9b
bd01bc973d51bd0e
bb8b3cb13cfbbdb9
3cf4bb63bd4bbc24
bca5bb91bcf83b79
3c02bd88bd93bce3
3db0bb4e3da43dc4
3da43d893b893d23
3d1c3a7f3d273c0f
0000000000000000
3b823b0cbc8c3ca4
bc8cbc9d3dc0bcbc
bcbebd07bc473d5d
bdc7bc173da93b8a
3d0a3b093d91bc92
3dae3d69bbdb3d62
bcafbbf7bd683d92
3c2a3c9cb9fb3bf7
3c773d673c2cba6b
bddb3ce03da03d2e
3cbcbd243cb9bcdf
3c4b3cbe3d383d42
3d3f3cd93cab3d94
3a8cbcea3df6bd0a
3d663c8ebd7bbd45
3d18bca3bc83bd2b
3d313c80bb693c52
bd17bd553d08bd0b
bdc43c273cc93ca7
3c32bab13dd6bcb7
0000000000000000
bce63ca93c483d54
bd00bd0abb0c3c89
3cdfbd4a3d303dad
3cdabd463c4a3c86
bcc73c75bcd03c69
ba20bb72bd52bc9c
3c19bd203c1ebc60
b9e73d5b3b233cce
3d853d0fbcbd3cc7
3c98bd81bbb6bd0a
bd5abdc1bc03bcbf
b9a03d92bcef3aac
bb9e3cd2bd4d3ca0
bd16bd3abbf7bd42
3bf53d963c96baa2
3bd13939bd343cff
3c57bd55bce83ca9
bcdbbbb13c5a3d87
3da33c503da0bb92
3c95bd40bd7ebbd9
0000000000000000
bbc33cac3d663c8e
3d6ebd25bd903c17
bcaebbdb3d0bbd0e
3a59bd353d2fbda3
3cb53d02bc7dbcfb
bc243d023d213d08
3d293caf3d263cf8
3dc73d52bd0cbc9c
3cbc3c9bbc5dbcee
bc123c6e3d01bd18
3bb9bcdcbda0bc8c
3d6dbb37bc123bce
bbd0bc683ce83c18
3dbebcd3bd2f3d31
3d10bcb6bd233c41
bbdabd2a3d083d06
bde6bd1a3d8bbd0d
3c23bcba3bc9bcc5
3d783c863c0f3c58
bbde3cd5bd9f3b58
0000000000000000
bd863c8abd55bd34
bd28bc82bc1f3d78
bcfbb945bd7bbd0c
bd563c9cbcf73bb5
3def3d34bd803d71
bd2abd963c4ebd4c
3cdbbcdb3b513cbb
bc32bc84bbdf3d12
bd37bd4c3b8a3d03
bd883c86bc603ad0
bd433d70bbd23cb6
bcf0bda33c8dbc90
bc9fbd3ebcf9bd57
3d633bf63bd43c9c
3c57bd883cf23d64
bd473bb4bbaf3cdc
bcaa3c9d3d60bde6
3be63d2cbac23c41
bb12bcefbc49bbc4
bbc43d5d3c903d4e
0000000000000000
bd8e3d1e3c74bcf8
3cfcbb52bd96bd2f
3b713a6b3cc0bd90
3d493cb0bcbdbcf7
bd8c3d3a3e0f3d55
bdccbd8c3e003aba
bcb9bb8e3db33cbf
bdc3baa1bcc43d30
bdbabc993d40bc83
bd90bd44bca53c53
bcbfbc553c713c06
bda13a6f3d66bc81
3d22bd12bc353cfe
bb06bd223cf4bcf4
3dbd3d14bcdc3c45
bc813cdd3cc83d67
bc293cf93d81bcae
3967bc73bd3d3ca4
bd37bd43bcd9bdde
bd783c68bd4fbd18
0000000000000000
3cfdbd01bc81be2f
3b833d943d613ca6
3c8abd853cccbcad
3cf7bd293dbdbda0
3a9cbdbb3c3fbe32
3c04bd3b3d323d00
bcdabd11bd6e3c73
3db7bcebbcdfbd87
ba943b5b3cf2bd6e
3d233cc83bd2bd73
3cec3cfcbc833d89
3d22bcd83cd3bcba
baa2bd81bcdfbd1b
3d1a3ca63d99bcb0
3ce2bc223ced3d99
3d4f3c813d1abdb0
bd94bcc8bb98bd4e
3b1a3c883c933c84
bc54bc8fbb073c86
3dbe3d74bd0d3b2b
0000000000000000
bc55bd933cf9bd30
3ceabc29bdb0bcac
bc9abbf6bcc6bd3c
3cd53c32bcd13df1
bd2e3cc53d3dbbfe
3c803d4c3cf4bc49
b936bda03c643b34
bc2a3bb7bd08bd3e
bbc3bc673d4d3cae
bd303c87bc943ddd
3ca23cffbcd33dcb
bd3dbce53b8e3b57
bd733d173c86bd09
bc6b3cc3bd1e3e0e
39d33c6cbd29bda0
3be4bd51bc93bd1b
bc29b948bc2ebdc4
3cabbb81bc683ab0
3c29bd09bbeb3e2d
3cc8bd63bcf83e09
0000000000000000
3c9bbc043d963ada
bc3d3d13bc863dae
bd34bd30bc873c23
3c5a3d54be1ebc84
3cb1bc56bd05bda5
3d683bb53b7c3db4
3da23bec3bbbbd8a
bd40bca039a63d07
3abcbd103c66bd5c
bcbd380c3bd63df6
3d383cd5bb1d3d13
3d1bbcf43c993d23
bcbdbda13c3cbc90
3ac1bbf23ce03cc0
3c333c66bd87bd8f
bd0b3c79bd1ebc6b
3b62bdafbb963dba
bbf13d1fbc94bd13
3ce53d293d07bd5e
bd503ccdbd903d66
0000000000000000
3b0bbaf0bc0d3c6d
bd953c2d3d67bc8b
bb23bd46bdb23ca0
bb48bd2ebc4a3c8f
3d67bc4e3c053cfa
3d853d0fbce137fc
3cc93d093a753cde
bd18bc9e3da93c5c
bd503d713cb73c40
3d5c3c323c2d3ca3
3b9f3d753830bd40
bbcf3b61bc023ca1
3d903d0b3a77bcef
3cd73d703bc6bc8b
3d6fbc213ce4bbc0
bc0abdbabb9cbcf7
bdb1bb9abcefbcdf
b9febd7cbd34bd94
3d02bc0c3c853cd9
3d3cbd5b3d413ba7
0000000000000000
badd3d93bcf53c34
3bc0bd4f3d95bc2a
3cf73d4fbd7f3ccb
3daabd503e0ebc87
3bb93d163b893d05
3bfc3d0e3c66bb22
bd79bd343d42bced
bd463d603b19bb76
bccf3d4bbddf3d1d
3d81bceb3e3abba6
bcdabd93bc273c6d
bd33bc19bdbdbda9
3d813cf43c3e3dc7
3db6bc5a3d92bd5d
3c603c9ebc923d26
3cb43ca7bce43ca3
3d02bd96bd34bb29
3c0dbde83d453cc1
bd5cbb233d99bc83
3d05bbb1bc44bdae
0000000000000000
3b783d9fbc68bd45
bda43c813d38bc9b
3c2a3cd73c73bcdd
bd263d183d83bc23
3bb73db2bd273d9e
3b983cadbd15bdaf
3c1f3d3dbd163d34
3c1dbcf1bb86bc26
bbcdbd5fbd06bd57
bb583d083c9fbc6d
bc5abc9dbc61bbbf
bd2ebbbdbd453aa7
3dae3d39bc5f3cbc
bd2a3d153cbd3ca0
bcdcbd5eb8d4bd4e
bd143c8a3d64bccd
bd00bc9a3d4abc23
bd503d513b4a3c35
bccdbba83cfa3d0d
bd8dbd20bbe6bc31
0000000000000000
3d84bcf33d6fbc90
3ab0bdb03d2abd08
3d073d193ce3bd9c
bc953d5cbcd2bda7
3c7fbcf2bca83ba6
3d1f3c6cbd583bcb
3d343d693cd6bd02
bd2abcd33d81bd2a
bd7cba5bbca0bcb6
bd5cbbc0bbf6bde2
bc653d9bbced3cde
3bd1bbb1bca23d1f
3c0f3b8abd15bca3
bd83bd88bc803baf
bc6ebc89bcfe3d1b
3d4cbbd23ba2bccb
bcce3c7abd44bc54
bd363c1bbd253d46
bd393d30bc183c82
3d46bd2c3d10bcd0
0000000000000000
bba6bd89bc9ebd9d
3d8bbd353c40bd11
bd193ca23cfabcae
3c843c9a3d00bdeb
bd843a503c52bcfb
bd7dba66bd9abdb2
bcc43a0b3cab3cc8
3d92bcc13d5cbd35
3cd23c5c3c6fbd71
3d5a39e93cb8bd0c
bb853d28bad5b9e7
bd1fbd4fbca13c68
3d36bd16bb4a3b60
3dc03d0b3dbbbc95
bd143cd6bd39bd8b
3ae9bc46bd68bc8f
bd03bc923bc0bd21
3d48bb5b3ca9bb0c
3d52bc36bd853cfd
3d84bd823b3e3d29
0000000000000000
bd0e3d95bd3cbd8d
bd583ce83dcf3db1
bcd03cafbcc33b4c
3c333d123d04bdb1
3cd8bc10bd92bd5e
3d293da1bd1cbce7
bcbf3bf43bddbce2
bb52bb7b3d713cc9
bc4e3d693ba6bb27
bcd8bccb3b613ca1
bc2abc0f3d443dba
bc943dc9bd0ebc8f
bcec3c093d39bd78
bd44bb163e0b3cf2
bcab3d993ce53c88
bbf93ce7bc3eba8d
3d85bce0bdb4bc48
bd15bd453d3b3cb0
bd83bd2cbc3fbd1f
bb0fbcb83d423d09
0000000000000000
bb6ebc843c60bce0
3b7dbdaa3ad5bd7e
bb923d323ceebca0
bd2aba963cf93d09
3c1d3cb5bcba3bef
bd71bcb53c86bcea
bcaf3daa3c8d3c04
bd85bd883bc9bce9
3cea3cb4bcdfbda6
3b473af13d0ebcec
bca9bd18bc5f3cc3
3d493d89bc13bda7
3c6a3c9f3ca3bb99
bc49bb58bc80ba9a
bd2c3d52bd5f3d4b
bcdbbd003c013d14
3b9fbd243d173d50
3c44bc303ca13d04
bd3e3d113c6abd28
bcbbbd873c9f3b82
0000000000000000
bc37bc403d013d0e
3b4f3b493db43c86
3c993c61bd4cbca4
3d4bbd493d103d97
3d0b3c7abc7f3d7d
bc943cce3c87bd89
bd103d0dbd76bd78
bda53cee3e0a3cea
bb77bcc5bc993ce3
3c61bd663d4d3d06
3b883cc43d693d49
3c043d10bc053b6f
3b7d3ca2bd7c3c38
bd8ebc853d32bd28
bd53bb08bd7cbe0d
3cc3bca1bd073cbf
3c12ba8ebd743d4c
3bf4bd2cbd5abd89
3c38bbd73d86bc56
bb3bbb163dd53d09
0000000000000000
3c653d8cbd283d1e
bdcbbd943c333c56
bbb8bc8b3d8d3d15
3c2dbd113d67bd7c
3d6a3d083caf3cf1
3d6ebc0e3c0fbc8f
3d5c3b37bd58bd52
bd30bd67bd0a3b8b
3d5e3c0b3c4cbb30
bcd5bc28bd16bcd0
3db3bac23d80bcc4
bca43d9cbcde3d39
3ced3cafbd023bb8
bd5cbc353c87391f
39bb3cda3cb23cd5
bd57bd1d3bcdbd5a
bcfabcb7bcd93d8b
bad3bd323c81bc82
3da6bcf4bc59bdd5
3c2cbd353c47bd16
0000000000000000
bd67bd503ccfbcf1
3d3f3d123d1ebc8d
bd1b3b763c703c05
bd6bbcbdbd1d3b25
bd993c2aba2ebbc4
bda1bd3c3bb3bd4f
bd8abd15bd413c8e
3ce6bd113cc8bca3
3c61bbadbb513c3f
3c633d443d1ebd0c
3d3f3d6dbb883cbd
bd553c94bc3d3a45
bd8ebbec3d3e3c65
bc363d193de7bc9a
3d77bd26bd07bd17
ba903cf43d063cd8
bc9f3da0bc0dbc48
3d6e3c9bbc893d0a
ba053d60bc82bc8e
bd233d803d783cc1
0000000000000000
bcadbc193c8abc15
bc813ccbbba6bc89
bdaa3c7d3cf7bcd7
3d733d423cccbcd1
bd013b96bd6b3c13
3d2abc84bcf33d27
3bf83ba13d473b2c
3cddbbe53c2dbca7
3c5f393dbcc9bbef
3d58bc763d83bc2c
3d2e3ccdbd103c76
3c9b3c753c423cb7
3cf53b34bc87bd9d
3d9f3c043bf53ce9
3cc33d80bc063c5b
bd7f3cb63c75bc75
3c3abbddbc85bd97
bda03d2b3d03bd38
bd233d143db0bcb8
3d8dbbc8bc69bcfe
0000000000000000
bcc2bd3a3c5d39eb
3d263ccf3cf0bd3b
bc143d353d52bc8b
3dd93cf93ce4bd81
bd2abcadbc8e3cc6
3c5fbd64bd473a96
bd17bcf5bbba3dbc
bc693a103c5a3d57
bc113c56bd013cbc
3d32bc8d3d5abd84
bbd93c9ebcf1bda7
3ccb3aa73c88bd01
3c8b3cde3c213c32
3d533dbf3cadbd68
bbcdbd11bc47bc19
3bd03d293d733b93
3d5b3c203d3ebc29
3d503a953cfb3c6b
3b0dbca8bcda3cbe
bd0c3c3e3cbdbc72
0000000000000000
3d61bd11bc94bd34
bce13c88bc97bc97
3d53bd34bb73bd09
bc68bd613d2e3c2f
bd21bcd63d513d1a
3ccbbda9bd3f3b47
bbd4bd1a3d84bd50
3c81bc2abccabd8e
3c0fbce63dad3b44
bc8b3c2a3d953bc6
bd813bce3cedb959
3db6bc9c3b7bbd3b
bc95bc173c923d9b
bd83bb4fbdb33dba
bb0f3cc63cfa3cd3
3d78bd38bc98bcac
3df03c8dbd20bd17
3d01bc0e3cf1bd0c
3c00ba753ccfbcf4
bce0bc693ca23b79
0000000000000000
3c8fbd1a3d2fbd37
bbbc3cadbcf63d0d
3d4e3b0bbb41bd9c
bcd23bb2bd333c5d
3c4bbc613c773cb1
3cfabd49bbba3b4e
3da9bdaebcd6bc1b
3da6bd91bb6fbcf5
3d683cc0bd12bd5b
3d8abce8bcbcbd96
bdd03d08bba23d94
3ccbbc5dbad9bd19
baab3d8b3d35bd28
bd8fbba7bc0a3d70
baae3c42bc703d38
bcb93cc6bd0f3d62
3d003d8a3b09bd06
bd59bbc5bd8f3d15
3d1bbcbebd30bce1
bd053d49bc01bb20
0000000000000000
bd293bf83d893d9d
bc8ebbdbbd93bd2a
bd02bd9cbc39bd18
bd9c3c7ebcbfbd1b
bd3d3d4f3ce2bcce
bcba3dd83d0a3d18
3c9f3d0a3ba63c57
bcf9bd033bec3c8d
b8583b713ccf3da8
bcb33d22bd9d3ca3
3c98bd14bca33c39
bc733c8b3d153d3a
bc49bc983d01bc6a
bce8bd60bd213c8f
ba8abc5cbd743caf
bcd9bd1fbd77bc5a
3c34bda43cb5bd0b
3d02bd24bca8bd37
bb8b3d88bcdcbae1
bd5f3bfa3bce3c4c
0000000000000000
3cddbb413cdf3ca1
bd873ccb3d2b3ce9
bbe2bcb1bc8bbd37
bcba3be5bd2dbbd0
bc83bc413d923cd1
3d11bcca3c243d8b
3d943ce33cd93d18
3c9b3c7fbcb0bd08
3d89bd40bc873a98
bd423d63bd593d5a
bc20bbb43c8f3cd6
3d60bc5f3d04bbc6
bd31bd433c38bc44
bd023bb1bd8a3bd3
bba2bc05bcfabc92
bdbb3bdcbd74bc98
bd913cb6bc51bd32
3c3c3d0bbd44bd8d
bbf43da4bc5c3cbf
3bcbbbcdbd4bbcaf
0000000000000000
3d82bcccbcb5bd77
3c8a3d233bc43cba
bc9e3ca83ccbbc19
bd343c59bbf53d63
3c84bc88bd6f3a4b
bb803d563d0bbc29
3d2abd23bd5ebcbd
3cb9bbb83cddbc02
3d10bd5a3b163d06
bda93d10bdb0bb48
bb4d3c7c3cfebb09
3d02bc27bcd1bd8c
bc113c03bdc23c28
bcb5bc483d753d27
3cf33cc03cc4bcc9
bcd83d493cde3d10
3c423d903ca2bd0c
bdba3d553cc23c23
3c53bcfcbd7f3bc9
bd573c223c5ebadb
0000000000000000
bcbabd403d15bb81
bd30bbcc3c25bbf1
bd073d4dbd30bc5b
bb1dbb83bbf9bbd2
3d2b3cb5bd04bb3a
3b0fbc703c7d3d1d
bc6a3ceebc963c90
bd18bc52bd63bd22
3c37bd163d82bcee
bd89bd38bd4f3cf1
3d493d48bc3fbc03
bcf83d62bcb03d4c
bc8a3c8fbc8a3ccd
bd3ebcbcbd723cc3
3c1f3cf83850bd3f
3a91bd39bd3bbd93
3c0ebd573d9abbeb
3d16bc693cd7bd0d
bd4ebdb03d32bcc2
bcc3bd37bd8b3b33
0000000000000000
3cbcbc88bdc23d69
3bf43cd83d353be3
bc48bb22bc07bd13
3d22bb4f3d2bbd78
3c7fbcbdbcdbba40
bd393d023ca4bae8
3c84bbf0bd263c86
3c82bd3c3c2f3d26
bc6abd10bdad3c9e
3be83c893cc4bb26
3b43bdb3bc2bbcbf
bc5dbc13bd313cad
3ae53b973c583d28
3cd1bccd3c013cc1
bd0fbd91bb74bd11
3d433caabb86bcc7
bd6dbd80bbedbd0c
3d0f3c2d3d42bc5b
3d11bdb1bc983bf9
3d203bb83c313ccd
0000000000000000
3ce4bcce3cca3cd7
bd4b3b89bd48bd5d
3b90bc493bec3d75
bc8abd25bc363d83
3d403c3a3ca83d3a
3ba83bb03d2d3caf
3ceabd313c15bd07
3ab9bb0a3d283d29
3cc2bc99ba8fbcb3
bcfbbcc2bb34ba82
3c0b3c9fbc03bce4
3c92bd1a3d0d3d34
3cf1baa53d673d46
3cdabc9bbcb1bd23
3d3bbcad3a5e3c98
bd463c41ba5e3d12
bd51bc96bd023d26
bd283c32bc9f3d1f
bd06bde0bd513cb6
bd403d403ca9bc3d
0000000000000000
bbc6bd273d4abd26
3cd63d963dd0bbe0
3d4bbd563ce6bd62
3d0b3cba3d7e3d70
3d32bcabbc0e3c16
bc02ba863c503d63
3c2fbcd2bb833b9e
3d13bd743daebdd6
3cb5bda23d3b3cdb
bd043dc73d643cf8
3c55bcc73cd23be5
bce4bb953c8f3d46
bc8d3c973ce33c2d
3d103c663dc33d98
3adcbd20bd6ebccf
39e33c82bb2abda6
bc0b3d113c4f3b9f
3c963d213ce4bd9a
3ce8bcc5bc4f3cce
3b763d48bcf73c0f
0000000000000000
3d57bcc6bbf2bb64
3d66bd82bc243d8f
bd49bd57bc4bbc28
bd8ebd8ebd1d3d82
3c7e3ca03da2bceb
3cc0bd3d3d503620
bc8f3c523da03d99
3b97bd1a3b4dbc82
bced3b8a3d75bd0a
3d81bd21bcc13b60
bd50bd1e3adbbc4e
3d9dbd04bd5cbda0
3d273c78bbb13c98
bc033b7bbd08bc95
bd8abd2d3b2bbc3a
3c5eba23bca83c11
bd0cbd17ba9abd08
bd4c3d68bd783d5c
3c86bc183cdf3d1e
3c8f3d073c843cf3
0000000000000000
bdacbe023ccdbda8
bd43bb8abdb93b4b
bd20bd1fbc933c97
bb0fbd54bc4bbd09
3d883b1f3becbcc0
bcedbd15bd8c3ca1
3b7c3ce33d173ca8
bd32bdd73d20bd1f
3ce0bcc8bd4d3cc4
3aa43e00bc2bbc92
bd7c3e2bbd9c3d03
3a87bcdcbdac3d43
3c87bd443d183d48
3c15bc61bc073bab
3c933adc3bcebb86
bd613d133962bd0d
3d4c3b5c3b8abbe8
3c4c3de2bcf6bd23
bcb73d9c3c31bba8
bc50bc3d3b73bc62
0000000000000000
ba8cbb39bd40bdbc
3d9fbd223dcc3d96
3c163c5bbd1abd8a
bcb7bc0f3d9c3c3a
bb96bb55bc553c82
bb863cb4bdb6bd83
bccabcd93caebd26
3dc9bd243c4c3c53
3c82bcc2bd5d3c4a
3d783c2f3d88bd85
bc1a3d0d3d2e3d23
3d39bcb6bd48bd47
bda33c9ebc28bbb7
3c673c573d883d44
bd7bbd093c533d81
3d8f3a82bd753b91
3d183d3abce7bca2
bc9f397a3c2d3b23
bc89bd523caa3cf3
3d85bcbb3c86bd26
0000000000000000
bc973d223db7bdd9
3a8cbcc7bd473cf7
bd063da03dce3cf5
3c8ebd70bc0ebd50
3a8ebce6bc903d3f
3d803dc13cd3bcba
3ce1bdda3cedbcd6
3b843d073d9cbd15
3d6b3da53d313cb4
bcbf3d513d763c35
bce9bdccbdaf3c0f
3c753c683b63bc14
3d12bcbdbb973d1b
3d0f3bf8bd45bba9
bd223bb0bd633d82
bccd3daf3d5cbbda
3d86bb003c8b3c7f
3c48bcdcbc9a3d4b
3ae2bdb3bc863c2e
3b7dbbd63ac83d20
0000000000000000
bd7bbd4dbce6bbd8
3d853dc4bacabbda
bc4cbbe3bd96bd28
bd77bcf9bd0bbca3
bd10bc403c233d96
bd01bc88bcfbbc42
bd9abd8ebd303dc1
bcdebd3ebce7bcdc
b9133cbcbc383c3c
3dd73d80bd253d30
bbc33cf73d15bd09
bc233da73bb0bd22
3c11bd0cbd033a17
bce93cbcbb6e3c6b
bb9bbdbcbcc2bce3
3cabbcb1bd42bd64
bd3b3cccbc943d68
bd14bcd83cbdbd29
3d023c56bd34bd5b
3d813d793d07bb7d
0000000000000000
bdb1bd21bc553d69
bcd13cf8bd5dbcae
3d9fbd163ce33cca
3c86bcbbbcc93c83
bc1ebd063c4c3c98
3ca43aab3d89bdb3
bd8d3bb33cd13b9f
3c6f3ca6bd32bc82
bccb3c85bc5f3cbf
3d40bc943d2d3c3d
3d503c2dbcf63c03
bda13b4f3d563c09
3cbabd033ccdbcc6
3d263c9cbc14bcc7
3d083cffbc69bcdd
bc8dbd893c993c9b
bc643cc2bcb33ac3
3d013c65bc653d49
3d2a3c16bdb43c6a
bcb1bd31bd7c3b70
0000000000000000
bc19bc21bc9dbc89
bd9cbd0c3d78bd4e
3dabbd21bcddbb4e
bccbbdb93cfdbd2d
bc35bccfbcab3cc7
3cca3d36bcd33d3e
3ac2bd10bbbdbb98
bc403d2fbd013c25
3a73bb9339143ba0
bd7ebd313c38bd7c
3cabbc6c3d38bdde
3d523d16bd933db7
3db33c9abd8a3c8d
ba0ebc8a3c4ebc14
bd49bb6c3cefbde9
bdd7bcff3d243bd7
3c3abad13c1ebd3a
bbebbcc03c1fbca8
bd9fbd433d933d52
bd53bd30bd0fbdc5
0000000000000000
bcfa3d523ca83c29
bc973ccbbce93d60
3ce43c0a3caf3d2c
3c2ebcba3c9b3d2c
bca53be23c6c3c3d
bd21bc233d0cbd25
bb1bbc473da0bc6d
3b633c113c3f3b1c
bd35bcad3c05bc83
bc00bc963c4c3d57
3ca13d003cf6bc39
3a503bd63d18bcf0
bbca3d0d3c63bc04
bcbdbc1abcb2bd08
bbba3a3f3cdebd1c
3d483d273ce83d42
bcc0bd483cdd3d3e
3c793d2fbbcfbc2a
3d873d26bccbbdbd
bc8d3d30bd483c95
0000000000000000
3c513d5f3aa5bd08
bd34bd70bb8bbc71
bc143cee3d11bda9
baa7bd0b3cb83d74
3c41bd383bff3ca5
3c8abc483c23bcbe
3cea3d7abd36bd3f
bd113ce23cf7bd41
bc983cfebccf3bdf
bca23c333dd63d00
3c843c12bc823d40
3cb2bbf9b9ca3d05
3d733ca93d513d38
bcc0bcf63b083d44
bc6e3d4fbd57bd0c
bdd03da8ba133ca5
bbadbd6f3d883c9f
bce539c43cc7bc23
3ace3db23ce43c4a
bc933c963c163c27
0000000000000000
bc11bd903b87bd91
bc0d3dcc3d503d0d
bc3fbd3bba73bd41
3d883d68bcadbd26
3bf4bb46bdaa3c09
bd1a3cd23cbbbbc1
bc823ca1bd9abdc0
bbd13c253dd4bac7
bc9abd0bbd5dbc22
3c943d46bcea3d3c
3c09bc613cdc3b80
3ce8bd013cd03d04
3c1abbf8bda3bca0
3c673d723cd03d21
3d85bd33bcf13c2b
3b46bd1b3d2abc2f
3d95bbcfbc4a3aff
3d203cebbd9dbcbe
3d213d07bc68bc9f
bbad3d243d73bcaa
0000000000000000
3d19bd2fbc8c3cdd
bd513b1fbdb33db2
3d8fbd4ebd0ebd7b
3a0dbbe5bccbbc10
bc863cb93cebbc60
3c68bd1a3dba3d17
babfbd1e3d79bd91
3c9fbc163d31bb94
3d3e3c113b843c38
3d113cb53ce83d93
bdce3c933c2e3d30
3d21bcf33bf43c06
3d693bdf3df9b9e5
bd883b01bba33aed
3c82bd423c4abd59
3d37bbb3bdafbb8b
bcbcbc523c16bd47
baab3cd63d0fbd94
3cedbb82bba63d2c
bdb0bd6dbd203db2
0000000000000000
bd9e3c993ca83d90
bd7b3d4a3d49bc79
bd183c9abb123d6b
bcc73c823d4fbcdb
3d5abd1bbd2fbca8
3bddbd18bc1e3ccd
bd07bbf7bc54bcd2
3aeaba16bb86bb8a
3b7ebd053d2a3d36
bd1f3d143d273d87
bd6c3c3b3d8cbd7d
bcea3d60bcc73cfa
3d0dbca53dfdbd24
3c2f3c2f3c6abd92
bd2e3d383a95bacb
bcc23c4b3d31bb31
3cb3bd0bbd083c71
bba43d76bc78bd0c
bc913bdbbcea3dec
bc143c7dbd1fbc3c
0000000000000000
3d3ebce8bd1d3c26
bd013c6d3d6fbc1d
bbd3bca4bde3bda3
3dcabd213d0f3cb8
3d41bc573c82bd3a
bdb4bbf1bd43bcd9
3d03bca2bd113c47
bd82bcc1bd843c93
3cda3d36bcc23d3d
3c993be63dd73d5f
3c523ce73cccbcc1
bdb03ad8bbc43d88
bc273ca6bb51bceb
3d123d11bd14bca5
3d8039c9bd79bc88
bd88bcaabd28bd8e
3c183ce0bd4ebd06
bd80bd0cbbabbb90
bdd8bdc13b6d3c52
3d32bce83d73bb8c
0000000000000000
3c38bdad3d553cd0
3cde3d633d5a3c97
3d47bcf0b98bbbc0
3dc0bd8cbd0b3e0e
3d5cbd5f3c42bc45
3cde3ccd3c92bc27
3cddbdb8bd26bc6e
bcfebbf53d8c3c56
bd373c4e3da53a03
3cf3bd6c3cab3d21
3d533d22bcd0bc8c
bd1d3cfd3caebc90
3caabc3fbba03cd4
bc253dd53ce93d1a
3cf73cb3bd9ebb6a
bcecbd30bc993d09
bd3ebc03bc813b1d
3cb33d12bdd53d15
bcc0bd203cc0bb14
3cb5bb563bbd3cb9
0000000000000000
bce9bcfbbcbabd0b
3c83bd863d57bd1c
3c9fbcfabd67bd8d
3ccfbcc4bd94bcfb
bbf83cc93d813d05
3d623d6c3c51bd03
bd3b3d2cbbf3bccd
bbfb3d0c3c47bd05
3cbab9fb3ca23d24
3ca4bd07bd12bbf4
3cac3d9b3c8bbb92
bb823c81bcfebc35
3c993c76bb4a3cb5
3c0b3a693c363d40
bd32bd053bc1bd3f
bbe4bdc03cd9bda3
3d7dbd7a3d47bca5
3d85bd5abb87bdad
bd253bbf3cc1bd32
bc86bd153da83d59
0000000000000000
3cec3d1f3bf2bcdf
bdadbbd33ca33c41
3bcf3d12bbcabc6b
bbb1bd083da4bbcf
3c65bc4a3c7a3cb2
3c7fbd37bc7fbd95
3d913c8d3d27bce3
3ce53cfb3c56bc29
bc2bbce7bd7dbc24
3d723d3d3c9ebd21
bdaebd87bc7b3d45
3caebbb3bce0bdae
bc73bd483c63bcdc
bdafbceb3dacbcbc
bcf6bda1bd103c5b
bdc43d083bc9bc97
bd1fbcc63cb9bcc5
bca9bc37bd083d59
3be33d28bcccbc81
bd383b273d273c8e
0000000000000000
bd323d4b3d083d15
3d6bbc55bc003d1a
bd1bbcf03c903d4f
bcd93bc3bd77bd10
bd173d123aac3bdd
3d343b07bd143c0c
3b7d3c713cf93c95
bd08bd0a3bdc3cf9
bd9d3d773d603d53
bce0bd76bd46bcd5
3d2abc49bd063c06
bd9f3d82b8083b9a
bd273c983d663af4
bd70bcb1bd0a3cef
bcca3d45bc8b3d55
3cd0bc3dbcd43ce0
3d7b3d95bd3abcfd
3d51bd8dbb973c99
bc66bd82bc833c95
bccebd8ebb743b27
0000000000000000
bd9ebc9abc81bbf9
3da0bd68bcd5bd4c
bd06bd633acdbd94
bd63bd633d383c30
bd583da8bc86bc89
3cba3d12bd5abbe2
bd4ebc743919bced
bd0c3dba3ce93cf1
bd99bbd53c283cde
3cec3ca1bc0d3cc8
3d3fbd06b9febd53
3d833cc6bd053caf
3b9ebd43bd1c3d92
3d08bcc13bbf3b32
3c78bc64bcbcbcdb
bd44bcac3d27bd33
bcde3c1fbbaebd05
bc5e3aca3cfdbd51
bd6b3cf8bc19bd3a
bc9e3aa13cc8bcc8
0000000000000000
bd113d31bd283c73
3d283d38bc5bbd36
bdb63d14bc9abd7a
3c5f3d6e3d0cbc3d
3c9a3d283d153d54
bd3c3afc3dae3cb2
bd06bd0ebdba3d30
bd89bd4b3b1abd1c
bd633ca23d0d3cf3
3cd3bd903c82bc7c
bbccbb4b3ca1bbc1
bca6bca13a933c94
3d123d73bd0dbbe2
3b683cdb3d8bbc17
bd7d3d43bd1e3bcf
bcf5bcb4bd34bd79
3d37bab6bd9dbcaa
3c07bb0bbc59bcfe
bbfdbd82bd10bc43
3cbbbda43bfc3bf2
0000000000000000
bd113c173d8e3d61
3d103cb5bc43bd5d
bc8e3c773c693ce4
3c493d3cbd0b3c97
bd013cd4bbdabe02
bd14bca83c743daf
bb90bd0ebba23d15
3cb2bcf6bd033d53
3b56bb703c2dbba7
bcc6bcfbbc8bbd64
3d933c893d58bd62
bd53bca9bcd63bed
3c5ebbd13d4cbd86
bca23c72bcc9bd0e
bb93bc20bcfdbcf5
3cadbc52bcf83d4c
bcb83c443c4d3dcf
3d0f3d7ebd84bce6
3d04bd0abcf93c46
3d153d933cbdbd41
0000000000000000
bc823c12bd2bbc19
bcb9bc5bbcb6bd8b
bcc13cd6bda8bc01
3d383cb63d983cac
bbc13d073ba63cfe
bd273d243baabc1d
3c8e3dc43c533d2c
bc20bb7abd12bcd8
bd0fbd913c54bc4b
bbf73c173d89ba9b
bb7f3d0b3d533d1f
bcbfbb64bc453a4e
bd74bc923d323c39
bcf63dba3dcdbd43
3cde3c8ebce53b1c
3c543d81bda3bd67
3c98bd843cc0bc8f
3d33bd2ebcd33c71
3ce73c503db83c68
bc183d243d13bce5
0000000000000000
3d5e3b0a3b433d5e
3c78bd4a3bc7b9f7
3d14b9cdbdd53d28
bcf6bb8a3d9abd5f
bba73d023c073cb0
3d413d103e243d7f
bbd93d923cc2bd12
3b93bc95bcffbc6d
bb983c9c3d023cf5
bc20bbff3d623d95
bcf3bce73c80bd59
3a2bbc873ce23d49
bdfa3be73d0dbcf9
bc2a3d2b3c8d3d45
bd633d123c84bca7
bcccbd63bd75bca1
3d0dbc4f3ba93c64
ba07bb623d15bdac
bb9ebc97bd5ebc14
bc8abd153c86bda7
0000000000000000
3ca2bc30bc0e3d40
bba1bda33cebbd22
bd57bc433c5e3d96
bd8cbc54baa43d4a
3c83bcaebd24b9fa
3c8e3d1fbc4e3bc2
3d2e3d8f3cddb8bb
3aef3cab3e10bcb7
bd053d3fbc5fbc9e
3cf93ba23d763cd5
bcc93c4bbd80bcd7
3d32bd0e3c823b80
bd873d14bd4c3d24
bc82bd523c58bc74
3cdb3b0cbdb2bbad
3b9ebd123d5a3d94
bc5d3c623b473cf3
bddb3b50bc993cda
bd5dbba8bd183d07
3db5bc4a3e073b67
0000000000000000
bcc83d15bd0b3cc9
3bb33d783beb3dbf
3d20bc75bd11bcc7
3d30bceabcd53ba4
3ce2bc213a2fbd05
bab83bc8bd36bca1
3d2bbd413bc1bd43
bc853d48bd3b3d0e
bc20bd46bd073d2c
bd3d3c4a3c123d3a
bc463c5b3d743ba1
bd9e3cd4bd013d1b
3d1ebd3a3c61bd05
3cb53cb9bbdc3da7
bbfe3c78bc0abceb
3da9bc0dbc6b3d33
bc71bd95bca0bd3e
3c6fbc753c21bd42
bd453cc4bcf33c94
3ae53d4abddebbbb
0000000000000000
bcc33c093ce3bd95
3b4b3d5fbbb7bd56
bd74bca2bc3c3db5
bdbcbc5e3d64bdf0
bd12bbe23bea3cc4
bcc1bcb13c1dbdba
bcd53c9b3d14bc12
bd273d113ae7bd1d
3d10bc50bc9bbdd7
bbc73c103da9be19
3c183d3fbd2c3d1b
3d1fbd75bcb53da8
bc9ebd3c3ccb3dd0
3c81bd18bce3bd25
bd1bbd08bd1cbca8
bd91bbacbc733d52
bc743c983c7e3d4a
3bf5bc3d3d68bd39
bd28bd8a3cecbd0f
bc753e083a9d3c28
0000000000000000
bd78bb373c963d2d
bb153bc3bce9bd00
bc783d9fbcf5bd25
bc373da3bd033b7b
bc053c7b3d4abc05
bcf0bc093c303c01
3c913c703d863c31
bd87bd053cb53d29
bd12bbb53d8d3d07
bb4bbcab3d243cf8
3c08bd3c3c31bd98
3910bd283c253cf6
3d17bbe73d113c4d
bcafbd3bbbbcbd39
3b8fbd1cbbd5bc4e
bd0a3b87bd69bd87
bc673cd4bd423cc1
bd333d01bca9bcaf
3c2c3d46bca73d4e
3d093702bc80bd47
0000000000000000
3d1fbc46bd9abd96
3d55bcadbc283d3b
bc58bd68bc1cbc30
bcadbd53bdbdbc76
bd0a3cf8bcec3d3e
3c1d3d41bd68bab7
bdb43cc6bd3e3adc
bb983c55bdb0bd32
bd33bc53bcf1bd56
3d9bbd16bd31bda3
bc88bcb5ba8abc57
bc193caebc83bd2b
bd3b3d2fbda13dae
3d27bd41bd06bcff
bdbabc963dab3ced
3d52bd68bd463be5
3d313d7cbc74bcf4
3ca3bbcb3dc2bd88
bd393c0a3b51bc4d
3d6e3c97bce83cc6
0000000000000000
3af33bfabcb93cde
3d423c9ebc0cbc8b
bd913a0d3d8bbcc2
3d2dbcc13d82bd11
bbe2bbb4bcd63ba3
bd2d3d59bc89bd19
3cbf3d3fb9983d3d
3bc9bc8cbd953cf9
3b7e3cc6bd6cbc1c
bd67bd50bb60bc01
3d88bd43bd22be15
bd6c3a6bbc7e3e0d
bdaabcb4bc073d58
3d0bbd0fbce93cc3
3d98bcc6bc69bd02
bc003db53a13bd1b
bcc2bdacbca5bc49
bc83bdaa3cb6bd18
3d27bd60bc813d57
3d233c52bc933cb5
0000000000000000
3ac83d4bbca93cb5
bce43c76bcc3bcb4
3be53d833d16bc02
bcc3bbd4bd873ca3
3d2ebbd23bb6bbc7
3d36bd3cbdb9bd2b
3d293c85bd803c24
3d343d76bd6dbd8d
3d443db03ccebd60
bc823d293c0c3ca2
bd48bd29bcd73c25
3c96bd19bdfbbd1c
3cc33c0e3c9fbc90
ba63bcb93d3c3b86
bcd7bcc73c3e3d2d
bba7bd313c143cb4
bd37bd8bbc39bcfa
bcbebde33beb3cde
3ba839d1bd5f3cef
3c7abbe8bce03c7f
0000000000000000
3df4bd153cd53c04
bd94bd363b563d1a
3cb5bd183d1abd70
3d18bd34bd0d3ba5
3d26bc023d1abd8b
bbd5bbc83de6bc26
3d323cde3d35bc33
bc2c3c62bcbe3c71
3c723ca1bc033c39
bcc6bd563d84bd1d
bc91bc68bdc83d10
3d543d87bcf9bcd3
3db43d90bd27bb12
bd18ba39bd9e3d1f
3d6f3aa2bc1dbb71
3cd13b6f3d603c67
3cb7bd113dee3b1d
3c2fbd923d3c3d0f
3a9d3cfabcc23caa
bd473d8ebb983cc1
0000000000000000
3d5cbce4bd563d2c
bb423d73bd11bbdd
bd60393e3b9aba81
bd8abce53ce9bd36
bc51bc513d813cd7
3d8e3d0e3c323c80
bc3abdee3be9bc84
3d43bdc0bd843d24
3a74bd64bcfa3c13
3c593dc9bd6bbdc7
bd133da2bd30bd2e
3d0fbc26bc6d3d59
bccdbccd3d703d07
3d493bee3d083d35
bb7dbd753c93bd25
ba86bc4bbcb3bcb5
bd373ceebbcf3d1b
bd86bc14bd00bd93
ba80bd933d0abbf3
bbe03d7d395ebc1d
0000000000000000
bd4d3b5f3db13d19
3c6c3cb83d22bb7f
bd48bcdf3d3dbd83
bd4ebc963cdd3c92
3a7bbc4cbd0a3c67
bd273d0a3d803c87
bd1c3cac3c8e3d08
bccfbc913d42bd1d
bc38bb7e3d89bdae
3a0139803d183d4c
3ca43c83bcfebcee
bc04bd39bcc73ca5
bd363c87bd043c4d
bc863ca4bc9f3b9d
bc83bce9bc06bd1d
bd14bd473c83bd5b
3d143d3cbd1c3ab5
3bab3c79bd21bbe6
b8a0bcfe3d3c3cd8
3c61bcfb3cb7bcce
0000000000000000
3d13bba2bcca3c4b
bd3e3d863d13bd05
3d32bc8fbd603cbb
bd66bdc23d8d3a4d
3c713d48bc8a3c86
3c443d14bd0dbbf9
3daebd203d55bb86
3cbebcd53d33bd49
3d2d3d9b3ce1bd10
3aae3ce43cc5bd0a
bd30bd13bc96bcfd
3cfa3d8abd4fbd4f
3cf13ca3bcb13c65
bce8bd093cffbbad
bc343bdd3d52bd34
3c463c7fbc883ce0
bbfd3dad3af33cc1
bc82bd7e3d2a3d01
3c83bd5fbc75bcbf
bd0fba8fbcb1bbc0
0000000000000000
3d15bd05bc963a55
3d86bbe83c923b1d
bd17bc4f3ceebb0b
3cc1bc7e3d9a3d1c
3b373d6a3c793a95
bc99bd22bd7abc6f
bd0dbd17bc73bbdb
3d28bc90bd15bcb3
bb4abc503b69bcda
3db83c8f3d9bbce8
bdb33d243cdc3c65
3da2bd523d66bd13
bbcdbcec3d24bb2b
3d9f3aa1bb9cbd58
bdf93ad8bdfc3b07
3c753d853c883cf4
bcfa3b403bd13ca9
bd3a3c29bc993bfa
3da03c8dbc993c34
3dad3cd13d143cc0
0000000000000000
3a10bd56bbc6bca0
bd683d14bcc8bb9e
bca23cf4bc923cb7
3cd03d35bd7dbd08
3cdf3d623d073d18
bd3a3c93bc24bd4b
bc8ebd69bd10bd21
bda03cfdbb7a3bb9
bcf7bc8f3cafbcd0
3c2c3d9ebd1d3d7e
3d243c983b9f3b83
bd1abd6b3b23bc56
3d3a3807399abbce
3d0c3d1a3c7c3d6b
bc8cbdac3d1dbcfb
bc9c3c903c723d02
3ba3bc26bcaabcac
3c9d3cdb3b073c3e
ba8abca7bd593b7d
3ca43d2c3d083cde
0000000000000000
bd47bab03d4abc23
bd8dbd8fbbdc3d8d
3c10bbbd3d233c60
3d39bb523c363d62
3db03d893a89bc63
bd35bc97bc90bd4c
ba903da13b783bfe
bc83bd2d3ce9bbbf
bce0bbcaba7bbc8e
bca83c633c4fbd56
bcbfbcd7bcd43ae2
bd7fbcb9bd0d3c5f
bcdf3d733d12bd51
3c4e39fc3c48bc11
bd84bcc2bcc13d90
3c5dbbc33d453d39
bdb53a593d00bd11
3c18bc8c3d183cbd
bd213cd2bcb7bbee
3cb6bc813c8dbc00
0000000000000000
3c8cbc8dbc17bcfe
bd01bc7ebd94bd25
3c513d1dbd4abd27
bbb83de73d3dbd84
3d2c3b8a3d0e3c50
bd973d4c3cee3c20
3d71bcc43cacbd16
bd86bcc1bc2e3bc0
3d5fbd773cb9bcb5
bd6bbd06bd193d0e
3d73bd63bcc7bc14
bb5bbc18bcf73d22
bda0bc003ce8bca6
bc9b3cdc3cbcbcb0
bc943dd23cd03be6
3c8d3cfbbd57bb80
bdce3d2abd5a3c40
3d6f3de7bd9fbc30
bd3b3d953cce3c30
3d66bd74bce5bca4
0000000000000000
3c033c423d94bcd0
bc9d3bce3d5bbc9f
3d91bcb8bcfdbcf6
3d24bc19bd47bca8
bcf6bc82bc60bc39
3ce7bd70b92fbc80
3d913b67bd28bd0a
3bb43d06bc5dbcc2
3daebce2bc70bc58
bcfdbc343db0bc10
bc91bd80bc75bcd7
bd14bba53ddfbd97
bc01bc623cafbc38
3cb9bc9f3c4d3c33
3d223c66bd90bcef
bc5b3d1dbd4b3b94
bd8a3d043d7c3ba9
bcaa3d10bd1b3dfe
3d43bca7bd8fbb93
bc5dbd4b3cd63d5b
0000000000000000
3c7e3b493cb2bc47
bd5fbd433cc33c4a
bd4e3cf73b2dbcb9
3c943c753c9d3d56
3baebd6238e03b35
3c0bbd9ebcd0bd97
3b41bc6ebd87bc68
bc2cbcd6bd20bc2d
3d5fbcd43921bd63
bce6bd633d933d17
bc753c743c873b38
3b70bd073cbebb61
3bb6bd013c303b6e
3d4b3c413bc83cc1
bc8ebd1cbd34bd31
bd403b2f3c323cf8
bcff3cd83d253d0d
bd133d253bba3d0a
bd153db93c6e3d0e
3bc9bd0c3cd63d32
0000000000000000
ba373d24ba053aed
bd6cbd3c3c22bdc8
3c683d8eba72bcd0
bd84bd85be3dbd71
3ca9bd24bd053d96
bc2cbc8dbdd13c6a
3d233cbebcbc3c11
3b533d53bd923cd2
3b02bd87bb8f3d65
bceebd8abd283a93
3c7dbdc33d12bc1e
bcdd3d32bd32bd1a
3d68bc45bdd53c83
3d1ebd45bce8bd19
bdbb3d493d483c38
bd12bd8bbc03bd5c
bc1d3c963dc6bd12
bd63bda2bc90bc60
bc9fbdbb3bfbbd25
3cc7bdb73d28bc61
0000000000000000
bc38bcc5bd773d4b
3b983cea3d013cc4
bcd1bd33bc55bd8d
bc9fbdc7bd2d3d46
3d6a3cebbc8e3d3b
bd55bd813cff3d0d
ba0abc833d30bca3
3b7c3cca3d2c3d1a
3c8c3d193c97bdb1
bc8f3b98bae7bcc7
bcc73c5c3cd4bd54
3c943d06bc303d27
3d723cb03b5b3c6a
3cf63bc43c803cba
bd4a3d9dbdd33d01
bae5bd78bd2fbd7e
bd48bda63dbe3bf2
bcad3988bd3fbd8a
bc9cbc0abbc93b1a
bb643d26bbe4bd83
0000000000000000
bc73bd35bce4bc17
3cae3d5dbd9c3b4b
bc09bcbcbd03bc85
bbac3d043cb2bd0a
bcfdbc6d3d3bba24
bcd0bc8bbdc43dc7
bc82bd923c083cba
bd18bbe1bd1fbcc7
ba893c36bc833c16
3d853c1f3c343cb0
3c683b50bbaabd4c
3bc03cad3d243d5e
3ce53c5d3da23b76
3cd73c51bce7bd0a
bcfabd9ebcf83be7
bcb03d4abc8cbd7e
3b99bca53c2abd16
bd853c883ce5bd12
bcc3bc503df8bcf8
bc0a3d84bd15bd73
0000000000000000
3dab3d8bbd173c03
bce0bd46bc843b1b
bc123ce7bbb6bc82
bc783a7bbd993cf4
3d56bc04bcde3cad
3d25bb32bd2c3dcb
bd373cc2bb09bc88
bbedbca7bcf63c9d
3b0c3c093d273cac
bdab3bf9bdaf3c00
bcf0bd3c3d6c3d53
3d3abdc33c063c96
bcafbc87bbeebd37
bd24bc9bbcc23bc0
3accbcfb3d4d3d9b
bc453d3c3d69bdc0
bca93cbb3b05bcda
bd82bc963da4bd46
3cfbbd64bce0bd0f
bd38bb95bd243ab6
0000000000000000
bbc03b8abd39bc0a
bbd73ba73c72ba2b
bd2abd01bde0ba57
3cf7bc5ebd16bcb4
3dae3ce63d943da2
3c8f3d3f3d3c3cf2
bd133dab3b073cbf
bd353cd03c6d3cb0
bda5bd843d0bbbf5
3bb0bd0cbdafbd6c
3df73d62bd763d0b
bcaf3c27bc0bbd5f
bc43bd303a353cfe
3d373d493c79bd0d
bd123d09bd683cdb
baeb3c11bd063c26
bd7dbd1abd40b6c6
bd47bc23bd96bd60
bd8fbc98bcd6bd4c
bba2bd3abb94bc7e
0000000000000000
3c443d4ebd043a08
bc2b3d1bbd5d3c44
bd003cf7bc3b3d2f
bd3abbc4bc223cba
bd88bc873cd7bc48
3c1ebdaa3cd6ba81
3cf43b113cee3be3
bc8d3d3c3d56bd4d
3d413c10bd1f3c84
3d023c1abc403d9b
bd3dbc233a47bdbb
bd79bd0cbc533d69
bd0cbc22bd813c22
3cc8bca9bc12bcaf
3cc7bcbf3b9fbd03
3ca3390d3b8a3d20
bd8abd26bc8b3d6f
3d64bcd0bd083d4f
bd1f3d9cb9d73d2d
bd293d23b9aebcd9
0000000000000000
3d1dbd2d363fba4a
3c773cabbd6d3ce6
3d703c733d08bcc6
3abcbcffbd5a3c8e
3bca3d6dbd103d33
bbfcbc203d1fbd13
bbf73d403d04bce5
3bf5bc7abb9dbdb0
bc1fbccebcb63a15
bc80bcabbd5e3da6
3d813c1fbb2a3d61
bd36bd243cc8bd11
bb133d04bd173d01
bc3b3c01bd92bd2f
bc1ebcb93cf1bda2
3d64bd9dbb0c3c9f
bbe3bc723ca73bae
3db73caabbe53d65
3c9fbc6dbddc3d56
3d3ebd01babb3c84
0000000000000000
bcce3c903d9c3cd0
3bcfbc8f3c79bc9f
bc693cd1bd0a3d8d
3d133d6cbd1bba31
bce2bd143d52bcfa
bd16bd65bbfa3b44
bd593d11bcf1bce7
3cb03c733d1dbbc2
3bafbc07bc89bcde
bc7b3dd23cea3cbd
3b5dbcad3c4f3c62
bca1bc03bc633d04
bcc7bb023cf5bce9
3cdebcb43d2ebc43
bb453a11bd963bbc
3b953c07bcb53bdc
bd16bc40bd9abd2f
3dc0bd08bd8f3ca4
3d3e3de0bc533c92
3d0fbc073d5c3bc9
0000000000000000
3d74bd853cccbcea
bd7abc73bd163e0a
3d1dbd413d9bbd12
3c103aad3d0cbc12
3c6abdc43d03bd47
3c25bde73c6f3c30
3d44bc493dbabd26
3cbd3c29bd073da1
bcadba78bc013c1c
3b7fbd25bd383c82
bca03d8a3b083c19
3d9e3d823a8c3bdd
3c2dbdacbca5bd15
bda2bd33bcca3d44
3cc03d8f3cb93d21
3cc03a693d48bb1e
3c55bc86bb93bdbb
3c433da33d1dbad6
3d3f3d54bd173ca6
bb8abd85bc1c3cc8
0000000000000000
3d343c6abd77bb71
be0f3d0fbc1a3afb
bc9e3d8cbbc2bced
bcca3c593c6b3c9d
bc40bb153d2c3be0
bdbcbcc23cc7bd21
3d06bbb2bda3bc7e
bd393ce0bcca3c5e
baf43c90bd59bd7a
3c4c3c753d19bda5
b91abd633c763c33
3d0bbc10bc8dbdd8
3a3b3bd13c87bd10
3c553baa3d80bce4
3a94bd31bcfc3a24
3c3d3cd63cb0394e
bcf6bbd23ccbbb62
3da3bb923a8dbd77
3d103c79bdc6bd08
bd643ca73d1b3d66
0000000000000000
3c73bc8fbd05bd99
bd083cb3bda03c31
3cfb3d643b79bc88
bbde3cdebc12bb93
3d1a3ba1bc443c53
3d51bcbc3d9e3c28
3d14bd5abccd3cb3
bb9d3be13d773ad0
3cb23dd7bc71bcde
ba7c3b4ebd553b16
bccabd05bc8d3d8f
3d043d3fbcbbbd4b
3a48bd33bbc43da1
3ccebd0d3dee3d51
3dbabd13bd5b3c98
bb8d3d213b86bd23
3d52bd8abc07bd5f
bd803d08be053bf4
bd3bbbc1bdb4bd4a
bd91bccdbc81bcf0
0000000000000000
bce7bcb5bc003d89
3c813ba33ba1bb0b
bd05bbfdbbab3da0
3ca03ca5bc26bda7
bcfc3caf3d15bcc4
bd89bcacbb4cbc95
3bff3cc7bb3e3d9c
bbb8bb8d3c923db1
bd2ebb5b3d1bbc8a
bca03bdbbcc53d01
bc883c79ba20bda2
bc943b533b323d47
bd173bee3d8a3b19
bd203d6ebd89bba5
bbcd3d0b3d50bc4d
3d083d92bd173be6
bccabca6bd88bc8a
3cae3c12bcb5bde4
3d8b3cee3d0f3c2b
3b8b3b54bc853d89
0000000000000000
bd4dbcf53d49bd55
3cbc3d9b3ced3d07
bc45bc153ced3c84
bd43bc06bd453d97
3b8dbd24bcdb3cb0
bb61bd59bc003c27
bd183ca5bd07bca1
3c9d3da33cb0bcf6
bcb43c933d41bcad
bce4bcdcbcf13bff
bcfe3d0b3c883b2f
3d233d013cc3bd55
3c56bcbdbd343aac
b926bd3cbca23acb
bd6e3db3bd013c05
bd443d8bbb35bbb0
3bce3ccebcf43cf4
bbd7bcd2bcc93cd4
3bf2bcb1bd143d38
bd5fbd3dbc683d27
0000000000000000
3cb83d6cbd99bca8
bd50bc82bd273c28
3d6b3df2bcb0bc67
3d7ebcf9bd0e3d0e
3cefbcf3bd953c24
3cc83d49bd5bbd18
3d503c21bdafbb89
bd453d34bd5c3ca2
3d9d3c6cbba83bc5
bd3c3ca0bbb83d5e
bb03bd8e3d1ebc55
3d2c3d3bba7d3cd7
3d24bcdabc9e3d9b
b9c8bda2bcbb3ce2
bc57bd2f3d74bcc2
bb043da23cd03c5f
3c543e0dbd14bcbd
ba2c3c833d0c3c91
bdf6bd29bd423e2f
bd6fbcb03d2b3bbc
0000000000000000
bccb3bf83ce6bd0f
3bab3d193da23cc1
bc96bb14bd2abc93
bd653cc23bacbdf4
3c85bbd03a973d3d
3c1fbc95bc883d18
3d0a3c71bd1abc5b
bd32bb9b3c11bcff
3ae0bb8f3c913d1b
bb95bc72b9e1bd0b
bc933bd7bcc0bc8d
3d4b3a8eb9de3a37
bc643ba6bd023c3c
3d0b3d7a3cd9bb9a
bd243b9abb6ebd9f
bc58bc183bf1bd8e
bd083d13bdbb3d97
bcf43c84bd66bd72
bcff3be53d34bccb
bbb13a813dbc3bca
0000000000000000
bd85bcdfbcb3bcb3
bc623a133c02bcc0
3d03bd343ad9bc67
bdd8bd54bd683d02
3c3bbddb3ccc3da3
bd40bdd13c22bc38
3b9c3c9e3d913c6c
bd123bfa3d9abc43
bc003d6e3d023cc7
bd03bcbd3cbd3d11
3cf53daf3b8abd26
bd143cab3c50bca5
bcfebcac3dc1bcec
3b97bcfe3cc5bcbe
bd23bb9d3bebbd28
bca7bd593caabd38
bcf8bc43be233ce8
3d283d383c79bd7f
bd7ebd94bd983b1a
3d063be9bd26bd93
0000000000000000
3bf43b343c7a3d26
bcd3bd1abd91bdb0
be023dd43e0d3d93
bc95bd9ebd96bdee
bd5b3d97bc813bdb
3d74bb17bd8cba07
3cc8bc4bbd243d94
3c113d393c7b3d48
3dbb3d1a3d7b3ca3
3cd03a89bc9dbc8f
bdc9bd2abd75bd73
3d4d3c8f3d00bbfa
bcd93c21bc163c43
ba89be0fbc9e3a98
3dffbd86bc93bd9b
bcb3bc603d11bc19
bc023d6b3d23bd5e
3d0ebdbf3bcabcf5
bdab3cd2bba43c01
3be0bd25bdad38f0
0000000000000000
3da9bc383d1a3bca
badb3c68bd02bcbb
3d3f3db1bcaa3d8a
bcbf3d85bcffbce4
bd82bcef3bcf3d2e
bd5c3d9f3b03bd43
bcf33d643d3abde9
3cc7bdd5bc2b3db9
bd47bca13d1e3d7f
3cd03cc3bb65bdb9
3db13d37bc963d33
3cf03dbcb96ebc55
bb96bc6d3c833d4e
bc8cbc063c87be2f
bd5d3cde3d643d5c
bd1d3d73bd28bcc6
3d353e08bc77bd60
3da63c5fbceb3c9d
3d33bd82bc51bd6e
3c1e3880bc963b3c
0000000000000000
bc93bc0b3bdfba62
3cd43c70b9e43c38
3b403c71bd82bd64
3c4dbd3a3c043c22
bc27bce03d253dd9
bc16bc763b6c3aa3
bd413c60bd563b9d
bc62bd223d1a3b72
bcf93c7dbd27bc9c
3bfb3cf7bcb43cf2
3ababcde3cad3db5
bd233cbb3c14bcd0
3ce3bac7bd1b3c82
bca0bacd3cf0bd4c
bd85bd5c3d39bcd4
3b36bd16bdd53c78
3d0c3d2b3cfebcf9
3c94bcd4bc5cbd20
3c52bd5bbd34ba2e
bb973c5ebce73b4b
0000000000000000
3bf73d45bd4e3d2d
3d0fbdab3d03bcc0
3d69bc81bc5bbda8
bb5bbd0cbdc33c42
3d1c3d84bd873d17
bc12bccfbd623ba4
bd233cf6bcf53c8f
b9e83cb4baf2bd8d
3cc53d0bbd8a3d88
3d43bc963c6e3d24
3cc6bdf93d2b3c29
bcecbd1bbcce3cfb
bcdc3c3abb373ca4
3cbbbca7bc0e39c8
bc6a3b91bd503c34
3d6bbd64bca3bc67
3cde3d453c3e3cd4
3d0abd843c1abd7d
bcf6bcbfbdb4bd8e
3d253b9b3d52bd1d
0000000000000000
bd04bc823c35bd49
bb213c443be63be5
bd1c3cbfbd88bdf0
bc983d03bd40bc6c
3d053cbf3d46bcfe
3b333d6abc82bd15
baedbce5bcfabcb7
bcf33c27bb74bcac
3d0f3ca93c1abd85
bbdebd7c39d73ddf
3d15bd533d343ddd
bcacba0dbc103a03
3d5abd5b3d3dbda6
3d1c3d34bc20bc9d
bd0ebd4f3ce5bd83
bd083d233b9abd03
3d083ba23c61bd03
bbb3bd20ba6d3d65
bca2bd02bd403dd6
3ccb3c953cb33d0b
0000000000000000
3c933d06bd84bd18
3e1cbd553d8a3c34
3d263bd8bd77bc63
bc79bd2d3cf93d0a
bda53c0bbcc8bda3
bd493c89bc58bc9d
bbf83c7fbc04bcda
3e07bca03b8a3c90
3b123ccbbcc33c0c
3d99bd6e3cc8bcbe
3cf0bd3d3d333bd1
3c11bd67bb213ce0
bd633d3ebbd1bd29
3dae3c183d0cbd2d
bc27bd923c4fb99a
bc9bbc033cea3bda
bd57bca9be14bd5f
3c39bc66bcec3ca2
3d2bbd3c3be63b47
3d76bd403c57bdd9
0000000000000000
3dcf3db33b433c9b
b9e73dadbd9b3d85
3d2bbcae3d3a3d9d
bd2fbc9c3a05bcf0
3d1fbd823d063c63
3ce63c58bdd7bc50
3ba0bd1cbd27bcbb
3d7f3dbe3caf3cbf
3ce93cf3bd223c5a
bd6a3db3bd8b3c43
bcb33c1cbc0ebcc9
bd733d143d2c3d32
3cd03ce83d08bc9e
3b9a3c8c3aa6bb46
3c55bc8b3df23c22
3b85bc8bbd1d3d47
bc87bcacbc43bd46
bd903c68bbd1bb97
bd22bd443d783d06
bc2e3d18bdd93cdc
0000000000000000
bdf5bdce3d73bc66
3ce3bd7bbd5cbc72
bd64ba933d69bcac
bbdb3c3cbc8bbc31
bb4f3b2f3d793cba
bc1dbcca3d983ca3
bd193bb03d37bc18
bd60bd063b7dbd31
bd56bc373cdc3d09
bc90bc06bd50bcc9
3d973d3b3bea3c40
bd8bbc27bd663d16
3b1e3d073c0b3d07
3cc43d6fbd09bbe8
3c96bd0b3d86bc07
bd2bbdaebcc7bce0
3b74bc8dba943d17
3d09ba863c08bd23
bc713d333d413c63
3cdd3d1a3b2bbc87
0000000000000000
be003d0f3dcabd2a
3d13bc9d3ca4bd5c
bd8c3a87bda33a39
3c9c3d623c3d3c49
bcd1bbfc3d8cbb98
bbc5bd09bbedbdab
bd0f3c45baa8bd1b
bdf33d0ebd00bce9
bc843d4a3d00bd2c
bc6d3b9b3d00bcdc
3d02bd123be73d88
bd21bc6bbd54bd4c
bc95bd253beb393f
bba5bd40bbd5bccd
3c1dbbd5bd4cbce8
bdbc3c77bcadb90a
bc2c3cf7bc753cde
3d6abc0e3b6b3d84
3cad3d88bd853d90
3d48bd733cc23cc2
0000000000000000
bd79bd3cbc85bd28
3c893d393c503e19
bc64bbc0bcb3bc61
3a1dbb363cf13d42
3c20bda7bc53bd30
3d793d133c1ebd06
bd0dbc513c81bd81
3bbc3a6b3d573d39
3c4fbce03bdbbb9f
3d3cbc4e3c823cac
3d673c9b3cd3bd35
3c52bc87bcc8bd32
3d62bd57bb8a3cf3
3c583d1c3ce03dd1
bd313dbabcf0bcf8
bc893cdc3d1b3c98
bc74bc933cbabcfb
bce23cc63d15bb3b
bd1fbce43c6cb99c
bd11bcdebcc43d83
0000000000000000
bd9cbd2ebd85bc27
bc963d8d3c163d9e
bc3fbcd7bcd3bbbf
bb853d1ebd543cdf
3d18bc603d143ce1
3ce7bd49bd2bbbf2
3cd5bd1abab2bb0d
bd803d08ba493d8d
3cc13cb0bceb3c62
3b90bbeabcfbbd57
3c903cb43c20bcad
3d5ebcd73c08bd30
bccebb2abcc53d01
bc533daabc2d3ca7
3cad3ae23b2cbce0
bd37bc34bd36bce2
3ae9bd94bc9abd61
3c353d48bbe33916
bcf5bc0bbd86bdc1
bb7f3d1d3b0d3aa7
0000000000000000
3c9ebdcbbd223d8b
bc01bdd2bc84bc15
3c69bb3a3c1d3d43
3cd63db9bbdbbca3
bd6c3d2f3c58bbb4
bc413e17bcc5bd5d
bd253c47bcc43c56
3d0ebdf0bd09bce5
bd24bd653b46bc8f
3c953b023cd33d6f
3c4cbcb5bb93bd81
bcd73d023d64bd11
bcb73cd73d183d28
3ccabc23bd093cca
3c153ddebd02bd8a
bb48bd13bd303d38
bc9fbc9dbc143d15
3cfcbc903cac3ced
3caebce7bc18bd7e
3d8bbd89bd913cf2
0000000000000000
3c98bc513b833d4d
3c0abd7f3d3bbdc5
3d99bd34bab53ccb
bcb7bc9a3d50babd
3b813cc2bb663be0
3c45bd70bc853d67
3c69bce6bc963ca6
3dd0ba2c3c233c45
3c2f3cc2bcb53ceb
3d50bd4f3d9dbcce
bd96bce53da9bd22
3c95bc48bd0bbce0
bd053bd53c293da9
bb9a3c1a3d81bce4
3db93d83bd233b2f
3cefbd51bd46bd17
bdc33c9a3d06ba71
ba24bc44bda6bd61
3d98bc35bd56bcbd
3c99bbe83da4bbac
0000000000000000
bc3cbd87bd563c31
3ce23c2a3cddbca6
bd8d3bdfbcf3bc58
3d143d2c3cf13cec
3d24bc87bc6e3daa
3a9abbc0bc303ddf
bd15bd16bd4ebb20
bc09bcf4bd943d01
bcc53c2dbd5abd07
bbc1bd02bd73bd3e
3d1c3d6a3c2b3c92
bb2fbcdabcf4bc06
3cadbc88bd313c9e
bbd03ca63cadbc7b
bd263ce0bcf73b05
bd6e3ce53cdc3cd6
3ce7ba633caebd86
bcca3d86bc60bd12
bcfd3c00bcb6bcde
3d16bbf33c8d3da0
0000000000000000
bdd1bc96bd893d8c
bd2abd003d86bbd2
bd1e3b2ebdac3d06
bd05bda93c11bc59
3d913b843c773d30
bd833d4cbcc43bc8
bcb13d64bd02bda9
bd49bb43bd20398f
3cfcbd03bcae3c9a
bd0fbd433d13bc82
3ca93ca2ba5fbce7
bcd2ba6bbbb7bd8b
3d5a3ca6bd0dbd15
3d293c843cd1bd49
3a8abd673d0dbd41
bd31bd6abd9e3dce
bc82bc93bd323cfb
3c50bc913ce1bdc8
bc843bbcbc87bd15
bbfcbc84bc66bc1a
0000000000000000
3cb5bd1ebbb4bd85
3cca3cf3bd923c69
3c34bd2d3bbebd46
3d83bb86baf13c72
bd263c993dafbcf0
bc35bc53bd16bd53
bd25bb303d6fbc8c
3b0b3c52bd51bd1f
bc0f3d87bcbbbd63
3e083c9e3a863c0c
bcce3c713caf3d0c
3c27bd123d07bbba
ba8d3ca53cd73ce9
bbc9bc4cbd643ca4
bd34bcfd3c08bcad
bd22bd28bd06bd73
bd06bc17bd423cf2
bdb8bdb73c43bbae
3d53bba43d0dbc8a
3d773d19bcd83d32
0000000000000000
3d34bbb3bd14bc0d
bba8bb56bcc1bcb4
bc43bd1c3dcbbccd
b8dbbc0dbd86bd15
bcfabc7d3d763c73
bd043d4abb55bcd3
bb763d333cbabcb7
3c6ebd3abc493b00
bc2b3d1b3d883d4c
3d813a713d0e3c3b
bc503d403cd63d1a
3d2b3d8c3cf13bc6
3d5fbc5c3d083d06
3d883cb53c6f3cda
bd22bc8e3c91bd32
3d4abc68bc15bd18
3d05bbfc3cb2bcf6
3d45bd1cbd99bd04
bd20bccabcd2bbdd
3d4bbc1b3cc63bdb
0000000000000000
3dbd3c603cde3ade
3b3ebcff3b4c3d5c
3d8d3c96bce1bd89
3d2cbd2b3cdcbd69
bd2a3daebd6c3c2a
3cd13943bd63bd2c
bc6ebd6dbc3cbcf8
3cb43cb2bd813cf0
bc0f3d363c9e3d87
3d703c9fbd713cb2
bda53b63bcb7bb32
3d143bd9bccd3ca3
bbf13c79bd113c84
bcc13ac13b32bbf4
3c253c5e3d823b60
3d0f3c773d16bd1b
3dafbb2ebd8ebd55
3b97bd863cd5bd8f
3c0cbd1d3cc03c69
bbfe3c583d0d3ce8
0000000000000000
bdbebc9fbd2fbd0e
bd0fbd1b3ddf3da0
bd51bd8ebd83bc70
3d5fbdd73c833dd6
3d69bc5fbca23c85
3d8bbc913dd8bc97
bda5bc39bda7bc41
bda83be5bbfebd64
3d54bd0bbd51bd14
3ce13be63dc13d1e
3c823cf7b9de3d01
3dcc3cd23c6dbd85
3cd7bc63bb7abd6f
3cb73cb93db2bd2d
bcfc3c86bc65bd0b
bcb2bc91bd2cbcf0
3d3f3d073d6fbc6a
3be8bce03ce73d64
bcb7bdcc3c2c3e08
bca3bd51bd6f3d12
0000000000000000
3c9dbca8bd3cba19
bd02bd483c433d5c
bd1bbd78bc89bd08
bc8d3d91bd56bd33
3c1c3d923c463c40
bc5cbc97bd92bdde
3ba33c4f3b0fbcaa
3cd33ba2bcc6bd7a
3c5f3d4b3c88bd1e
bd553c49bc703cbf
3bf43c3f3bdb3c46
3d21bd23bd4abbc6
3d0b3d223d143c79
3cbdbcbabc88bcda
bd323ca93cd1bca6
bcd8bc773d983cff
bd0f3c8e3d0dbca3
3c013b433ce3bd84
bc533b16bc2abcfa
bd4c3bc63d023d16
0000000000000000
3cfabdab3a893cbb
bab93d613b5cbd8c
bd03bc74bcc2bd81
3d033de73d1e3d53
3c7cbd893d6c3c96
3c663d5a3d453c7f
3aae3d9cbd483d4a
3ca53d453c813d10
3cdbbca0bd0d3c9c
3a643e08bbde3c9c
bad13ca23d633c1e
3d073c66bd96bd2e
bbc8bc783d9cbd3e
3c053d253dc03c7c
3d94bd843c82bd4c
bd32bdc73c81bd2a
3b573cbbbc3abd29
bd3239c4bb67bd0b
bbf73bc6bdc6bc21
bd5f3d43bbb13d45
0000000000000000
3daa3d47bacabd10
bcd5bcd33d1d3cf2
bb79bb2d3cf9bb86
3c8bbd433d1b3cfd
3d81bdf4bcf9bd64
b82c3d35bb3dbd83
3cf63d843c2abcde
bd133d23bc9cbd4f
3d84bd173c023aaf
bd313dbb3d15bd8b
bc953ce53c5ebc7f
3c4a3d733c9cbcda
3ce7bd863ce1bdbe
bd43bd18bd13bc3c
bcbebc3ebd8a3cfb
bcd6bd713cd33d40
3d8b3ce03cd63c96
bd563d1cbc6c3d9a
3bc63d1f3b5f3ced
bd1d3d703cebbd2f
0000000000000000
3d62bc8c3d5b3d8f
bd37bbb9bb36bd49
3c683c813c623c2a
bc6c3d04bcccbd09
3d323d333d563d47
3c96bdd73ceb3d7b
bc83bd33bbbc3dcd
3cca3d8a3d033d03
3d683d9d3da93cdc
bce73d893c9b3d7b
3b42bd73bd22bd8e
3de0bd0d3b543d0a
3cca3be93b333d94
bd1fbba4bbccbc17
3d2b3d8f3d2abd23
bcbb3c99bc47bd82
bd16bcf8bd19baf8
bd093c37bdafbd6f
3d1f3daa3d3cbd27
3c38bd3c3ce7bbc2
0000000000000000
bceebc4e3dd13c02
3d553b66bdc9bd84
bcafbc833d0d3d11
3cfabd21bbbabce4
bc46bb623d273cf4
3e073cf03c7dbd69
3c58bd773c283cd6
bd9e3b113d15bd50
bd14bc423d6bbc09
3d66bc6abd8bbc71
3ce0bc4fbcbabd6d
3d143d873b5e3bc9
bdd83d6a3b763de4
397e3c27bd2f3b6a
3c83bb46bd2abd27
3c67bd703cacbd10
3d2ebccfbcbd3c82
bc44bd4fbc87bd68
3d82bdcfbce53cfd
bcb83d8dbd9bbd74
0000000000000000
3d2e3d873cd73cbd
bc483c6cbd83bc78
3d55bc4cbc04bcc2
3d29bcf9bcfa3c94
bd30bb853cbabb5c
3d133d013d3bbc87
3b4ebc4d3dc9bc4c
bbe83b543c84bd05
bca43a6dbc52bc6d
3cb83ce7bb9bbc44
bc00bcbabcbdbab0
3d10bc1eba97bd0b
bc91bd4c3be1bd61
bd283c433c87bd1c
bca3bc533d883c30
3c493cbabc4b3c90
3d7dbd0c3cfbbbbe
3bf6bd8ebb903d3b
bcb63d13bcb53aeb
3cfc3c8f3c98bd01
0000000000000000
3d3a3b0e3d033d3f
3c89baa8bc133da3
3c40bd43bc98bd86
bd5b3bef3b523cc8
ba233c713d20bc21
3dc53cfd3cdabc0f
3d10bbe0ba4a3c9f
ba28bcde3d03bc43
3d68bda53d80bc86
bcc7bcd2bcd93dbc
bcae3b3abcf7bc28
3d393cbabb3e3d74
3d3b3d40bc3c3c5a
3d83bcbd3d5c3bcd
bc90bdb13c2abba8
bd3bbcf73c163b20
bc8c3cc43c1cbda5
bd94bc9bbddbbd5b
bd44bd06bb483d5d
bc5bbcd9bb133c9a
0000000000000000
3cd7bc95bc983c74
bbd2bd223d4b3c7b
bc88bd19bd86bb30
bb143c86bbadbd19
bc8ebc9abbd73b45
3cf33acf3cc53c26
3c653a313d073da2
3c8fbc8c3db83d0d
bd81bc383d773bc9
3d9cbd433c723dc6
bd30bd02bd0f3da0
bcec3d19bd053cde
39fa3ca3bd04bd1c
bbd6bb933d5abcb5
bcc3bcd8bca8bd2c
bbf9bd23bca1bc58
3e143d88bd8ebd4e
3d673cfdbd32bde8
bb83bcdc3c453dc5
bc9ebc863d853c04
0000000000000000
bd5fbd81bc003d46
3c7abd2abcd3bb29
3c18bd453cb6bd91
3d6fbc48bbd63cd5
bd333cdd3c5e3d58
bcf1bd1b3d563d58
bcefbbee3dac3a7b
bcaabd1bbcf33d35
bc3a3d18bd3f3d93
bc27bd2b3d65bd13
3d3abc3cbcc23d87
bc85bcc43c243c84
3c2f3d873bd7bc64
3ca23cd0bda33d22
3d14bd7ebc123d31
3c83bd51bca9bd72
bc79bda9bd1b3c89
3d303d19bd36bd89
bb7f3debbcddbcbf
bc6a3cbfbd0bbd2f
0000000000000000
3d1abd293da13c80
bd7cbc16bdb8bd0d
bd74bccc3d3aba95
bd8ebc123d723ad1
3aaf3ce6bd45bcab
3d173d6b3d8ebb88
3e073ccabca93bbc
3c85bca23a09bc02
3c79bd5d3d053c86
bd13bb8c3cbd3d6e
3ce13cf7bc3cbd03
bbbc3c943d9ebc89
bc143d233a663d23
bcf8bc49bda33c2a
bd7a3cea3cd4bbb9
bc89bd963d1b3cbc
bd233d053d843d84
bc743b2fbaf1bba8
ba6a3cc93cff3cd3
bd19bcf8bd9bbb88
0000000000000000
3992bc36bd17bbd7
bd00bc61bdb63d37
bc6e3d6cbd843d00
bc0c3c39bdb23c2d
bd5abc90bcac3b6a
3db5b980bd0fbb01
bd2e3d4bbcc33c87
3bac3c413ca7bb69
bd71bb5839833d8c
3a9c3c983c62bb7e
3b8fbd583cde3c89
bb0e3bb7bbb83c5b
3c473cb4bc0dbcb0
3b74bd31bca5bc5d
3c9d3c11bd023d39
bd9d3d0c3bd33d02
bbddbc583bce3b2d
3c743d713ca6bba1
bd8f3bf93d78bd89
bdc43cb1bc83bd7a
0000000000000000
3c2e3cb83d9c3b9d
bd133baa3c52bb8a
3c783d4e3abe3c9c
bd073d21bba43b3c
3c853d0bbce9bd0b
bd27bca43d48bd98
bcb83d243b783b8f
bcafbd393d0a3cda
bbc6bd153d9f3b88
bd8d3cde3dd33c9d
3bf23d08bd2b3cc2
bdd6bc483c9fbc8a
3d2abc0d3d493c39
bcd8bbc93d2ebd3c
bc8c3d28bc723c99
3cf73b893c2f3c43
bd36bd153d1c3c5f
3c633cbdbd573d9a
3cdabcefbc0dbca9
3d9fbcedbd19bc79
0000000000000000
bd793c29bcfbbccb
bdb3bd01bc8f3b5c
3d5f3c99bd0fbd2c
bd3cbc413ce03d37
3d5fbb943d1ebc39
bb7bbdafbce43d73
3d2d3c9b3d023bf1
3c993c18bdec3c44
3d31bc95bc6b3a28
3cb43d0c3d3e3e06
bd853d983c94bd3b
3d9bbd1a3d303d0e
3d8ebc30bc92bca7
bd9c3bf23d5b3d05
bc84bbbf3c67bcf1
bd3bb9933c903cd1
bc50bcdb3bb3bc47
bcb83ce13d3b3d76
bcc43d48bce73d08
bd433cd3bcd83d83
0000000000000000
bbe9bd80bcafbb9a
3d6f3d423ab13a8b
3d26bd0ebb0dbc32
bcebbdc23d103d8f
bcbabd2d3d4bbd38
bd3cbb503d06bd46
bd55bd98bc6c3c76
bd04bd3cbd883c3f
3cc43b88bceb3bab
3cf2bd5f3d833cce
bb2dbcd3bd0d3d3c
bb60bc803d8ebb25
3d2ebda4bc0dbd19
bd15bd1bbb02bd08
bd143dabbd7bbd38
3c9d3bd1bc1d3c86
3c5a3d153d893cbc
bbc23a85bcb43d43
bd47bd493dc9bca7
3d873b35bd553caf
0000000000000000
bb1dbd91bca83c1a
3d5a3ddb3cbbbd23
39c83c843ce8ba7e
3d11bc30bc96bcb9
bc7bbdac3d213c4a
bcdcbbcfbcc93c42
bd37bdeebc113d68
bc8b3c11bd2bbd19
bd2a3d03bcdd3e10
3d07bbf33da93d23
bd0239e8bd3cbc5a
bce5bc1c3d24bc51
3d32bd143c773d01
3c703d83bcc8bbc0
bba13c73bd9fbb91
3d5cbcbf3cd03dc4
3be8bd973c573cd9
3d503be7bcbdbc9e
3c4a3d233cc0bc3f
bc2c3ca43c6f3b9a
0000000000000000
3d57bcbc3aed3c80
3cf9bd36bd0bbc9e
bcbe3d18bd223cdf
bd053d26bd933cf0
baf93cd03c9ebd1a
383e3ca53c633d4c
3cdc3c0dbbe2bcee
3daabd8abceb3c97
3c023da93d5a3cad
3dad3c4ebcccbd2d
bd353c5836cfbd96
bd203cc1bc8a3d96
3bdebd303d193c2f
bd34bd7f3c9ebc69
bd653c6ebcc1bc67
3991bc52bd73bda2
bc5f3a363c89bc9a
bb9fbc9b3b51bd86
3d57bcdb3889bcb3
3dffbdb33cabbd05
0000000000000000
bddebd3c3b733d3e
bc8bbc093d8ebd59
bd05bbf63ca93d92
ba6d3bae3d0cba91
3c72bd31ba8cbd24
bc84bd323d263ca6
bc9fbd16bcfbbd87
bd3bbbfe3d043d1b
bc72bc03bc6f3d34
3be1bc93bc17bd89
bbbd3c8fba90bd40
badabd233c8b3d6d
bbdebd97bc993cbd
bc5e3cdb3ccfbb0d
3d283ce9bca33d92
bd453c193d763d51
3cfc3cb53b2d3cec
3ca237c0bd0bbd64
3cd03d5a3cefbdae
bd053c953bd93c03
0000000000000000
bd3abd4a3a90bd24
bd4dbcac3d173d92
3ca13d2a3bf8bce1
3d1abc493ceabd81
3d07bc24bd29bca9
bd98bd82bda8bbb0
3b67bb84bc813dad
ba11bba33c18bd22
bcb1bd353c9d3cb1
3bcc3a003b39bdb7
bc543bb83bf53d0f
bd17bc663bb63d9e
bd0b3c93bc3e3c32
bdc33c7bbc3c3cc4
bc52bc0b3cab3e11
bc0e3cb6b96cbd60
bd5a3ce5bd1d3ac8
bc173c463baabcef
bb94bc873d0c3d10
bc50bd2f3d0ebd48
0000000000000000
3a39bd3ebc50bd11
bd023c773d07bd24
3cfabd93bd74bc85
3c883a8ebd55b933
3defbb0cbd1f3ce1
3d6d3c19bd89bb50
3dc4bc0dbbf63cf0
bd58bd9e3b0ebd2a
bd29bc893d88bb44
bca23d3b3ce73ce1
3d82bad43d963cd1
bbfd3c1ebc97bcdf
bc8cb936bd4c3d25
bd3bb9a23d63bd30
3d90bc7a3c9cbd2f
3d08bbf7bda8bd57
bd22bce0bd02bd0f
3cb339033c69bca2
3cf6bc2a3ca83ccb
3de3bcc23daebcab
0000000000000000
bb53bd583d4abc36
3d8fbcd03d4e3df9
3d08bc053bddbbf9
3d01bcb23d1f3d06
3cc1bd6cbcfebd78
bcbbbc2fbc98bce4
bd033c33bcbfbd4b
bcc9bc4d3d7e3d99
bcf4bc323d28bb86
3c04bdb73dbc3da5
3d4a3d523d14bc9c
bc46bc7bbc073d12
3c99bcdebc6b3c77
bb823a963d903d69
bbb03c6cbe16bd3f
3cf5bd2dbcf83be6
3c813cd63cbfbc95
bc933bbabd5fbc49
bcc1bd5ebc773cb8
3d6e3bba3e0a3d40
0000000000000000
bd253cccbcabbc84
bbd6bcadbd45bc0c
3ae8bd4dbb67bd45
bc863d2b3a7cbc83
bc4f3d7bbd213cf3
bd363d293c093a9f
bc073d893d47bd21
bd91bca3bd8ebcc4
3ce23d49bb7a3c55
bcd539963db33bae
3d8b3bde3d16bccc
3cc83d85bd563c25
bb47b907bdad3d0e
3cc0bc94bcc9bbff
bae0bcdc3ca0bd3c
bd82bd6abd1abd64
3c103d8e3ba13cf1
3dad3ced3d6339b4
bcddbcc53dbbbc43
bbe2bd103ccb3c71
0000000000000000
bb10bb9e3d16bd25
3d4ebd9fbd8f3c2d
3ce23d683d19bd2b
3c61bcafbd23bbb6
bc3a3d973d253b5f
bca03d7bbc123d96
3d0f3d863cb7bd88
bcc0bb8e3ccebd25
bcf83c103d4cbdd0
bb87bd693cb83e23
3d3c3d0cbdbebbbe
bd4c3ce03d103c1c
3cde3d28bad7bd84
bd033cacbdc83d08
3d41bbb93cf1bdab
3d30bcdabd09bd94
bcec3d833cbe3d6d
3cd93bb6bd4abb0d
bd3e3daa3d2b3ccd
3d28bd90bc773d34
0000000000000000
3d7bbc59bd4a3c69
3c66bdc9bcbdbd14
3ce83d9dbcbe3c8a
bd443bb6bbb43d96
3d2f3d2cbd13bdb9
3cf33d50bd84bb83
bd2abbc6bd5d3d01
3d823d323d4cbd9f
3cf03db7bb1fbca7
bd913ce43ca23d18
bc73bd9f3cb53d06
bc543c3abd98bd6f
bcb2bb4f3d02bda2
3ccdbd613d183bb4
bdbb3c1fbbb23bb2
bd1abd13ba8dbd64
bbe6bd60bd083ccc
bc66bca73dc63e02
bd313d153d283dac
bc64bd9fbb9fbd63
0000000000000000
bd49bdb13cd6bc17
bd903d09bd6cbcd4
3b0cbd82bd1cbd67
bd663b433c0ebaa8
3ca1bb793c86bb4f
3ca63c2a3d2f3d47
3d53bd733dbcbc42
bcdebd9e3d3bbd2e
3d803b88bbdb3ce5
3d1d3d8c3c9d3bf2
bcd33cdd3c983bc1
3d9e3d0bbd4cbaa6
3c383ce5bad139b5
bd4c3cbbbc3e3be5
bc7bbd92bb273c38
bd43bcdcbc9dbcff
3d253d2a3d13bc68
bd653b2dbd25bc76
3b29bc54bd103c95
bb83bd5dbc46bb45
0000000000000000
bbb2bc983ca3bd81
3c94bc73bce83ca3
bcf23cd83d173bf6
bd89bd5d3d26bd94
3d0cbc8b3d3ebdc0
3c70bd783cfbbc16
bd4cbd083d9fbcba
3b2abd5ebcc6bd21
bd8bbc4dbc94bd53
3dae3bdbbbf0bd32
bd4d3bf6bd813ce6
3cd9bc25bd103cce
3d04bc2dbbb53d10
bd35bd273cf73d11
bc8d3c313d0fbc99
3c293bf53dacbd8b
3c0c3d28bd2d3c6c
bd753d68bca23d31
bd263c603bc3bb30
3d423d1abd3ebd14
0000000000000000
bd883cb8bd12bce2
3d613d543ddfbd24
3cacbc2fbcecbd4f
bcd83c7f3adbbd94
bd58bc503c4f3d50
bdb93cc4bca83bff
bd8bbbf4bd113c31
bd333d6b3dacbd66
3c89bc1a3cf33c55
3d6d3dc33ccd3c93
3d1bbca53b283d2b
3b833cb43d88baec
bcd6b9bf3d8fbb68
3d30b9f83e063cb9
3d0abda8bd59bda3
3d0d3d02bd73bd26
bd153d42be0c3c18
3d9dbcb13cf4bd2a
3b713d033ccdbc46
bcb13caf3d913cb5
0000000000000000
3cacbd313ca53da1
3d363c363c97bd74
bbbfbce8bb773c0d
3d723cb1bd29bd04
bd28bb8e3cf53d15
bde8bd063c5f3d8b
3d113d74bb993dc9
3d39bc28bc7b3d80
bd35bda6bd343bad
3b6ebc88bd343cde
bd403d7a3d82bd05
bc69bd61bcabbd8a
3c133d173a2739e6
bc34bb803d043999
bac3bc9a3b66bc6e
3c87bd35bceabd18
bd01bd9ebd52bcd1
3d353caa3cccbd00
3d82bc98bc5cbdc3
bccd3c44bc063d1d
0000000000000000
bd7b3d0b3d10bcb2
3d303d2b3b323d42
bd903c9f3ce33a85
bccc3c4d3c6c3d3f
bd9dbcabbd14bb9b
3b8c3b9c3c13bd22
3d1dbc863aeebcac
bd6dbc4abab13ce4
bd323c59bd17bc16
3d593d7b3cc93ced
3d46bd1a3b943d07
bcbc3c9ebd67bc1b
bcdb3c563c763bd1
3d763d43bc523bbb
bd2abadfbd0b3bb1
bbcd3d193c5cbc98
3c1c3da33d21bc0b
3d1f3c523d1c3cb7
bce6bb9a3cb33c79
bcd53b58bb863d88
0000000000000000
3cb93d353d583cb1
3ca73d18bc1abc3a
3c55bd3c3d14bd10
3cf53cb03d823cc6
3cafbd403ceabd0b
b8083c6fbc41bc2e
bcb3bd363d66bc93
3ba23c8fbd0b3cd2
bbf4bba6bc29bd2c
3b903d3dbd3abc88
bcc7bd353d48bd3c
bd703cab3d6dbd17
3ccf3cd0bcaabce4
bc20bc6f3c90bd00
bcb7bd963ca9bcec
3d31bc70bc4c3d5a
3cf03d5d3cfa3c00
3d4abdb13cc33cad
3b8f3d733d3f3d05
3bbbbb30bd01bc28
0000000000000000
bcd63d91bc853bc4
3d00bccbbd0f3d0f
ba7dbd4ebcd23d4b
bba7bd19bce83cdf
bd183d853d3ebc3d
bca93db7bba5bd36
bcfabbf13e153ceb
bd8a3c903d81bc2e
bdaf3cbcbc05bd14
3daf3bf1bd82bcf7
3cc93d12bc33bcf5
3af33dd43d31bc3c
bdab3cb63d8dbc09
3c153cf9bc74bb71
3b86bd463b0dbc03
bc55bd2d3d3b3d31
3cfbbd163c783caf
3d40bd933bcb3d05
3c98bd5cbdc33ce9
3d0e3bd73d0abbe8
0000000000000000
bc5dbcfbbcae3cea
3c2f3d9c3ae43b67
bcc4bc823d443d01
3cea3d4cba82bd2f
bd273ab3bd17bd8f
3cc9bb99bd873cbb
bd83bd13bcfc3d23
3c4abc84bc963da1
bd87bd66bc9d3d3e
3d5d3d0b3cf03d9a
3cfd3d1bbd1ebd73
3ae9bbe9bd21bd2e
3ca13cf8bd89bb83
3d193c2e3ccdbabf
bcfdbd7a3c7cbd3b
3d31bc0d3d043d6c
3dafbafb3ce4bcfa
3d10bce4bc983c4e
bc89bc903c373cb0
bc573d2f3ca33d5d
0000000000000000
3c88bcd6bc48bd80
bd1d3d313d61bd0a
3d44bd26bd793c17
bd143cee3c80bcd7
3d473d17bd19bd09
3d983d1bbb323ce0
3da9bbba3d2ebd53
3da7bdbb3d2ebd37
3ccc3af23d09bcb2
bc553a3b3ddc3cc5
bc43bd63bd0fbd13
3cb1bb10bca03d0b
3cdf3d96bd64bc79
3d8e3d633c093b3c
3d5e3d30bd3f3ce1
3d97bcf6ba96bce5
bd803d86bd793ab7
bdc5bd403d40bd18
bc4bbcc33dd0bd32
baccbd463dbbbdbe
0000000000000000
3c75bce6bc5abc9a
bdc33d7d3d893d83
bbf2bdd43d04bd7a
bd68bc643cfb3d33
3d7fbdbabc69bcde
bd0f3c9b3c2fbca4
bc0fbc94bd363c64
bc3d3c533d2cbdd9
3d433bc4bd40bd78
bd8cbd733d7d3d3e
bd383cc5bd003da9
3ce6bca03c38bc40
3d97bc20bc01bd62
bcdb3d063c1a3d35
bd8e3d62bd85bd25
3b863d523d0b3ccd
3cbabdd83cd4bd6f
bccfbb3cbc363da2
bc4a3cd9bb86bbba
bc70ba3f3d463d58
0000000000000000
bd1c3d84bdd33ce0
bc083b703cc7bc2e
bd683d10bda93d64
bd423adf3c4037cd
3d1ebd3ebda3bb86
3d2bbc293da2bcc6
bce03d29bc873d2c
3d913d88bde4bbc2
b8eabd1bbd6dbcd0
3cb83dd03db83c2d
3bd2bdd43e26bc1f
3cef3ceb3bbb3c4f
3cf73c29bdc23ce3
3d46bd6bbc0cbca2
bc36bd443b703d5f
bda03c43bd713d80
bc523c7abcee3cfa
3c8ebd2a3d273c6f
bba3bd023dad3d07
3ce83c90bdc4bc87
0000000000000000
3c823c793d28bd12
3c273bcababe3cf9
3c8c3d16bdd9bc81
bb1d3d63bce33d86
bd123b55bd6f3c1c
3b24bcd1bc9b3d6f
bd143c65bd25bc49
3adfbbc4bd48bd9e
3b8e3be6bca9bd64
3ca13b89bd733d97
bc58bd68bd433d18
bc81bccd3abebc8a
3ca33ce9bd08bd7d
3cf7bb57bb953cce
bcb8bc71bc51bd13
3d923c493cc6bd13
3d163c9d3da23db0
3cf8bcca3d523d2f
bcfb3c16bda43d73
bc64bc02bd383ca1
0000000000000000
bd443c79bd16bd69
bdb7bd653dc53c78
bd013c57bd45bd4d
bc71bcca3d823c4d
3cd4ba9abc8abdb7
3c773d2f3c91bd88
bd1dbccbbcfb3cb3
3b4e3d363d8a3cb1
bd4dbd09bd56bbb8
bcbbbc373b53bcfc
3ac7bc7dbdd93be3
3c71bc30bd31bc92
3c923d9c3d03bd94
3d2abcee3df43a1b
bc203d063d963cfd
bd4fbd19bd61bbfd
bb8a3b72bd71bc8a
bdacbc9c3aa23cb6
bd50bd6dbdca3d7d
bcf6bceb3c1bbc77
0000000000000000
3a873cb6bbdd3c2e
3d85bcbc3c55bc60
3b71bd083b42bcfb
bc38bd65bca53d50
bd88baabbbcabc96
bce0bcd13d37ba1a
bd59bca0bd1c39ba
3cd63c093d74bbf7
3d0e3c083d6bbcf6
3d42bc853ddf3da8
3d5abd3bbd9c3cf8
bb77bd283dbbbb6f
3d3b3bc63bdabc98
3d2e3c083acdbcbf
3bc63b9ebd6fbd89
3c0fbd36bc8c3c39
bdccbc6cbc493d1b
3b043c5cbd443af5
3d47bcb83c8a3cfa
3d6cbc553d473d19
0000000000000000
bc16bd0fbcaa3d29
3d49bcc03c0b3ada
bc873cacbd343c5b
ba043b89bdb43c3f
3d8c3cd33d0abb96
bda6bb8e3d6d3c3e
bd6bbd13bcdebc60
bb90bdd03ccf3c50
bcbabcb33cfbbcce
3d4b3d14bc99ba15
3da23d73bd59bcb0
3c9cbd7a3cdf3cbd
3ac33cc1bcfe3c51
3ceeba99bd1cbb54
bc2ebd4a3d13bd14
3cedbcf73d733dbf
bdc53b27bada3d2f
3d32bc47bc8f3c6b
3c83bc79bc8cbc46
3d003d04bc373c3c
0000000000000000
bd153da03b95bdcd
3c92bde33d24bc38
bd3c3b1fbd91bde1
3b3abda1bd11bc6e
3baebcda3b88bcde
bcf33d243ca53cfd
bc533d08bd61bd69
3cb3bb6d3ce2bd27
3cdc3d1dbbd33cc9
bc3a3d223c9fbcb4
3d01bd2c3bfd3df7
3d14bc003d11bcec
3c7b3d483a23bca8
3bed3c7cbc913d1a
3d04bd333cef3c84
3c413c1dbcafbd71
3c933bdf3ce53d7d
3c13bdb6ba813cf9
bda63c74bcdebc0e
bbe1bb6c3c893ccd
0000000000000000
3ca0bd213bcebcb1
bcb43d01bd583d23
baa0bc94bc71bd12
bd1d3dbabd673c11
3d7dbd953c05bd0f
3bb63da63cd73ce5
3d96bcab3cc8bc7c
3d1dbd7f3a20bd24
3ad23d03bc71bdc4
bce33e0c3ce23db9
3d20bd6bbca2bb8f
bd123d2abd10bcf0
3dbdbd503d1fbc35
bacbbcfabb35ba4b
bcf8bcbc3c48bd96
bcad3d0bbd673d10
bc4c3e083cd23d1d
bd54bd00bcd13b40
3dbc3c9d3bebbcef
bda1bc143cc13ce2
0000000000000000
3cd33d2dbd3abc88
3d2fbba63d423dad
3d103b28bd11bdb2
3d3a3d7dbd23ba9a
bc9b3b9abd873c2f
bd773d47bdb23d24
bc903d2ebc98bd7f
3cefbc0a3d233c9b
3a843cd03b263c10
3cfdbd7fbd103d66
bcfabcf83d4e3d5c
3d683c81bbfbbbbe
bb22bbcdbcf9bc5b
bcb23c0f3d753dac
3c643d123db3bbc4
3d333d5c3bf7bd32
3c183cacbd9d3d2f
bc1fbd263ca1bd2b
3d13bc773d3e3d85
bcddbcb23bb43db6
0000000000000000
3c62bc293d683d33
3c783bb0bc85bd84
bbf7baf03b22bd46
bd353ca6bd16bcc1
bcee3cddbca13dd3
bac03bffbcabbd66
3d0abbee3d46bd2b
3ce33c133d2dbdd1
bcf7bd913b5ebce0
3cc0bc983da63d68
be033d3abd8f3dbf
3d5d3d11bc823d12
bc853c61bcaa3d0e
bd843db0bc6ebda7
bbdfbd95bced3a5a
3d12bd5e3d17bcc6
3d703d7e3d543c59
b926bd52bb863d7f
3c9ebdc03da63c59
3cbc3d4b3d53bd2d
0000000000000000
bd27bd52bd59bbbc
bba73d283cbb3d59
bd3b3d62bbdebc38
3d083d53bd123ba9
3cb8bb3bbc11bd32
bcdc3d203cd83bc3
baeebd92bcb8bcf0
bbc13b783d0a3cfd
bd14bce13c43bc88
3cc93d3f3c933c71
3d9a3ada3d25bcf8
bc95bd803cf9bc09
3d0cba9ebbacbd0e
3c803d1d3db33be1
bc853d0cbd29bd0d
3c36bc6abd073bc8
bc393c40bb9d3c67
3d783dbabda43d82
3d18bd14bd82bd33
ba27baed3de03c9e
0000000000000000
bc43bd0e3bbcbbd1
3d573c85bcbfb979
3d64be09bc3abc0c
3ccf3bb0bccbbd31
bbe4bdc43c76bbc2
bb7bbd223dbb3bf0
3c86bd343d07be03
3d4fbd1cbbba3d5c
3c133d1a3c85bd91
bc46bd9dbc243da5
bd503d9e3d6a3d08
3cf2bd27bc4cbd19
bd003d753be2bb0c
bd853d13bb4a3c47
3c0abbaabc953d35
3d98bd4bbd3dbda3
3abcbd64bd973d3b
3ca33c87bc073ccd
3cf8bc61bd45bda9
bb8f3d053c243b81
0000000000000000
3c2a3d82bcf2bd40
3bf8bd5ebd53baff
3c1b3dd23d2dbd4a
3d1d3c843c00bc1a
3b3a3d973c5abd2f
3d0e3b363dd4bc0c
3baf3d9e395bbd25
bc2fbd43bda23b9a
bd67bcdebc89bccc
3d28bd003b77bc32
3b963d2dbce63c5a
3bf9bd753da83b38
3cfe3df73da13cb2
3c02bd03bc8ebc3d
bd703d623c8a3c18
3d7e396fbd33bd3d
3d49bdc33c19bc0d
bb39bd883b6d3a9b
bc0d3c833a9fbc9b
3c70bd6dbb243d00
0000000000000000
3a3a3bc8bcf6bc43
3d463d603d903dc7
3d08bc02bce6bc40
3d013d16bce33d2d
bd7abd53bbf93d1b
bce13cdbbd21bdab
bd56bc60bd0ebcbe
3ca7bd04bc383ddd
bcc7bd0cbd783d08
3d633ccd3dc8bc88
bd4ebcd83d7fbc7a
3bd3bcb33caebd7f
bd393c873cd33cb0
bc83bba23cb23c25
3d3fbcc2bdc0bd88
bc313c8bbd353d22
bd4d3d7cbc24bd70
3cbe3c8cbc77bd28
3dc5bc7dbc15bc33
bc32bc1d3d433dcc
0000000000000000
3b41bca3bc3a3d6c
3dbfbb99bd28bcd7
bd83bcd3bd99bc02
bd4a3ce8bd293d1b
bbe33d4db9b73de1
3c913ca33b86bce6
3cfc3cebbccb3ce6
3d3abb2b3ce0b90c
bc72bd583d2bbd08
3dde3c96bc0a3636
3d653c24bd043c44
bcd1bd8bbd26bcfe
bbc83cf03cf73cff
3d943ce7ba79bcfe
3b823a913b123cb1
bcd3bbb1bd193d07
be0fbd1d3cd5bd51
bca93c87bddcbc40
3d59bcaabdd6bd58
3d6e3d33bcdf3da3
0000000000000000
bde1bd36bcf23d12
3cc5bc40bcadbc9e
bdd1bd573ce43da3
bdddbaacbbc33d29
bd01bd89bd1c3c45
bd03bc3cbb93bc58
bdabbcd6bca2bc37
bc473b24bc3abd11
3cf7bd00bc6abd06
3d87bd123c6cbb6f
3cd7bb733cb63b8f
bc27bd823c903d0f
bd46bda7bc453bb0
3bbfbab03c91bb18
bc9a3cfbbd60bb46
bd94bdfc3d093d26
bc89bc333d06bb0a
bcd5bc8c3c953d28
3c76bd59bb6fbc30
3d0a3bd03cd93c0b
0000000000000000
bd503bd73bf13c47
3d3bbd1d3bf4bda1
bca8bc8cbd903bbe
bdabbb3cbcbebcad
bd223c9fbbe63c9a
3c893d45bc5b3cde
bcd9bc2e3ac93cd0
bd733d40bc8b3cb5
bd103c883c8dbca0
bcc63be53cdcbd39
bc83bb7abc533d00
bd8cbc933c353d03
3a373d59bccabc31
bc7e3b19bc13bd23
bcd0bc65bd683b67
3af6bd3dbd1a3ad7
3d45bd06bd893cee
37d1bd89bd313a62
bcb5bbf1bd20bd33
bd7f3c913d26bc9d
0000000000000000
3cff3c153ba53d99
3d5c3d39bb2fbd51
3cd6bd64bcaebb9d
bb45bd4ebc73bcec
bd03bdd43c833d47
bced3db03d0c3d0e
3c8fbc9dbd5b3cf2
bc89bc843d0f3c76
bd52bd2b3c92bd1a
3dd3bc6abbdfbd5a
bd1e3d2d3cbfbd3c
3c953ccb3d333d92
3d23bd8ebb993d60
3cee3c973d023d0e
bd253d1cbcf03b83
3d2abd34bd7f3c2d
3ca8bcfdbd31bbc3
3b493d89bc88bdab
bcdc3d653cc23d46
3de5bd783cc1bd16
0000000000000000
3c0dbbf9bc30bd36
bd52bc5f3d013d1b
3c8dbc78bd54bd42
bc4e3d63bcb93c58
3d89bd02bcbabd6a
3d2b3dc13b783c2d
3c6a3de2bd0bbd13
be113df13b8bbd70
bcd83c80bb86bdae
bbcabdaabc4c3d37
bbe23af73db73ad1
3cea3dc8bc31bd24
3d263d483c9abd20
3b5dbd76bc673cfd
3d1a3d9b3d2f3c4e
bcc0bd083c063d33
bd49bde2bd753aea
3d0dbd8fbd233d83
bcc13e153d763ce1
bd90bd72bd0fbcb2
0000000000000000
b8dbbc88bd2abb3a
bd5b3dbf3dcf3d45
3d4dbdb9bca63d57
396f3d843c043c32
3d95bd34bd2ebc97
bc81bbd5bd51bcea
3c94bcf5bd51bcd8
bcac3d0d3d05bd13
bd6abd2f3cdfbce5
3d093db83dc83ca2
bce33d4b3c4fbc40
bb91bd89bc223b9a
3c36bd243d53bc82
bcfb3d1f3d8bbcf1
3c88bbf2bd083d0a
3c9cbd833c293aa2
be053caf3c943de0
bc8d3c093cb8bc62
3d46bc44bc1cbd47
3cdd3d9b3cd8bd34
0000000000000000
3cfdbd373da6bbd4
3b213d6b3be33bc9
bd4a3c2d3d623d67
bd23bdb03dbc3d17
bc27bcc03d103d28
3ca33d513c4b3c5f
3bcebbde3d813b43
bbd93b1f3c5bbc94
bddd3d09bc1d3c78
bd023d4abd363a77
bbfb3d82bc2bbd37
bca9bbfbbd193d8d
3d1c3a473bd83d0b
3cd23d2bbb73bca5
bca0bbadbbec3d98
3a0dbd1f3d17bd7c
bce33d673d1e3c52
bd9dbccd3d45bbc5
bd72bd883c5fbc2c
3bfd3cf7bcbabd31
0000000000000000
bc4ebd90bcb2bcd3
3d043da13d9cbc60
3d25bcdf3d3c3a87
3d5abc783ce4bd3f
3c5a3cbcbc193d81
bc9ebdcdbd703d2b
bca1bd39bcd03d48
3c2dbb223c94bc97
3d8f3cac3ca73d36
3ca13c063dd93c0f
bcfa3d8f3c38bd3c
3d84bdb23aee3d5b
bd8c3d10bc1d3c0f
bcaabc243c90bc58
3d7e3ba1bd5eb9a8
3d49bc2ebcedbb93
3d52bd843c9c3cf1
3b953d7bbb8bbd6b
3c83b9813c5dbd2b
bd053d093d6fbc80
0000000000000000
bd2d3c193d753dae
3c28bc86bd06bd04
bc133c823d723d0c
bcb5bcef3c00bc8e
3d70bba7bd14bd5b
3c7bbd983bb5bc64
3c74bcd63c8a3d1c
bd2abd87bbf3bc1b
bd46bbf73c423cf3
baa9be263cb13c55
bc043d453cf0bd82
bc64bd313d0c3a88
bb9f3c96bd5a3cdb
3a96bc0ebcb2bd97
3bc9bba13c33bb83
3cc9bd563ca53ca8
3d2fbd4e3d0b3d3f
3d413aea3bba3cc6
bc8abcc93d4fbc8d
bd9d3d7fbc71bd24
0000000000000000
bd64b9d83ccc3b3b
3dff3c4f3cb8bd75
3cb1bc69bc8a3964
3d2c3db3bdc13d54
bc0abcabbd18bd72
bc633dc2bcaa3de5
bdcabd41bc7d3cb1
bbfc3cbf3d92be05
bc88bd80bb4bbdaa
3d303a963daabcf6
3ce7bc37bd683da2
bb92bd133d3a3d5e
3c93b8a3bd6fbdae
3d893dad3cc53c20
bdd03d8ebdcb396a
3cb03cc63c083cd1
bb96bdc13c103e04
bd333cabbd823dae
bcfb3ccabc3c3d8c
3dd2bd583d39bccf
0000000000000000
bd87bc713bdc3c13
3d28bd8b3db33acb
ba503cd03d2e3c98
3d073cde3ccb3d6b
3c4d3d863bce3bab
3be7bd51bcbcbcc0
bc153d04bd2c3abd
3d0fbd0fbc513d86
bcabbd01bd0fbaf0
3bb3bb423c823cd8
3cf1bd9d3d8bbd36
bd67bc1bbc9c3c5d
39c63cfd3d04bd59
3caeba5a3cedbc12
3c4abd7cbd3a3d34
bbd03d1f3d253d27
3c763cffbc073afa
3da33d7b3cdc3cfd
3b273d1c3c4c3c86
3d31bcf03d0fbd08
0000000000000000
bca73d1fbd21bcf4
3d17bda2bc833bc1
3d7c3d0dbd91bd78
3dabbd9abc00bd29
3dc5bd3fbd823da9
bd283d583d98bd01
bc2a3c89bc5d3d1c
3d0cbccb3d2e3c44
3ce03d033d323dac
bd01b9ae3cbfbbe6
bc25bcf33d743d12
bcb73d48bb49bc32
3cf73c83bce1bd88
3dd9bd233c27bd43
3c9bbcc93ca23d59
3d46bc70bd053d20
bd15bd483c2a3bc0
3cecbdbabd443b4f
3d993c893c713d08
bc3ebc1cbb09bcba
0000000000000000
bd223b893b283c9c
3d63bd113cafbd41
bbf1bd803d28bd0e
3c893d8f3d12bbf0
bd7f3d77bd1b3d22
bbe5bcb03c833d2e
3ba43bba3bd83d9f
bd16bc9dbcd83cd3
bd22bc72bd1ebd14
3d113c363d813c0b
3d263b783d9a3c5f
3ac9bd9abcb93c29
bdbdbb9a3d5b3d25
bc9d3cc73cc43c18
3d043a353d183d12
bb38bbe53d6ebb9d
3d42bce53d1abcda
3d39bab83d8dbd0a
3d903d13bcc2bc85
3cb23cc8bb3ebc4f
0000000000000000
3c8738b83d3d3c83
3d173d16bd0abd10
bc613c003d2b3b82
3d0c3c22bd59bd36
bda2bd0cbcfe3d74
3d24bd6e3af53d63
bab4bc2bbd543d45
3b9e3d2e3d6b3cb7
bccebcd63cbebd07
3cec3d0e3d6bbc81
3c0c3c77bd48bcc6
3cd23cb33b763b14
3bf0bbc23cae3d8e
3d063b9abd1fbd31
bce4bc77bd213d32
3d11bc31bc8cbc14
3c953cb03c83bca5
3d5f3d5abde43c12
3d5c3cb63d11bd34
3d163d15bd7abcd9
0000000000000000
be183d27bb4dbd14
bd2d3d1b3ceabd34
bd313d07bc74bc8a
3c8e3d20bd3e3d18
bd5abc68bb133d87
bd63bbad3d05bd7a
bbdcbc713d903ca6
bd25bbb03cb0bb8d
b908bc5e3bad3d4d
bdb03d65bd0abd8b
3d30bc5cbcd2bce9
bca0baf13cfe3d99
bcc93d6fbcc4bd61
bc95ba02bb8d3c48
bc9cbd253bfa3bd7
bd193d3cbda1bc05
bcdd3d533c2abca1
3d3cbc383b40bce7
bce7bc07bd44bd82
bc833c0f3cf7bb31
0000000000000000
bcb6bb53bd8abc92
bcc6bc363cc9bc2f
bd7abcd1bd2fbbf6
bccb3cd4bc60bd6c
3cef3c96bd683a6d
3a7bbdaf3cd8bcc0
bd1e3c89bb173ba2
bcdabac7bd2bbd01
3ce23b49bd33bbdc
bd38bca93c08bc87
3c833c99bd0b3c86
bd15bd3c3c863bbf
3b563c943c80bb58
3b73bc333b743cc8
bd0b3c383d91bc6b
bd2d3d5ebd88bb4e
bd20bca83c6cbbc1
bd633d323d1abc03
bce13caebccdbba3
bd083c7fbcdd3ca6
0000000000000000
bc833d083d29bce0
bcdb3d3a3c343cfc
bd69bd80bb833cfb
3bd1bd703c593d02
3ca53ca93d3cbc2b
bca93c85bcd83c86
3c9cbd62bc0bbd2f
bd803cdcbd403c0d
bc6f3d60bd68bd5e
3c13bbfabd5a3cad
bc53bd483ce93d85
bc773bb6bd313d48
3bc13c2ebc893c52
3d503d01bd613d4f
bced3cf5bc093dda
bbf6bd0c3cf6bc4f
bcacbce9bd41bbdd
bbd8bd1e3c8e3d70
bd6b3c18bd6bbba2
bce13d9f3d883ce3
0000000000000000
3cebbd74bc95bd05
bd553e153df23d34
bc37bcaf3c56bcce
bb5ebca3bc7ebd2c
3d53bd883a73bd57
bc983cb43d5cbd7f
bab1bdf1bd0bbd83
bd8ebd38bd88bcef
3cefbd19bd4c3c9f
bd45bb223da0bd2b
bd803d913d9a3d9b
3af9bd16bc56ba2b
bbc3b928bcd9bd14
bbdb3d3d3e1bbc90
3cafbd9ebd46bc5a
bd61bba13cd5bb9c
bbee3d0fbb3abd82
3cc93ce43b1e3d76
bb913d4ebd903b38
bc893d693d7cbd01
0000000000000000
bbc5bd21bd6b3d23
3d8e3cdebd2f3cdd
3c5dbcc5bd293ccf
bd56bd743dddbcd6
bd033c803c93bd01
bd18bd803d3abc30
bdae3da9bcbfbd21
3caf3a95bdad3ada
bc4ebd253c973d49
bc27bd023d2d3cc9
bc0f3da53d423b55
bc94bb913c63bdc1
bdceb98f3c91bd0f
3c363d8b3bcbbd4b
3cd93cc83c403b02
3d153c28bca43b97
bd3fbd553da63d28
ba2bbd1b3c6d3d25
3bb9bd313c853cc9
bcf23dddbb983dba
0000000000000000
bd503d53bd293b9b
3b2bbcbabd2cbb23
3daa3d103becbcad
3d553c8f3cf9bc54
3c66bc64bd83bb5a
bc943cf73c51bcc7
bc5dbb9fbce23c89
3c183beebaaebd1f
3ca3bb273c94bc32
3bdf3c243df3bc90
3c77bd04bd02bd06
bd12bc4d3dc839cf
bbc63be33cfc3c10
3d473ac7bbe73bdd
3ad1bc40bd38bd00
bb503c933cf8bc9e
3ce43d053d9c3cfa
bc5dba43bcd43cc9
bcb3bb8e3ccabcf1
bb503c10bc34bd20
0000000000000000
bd143cbfbc44bbc2
bceebd8c3c023c37
3c623c1abd543c23
bc15bc8e392c3a8a
b92cba563cab3d03
3c3cbd5a3d24ba14
bd393c4e3cf83ca6
3cd0bbecbb853c48
bc943d723c39bb55
bc743bc13c9b3cd7
3d78bd99bd02bb88
3c703d5b3d88bd92
bce03d3e3cbabc0b
3d8e3c5b3c19bb0c
bccfbd56bd0d3c57
3d44bd63bce73d82
3c9e3b2f3c143d5d
3de2bbd7bb353c46
bd59bbde3bfabca4
3d343b833bb53d30
0000000000000000
3d683d08bd073cc0
3d23bb93bb1abcc2
3cda3c88bde6bc43
3cc2bdcbbd0fbd57
3c44bc99bd75bd59
3d36bc86bd86bda5
bbcdbc96bda3bdbb
bcdc3cab3c30bd3d
bd593ba33d1f3d18
3b413d40bd263c60
bbe7bd293c1cbd4f
3d5d3cd8bd4bbcf7
3c453b583c97bd6a
ba2dbc443d81bd4c
bda3bda13d1dbc83
bc56bda5bd233d26
3d1f3d20bd6e3cce
3c22bd0d3c40bbe8
3ba0bcdfbd09bc48
bbcf3c6f3c213b46
0000000000000000
bd2cbd1c3cbe3d36
bd2a3d54bc74bc3a
3cd3bca1bc833c12
3da3bc14bcaf3c99
3d20b9bfbd023d12
bd513c483d58bd6b
bb18bd093d293ce8
bdb5bdc93c27bd04
3c42bd3fbce0bc43
bafd3b88bc06bd88
bbf53d5d3d133bc1
3d81bd9d3b82bce7
3d0abc773d6cbcab
3ca9ba173ccdbc7d
bd13bd5b3c12bbc6
bd4bbc8abd2f3a0b
bced3d0bbd33bd0c
bb05bca0bc1b3c47
3d3bbd073bdcbcc6
3cdbbd30bd383cf3
0000000000000000
bd72bd33bac33c17
3dd9bca03ccf3d5f
bd29bd053c3b3d28
ba5fbd00bd86bd22
bcb03c2c3c2e3bae
3d25bd06bc473d86
bd8abd133d52bccc
3d76bafc3b4c3c92
3d1cbce43c80bda7
bc3e3997bd1e3b04
3d6b3c4cbc343a1f
3d67bcca3c9b3c96
bc453bdd3b9e3c69
3d9c3b833caa3cb4
bcd4bd03bd593d3d
bc9fbb263bd1bdb2
bb083cb93cc7bcda
bcc6bc3e3c52bd1e
bd83bc533b1b3cdf
3d23bb35bdaebdb7
0000000000000000
bd5ebbbe3ca33c97
bccbbcc4bd5ebca6
3c143ce1bdb73d13
3d02bda9bd433bda
bcd33d713c903cb9
bbd33cefbc4dbcef
bd99bc00bd26bcd4
bc01bce3bc30bc9e
bc99bcc73d12bbdb
3d14bc29bb91bc32
3c41bd8cbb50bc78
bc983d1e3dd3bb19
3c9f3cfdbc933cae
3d89bd2fbc09bcd6
3d94bc1ebc5fbd19
bbef3c62bcfc3d2f
3ad33d073c583b2f
3d26bd1abcfebca5
bd04bd2abc2b3cf8
bd1e3b2fbd07bd37
0000000000000000
3bc7bd71bd523c90
3e053ced3d05bcd8
bc9f3ce1bbe9bc04
3d733d153c83bca7
bc0c3d453d003d18
bd47bbd63cc1bd37
bcd73c0dbda1bd3d
3e1ebc84bde1bd39
3dbc3d273c273d01
3dd7bc653b693c76
bd8fbd91bc9c3d4c
3c633c243d123d60
3c19bcc0bcc0bd5b
3d96bc553c01bd16
bd78bd0438d7bd80
3c203cc8bdc23c94
bd053b06bd84bc32
bce9bd853d01be00
3c653c243cb9bb93
3d14bb88bd643d5c
0000000000000000
bdaf3d0c3c243bf5
bc9a3d1cbdc93d86
3d093c9ebd48bd2f
bd233d403c5e3d35
3a98bbd63c81bc7a
3b71bb0a3c333d5a
3bbcbd1cbd22bcfb
bc7bbca3bbe1bb7e
3d79bbfb3bb9bdbc
bd73bd973c8f3dfe
bc353c6e3bed3d3b
bc903b333d343cce
3db0bccd3d93bcd1
bd143c383cee3d3b
bcfe3cc33de4bd24
bc243c99bd19bc55
bb75bc8bbd0a3ce0
bd963d17bd07bd1b
3d233c84bc36bd75
bde13c273c1a3bc2
0000000000000000
3cdbbb31bc403d53
3d543ccb3cc33c09
3cc93d82bc323dfb
3b15bdadbd013c24
bbe73d803a423c32
bdef3d85bbff3d99
3d543c4b3bfd3d90
3d64bcadbd17bc75
bca73c81ba9fbc27
3d613d75bd60bd80
bb15bd9b3d53bd87
bd4a3cb4bc5438c0
bc4a3ce83c963bed
3d86bb7abd093d09
3d33bdddbcda3d62
3c38bcf0bd53bc24
bd13bc54bb973cb4
baacbe14bc923cd6
3d98bcf8bd7ebce9
bd1f3d43bc20bc06
0000000000000000
3c403c6ebc2f3d20
bd0c3cb7bc4c3bf8
bd7bbdad3ac83c15
bda33d683d5f3dca
3d8bbcc23c53bd43
3c883cfbbd193c99
bd15bcab3a9cbca0
bbe43d03bd4c3c5b
3d20bd01bcb5bd15
bc9b3c92bc033d78
3be73d273bf8bc08
3c883c843c17bd30
3c193d49bc8dbd31
bccd3d77bd55bcf2
bcc9bd8abbb13d93
bcb0bdb63cf33c0d
3ca63da5bcb13d4d
bc05bd473cda3b0a
3b963d033d153a13
bd0d3d4d3cc33cfb
0000000000000000
bd243c0a3d45bc52
3c85bc84bd613d00
3cfc3d163d873d4d
bdadbca7bc5f3cb2
bc4fbcea3dafbd76
bd093d66bdbcbd6d
bcd4bd6b3c79bcca
bc33bc3cbc283cd1
bc3ebd083d8dbcbf
bd0d3b333be23d05
baec3b4a3d03bd0b
bbefbcc0bdbd3d31
3b12bccb3ccd3be5
bd03bd00bdbebd9a
bb5abd69bb753c0a
bcab3d3e3cce3cc2
bd123cb3bd4d3cfe
3d4bbcf6bcab3d56
bd5e3bb2bd0e3cd1
bc0ebd1f3d66bd0d
0000000000000000
bd003cb1bd3bbb92
3c793cf73da33cd4
bcf63c2cbb883b87
bce03d85bd203d72
3d90bd21bd293bf8
3ab4bc86bc5abcef
3d69bc9dbdca3bb9
3c7e3d8b3c9d3c2b
3c5f3c3fbd40bc8e
bd193d853d3dbc76
3d09bc8ebc8abbc4
bd22bc2cbc853c39
3d703c113a673d34
bc703d2d3d7e3c96
b9debd483a9dbc34
bd8a3d913d573bda
3c273c793d683ce5
bd3bbd033ba43d15
bcbd3ba9bd583d20
bd1e3cc93cda3b70
0000000000000000
3cfebd43bbafbace
bcaf3d9f3cda3caf
bd5ebd8f3c94bcef
3bbc3d733c853c5e
3c01bcabbd0cbd14
bc32bc7abccb3c00
bc49bda3bcf13abd
bcf13d7f3d34bb30
3b48bb14bcd8bd71
bd1a3d8a3dc23dca
3cd53d4c3c863ca5
3bd7bd5b3bd0bd13
bc053d043c9d3c2b
3c1d3d1ebc7a3cba
3cf0bced3cc2bdc5
bd47bdac3cc8bd04
bb843d133b4dbdb0
bd903d883c0cbd3c
3c9b3d79bcb0bd10
3caf3c623d173cee
0000000000000000
bde43cbd3cfdbd18
3d1bbd13bdba3cf9
bd87bc543c71bca2
bd01bb903ca63d81
bda9ba4f3d41bc88
bb193ce2bd06bc55
bd5e3d183c65bca7
39e03c82bd69bc14
bd0fbc363cdc3c19
bb8abc183c303d19
3d273c09bd8ebb9a
bda0bca83d36bd25
bd463ca33da2bc87
3d43bccb3946bc5c
3d0f3d833a913d91
bd10bc1d3c233ba0
3c80bb62bd003d25
3d4cbc3a3bae3d52
3dbbbd7d3cc03d38
3cd3bc80bcadbc0c
0000000000000000
3b833d19bd5bbd3e
bc9fbdf5bd7e3d16
3daebcb1bd6bbc43
bd8e3d813d2fbd0c
3c37bc88bc87bd2a
bac03d413cb23ac7
bd1c3b2d3bc9bd11
3d74bd303cf6bc78
3da53c623cfabd81
bc3dbcf3bc23ba58
bcabbd9a3c983d3b
bc143b8bbd953c13
3d4cbd193bdcbd4f
bd10bd64bd353d0f
bc263c243b763c67
bca23d37bcd63c89
bd023dd6bbe13d1a
bd903a1a3cfe3d2d
3c523deb3dc13c89
3b4ab9e13d7fbb73
0000000000000000
3d183d023d483cee
3d2c3cedbcbcbd68
bdb3bd2f3d5fbd08
bb88bc46bc143d3a
3b4ebc92bcc93d0f
bceebcec3d9d3d2b
3bc9bac1bced3d16
3cdc3d3b3d2e3c93
3a893b533a7dbc03
3d923c893d37bdbf
bc3abb89bd9fbd8c
3d76bc283ca93cd6
bd02bc6dbd7bbcb3
bc5f3bd2bcb7bd8e
bc64bc493ce03c44
bda03c64bb6f3c0b
3d55bd773dc13c71
3d213cdd3d05bddb
3d7c3cfd3d9d3b05
3c653c5abd81bd82
0000000000000000
3d0cbd55bba13c0e
bd223caa3cfc3c6b
3c22bdf83ccc3c98
b8ff3d4ebd413c29
3d6cbd7ebd8cbbe6
bced3d97bd123bee
bd013c36bc8e3c17
3d673ce2bd64bc5c
3d723d143c1e3ad8
bb913df43c953b93
bac3bb81bc6b3d25
3c54bb92bc68bd1c
bb81bd45bc25bbd2
bd703d0ebcff3be1
3c3cbcc93c44bb9d
3c57bdec3d1a3c3b
bba13ceb3d3c3d0c
bcf6bc8d3c9a3d40
3d963b243d1d3c84
bc4c3c10bcd4bab7
0000000000000000
3bb3bd4cbc9bbde6
3c82bc44bc923d0c
3d303b90bd88bd1d
bd25bc0a3d6abd5c
3d96bd3cbcf6bd88
3c9cbd30bc39bde5
3c1fbc163c58bda2
3d113d423bdc3d13
3d06bbbebd1d3c78
bcfdbd6c3cf43cf4
bd8e3c513d133d11
bc8c393f3c84bdbb
3d33bd9f3d40bd16
3ba3bcf03c153b77
bd9f3cd9bd40bd35
3bd4bcb4bcedbca9
bc95bce13d093cfe
3d75bce3ba173d84
bd933d7a3d053cab
bc87bd38bddd3cd4
0000000000000000
3ca43c923d803cbf
3c973d473d19bccf
bc3c3cb9b7d73c20
3aa33db1bcdfbbaf
bce93c86baa4bcd5
bd5fbb06bd45bb1f
bcb3bc463c773c11
3c9dbca13d413d91
bbb4bd4b3c5b3ce4
bd163cbf3d57bd09
3cf43cb6bbdcbd01
3c13bc893cb83b09
bc903c56bd0a3d93
3cea3b30bd613c96
3d28bc98bd74bd19
bc2c3d523c6ebb03
3c403cccbdb0bdad
3da13c943ca8bd7b
3d42bc853d85bc9b
bb35bc613d59bcaa
0000000000000000
bdb2bce4bd55bc67
3c373c57bd1e3cbf
bdb73d3cbd51bcc3
bd66bbfcbc29bc6e
bb6f3d133d2abc30
bbabbc413c9bbbe6
3cadbd1dba863a38
bca9bd13bc26bd22
bd27bd133bd13c04
3cb1bd3dbd0d3d3c
3c4d3d44bd9639da
bc8fbdec3d083d81
3cb03d253ced3b9e
bcf73d283db6bc8e
3bf1bc7cbcf7bc39
3c8e3d03bd33bcbf
38ba3c1e3cc03d2c
bcdfbc9bbd95bd1b
bc94bd403cf8bc00
bd633dacbdaebcae
0000000000000000
bd023d06bbee3d51
3d81bd7fbdacbd91
bc89bd823c22bce5
3ccf3a7a3cb3bd24
bd88bcfb3d5fbb9e
3c213daabcd73d62
bd2a3cb53d38bc75
3ba8ba26bd8bbd91
3d163c853bb73c3c
3ce7bd983c6fbb3d
3d8e3d5ebcde3cf2
bb0cbd0f3c243c60
bd3e3c963ccabd78
3d533d17bd533b88
ba7dbca3bc463c71
3ca7bd9dbd14bd12
bc103cb5bcc6bc69
3dc1bd3d3bd1bb2b
3d29bcc1bc70bc6d
bc78ba29bd3cbdac
0000000000000000
bd9b3cd43b733c48
bc34bd0b3c60bd1c
bcd7baea3c3fbc96
3d3abd293b61bcbf
bd3b3bdcbdad3d18
bd81bc863c893d60
3d1c3c13bcd43de2
3bb53ce13cefbcb0
bd2dbcad3cdd3d99
bbda3c713b41bcf7
3a95bd18bc253b86
bc5cbc34bc073d9d
bdccbca3bbf33db4
bbf93bf7bca9bd0c
3c453cbe3cdbbc77
bc23bd823c4a3c33
3b8bbd223cb0bd0a
3d49bd653cf9bcc5
3db8bcef3cd13d11
bce63c633d25bc6e
0000000000000000
bdb33cfa3d263d0a
bd0d3cd6bc46bd74
bd20bcd53d21bd47
3d4e3d8fbced3c98
bc6ebb103d143d9a
bb7dbd073b8fbcef
3c793cc93cae3bd3
bd98bb8f3c703b9c
3d23bd2ebc2c3d43
3d15baa4bb6f3d29
bbad3c8bbd15bb2b
3d32be243a50bc95
3cc0bc48bba73cac
3cd8baca3c4b3d0a
bd48bd5ebca1bc23
bd58bd593c323cbd
bc643c8dbca8bd34
bcddbc61bc0ebcf1
3d3f3d123d22bc83
bd9f3c3c3d9abd51
0000000000000000
3bb8bbcbbc9d3cd4
bcd53d1abc223bf9
bba73c883d793bb6
bcab3ccdbc2bbd6f
3d5bbd143994bcb6
bc713c9a3d583d88
bccfbd1ebc04bc9d
bc913b093b953bbf
bcd4bda7bd043dac
bd7a3cb63c3dbc9a
bcd0bd2cbdb5bd55
3c29bd8c3c7f3d03
3d2bbd0ebc0b3c0c
3be73b833c64bd62
bcf9bd4b3ab2bd22
bc733c133cb4bcc3
3cc2bcdf3caabcc2
bba03ccabd37bd4a
3c003d6ebcc13c8a
bc4bbccfbcbfbcb8
0000000000000000
bcb73a20bcbebd10
bd2dbb2f3cb33d98
3d18bd9f3c9d3a90
3c883cd3bc8ebcc3
bc883cacbd7abd57
bc41bcfc3cf6bcd8
bcef3d08bc1dbd8f
3d04bbacbcb33d3e
bc583df8bb1abbff
bc82bb47397b3d3f
bd72bc72bd303d59
bd783df03c63baa7
bc833c163cc03d32
bd44bc403cd33da3
bd74bbf43cb7bb62
bb9fbdabbd033d16
3cb9be02bca9bcac
bcc6bd2dbd3e3da9
bc71bd13bda0bd02
3c3e3d38bda93cab
0000000000000000
bd673c483be43d51
bd683d883a8ebd73
3c163c6abc9e38e2
bc08bcfc3d1a3d33
3c52bd52bdb53d95
bda8bd3cbcc5baf2
bd0bbcbb3d013c91
bc793e353cccbc2f
bd013c84bcefbdc0
bc613d423d1c3bf1
bd44bd093cbfbc81
3d74bc7bbd733c77
3d323c8cbd593b9e
3d343c353c6d3a13
bd3cbd8a3cea3cc3
bd43bc77bd50ba63
bd14be01bd11bc34
3cd8bb153cb9bd50
3d7e3d6c3df83c59
bda93d40bc6f3d3a
0000000000000000
3c10bd3d3d77bdaf
bc483c0e3d7fbc43
bd8cbb3dbc8bbe00
3cd4bbfd3da03d6f
3d6abd243c5bbcca
bd39bd373d133ce3
3d6bbc9a3b833cbf
bafebca8bca3bd70
bcb53ae2bd8abc10
3bb13cba3d5e3d63
3dafbcd43d353dbe
3bb5bc673dd6bd1b
3d27bcb83cc2bda4
3d433d06bc9d3d13
3dcd3c033d7c3dbf
bd9c3c9a3d32bd54
bc833cdebbe2bd0a
bd0d3d9e3d183da1
3b2d3d0bbd073e28
bce1bc0b3e093d08
0000000000000000
bce9bd893b87bce9
3d413cd1ba2f3c95
3c16bd1a3ce1bd97
3db1bc983d80bcb4
3d913d9d3c9bbc4d
3c9b3cfb3da73cf6
3d713d26bc343cae
bbffbd5cbdacbd0c
bc783cc3bcee3c04
bcddbb023c29bc03
bcfa3d03bbb83a98
bc973d4ebd19bcae
3d36bd4c3c853a39
3d89bd61bc393d03
bd56bb54bcd8bd19
3d01bd01bd43bcca
bc4f3b22bd64bcce
bd113c813cb93d40
bc47bc2cbc02bc2b
bc23bd69bc4ebc9a
0000000000000000
bc363c9cbd99bd2a
3d203cf7bc84bd1c
3a963d1abc3ebd4c
3c933cebbcca3ca7
bca4bab0bd463c50
bd57bc7d3ca6bced
bd01ba8ebcef3b9b
ba1a3d4cbd6dbcf7
bcad3c533cef3c9e
3d883c313d173cf7
3c593cadbd25bca2
bc7cbca83cb43b90
3bbd3cd4bab33d33
bbb13c713d2c3a80
bd013b8e3ca03bf2
3ce63d4dbd293b24
3cb7bd3b3cd0bd62
3cfbbc683c9e3aa6
bbce3cb2bc6dbcfd
3d143c19bc50bd10
0000000000000000
3c6b3d8abdfb3d8e
bd0b3dc03c42bcd5
bdafbd1bbd14bd87
bd013dafbcab3d32
3cb73c81bcf2bbf3
3ca83ddc3acc3d5a
3d883b35bb563d96
3d023c88bc68bdd8
3cc6bd863c67bd30
bd0f3d113dd5be2a
bba83ddf3daa3d7a
bc7fbd4cbc2a3c12
3d163c6d3d893c0f
bdb13c743d913ccf
3c813d64bd463dae
bd93bdb1bc95bda1
3ce23d4abcc33e15
bd713d013d4fbcf8
bc8fbda93d33bddd
3cef3c573dc4be39
0000000000000000
3d22bce63d1d3c8c
bd35bcc4bd843a6c
bc363c6fbd72bc54
bd40bb11bca73c34
bbffbd3b3d193d55
bcf8bd43bd76bbea
3beebcec3d0ebd55
3d043d15bd76bcc3
bc35bc38bc883cbb
b9923c50ba95bb27
3a103d1abcc0bceb
bd06bd89bcd53c81
3d49bd8fbd603bf3
bdb4bd18bbe1bc54
bb4cbd2ebcaa3bc4
bcd93c20bc6ebc69
3c023cd5bc7e3dc5
bc423db03cacbd72
bb723c4b3bee3caf
bb963d273d1bbd05
0000000000000000
bccdbd653cb13cd0
bd92bd073d1abc86
bd1abd5d3d453d19
3ce0bbf6bc9eba9e
3d08bc4d3d2abcb8
bd263d883d27bd0a
bc6fbcd1bcac3d1f
bc873c8abcb0bd0b
bc4f3d28bd183c32
3ce1bb64bbe03889
bd07bc763d6fbc2e
bc823cb8bccabcdb
3d02bc83bd6ebc57
bd593ca3bd44bd62
bcfdbc78bbb9bd2b
3ca5bd8abad13d07
3c633ca03c3dbca6
bbbfbba43cee3d98
bc06bd29bd7b3c14
386c3d0dbd20bc0f
0000000000000000
bd25bc1b3c953c99
3b063d173c8d3d6c
3b84bd28b98fbd2d
3d1bbd413d19bd39
3b23bd54bd2c3cc1
bd5e3d673c433bab
bbaebc83bc1b3acd
bc693d7b3ce83b40
3d0cbc3bbd1e3c39
3c9cbcf23c7d3c2e
bb423ca4bb94bd64
bc48bd54bcc6bcdd
3c36bd56bd1f3c09
bd8dbcdbba5dbae7
3cecbc45bc78bd4f
babdbc643c6bbd55
bc9a3d10bd54bcab
3da2bbd0bc0cbd92
3c9c3db03c333c02
3c68bcf93d82bc85
0000000000000000
bd2c3cb9bc8b3d83
3cbfbd393a80baab
3cbf3d2b3d883c83
3d283d6abd2cbc1a
bd743d09bcdcbd24
bc923d28bd743c86
3c26bc793da7bc05
3cb93d403d25bc3e
bb7c3d213d073c66
bc81bcf5bd603cf7
3d22bd47bc5dbd70
bd8abc943d3e3c71
3c37bbff3d723c66
3be73cbe3b14bd91
bcb1ba29bcfbbd0d
3b453bb23aa83d89
bbfa3d9e3bb73d5a
3cb2bd02bd9e3d20
3c693dda3c783b80
3cc43c973c083bd7
0000000000000000
3cf03d95bd09bcb8
3c82bd0abd26bc6d
3d92bbc4bbda3d7c
3d59bd70be03bd52
3c483d563e113cf5
3bd73c05ba3e3cb9
3c873c52bbe5bc83
bcc3bd63bc43bc98
bd03bc433d5ebd58
bd06bcdc3c7f3c5f
bcf6bd01bdb3bd52
3b463d25bdbabc23
3af43ca83d673c22
3c893c9c3c883cb1
3d8cbd31bd60bd3e
3d683c71bd153c8f
bd00bc953dbebd2e
3d41bd4fbd05bb7e
bc63bd1b3ce1bd37
bc91bcddbd183bb1
0000000000000000
bd61bd20bd8fbc7d
bcc73db63ccc3cdb
3d753cb1bd58bd39
bd0a3dc6bd253d8e
3d98bccc3ce9bce2
3d0b3ca3bc2e3cd0
bb9c3d96bdc93b2f
3cafbdd4bc92bd60
3d06bda1bd1bbcea
bc0e3d3b3d8b3d04
3cb53bd93cb43d54
3c95bce6bd01bb37
3d1bbd9cbb33bdb2
bd2cbd463d05bd37
3dd63d16bdc1bc3a
bb703d39bcc13d44
3b953cde3d843c81
3cb3bc6e3d473d6d
bd963d96ba713d97
3da23b603d8f3d69
0000000000000000
3d9ebd0fbba13d8d
bd4d3e3fbd00bca5
3d27bdd6bcc3bc0c
bcb43d0c3c883cac
3d2fbd29bba7bbb5
3d1abc97bd50bc37
3d73bd7a3d693c7f
bca83cb4bd8f3ce4
bcdf3cb13ce73d0f
bd013d97bd4f3c8d
bc0a3d183d26bd27
3cb9bc243d593d50
3d0abc7d3c163cde
bc513e59bda1bd3f
3c87bc63bcce3d20
bd82bd9eba77bd1b
bc53bd8f3d993ce3
bd21bcf83dd13abd
bc583d4b3df13b9f
bd103db2bdb2394b
0000000000000000
3de33aa3bd273c2f
bddcbb74bc8a3cfd
3d283c60bc6c3c9e
bc33bdc7bd1dbd27
3d87bd693c8c3d15
bd01bd3f3d10bc93
3c96bbea3a5ebc3d
bd4fbbd7bc98bc41
3d95bd2e3c67bd0a
3cf6bdd3bc36bc9b
bd023d343b66bd4b
bbc93be23ba83d9f
3d99bd90bca7bd86
bc973c85bcd2bd8b
bd013d073c3dbb3a
bc11bc85bb413d61
bd0ebd313d12bb84
bd043d463b88bca5
bca33c1bbc453cfc
3b38bd86bd55bd3a
0000000000000000
bc9b3d3e3d603d18
3d31bd493d07bbf2
bd1f3d9dbc0d3ca9
3d373d46bca5bcc4
bb943ac9bd9cbc20
bd803d153cf8bd8f
bb27bab5bd95bd5c
3c1a3c3d3da2bc78
3ba1bd2dbcad3b9f
3cf03c913b083d3f
bb8abda3bcc3bcaa
3c8c3c503d303cd1
bd2d3d5fbd4bbb9b
bb813c0dbc033d25
ba91bd11bd9fba02
bb3f3d063d333d02
bd343c713d1b3c94
3c5dbda8bd8e3d4f
3c82bc3d3c85ba95
bd333cf5bcc33d0f
0000000000000000
3d593c203d0fbe07
bbc6bdabbd3d3d6e
bb43be25bd1abdfa
3c893ddcb7043db1
bbf7bcb53c30bdb9
3d033ca33ce83d78
3d4a3d283d373c4c
3d35bd2abb62bd95
3cc9bd8d3c0abc47
3d503bbabc433cf9
bd033d37bd8e3d63
3b34bdcabd05bb88
bbd3be2a3acdbd98
bc86bb41bd7e3d88
bc273d81bd3cbc96
3cb2bdf2bd0abd3f
bb28bcecbcfdbc32
bdc23dd1bd313dea
bccd3e38bc5f3b34
bc023d09bba5bd7d
0000000000000000
bb3dbc673ba6bb87
3d6a3a23bae7bd01
baf23c8d3cf9bbc8
3d043cfe3db9bcc8
bd18bd993b453b30
3c40bc403baa3d2c
bd12bce4bc243d76
3ced3c83bb773caa
3c97bc63bcf63b39
bcc73daf3d8cbb8f
bc8cbcfabcb9bd0e
bcf83c29bb8c3c05
bd7fbd1d3c4f3d06
bd1ebcc2bc48bd2b
bdd3bcafbd3c3d29
3ce0bbfbbc1dbdbc
3d8b3c773d11bd1e
3d7dbb88bc29bc87
bcc93d58bcb2bc67
3cda3b263b15bd1a
0000000000000000
bd453da43c943cc2
3da9bc1fbd303d3b
bd493b96bcc8bbcb
ba29bdc4bd313c9b
bce53db73d0ebd05
bd533d2abd0abd1e
bcb53ca53d05bcf2
ba9a3d1dbc813b3e
3d8b3c82bc233bf7
bcd93d41bc5bbbc0
3cbdbd7dbc623c22
bd6f3db5bcdabc81
bd2c3d043c01bc48
3d9bbce2bc853d7c
3c9d3cfbbac9bca6
bb69bd1fbc6bbd3a
bcf8bc20bd85bda7
bc8e3baebdac3cd4
bcf03d60bcebbd4d
3c4abdd33c4d3c83
0000000000000000
bd45bccf3ca13cf0
3cefbc35bc90bd0b
3d00bd2cbccabd89
3d45bd08bbacbd96
bd3e3c1d3d33bb86
bde63b8cbca63c83
3c94bc4b3ce03d07
3d4dbb9b3cfabccc
bd3abc21bc89bd43
3db43c9cbb81bd89
3bf73d1dbceebc83
bc083d173d8b3d37
3c47bc763d8d3cbc
bbe33c153cdcbc00
3d6bbd3fbd193ca0
3d15bc88bb2cbd27
bca03c143c593b39
3d29baa5bd8cbc5b
3d47bd67bd3bbd04
bc883d04bc2dbd78
0000000000000000
bcbb3d86bc5cbde7
bd96bd073cc93d3c
bccb3c2fbc01bc95
3c35bd243dfc3cdc
3db03d483d4bbd68
3d31bd8b3d14bccb
3d66bccbbcbfbd6b
bc753c8dbdb73d3c
3c943d3ebd27bd34
3c12bcc33e14bb7b
bbefbddd3d803d6d
3d433dcabcedbda3
3d673d39bcd1bc8e
3d083c0f3c893be1
3d03bc063daf3d91
bca13be3bcf73c33
bc8ebd16bd8bbd16
bdb6bd88bd3fbccb
3c4b3c583d483d78
bd73bcbc3d273caa
0000000000000000
bd13bc453b9bbca4
3d55bd1b3d313c72
bcfabc673c47bd0c
bd4bbc1a3d243c2f
3bf43b1fbd213d3f
bd45bc7abcfd3d30
bc9b3aed3b62bb8e
bb163d9b3a7b3c2e
bb533d48bd1a3d26
bc4fbbef3d98bd0a
3cd83ce8bc543c16
3c50bc263bfd3d5e
bc993d433bff3b09
3d833cbabc973ce7
bdb8bd8dbcf83d05
3c433d26bcf0bd3a
bc40bd8ebca2bc97
bcd0bd8bbbf9bc04
bbaebd273d8cbb11
3d773c963c34bd56
0000000000000000
3c5cbd823cfcbd1c
3d363b95bc813d66
bb95bd23baa83b0f
3d4abc9dbd13bdd7
3d1cbbb9bd1dbc96
3bcf3d413ceabcff
bbc93d113c43bcc8
bd34bdadbcd93b51
bd08bb663ce43d55
3be0bcf63d103d43
3ccd3dafbc91bd96
bd693c1d3b193c96
3b48bd783c8e3cb2
bc3d3d32bd0f3d52
3c303c3dbcdfbd29
3dabbbaabcb9bcf4
3d493d293da73c8a
3d113db43d49bdac
3d7e3cdfbc6cbd23
3bf2bd753d61bc6b
0000000000000000
3d033d53bce8bda5
bc94bcf4bd623d65
bd26bcb0ba39bce9
bc15bd413b673b8b
bc2cbcec3d1f3cf0
3dfa3c2dbdcebd63
bd173d90bd35bd1c
bce13d87bcf0399a
3d78bc1e3b2d3c86
bdbabc6cbc5f3c02
bbe33c683cf93cc1
3c463d1dbdc1bce8
3c76bd6c3c923cf2
3cf9bd06bc8f3d3b
bd9a3ba8bc8bbc92
3dcf3c62bb293d09
3bb4bdd8bcefbda7
bdafbdda3d733c9e
bca43d06bcc23b54
bbb9bc093b9a3d3a
0000000000000000
bd133c563b15bcc7
3d03bc2e3ccbba6b
bc863d483c22bc95
bd3c3ce03a3c3d51
3bf43dce3ce2bd36
bd65bb11bd9ebce0
bc5a3c863d333b22
3ca3bd343bcdbce4
bd2abcfb3a10bd75
3d3cbdc03d13bd31
3d5e3bb13cfcbcde
3b8abcd4bd30bb61
bc2bbc0fbbb8bc91
bc9abd123c2f3d32
3b77bd54bb9b3d3d
ba153c083d043cdd
bd6cbd28bc9f3d1b
3d6dbc0f3d383d44
3ca13d2f3cf23d93
3ccf3d17bb8abb8a
0000000000000000
3c04bda8bd123d89
bc4ebcb33ca33c22
3d0ebd40bd003c54
3d863d8dbcedbd1c
bb54bce13d82bac3
bd633c643d033d39
bc233c8f3d3e3d4b
bc3ebdbfbd483c5e
3c2ebcdcba813d45
3cd43dddbd30bc80
bd053dcc3d17bd60
bcacbd5c3c8a3bab
bccf3c28bce83d37
3c9b3d9abc503d1e
bc66bd9a3b223c6e
bba9bd87bd383ba0
3cda3cc03c48bd3e
3d12bc763bccbbd9
bb873db9bd17bc05
3c1f3d47bcb0bd78
0000000000000000
3cb9bcdf3d3eba9c
bd55bb0a3c553c0b
bd0e3c16bd2abd5c
bc903cabbd81bd0b
bc923d1dbb87bce5
3cc3bd0a3d35bcd7
3c95bddbbc9cbb95
3c46bd173d5dbd16
3c7cbd343d173c68
bd8cbd9ebd0bbd22
bcfa3c0abd953cbc
3cc13b8dbcb7bc6e
3ca63cd3bbdcbbc1
b9833ccebcba3cc2
3d473d11bc84bcb9
bd1e3d51ba97bc91
3bc9bbc13d94bd6c
bd9abc25bce6bd43
3d1d3b72baeebd5f
bd59bd3e3d003cd0
0000000000000000
3d33bd61bcbf3bdd
bcfe3d80bd17bd81
3d85bd6a3be6bd26
3cdfbcc7bcbabaa6
3d6cbdd13d4ebc2a
3c52bcd3bdcbbd16
3d0bbd01bcc43cf3
bc523d4bbd66bc17
bc893c673c9f3cfc
3d7bbd26bcb9bd28
bdc93d103d3dbd8a
3cddbd8dbb453d08
bc4bbcc5bd023ce7
bd88bc1a3c70bbc8
3bab3d85bd643cc7
3c30bc1bbd42bcc5
3dbcbd20bcb3bd2f
3d2b3d8f3d2abd87
3d30bd0dbbe93d06
bc623c7d3d1fbce3
0000000000000000
baa63bd0bd72bb1e
bdc73cdfbd08bdcf
3d233ca5bc6fbd2a
bcd43d8e3dce3d26
3ca33c18ba463c82
3bb6bd52bda63d44
3d10bb8d3d133d69
3c02bc88bd5cbcff
3dca3c75bd943bfc
bd533cad3cb03d6f
3cbb3c363c583c48
3d8ebccf3cd8bc19
3d53bc74bd0fbca4
3cb7bcb23cb8bc89
3d0e3d0abbc7bd54
3ab3bce2bd6dbca5
3ca53aaebd363d26
be283da73cc43d71
bda13d003d533d04
3bf93c153d4e3c56
0000000000000000
3cafbd0fbc9a3d49
bd47ba453cf03ccd
bc23bcd8bd24bd1c
3d05bc9fbcb7bd08
3daabb9a3ca6bcbd
bcffbb17bd6c3de6
3a83bd2fbc6bbd17
bc3fbd01bcee3c95
bd1cbce1bc263d3d
3c883c08bb9fba9e
be043ca9bc88bbcb
3c663c073c133d0c
3d953b22bcbfbcef
bd1a3c6bbc933c90
bd15bd4cbd52bc19
3d69bbbc3d35bd89
bc553d093cb83d4d
bc253d203d2dbd06
3cc2bcafbd0fbdd1
bc96bc993d2c3bd2
0000000000000000
3d55bcc93c29bd3a
bd1dbc943ab63cc7
3c1b3bc23bf8bc0e
bc8cbcbe3d6ebcb7
3b31bb6dbc2ebc35
bd083a333b7cbc90
3cf3bcb8bc89bb90
bc943b4b3b6cbbfd
bbb8bc803c52bc34
bb783c5abdb73c47
3ca2bbe23b35bca9
bc88bd16bd363cad
3c703c46bba1bd58
bd24bcfd3ba63cea
bccabc3ebdbc3c35
3c1f3ccb3d52bb90
bc53bcacbca33d3d
3b8cbcf93cd13a57
bbda3ce23c2fbbf3
bc1cbc7cbd4c3cfe
3cadbc03bb70ba41
3d1f3cda3c45bcea
3ca93d1f3b7fbb54
3cdb3d04bc9bbd7f
3c2cbcea3cf7bd4c
bd633c293d93bd45
3c92bbf73cd1bd26
bd76bd24b8283cb4
bd0dbca4bd803cad
bc9f3c5e3bcc3b5c
3c2b3b083d033d27
bce4bc843ccabc77
3da0bb9cbc54bceb
3c863cf83cd7bab6
3c07bcc6bcc63ccd
bcadbd463ce5bccb
3c4abbfcbd0b3c29
bbfdbcdd3a30bc08
3d0ebd15bcbfbcf6
3c61bc6ebdaa3c81
bc663b3bbd883d02
bc2e3d593b0abcb7
ba70bdae3d23bd09
3c953cba3d24bd10
bc82bd053cce3a96
3b253c503b44bc38
bc653bab3c2db8a8
3c8b3d163cd5bcbf
bc2b3c0d3d113c05
bb6f398ebc093c5b
bc94bcc5bd373d1d
bcfa3ca6bdb2bc57
3c2c3d79bb7fbda6
bc9f3cc2bd1e3ba3
bd0dbc20bbd43c4f
3cb43d52bc25bcd9
bd35bd16bd06bc99
bc99bceb3ca43ce1
bd2ebcf63d42bd54
bcc4bcda3b983b0f
bc953c623c783b86
bcb1385e3cf13b66
bc3f3bd43c0d3a93
bc093caf3bd2bd38
3d26bc87bd04bcf6
bcd1bca9bd383c87
3cc73d793d2fbcda
bc10bcdf3ca23b24
bc403b213c5dbbd3
3d56bd153b87bd0d
bd35bcbebd953cb4
bca83c2f3991bc11
3b2dbda63be5bd0a
bca9ba99bd233d61
bcb4bd30bd143d17
3cd93d213d2abc93
bb8a3b2bbd903c17
bcda398e37ad3d24
3a023c01ba343ca9
bd4cbcd53b99bbcb
bd02bd0fbc69bd0d
bcc5bd843d27b89a
396c3d093c02bbf9
3b883c3bbbf83c8b
bd03bc8f3c1f3c16
bc61bd0a3ce5bccf
bbdc3b82bc473b03
3ca5bcf4bc39bc3b
bc14bbf33c2abc29
3b4bbbca3c01bc90
3c8d3c883d56bb8a
bcc8bc013bc53b51
bc44bba6bc903c06
bc8ebd0e3cf7bbe2
bb8a3c773bf1bb36
3c2fbc14bc9a3c0b
bcc2bd07bca93b2d
3c073d99bbe6bd4e
bc0f3c3dbd823c05
3d083c2fb92f3d4c
bc06bc353c3cbca6
bcfc3d05bd8c3b61
bd363c08bbb9bcac
bd51bca93c93bd28
3bdcbcd6bd5c3ccf
bce33c9e3cb7bd2c
3b693c373c78bd79
3bac3bc1bba8bb2f
3c303c7d3d4b3cc9
bcb5bc49bbae3c6d
3cd83989bd31bd1d
bcf5bccfbc303d0f
3d0fbcafbd383d09
bca0bb1ebc9ebc8d
3db13ce03d0bbd59
bd23bd36bd133d4d
3d19bcb6bd9a3af2
3c7539733d6ebd34
bb953c98bd31bc29
bd5cbcf53cc3bce3
bca8b8273bc13bbb
3b583c1eba46bc88
bc383c1e3bddbc12
bbabbd1dbd7bbc48
bd013a783ccdbd23
bb893c57bc4e3ccb
3c9e3caa3d02bc27
3d1b3c8bbd3e3d0f
3bf53b563d05bc72
bced3d8fbbeabd1c
3cf03b9abd07bb26
3d013cfdbd3bbca8
bd55ba90b9853b91
bc24bbc1395f3b07
3bb23b44bbedbc79
bc8abc4b3ccaba95
3c013d073c9cbb20
3d673ce7bc92bd9e
bc913bf33c74bb78
3c0fbbf5bc993d40
bc82bb61bc67bb89
3d493c5f3c5dbb81
bab83c993c22bc98
3c973cb7bd143d1c
bc813c003a07bb85
3ce03d28bcc3bbbe
3c73bce2badf3c08
3bf6bb943ba03c98
bcab3c3a3d4c3bb1
bc7ebc8c3c193c8a
3d673d683bebbd09
bd563ad13bdc3ab6
bbdc3d323be6bcb8
bb17bb843cc7bb89
bd09bd08bd4ebc44
bd8fbce8bd133b5e
bca9bc84bd673d00
3c613d463afcbd9c
bd0bbd36bbdc3c93
3cf7bd203cc2bc01
3d453d843ce9bc8c
bd2d3ce2bd3f3c72
bb3b3baf3b2c3bc3
bc423a9dbcf1bc6d
3b593cc03d033c39
3d1bbb81bcd9bd5e
3bcd3c92bd613cc5
bd61b8c0bc63bd01
3c533ca83cb6bc1b
bd60bca93c6bbcb7
bc60bcd0bd9a3caa
3cc83c783a75bbc0
bc273cc23ce9bcac
bccdbc853b1e3aaf
3c713c813c3cbb8e
bd14bd0abb893d05
bcfdbc8839e13cc5
3b8ebca8badfba48
bca83cb23ca7bbd3
3a4abc03bbc5bbba
bcb7bcc0bd2cbc7b
3d90bd09bcbbbd6c
3c65bc63bbc53ba5
bcb4bc8abd2abcd0
3c1abc5f3c4fbc8d
bd203be9ba3cbca8
bc8cbc0fbd3bbb99
bc9dbccaba8e3c9b
3d0fbca5bc483cba
bb9a3bbb3b53bb0c
bc48bc8d3d31bd32
3c023d4cbd05bd1c
3d043cc0bd3e3c5c
bd56bafebc103c20
bd6cbb873c623c44
3cd43cb5bd383c6c
bd8abd34bcf33d12
bd6fbc043c7eba57
bd763c153c7a3aaf
394d3c3b3c74ba6a
bd00bd1fbcb7bbe8
3c3dbcfb3cac3d3e
bc90bcf5bda43cfa
3c08bc95bc643d4b
bc243c11bce83ae7
3cd9bc9b3c96bce6
bc7b3cbe3c96bd06
bbc23d1c3d2abc82
3c81bb0a3c4ebb36
3d953c27bc27bc2c
bcfabcdd3c56bc81
bcafbb123c34bc51
bd2ebc8abc5fbcf2
3c853b903cc2bc50
bc64bcbc3c6c3c4d
bd13bd7c3ca9bcec
bbb93c1dbd6ebcca
bcdb3c353c3f3a90
3c9bb9cbbdac3c47
3c79bc11bd1bbcf8
3c833bc53c8fbcfe
3d7b3d483bbbbc7c
bd103bb73db6bdbb
3bfa3c5c3b30bc49
3c023c20bc9abc30
3b373ca93ceebb90
bccbbcd6bc0ebc14
3da4bd0abc1b3d14
bac1bb89ba973cb4
3c183ca5bc423be9
bd9bbd243c383d0f
baea3c96bc013ba7
39a2bbaebd76bd35
3d523d403da2bd17
3d293cd1bccebcef
bd7cbd113d4bbcbc
bd4bbc94bc8dbc6e
3c97bd32bc893c24
3d5b3ba23bdebcaa
bb483b6b3c2fbc13
3bc13c603c71bb9e
bc4e3cb23cffbc71
3bc7bd43bcfebc25
3d083d193ca2bc8f
3d093cbf3b1abb16
bcc2bc453d11bc1b
bcf3bc0a3cc63c4b
3ca0bc24bc8fbd69
3bc83be93c08bb9f
3b3d3d50bd343d12
3cb43ca53cf6bca0
3d2a3b3e3c09bc0d
3cd8bd003c70bcb9
3d2a3ca1bd063c29
bcfa3ca1bcde3d46
3d2f3ce3bc96bc86
bc04bd033d71bd1a
3d863c4ebd17bda2
3bf2bc25bd113d31
3c42bb903d0dbbf3
bc87bc59bbf33d68
3ca9bd0d3c4dbcc3
bcbb3bc63ccc3be5
bcdebd08bbe2bb76
bc243c40bd633d0d
3d053c27bca03c5f
bd373a543d343d5d
3b923cbbbae6bbbc
3c703b373ce6bc75
3cfd3ba13ce0bc1b
bd05bba83ce6bb40
bae8bac13ade3a29
bb9aba273cd43b33
bd44bda53c9b3ca0
bcb0bc0d3cbd3c57
bcf93c493ad1bc83
bd88bcd9bd1c3c12
bd033ca7bd3cbcd2
bc24bc0fbdc93cbd
3c9e3d01bd30ba93
bcc2bc06bc82bc02
bce83d733d3fbcea
3adb3c333c7abbb8
bcc0bcd0bbe0bd3b
bd31bd3e3c4a3c63
3d08bd7c3b4ebd5b
bad73cd53b073b98
bcf9bce33c88bcc9
3c483c6e3c0c3ccb
3c46bd0bbca3bd26
3c5abc6bbaaabb80
bbcfbbf93c7a3bbc
3be8bd843d5bbd68
bc45bac53cdc3c8d
3b32bc9d3cb63d01
bbaa3c853c03bc1c
bbaf3c943d713c2d
37093cf0bd7ebd4f
bce2bd30bc713d4e
3c79bb90bcf2bd67
bb313b42bb3abb3b
bb133c7f3b10bbcb
bc06ba59bd223d06
bd26bd56bc453b3b
bd133ca43cbcbca8
3d55baf9bd72bd95
bc573d463c9abd1c
b9923ccdbda9bcc5
3af53c523c1abc02
3c49bbf43b9ebc2f
bc36bd293cf73d8d
3cb53cad3c80bca8
3bf73dbabd00bcfd
bd14bbddbd413ca8
bc45bc88bcdc3b95
bcebbba53c9eba0f
3ce53d333caabd0b
bd443c34bd263b6c
bd67bc073bfbb90b
bcc43b39bd4fbc18
0000000000000000
bb1bbb8a3cb6bc05
3ce9bcd2bc9cbc3a
3c2bbc543c533bc3
3daabd74bc0dbc78
3ae63b663bbe3b1c
bd303d303ca5bcc4
3d4bbd543cd3bc31
39c23bd7bcc338d4
3bedbd09bc373a13
3cb4bbf4bcac3cbd
bc883bc6bbcab9e6
bd123ce13d49bce1
3cd7bd4ebd08baef
bc3a3cfe3bd93b76
3ac93c7fbc823c32
bca73bb0bc2ebcfd
3ab0bd533c1abd4c
3c21bd0bbd203c40
bb663aa7bb6b3c4f
bcd33c1c3cb7bd26
baf6bc2f3cb4bc6a
b9bdbcdb3cbdbd9a
bd853c7f3c8fbc8f
3d3ebd4fbd133b1f
3c82bd10bd783d14
b9f6ba39bc903d04
bcba3c43bbcbbc68
bcf43d68bcaf3c90
bd4a3cc23c9fbbb7
bc503cd2bc993bc2
bd9fbcd6bd4ebc1b
3c6bbcadbcf93aca
bdc1bcd93d1cbd7b
3b2e3c973b0bbcaa
3c19bcc33d17bd5b
3c81bd02bc913c7c
ba95bc8c3b50bd2f
3c093cb93cca3c26
bdc53ca83d7bbd16
bd353c053cffbd0b
bc24bc0ebb17bcd9
3c09bcbabcd13c53
3ca4bd07bd133c9d
3c9bbcd1bcbcbc28
bc6c3c1f3c8ebc85
3c3f3bd63bb63b5d
bbd93c403bbebc9f
bd203c82bc9fbab8
bc973b45bb0cbd8d
3b85baedbb793c18
bd8f3d3abc773cac
3b153caf3cc53be5
3d17bd07bd2c3cd1
3d79bda7bd1cbd3d
bcaf3d113c533aa0
3cbdbd3c3985bc95
bc06bd96bccb3c8e
b9843cb6bbb13c21
bc03bc1bbd3b3ca4
bbec3cac3ca3bc8c
bd043d0fbbe3bb5b
bc9f3d14bce83cd1
3c0e39873a843c44
3bda3cd4ba3d3ba5
bd2fbcad3d83bd47
bcea3b9abcfd3c90
bb96bd20bc31bd53
3c3fbcb0bc39bc20
3c82bb5bba43bc61
3d3abdaf3cbdbd4a
bd113c1abd193d4b
3ab23c7cbbf23bde
bb23bd83bd163ccf
3bd6bbd8bc90bcc8
bd113c45b8e63aea
3d26bd79bcf7bc99
3b8e3b573ca03bbe
3b81ba283c07bd33
3c6ebd01bc8cbcb0
bc973cad3bb5bc95
3ca1bdaebce93ce0
3c02bc0bbcf83c16
bc653d44bb533be5
3beabcecbcaebd05
bc303cc23c5bbcac
3c70bd0cbcfebb03
3d2abc9ebb3bbcaf
bc87bd013b1b3c7d
3c7ebc053c183bf8
bccd3d013b1ebbf6
bd403c1cbc293bf8
3c1bbcaebca93c15
3b9f3c16bc393c19
3ca9bc9dbc8a3c49
bc373bb53bd03c25
bd103cd33cd7bd1f
bba8bd84bd133d13
bcd7bd29bd08bd00
bd343c82bb983d0e
bdb4bcab3b7fbd20
3bdb3b6f3d1d3c35
3d47bd92bc823c4e
bc123d653ca6bc9d
3cb3bd6dbd743c3a
3c3fbd223ccebd41
3cdb3c3cbc203d2f
3c66ba43bcbd3ce6
bcacb93f3a6b3ae9
bc25bd303b8abd38
ba27bc47b9ef3b39
3c8abd39bd023bd0
bd143cafbcf53cb6
bdbdbc983d1abd61
3ca8bd82bd163b55
bc21bda5bc1ebd51
bc033c63bc143d04
3bc1bd3cbbadbd90
3d1abd5ebcf83c3b
3cd7bd18bd293c2d
ba9fbc6cbd453d1d
bc083c5dbc8d3ae7
3c9cbc26bbdfbbac
bb853acebbecbb06
3c63bce73d82bd84
3c25badcbc533cd0
bd243ab73c54bca0
3c78bc5ebc60bcbd
bc65bd85badfbddf
3c5ebc9abc40bbf2
3d0abd15bcf03d24
bdb4bcd33c66bd16
3d4cbd9abd61bd37
bcb93d20bbbebbda
bc20bc46bc603c01
bb85bcbe3ce2bd0a
3c97bc34bc783ba1
3c12bd14bd0e3c47
3ca1bd7c3cddbd93
3c0f3b393aa63ae2
bc0bbbe13ca1bd36
bd603c14bd153ce9
3cb8bd4aba97bd03
bcd13c6fbc81b98a
bd26bd44bc40bd19
bc0e3cb8bcce3ba1
3c85bcdb3c93bd50
bcc13bc73cacbccb
baf93ca6bb3f3bf1
bd323c4fbcaf3b97
bc43bbb0bcc5bc0b
3cedbd96bc0bbd43
bcc53d04bc813c32
3c20bd01bd6b3ce0
bafd3cabbc973cab
bd2a3d903d063c16
bb923b13bcb23ca4
bc963d55bd243d48
3d54bd43bd433a86
bc983ca7bc823caa
3d1ebd3dbd0bbcd4
3c10bd023cd2bd69
bd80bcb2bd813d6b
bc603cbfb93a3aef
3d06bd2ebd473cb5
ba9e3c1039f33c1c
3ca7bd0cbd33bc49
bbd7bc86bbc5bbf5
bc7e3d823cacbb9b
bcbc3bb53c0cbd04
bc4dbd21bd1f3d3f
bc083d653d37bd40
bcac3ac93cc43ba8
bb663c803b553961
3c2a3c303c28bc8e
bcf93c8b3ba43c6b
3d0fbba63bdebc9f
bd263cc6bc5cbbc8
3a7b3a6abc263c36
38dc3c753a283b3e
3ba4babdbb17bc4d
bcc93d423cdbbcef
bc7fbd423c91bcd0
3ad93c063c9cbbb4
3d48bc9abcf53d29
3c11bcbcbc323c7e
bc2e3ca83b54b94b
bc853d203c2abca9
bce13d41bc1f3cc5
bd623bfe3d2ebcd9
3c4039a03c093a21
3d25bd01bd433ca9
bc95bcbbbcc23cb5
3c89bd563ce0bd8a
bcce3d2f3bcabb96
bcc73c28bd883d2f
bd7abd45bcd6bd53
bd0e3c643b14bcab
bd223d25babb3bb0
3a9abc46bd0b3d95
b9d93b81bbb7bc97
bbe23c013c803b01
bc94bc283c4ebd86
bc8f3c94bc4f3c2f
bd363c2cbc0a3a25
3c06bcc3bd383d01
3d08bd19bc98bbb5
3d01bd08bcf43d09
3c56bbb2bcddbcb1
3c5ebd073beabc46
bbfcbd133d27bd4d
bb0bbcd2bcc83b1f
3d89bd2fbc92bc28
bcb73d37baf63cfb
3d01bcaebd8b3bad
bc943cc9bc813cd0
3c4ebd2cbd613d0a
bcb1bd1bbd6f3d56
bce43d39bafa3c69
3c18bd863cb2bd37
3bf1bd4e3c05398d
bdcc3d193cc6bca9
bc05bd2dbc2dbdca
3caebcc3bd973d18
3c94bcfdbc8e3c74
bc883ba23ca7ba4d
ba12bb8cbbafbc2b
3bd1bd88bb8f3ce4
bd8fbd033d0fbd99
bd013d19bbd5bb1b
3cb1bd12bba9bba0
3c6b3bd1bb723c31
3baf3c103c15bc32
bb64bc343d043ca8
3ab6bd7cbc95bd6a
3c86bd88bb87bd4d
bd09bc013ca8bc03
bbfe3d283cd1bade
bcdfbc9f3c9dbc5b
3d00bd20bba8bd3a
3c1fbc2fbb05bc84
bcc83c943b0ebac1
3bb43ad3bcad3924
bda23b533da7bd43
3d2dbd2abd02ba93
bd81bacc3bc4bd85
bb9c3a43bbb1bbb7
3c2b3a36bcb6bc5f
bd27bc87bc93bba9
bc8e3c6b3b83bbb9
bc48bc0b3bf5bd55
bd1b3c7fbbbebb81
bc60bd0f3cb5bcc5
bc6c3ab03d30bcee
bd9ebc1e3cdebd8e
3c7fbbd0bcad3c2d
3c1bbd69bcabbce9
3d55bd04bcf93c50
3ce7bdbebc97bd30
bd22bc23bc72bbe3
bc813b393be3bcb8
3c83bbe3bc44bd26
3ca3bcb6bcb53cc1
bca93cd9bc82bc43
bce43d173c87bd06
bd10bb043b953c76
bdafbcb83c25bd97
bd0f3838bd2ebc10
3cccbd60bd3c3c62
bb42bcacbd7d3ca8
bd903d433d26bd03
bbf73bf9bd003c74
bb2c3c6bbbab3c87
bb663c503c04bc36
bd223c983c3c3c81
bc943c5cbc3f3910
bc893d00bad1bca7
bbca3c54bbe73d3d
3a873b23bc403d66
bcdb3bb6bac9bc70
3c91bc4abcb0bcb3
3b8cbd10bca53d81
bd493c68bc923bb7
3d34bd063c3bbd17
3bff3c4c3c863c6e
bc913cfdbca23cd7
3aacbc64bbaf3d1e
3ae8bc463a08bbce
bb94bcafbccc3d39
3c093c083bc9bd3a
3cdfbd18bd423d3a
3c43bc923cbebc98
bbb33bcd3b81bb4e
3b06bc773abc3c95
3ca4bd07bd40bc46
bce63cb0bce93b19
bbb63c9ebbc73bd2
bd1c3c26bd1b3c15
3ae4bc85bbc13d1c
bd123d25bce9bbec
bb1cbd303ca3bbd3
3c853ba0bc093ba6
3b86bc5bbc413c25
bdbe3c1fbca4bc55
3b273c8c3bf83d1e
bc463ceb3cbdbcc8
3d25bdb13d02bda8
3cba38b0bc5b3cbb
3c14bd73bce4bba6
3bc43c94bc143c09
baccbbb8bce63c4d
bd8d3c10bca73a5f
3ba3bd36bd21bc1a
3ca5bc33bd26bd0b
bc9f3cefbcf03d42
bbc53c89bc483d31
b9b23c30bc303c54
3d1cbbbbbb273a9e
bd503d03bd123d4a
bd433c6abd083d03
bc223c88bbc93c63
0000000000000000
000000003ccb3cb3
000000003ca9bca6
000000003bfa3c3b
00000000bc9c3c9d
00000000bc37bba9
00000000bd443ca2
000000003c94bd91
00000000bc4bbaa9
000000003b90bc3f
00000000ba3d3c28
000000003c543b55
00000000bcbc3bac
000000003c5e3c8c
000000003c8b3b6e
00000000bc0abd1b
00000000bcb4bcba
000000003c9d3d4b
000000003c9bbc86
00000000bd1bbccb
000000003980bc4a
000000003c71bd0f
00000000bd843c99
00000000bd80bc1d
00000000bd503cb7
000000003c8a3c15
00000000bc5a3d0e
00000000bb713c61
00000000bd013a58
000000003c423cd3
00000000bd00bc7c
00000000bce73d81
000000003c6c3b87
00000000bc173c47
00000000bc9bbc41
000000003c4e3ba6
000000003cb1bc9d
00000000bc3abc31
000000003b04b97a
000000003c0ebc79
000000003c893d45
000000003cbb3ba1
00000000bd2e3c16
000000003ce2bb76
00000000bc81bd06
00000000bc213d06
00000000bbbdbc6e
00000000bc7cbb80
00000000bce23c53
00000000bcbc3d07
00000000bc28bcea
000000003b673c20
000000003bfe3cdb
00000000bcb2ba24
000000003c923c16
00000000bd353ce1
00000000bd13bd51
000000003dd23c31
000000003c48bc06
000000003b523cb3
00000000bb9b3cf2
00000000bd503cd0
00000000bc8cbb3b
000000003c13bb85
00000000bc92baf4
000000003c08bbb4
000000003a9dbb9f
00000000bda73cf6
000000003d0b3cb6
000000003be03c33
000000003cb93c9e
000000003d20bd05
00000000bc6b3bbb
000000003da0bda4
000000003c80bcc7
000000003b84bc4c
00000000bd86bc84
000000003b89bcba
000000003c00bbc6
000000003c1e3c9a
00000000bc6a3c96
000000003dbcbc5a
000000003cadbbee
00000000bd4eba20
00000000ba93bc7d
00000000bbc83cd1
000000003ca23c7f
000000003b09bd0c
000000003cfabcb1
000000003c9bbc30
000000003994bb8d
00000000bd0fbc9a
000000003c3b3c6b
00000000bce9bba5
000000003cb83c9f
000000003c82bc32
00000000bcfd3cb3
000000003d39bb30
00000000bd513cd1
000000003c923cda
00000000bc9ebbaf
00000000bc8bbbe1
00000000bbda3af2
00000000bd2d3d11
000000003c873b99
000000003c94bc7c
000000003bc8bccc
000000003b38bbb8
00000000bb9bbc00
00000000bca63c33
000000003b293c8b
000000003d21bca6
00000000baa3bc16
00000000bc80bc83
000000003c9a3cb1
00000000bcc3bc41
000000003cd0bcef
000000003c9d3c59
00000000bcdb3c96
000000003afe3c97
000000003c01bcd8
00000000bc323a1d
000000003c4dbb9d
000000003b593c17
000000003d383c5a
000000003b583c04
00000000bc0e3d0e
00000000bcb3bc31
00000000bc3cbcd0
000000003c86bc84
00000000bd1bbd67
00000000bc853c80
00000000bcfabcd8
00000000bd143c91
000000003c343b5d
00000000bc783c05
000000003cbbbc1d
00000000bd743d02
000000003c053c16
000000003c9ebc8f
00000000bd28bd13
000000003c823cf6
000000003a82bcb4
00000000bc913ae3
000000003cb73cab
000000003bb6bc16
00000000bb38bd30
00000000bbd93c45
00000000bb88bc38
00000000bcf03bcd
000000003b043c1f
00000000bd09bd7f
00000000bd403ca1
00000000bcc73c07
000000003c00bcb0
00000000bc833c9c
000000003bd0bc4f
00000000bca0bc6d
00000000bb023c35
000000003b1bbcb6
000000003d1dbcc8
00000000bd8cbd7a
000000003c2d3cff
00000000bcb0bbb7
000000003ca1bb2e
000000003bebbc80
000000003b213d76
000000003b543d10
00000000bc703cc1
00000000bc20bc0b
00000000bbfdbbb8
00000000bb65bcf1
000000003a93bcbf
000000003c83bb31
000000003be5bb4e
000000003c5ebb03
000000003cb1bd51
00000000bcda3c5b
000000003be8bc84
0000000038ebbcac
000000003a3cbb5e
00000000bc4f3ca2
000000003d173c6d
00000000bb62bb21
00000000bcaabba7
000000003cabbc8e
00000000bca83c37
00000000b9ff3d41
00000000bbf33a9a
00000000bc03bd2f
000000003a003a22
000000003d15bd0b
000000003c433bc9
000000003c83bc7c
00000000bd0e3c8a
00000000bcc63c15
000000003c0e3d3b
000000003bee3d06
00000000bd0c3cd3
00000000ba74bc5c
00000000bc96bb9e
000000003c76bbb4
00000000bc0b3d6b
000000003c91bca0
000000003badbbf8
000000003cbe3d0a
000000003d04bd3e
000000003aeabd40
00000000bcc2bd11
000000003c4dbd16
000000003c5fbd3d
000000003c1a3b56
00000000bcd73c3f
00000000bca43c15
00000000bce63d15
00000000bab23cb1
000000003c3c3d27
000000003c173d46
00000000bd0ebb3c
000000003d013b05
000000003c4ebc1a
00000000bc713c3a
00000000bd1bbc90
00000000bb183cd4
00000000bc84bd1a
00000000bcda3c9a
00000000bc25bc47
000000003d94bc96
000000003baebb0f
00000000bcc5bc6f
0000000038babc35
000000003cadbc95
00000000399a3bca
000000003cdb3c89
00000000bd77bd4c
00000000bcb23ced
000000003c613d48
00000000bb903d15
00000000bae3bafa
000000003c033c9b
000000003b9a3b6e
000000003c083c3b
000000003bb2b9ca
00000000bc68bc9f
00000000bce1bd51
00000000bcc03c70
000000003ca23ba2
00000000bbcc3bb0
000000003c3e3d9a
00000000bcd1bd0a
00000000bcbc3ba5
000000003be5bca6
000000003c813acb
000000003c033ac1
00000000bd1d3c38
000000003c02bd83
00000000bbfc3c99
00000000ba1b3b2e
000000003be4bc8e
000000003c103c89
000000003b083c30
000000003c3ebcb2
000000003bf23c17
00000000bb3a3b91
00000000bccf3d0d
000000003d983a14
000000003c6e3d55
00000000bb83ba15
00000000bd433cb3
000000003c9f3cfc
00000000bd4bbd12
000000003b19bc33
000000003cb13bc0
00000000bc433a34
000000003c313cad
00000000bbccbc44
00000000bcf53c01
000000003cf0bc3b
000000003d2dbd3e
00000000bc283d64
00000000bc5a3caa
000000003c1ebbcc
00000000bd9dbd40
00000000bd23bce4
000000003b053d29
00000000bc433cb4
000000003d72bc87
00000000b7aeb90a
000000003d003c3f
00000000bd16bd1c
000000003d513c68
000000003c303b89
000000003a243b1a
000000003c8fbb57
000000003c823d0f
00000000bc1bbaa7
00000000bc993c62
00000000bda73cfe
000000003cd3bcfd
000000003c87bd18
000000003cda3c06
0000000039f9bcf5
00000000bad03c53
00000000bccf3d83
00000000bcb13cd6
00000000bc953c9a
000000003cd33c97
00000000bc66bd79
000000003c103d40
00000000bbe0bc9c
000000003c613c00
00000000bce9bc2d
00000000bd193c7a
00000000bd95bcde
00000000bbcfbbe3
000000003ca8bbd3
000000003c953c7f
00000000bd19bd0d
000000003b163bab
000000003c263ba8
000000003ad23b44
0000000000000000
