00000000bba23f53
3f5abe563f36be34
3e283f3c3f3f3e98
000000003f13bf6d
40163fc4bf953f28
bf503ee23f723f97
bdf53df93e78be52
3e0d3cd3be9bbd6b
3e023d9abe843e0d
be673dda3ea33d42
3ec33eb93ea9be22
0000000000003e9c
3e1cbf90bea0bf09
bdfe3f5dbe53be56
0000000000003ecb
3e1dbd223d2b3ee3
bf09becf3e973f49
0000000000003f48
bd0a3c843e68bdc2
be043f083f453fad
000000000000bec6
3e5bbcefbe31be3c
bdcdbde93f043cd3
0000000000003a1b
3e5c3e113dc3be17
3e263acfbd0bbe84
0000000000003c6a
3eb63d8b3d9bbc2a
beb83deebe68bf52
0000000000003cbe
3e1e3d863dbd3db4
bd96be803f05be88
0000000000003e39
3f11be3dbcb03bd7
3e5bbd97bdbcbe42
0000000000003d5c
bdc3bea5bdc1bd7c
3e163d4a3d85bd87
000000000000bf27
bed6be293e68be47
3f08bde13da6be4c
0000000000003dc6
bd30be82be9ebf11
3e383d62bde1be74
0000000000003c46
be0cbca03e73bdc3
be483e8dbd80bdb2
000000000000be3e
3e253d8dbd183cae
3ed43e7cbea9be5d
000000000000be07
3bd73cde3d1b3e30
3ec63efebd26be41
3e0cbf0a3dd7be94
3e9a40033e7fbf04
3e5abf2b3d2c3d75
bec6bf77bf913dbc
3ec83e31bed3be3a
3eabbe85be6abc8c
bf633ef4be923f4e
bf3f3e06be50be94
bdffbe1e3e253d19
be713ef43dbcbecd
bea63eb23f1e3f2e
becb3f4abf5e3d9c
3e973f843d01bfc1
3e9b3dd03f6bbfa3
bddb3e0f3f6abe88
3eb13e1c3efebf22
bdd13efc3af8be1d
bd69bfd73e94be3c
3f3cbffd3f1e3ea5
3e84be2d3f393eaa
3e5cbe76bd2bbee7
3f3a3eda3f6f3c04
bd093f113f0b3edc
3e7abfdabcf43f23
3f443f46bdcd3e93
3e0ebec03f13bea3
be99be88bece3de9
bf1dbf323e75bea2
bef53df03e2a3ebc
3e6d3f6ebd46bf5d
3e0fbd3ebd7a3df9
3dc43caa3da63cd8
3de03d3cbc80bd26
bccf3d9d3e01bc42
bd98be853e36bdbb
bd3d3d38bd78bc19
3ea2bd88bdc43e64
be8e3d6abe08be16
3e56bd65bd4dbd40
0000000000003ecf
bc7d3dc5bded3e1e
3decbd88be953deb
be233e403c86bd1c
be143d183be83d68
bea53d413de9bdee
be05be2e3e35bd4c
3eb7be1c3e9abdd0
bc79bce23e1ebcec
3e033e803d313c5e
3e9e3e473da3bd30
be22bdbfbda73e8f
3de33bb23ddcbdfb
000000000000bde2
3c443dc23d9ebe1f
3e843df43d803d29
3e133d8bbcaabd71
0000000000003d85
3d2b3e2b3f20bdcd
bf663d9ebea4bd8d
000000000000bd0f
3df3be3abd823ea8
3dee3e91bf143e4f
0000000000003d0f
3d29bc32be953cb1
3f0cbe463ef23cb6
000000000000bbc7
3f483f333e3cbe8a
3f0b3e303ea5be0a
0000000000003e05
3e08bd2bbe90bd5a
be44be7f3f4dbcb5
000000000000bdbe
3ea5be953f59bdaf
bd323f043d993ec6
000000000000bd28
3e03be73be18bf25
bf0b3dadbe043f42
0000000000003c5e
3f26bea43e01bcb9
bdf23c263da2be38
0000000000003e32
bf0abd66bd843c8a
be853e053eb63eaf
0000000000003e40
becfbda1bec6bf09
3edb3ea1bef9bdab
000000000000bd92
3f393e06bf09bd0c
bdad3f723edcbef1
000000000000b9e5
3e003ebcbea6be8b
3e163e54be92bb66
3ea1bf27bf9ebd16
3d78bea13f85bf02
be17be26be3bbfab
3f0b3f05be92bd9a
3e1abef5bef43f92
3d9bbcbebea2beb6
bf063f873e943e6d
bd0abe94bec13f3b
3e0c3e5c3f6f3f85
bf1cbea53c16bebd
3dc1bfa73df1bf40
3c30bfac3f60be49
3de83f033f0c3fa0
3f3ebf183e93bdc9
bcc6bf133e7b3f92
3f5fbecdbe29be3e
be0bbe66bec53f16
3f903dcfbd483f77
bf63bda73ea93e64
bea6bf823dca3f20
bea4be143eefbec9
3e86be983f54be75
bf05bede3e13be45
be53bf05be983edc
3f7d3f21bedc3f29
3e953f16bf30bf8a
3d53bf7a3e543f9b
bfcbbf3c3d723d20
bf05bedabf583ef7
bf303e963e473f2c
be753e64bdfb3e18
3e453e193de53e4b
bdae3e06bd93becf
bd883cc33e4ebe00
3e8a3e1c3dafbdaf
3dc43e913e1e3e20
bc8e3e743e1abd31
be033ea33e023e4a
be0e3cee3e71bdcd
000000000000bf77
3e1fbcbebe3dbdc6
3e22bc04beb53c55
bee8be143d9dbe25
3dfdbc12bc9cbc03
3e5d3dc4bd60be73
bd7dbeb43de23d6c
3e6c3e9cbd8dbe1f
befdbd873dae3dcb
3e4abd93bdad3ecb
be553ec43d1f3c93
3e7cbe28be6cbd17
bcb63e063ea7be28
000000000000bf11
3edf3e3b3d0b3e07
be0fbe1639a33e58
bd833da8beb7be0c
0000000000003d34
3e10be29bef93c84
3ce33e13be923e2f
000000000000bd15
be273ec83e203ddc
bd1bbe09be313df0
000000000000bd1d
bdb93e253c483e96
3c9ebeb53e99bcfa
000000000000bb30
3eb5be30be213dae
3c9fbe33be85be55
0000000000003b86
3ec1be363ed5beda
3e03be8ebe2cbdb4
0000000000003e08
bdab3d8f3e0abdbf
bd4ebe9f3edabe52
0000000000003cfb
be683e2abe2dbe14
3e9ebcd63d863db8
0000000000003e12
3d22bdffbd7dbe98
3db13e0fbda6bd91
0000000000003c4f
bdaabe9c3f2cbde4
be6a3de83ea43ea5
0000000000003d00
3d9e3ea9bda63c63
3ecc3d2fbeb0be47
000000000000bd73
3c993e57bd54bca1
bc15be28bddabd10
0000000000003dd5
3d1b3e02be4bbebb
3e42be86bdffba2b
3f0bbe94bd6abef1
bdda3ef13f10bed4
be023f2dbf723ea2
3e8abe04bf623ebc
bf2ebee83d84be03
3ef03d82bf013f32
bf183ebcbe90befe
3e2dbe8b3f003e76
3f4a3f133ee13f08
3edd3dc4bece3d45
3e97bdb43e3bbf82
bf37bf37bf063eb9
3de13eb23d70befc
3eef3f47bf253f87
3f353f5e3ea9bd12
be72bec93ee83f04
bd8f3f0f3ee0bf0f
bf1abe863f74bea8
bec0bfd6bf363e7d
3f4cbfa2bf423dbc
bf29bded3e26bf62
be5b3ec3bf5b3f1e
3f173f5b3d0e3ea9
3f023ea53f03bd26
be25be153f583e02
3dc2bd3b3df4be87
bdb73ee53df1be58
be803e203e0c3ef1
3f303ec8be473f40
3f09bda9bfef3e13
3dd4bddbbc9b3e05
3e2dbd4bbdb5bdb0
bd103cbfbe3d3e7b
3d00be263d80bde7
3de03d963d55bce0
be063dee3df8bcdf
bdb03de5bdb73c53
3c64be1cbca73dbd
3e5cbda13e20bd46
0000000000003ea4
3d9d3e1d3f07bdbb
bc283d49be573e24
3e143e3cbc363da1
3e30bdf3bddfbe93
3cab3c8ebddc3e30
3d40be53be03bd85
3df8be723e1ebdc6
be16bdaf3e37be82
bd6ebc30bde0bd8e
bdf43eacbdb0be49
3d9dbe71bd64bd3e
bddb3dc6bdabbd4f
0000000000003f1e
3dfebe263e2fbe3c
be973dabbcaa3ea4
bed33dd43dfe3e75
0000000000003ccc
be87bf4ebf28be00
be2ebedc3e803e5e
000000000000bdc1
be513ea3bd22be16
be663d7fbc883c5e
0000000000003e19
3ee0bd68bd673e9f
3d22be6bbe893eb8
0000000000003dbf
bf493edbbe8c3ca4
be73bf083d163cf1
0000000000003ae6
3f003e4a3cd6be75
3f383f08bda73d71
0000000000003aeb
3e063f35beef3ea0
be9dbeb33d043e0d
0000000000003d9a
3cc43e133eda3e17
3f3dbf0cbe73be7c
0000000000003d5e
be94bdca3f35be7a
3f4dbeacbd4a3e4f
0000000000003d25
be95beabbeb43e4c
3e43be1dbea3beeb
0000000000003e24
3dc63dcebee93d8f
3d3b3d54be64bf0b
000000000000bd60
bf13bf2d3f0cbe8a
3ede3df83e833de1
0000000000003d37
bd36be063d0abee7
3f5d3db53e283c80
bf1ebf0a3f05bf2c
3df9bf553ea7be87
3f583f1dbee6bf0a
bf36bed63fd7be92
bf05be79ba013eda
3d813ef13ed73f1c
3e683e223ebe3eaf
3ddb3e31be42bf3c
bebe3f3b3ea6be5c
3fa43ef63ecdbe7a
be093e853f253e5b
3f093eddbf11bebb
bfbfbea23e3abe54
bf3f3eb43c2b3f05
3e08bf35bf2e3d5d
be633f7fbd7cbf26
3fb2bfcbbf1e3d9d
3f433e383ecb3e81
bf27bde7be96bfad
3e8ebcf2bf5ebf3f
bec03f573e8d3f13
be46bf293f42bf8a
bf543e913ebc3ee3
3eab3f8b3f1a3e5a
bfa2bf183f283f8e
beefbef6bdd8beae
3f963eb8bf38bed8
3f463e2fbe393e1c
be263db8bf1a3f5e
bedd3ee33f55bf72
bd93bd3f3e753e25
bd043db93e303d9a
bec1be1c3e29bd9d
3d283d9a3ead3eae
bddcbc373d9d3e77
be41bebf3c283d7d
3d9b3e173da93ea7
be353e0d3e303e6b
be80bdc9bde1be04
000000000000be9b
bec23e30be39be6f
bd96be79bdcdbdc1
3e613e44be85bd97
bdc13e073dadbe16
3e12bd88bd47bda1
3e093df83e20be0c
bcb43d1f3ece3df9
3eb7bda83e533e81
3e253ea93ef63ee0
be2abf093db43c2f
be0b3d2dbd3b3e54
3cfcbe96bea53da1
0000000000003f11
be57be26bd94be71
be203ecb3e5c3e30
3cfdbe8c3e9bbc94
0000000000003d77
be863dbf3e9c3e48
be753ee33eaebe65
000000000000bd16
3e4f3dd1be8b3dfd
3e86be9f3eb0bd8d
0000000000003e0d
bdc53dff3e893ca4
be80be303e1fbe40
0000000000003d9a
be86be503e0ebe38
becf3e213ce03dd8
0000000000003def
bd0dbdb33e453e7b
3dce3ec13e51bee3
0000000000003c6e
be333e813d5ebe09
becc3dc63ec83d37
0000000000003d15
bc75be593edcbe76
3cf1becbbe87be4d
0000000000003c36
be483eccbd853d44
3b1f3ef63d743bdb
0000000000003dbc
bde33d9a3d033e37
3ef6bd0cbeb23dd3
0000000000003be9
3deebdc63e47be59
be6bbe2dbd9c3b7a
0000000000003d2b
be413e283edb3dbf
be0fbd053e5e3e03
0000000000003da0
bda83e9ebbc3be1a
3d923ed73e443e80
3f203f58bf713e37
bf5fbbe2befcbd99
3f71befd3f2bbeb1
bf02bdcabebf3f82
3f65bf8c3d553c3e
3f20bef9bf64be3d
bec73fb8bf4f3f5f
3d8e3dd53df13ea6
be333e493e71bd9d
bf34be67bf0dbebc
3ec03e56bd803e03
3ec4bfbabf49bef5
bf31be72bf13bf6a
becf3f21bd0b3e97
3eaa3e26be2dbc9f
bcc23e9f3ebc3e01
bebdbf353ec73f5f
3e07be67bf363d23
3ecabdc03fb83f40
bf0b3f17bf8cbf35
bf7b3e443f4abd73
3f5ebf18bf06bf16
3e88be57bf613ebb
be2c3f40bdba3e3f
bebabf62bf513ea3
bedb3ef33c81bf32
bf18bf2d3e58bf14
bf163e653f7bbe0e
bf8b3f4bbe87bf13
3e78bd1cbf0f3f27
3c86be173e00be59
be123cfebd78be40
be063c5f3e243cf7
be0bbd6ebcfbbea2
be403e0e3e09bea3
3e49be6c3e48be27
bca43e21be393ec7
3e46bcd63e4f3dc6
bde5bdb23d9ebdac
0000000000003d16
bec03ec0bb3ebcab
be463ef6bdb33c90
3f443e583dc73e08
3e21bca83d84bda2
3e473e4a3e3d3e19
3dd43e1b3ec9bc29
bd83bd26be9e3eb1
be7c3eb03e023dd6
3dc3bdde3e393dc7
be02be333cff3d15
be20be52be2abde8
be343d6a3cc93b47
0000000000003f53
be34bd65be463e8d
3e603e0ebe443e4c
be47be843e2ebe4e
0000000000003d97
3da1be74bd39bdc7
3d9abdcdbdf7be01
0000000000003da3
bd153e133e9ebd10
be41bd91bd423ed0
0000000000003d75
3b6dbd25bdc4be64
bdbabd683e393eae
0000000000003c6f
3d2a3d7b3cf9beb0
3cb93df33d653d06
0000000000003ca8
3e9abdd03de23e76
bd673d96beb3be35
0000000000003e02
bdee3ea33dfc3cd9
bdb6bc3f3e993d7c
0000000000003df3
bcf5bddf3e46bd2d
3e073d8f3e2fbe77
0000000000003b9f
bcb6bee6bdd9be43
bd5bbc3f3e49be6f
0000000000003cc3
3d93bd8f3eaabe82
3e86bd9ebcc1be4b
000000000000bd2d
3d793d5cbd0dbe1f
3e82bd09bd85be41
0000000000003e3a
bd413ca83dec3e1d
be813e99bc93bd2a
0000000000003d9e
bdf7be2fbdbb3ea7
3e1abc893df1bd95
bd363e12bfbbbcbc
bf7b3e8ebedebf4f
3eb43eabbed1bec1
3fa0b9203f5b3f92
be2dbf37be313e51
be6b3d893e96bf1f
becabe42bd56bf10
bd97beb0be4c3f72
3ef63f8d3ebfbe72
bf1dbeb1be71be23
bf8dbf5cbd87bf5c
3d37bf11bf81bf0d
be2e3ec6bfa93e95
3ee93e87bdffbda5
be8abeda3e283d26
3e78bbd8be0e3e73
be54bce13ef4bf15
bf11bf543d1abf83
3e4ebf31bed2bf24
3f60bf34bf62be52
bd1abf1fbf8f3e16
3d35bf08bd96bf14
3d6ebe813db33e3c
bf0e3da4bdb83d3c
bddf3da83fdfbd18
3e223e86be983f15
bf523ea43e76bf70
bec83f703e2abec9
3f803f1fbe963ee6
3f5d3f54be333f0b
bee03e60bd4fbf1b
3e933e85bea3bc21
3da03dae3eb73d81
bdcebe53bc99bc8d
be933d313e11be24
3e2abd533c8d3db1
3e05bde7bcb8bd9f
3dd0be0fbd0ebdd9
3dcfbea13de03ba3
0000000000003fb5
bd493e93bdd1bc8d
bdc33e3ebdbabe93
be8b3d573e1e3e6d
3e47bd74be8a3dce
3e0cbc4dbe3e3bed
3eaf3dd2bd00be18
3bf7be83bec53e6b
3e27be573cd13d71
be303c983dcb3f0d
bea0beb43da5bd8a
3ec2bdc8bd633e0f
be91bde73e39bdf1
0000000000003ea6
3d95bda4bd4e3e9c
3eb0bf13beb4be2e
3d14be94bec2bdaa
be0e3e7f3e023dea
3e373e30bce2bd4b
3e3a3e18be9dbd71
3ea9bd533e2c3cc0
3eb3bf0d3ddc3e0e
3ddbbd183e80bdc5
be60bd953d58bea3
3db5bbf9be853e0d
bd803e143e1cbe8e
0000000000003f77
bddfbd56bf033d95
3d63be18be213e29
3e833dea3e1c3c29
bcc9bcf33d3a3d9c
bea13e25be69bec8
be74bcec3e843cb0
bd903e86be553f0c
bd203eaa3d953e9d
be623e83bd5cbb38
3d353e0c3e19be5f
3b40be2f3e15be0a
bdedbdc53e50beb3
0000000000003f1a
3d7eba9fbdbabe36
3d8cbe4b3d8d3dae
3e483d0dbe44bcf3
3e88bcc7bdd2bd4d
3ad6bd34bc903c56
be323d99be4d3de8
0000000000003c55
3e933e40be0b3e06
39243d89be513e84
3e4bbd493e48bec3
be07be313de33dcd
0000000000003d40
be30be62be51bed5
be5fbd27bbccbe3d
3e9bbe9b3cb63e99
bc863eadbed03e3f
0000000000003d70
3c90b61e3dcf3daa
beec3d943e34bed1
be7d3d4f3d9dbbe8
bd7b3e5a3d15bee6
0000000000003dfa
3ca03d87be233e43
3dcbbd903dcfbde3
3ce7bf173daebd74
3ee03d843e89be71
0000000000003e02
be823bbc3eb53d9d
3ea13d1a3e523beb
be59bea1bd9ebe15
3d9ebe52bd49be91
0000000000003e39
3e1e3d3bbe463d2e
bd033de5be68be8b
3ee63dc3be83bce1
bd9fbed7bd45bdcb
0000000000003d28
be673da33c833d5b
3e78be31bec1bc36
3e2f3e443e68bda3
bd6fbe883dc0beee
000000000000bd28
3e593e87be9d3e3f
be5a3cc9be2fbb88
3e8b3e1bbd973c91
bf06be67be303d0c
0000000000003c7a
3ead3e6fbe753cf0
be11bbd1be6bbcf5
bd6e3ed8bf183e7c
3e1d3e653e213e29
000000000000bb53
3e2f3ea2be8fbef5
bf14bed33ed6bdc2
be3fbf0ebea83e93
3dcfbeb83ee9bdbe
0000000000003d74
be483e80be303e44
bed23d243e5e3e06
3d9f3dfebe7e3e86
bcb73ce2bf0c3ca7
000000000000bbeb
3e93beb1bcf0be4b
bcc73ee03e8f3d08
bc7f3e7339173dca
be1f3caabdf43e02
0000000000003dcf
3e653df53d7cbea4
bd8fbe2c3dfd3e1f
3e4bbe8ebeb8bd9c
3eabbeb6bd853f23
0000000000003dcb
bdf0bea03d3abe69
be05bea0be283ccb
be04bdc43e64beb0
be713e4a3d993dc8
000000000000bc25
3dafbdc0becfbe8a
3ebe3da8bda43e80
be59bf263d06be28
be15be33beec3c69
0000000000003cf5
bf63be65be6dbe20
3d5d3dc13db3bd43
be0c3ecb3e3abe59
3ed63f043e513f30
0000000000003e03
be12be293db63e58
be7f3f05be7a3ddc
3dc6bc163c3c3d0c
bd25be13be92be17
000000000000bd11
bd90bde6bf183d03
3eacbe433e793dae
bea53d59be39bcc1
be44be3d3e343e0d
0000000000003dab
3e30bd473e613ddd
bf07bdadbe96bea0
bec83ebc3c373e60
beb4bec23d9cbda5
000000000000bd68
be01bdeb3e9abd8e
bd883de4be17bcc3
3ed6bd913d9dbe9a
be003d27bdbbbf0e
000000000000bd66
bcb53e8f3e743cfa
3dab3e253e693ea8
3dd83e053cca3d60
3ccb3d973e2b3e96
000000000000bbd8
3d493f1dbd4dbf0d
3e95be1c3e84be7a
3dfabdd9bdd93eac
3ee1be4dbe5f3d99
0000000000003d89
3d8a3e583d6f3df0
3ea6bdccbe52be71
3bc43ea03e033f06
3d773c1abdfbbe2f
000000000000bd31
bc593d573f18bc8f
3f433ef3bf83bf67
bd5bbf14beefbf31
bd343fac3e0abf07
bec7bbbcbf0fbf00
bf3e3eebbe44bf81
bf0abf273dcb3f17
3ea93ed4bea53ebc
bf593edebf6c3f6e
be11bf9bbd90be5f
3f923f0bbcb5be28
beac3e933ffa3dfa
3fbcbd8abf053f13
bdb93e71bfb4be0a
3e27bf5fbf5cbf5a
bf99be323e8cbf48
bf02bf59bf13bf98
bece3f86bf303e40
bedfbe8ebe8e3e84
bd7d3f9cbf5a3f63
3fd5beaebf03bf22
bf5e3f413e7f3eaa
bf853d14bf5e3eff
bf063f1b3d91bfd3
be91bf873c043f46
3e2dbe5abeeebf00
3f21befa3e05bf46
3ef13e913d903f28
3fbf3fdb3df83ee0
bdad3f01bf42bea0
beee3bb7bd2fbf93
bf163edbbe903e3f
3e8fbeb93ead3eae
be4ebe503ea93fee
3f83bf94be61bf3f
3e8e3ed63e9abec2
bf973edb3f71be85
bdf6bf123e8bbf14
be8abe893efdbdf7
be513eb43e3b3f91
3f03bf14bc9d3f8a
3cff3f533fbb3ef2
bf523ec4be223eb2
bf8f3ea3bfb23e83
be8ebfa0bd353f1d
bf393ed63e703e82
3e293eb9bfb1bbb0
3f213ee6bdc2bf21
3f5cbf1bbe90bf51
3f0b3f6ebdb9bf89
3e543f883ef03f8e
3f0dbf8e3f3e3f55
be31bceb3e713d22
beb3beeabf723fc7
be8a3f83be66be30
bedabfc23fbb3fb6
3cef3f81bf333ec0
3f3ebe373feb3ff5
3ebb3e42bf223f37
bf63bed8bf5e3fb9
bf6abf993e91bf96
bd88be5e3c1e3ded
be293e24bd673e16
3ee93dedbdc2bea7
bc96be843d903e26
3e5e3da8bda3be82
bdae3d84be233d02
bcc4bda9bc943d10
3d51bd8ebe0b3e46
3d19bdde3d913d5a
3d213e81bdeeb9ae
bd55bc993e0abdb0
3ce4be1abc1fbd08
be02be783da9be0d
be02be34bc87bdf7
be41be08bd57be90
3d7f3dfebe2cbd53
bd143d41bcffbd86
3e1dbe753c313e06
0000000000003f04
bb8dbda2be233de4
3d33bdadbddc3dd1
3d573e2f3c2a3de0
3e63bdadbe5e3ce5
3e71be0dbe17bc82
3ce8be1d3e0d3d86
3d4abd2c3be7bd70
3dfe3b883df83e5a
3e05bd84bcf4bdb0
bcbc3d7d3da9bd9b
bd1fbd94bd263e17
bb8fbdb53d8fbeac
be2c3d42be0cbe51
bddfbd9e3d9f3db0
bd8a3c40be073e12
bdae3dc0bdb0bdba
3e5fbe473dec3dc9
3e0b3d313d9d3c54
3e08be333e8bbd5b
3e17bce5bdfa3e7e
bdeb3d9abd2abdad
bd93bdfa3da33dbd
3d2abd58be88bd5e
bde8be943d1e3dbb
000000000000be4a
3e02bbe03d323e59
3e54bdeebe53be00
3db3be3dbe543db7
bcb53e32bd073e0d
bccbbd5d3c233dc6
bd79bd913e033d8e
ba063d863dd73dff
3df43c19bde93d98
3db33e49bd273e76
3de93d00bcfebd83
bcf23dc8bcf93c86
3dffbe82bdc53dd2
be33be25bc83bd85
3e7b3daebe9ebd85
3c9f3e74bcdb3d30
bca73d30bd043e10
be09bd2bbd05bde3
3e063cc43b23bcd8
3db83e2fbe58be42
3d2bbd9dbe06be17
3daf3ddebd823e48
3d4b3d593c983b57
3d123aed3de2bcc1
bd8cbe68be6cbe6e
0000000000003da0
3d98bd31bd313e1f
be353de1be313e49
3d11be49be163bc9
3ba0bde73c943d4f
bd63be2e3d9d3e0f
bd973e2e3d13bd7b
be48be8dbec73d33
3e023dc4bdda3e54
38a83ea53dc43e04
be4f3dd33e63be5b
3c523dbe3d8abdb9
3e4fbc7e3db83d9b
bdccbe49be083dc7
3be8bdb1be2dbd6f
3e813c5bbdb43e33
3e363deebd4d3e61
be6cbe2c3d8c3da5
3cdd3d203e1e3d4a
3e3b3dd03c823e0a
be2a3df2bd22be48
bbc4bdb4bd8dbcdc
be333ead3e003cfb
3c16bd933e43bce9
bd83bda33e523d6b
000000000000be71
be12be83bd70bdbf
bde8bd3abda7be0d
3d863e773b1dbe25
bdb83ddfbd953e25
3e46be383d42bd91
3da33a493d763e01
bd843decbe373db6
3e6c3e58beeabd79
3de5bdb43e17bc32
0000000000003c39
bda9bd04be823e19
beaebe23bd763cda
be11bd30bd4abdfe
bceb3e1dbde23e27
0000000000003c8c
be21bdbf3eb5be04
3e10be86be23be25
be033df53dd03e5e
3d88bdeb3e46bde1
0000000000003d16
3db4bdb2be0e3d38
bd06bc0c3e08bd92
bcf23bbcbba53ca6
3bd13e0abd823e51
0000000000003d8a
be8d3e3a3ea73b3b
bdba3dbbbea8bd15
bba7bc90bdc4bd0a
3c05bd75bd8fbcbd
0000000000003df3
bdc33dde3e38bdcb
bb8f3ec4be1d3e1a
3ecebe2abe953c9e
bd273d493e7cbeb4
0000000000003d8c
3e2e3ebf3e2bbd8e
bb073dc33e06bd10
3e013dc13c36be15
be743d51bdf43d65
0000000000003bc5
be463d49be463c30
3e333ca43d84bc33
be85bd72bde03e57
3d83be0bbcafbe8f
000000000000bd64
3e99be713bb4bc96
3eb93e893c953e24
bdda3e98be88bcd7
bd94bd2b3d993dee
0000000000003956
3e843e23bbe73daf
bda3bd43be81be91
bdaabe733d44be50
3c1c3c4ebea43e0d
000000000000bd15
3dbabe823dfb3d78
bda23e0a3e273e30
3e813ef03db1be99
bde3bd363dacbd24
0000000000003dab
be723cd53d87bdb5
bd943e00bd45bd98
be7e3e28be75be23
3e0c3e773d28be6b
0000000000003cc3
bd643e513dcdbd4e
3ca63c05bd443d2a
3dadbe413d1fbe1e
bdeebe823e41be93
000000000000bd5e
3db7be8c3da6bdaa
3dca3de4be14bc54
bd763e46bc99bd39
3c86bcf53e31bc8a
0000000000003cdb
3e32be54bdf2be5d
bdddbd063e503e37
3d5d3d3fbdb73e23
3d87bdcf3cecbe90
0000000000003dec
be71bdea3dce3ed5
be38be133de93dd4
3e1c3dd53ea6bd4d
be093e533ec4ba67
0000000000003d9b
3cc63e3ebd1bbace
be85be1a3defbdda
bdbd3e4b3db8be1a
bd00bd273e10bdb7
0000000000003e06
3df8be9a3dac3ec6
bdfebd4f3d443e02
bd913e993d4e3e30
be853e31bde6beef
000000000000bd60
bda43d893d0ebe2c
3cfe3ddfbeb23e20
3e9d3cebbd2b3d6e
be39bcc03db63e1a
0000000000003df1
3d7b3e06be0f3d77
3e8b3e13bde6beaf
3d1bbdee3cbabe4a
3e18bd033b77be4f
0000000000003dea
3e473dd43d173df5
bd36bec1bddf3d04
3df13df2bdfdbd84
be3ebddd3ebf3d8a
0000000000003c9d
bdb63ea33e033d3c
bdbcbdb3be44bcd1
3e553c29bdf0bc22
bdee3d34bdc23e5b
0000000000003d71
bdfcbe983e3dbcba
3e903db23d8f3e54
3dc7bc783d86bdbe
3dd13d75bd3f3da6
0000000000003d53
bd7abda5bdc2bc82
be743d6b3d8e3d67
3eb2bdd93e5f3e28
3da03ea4be75bdbe
0000000000003c81
bc27be4ebaabbdb8
3e9d3d8f3eaa3f2a
bf493f02bf033ede
befa3ed7bc4cbf64
bfc13f55bf72bfa0
be3dbd493f42bed9
3d42bf51bf0cbc3d
bcf13f463e803f19
3fdfbfec3fe73def
3f533eebbdf93e43
3f8fbff6bc163f24
bec9bf49be9f3fcf
bf87bdba3ffebec5
3fc43ec4beb83db0
bf1d3f49bf38be04
bf7bbf323e903e7d
3f023eed3f87be99
bf3d3f8d3fac3eb7
3ea9be523f18be6a
3e80be01bfa6bf66
bed63f953f3c3fab
bf803f953ddd3df6
bee23e373d523ee4
3f94bdf2be81be54
be993fbfbe74bed7
bee93d8fbea3bfae
3fc9bdc7bf4b3f1c
be173f9d3eaa3f11
bb52bcb9bf1abc8b
beee3f81bede3ee7
be903ea2bc933fac
bf533f653d413f22
bdbabe1bbf873f47
bf573d28bf55bf8c
3f433f44bfbd3f07
bdfbbf373f4dbf96
3fa6bebd3da13fa0
3f1dbee7bea2bf65
3e9bbf8abe34bf40
bf24beaf3efbbf1b
3f00bf803dd13f02
bec5bede3d9cbe1e
3e60bcc93ef63ec9
3f9dbf56be89be9e
bd893f3dbeb03f6b
3cd2bf4e3fccbf18
3f72c006bfd73f45
3e483e32bf823ed9
3ed9bf80bf813f65
be713e38becebded
3f89bf7b3f19bf39
3d483d2f3e8bbe59
bf0bbe393e40be45
bf07bf613e1d3e25
3f0c3ef43ea13e2b
beb53f873f493f62
bed7bf8abf0fbe94
3f403f1bbe25bf02
bf51be923fcd3f8a
3efcbf6d3e17bec2
bf043e9c3ee1bfda
3de73da0be49be21
bd8abd0cbb4dbcc1
be3d3d8abcf1be32
bd13be35bdb3bd5f
3df43e113dbe3df7
3e1f3dddbe623d99
bc20be5dbdc1bc9e
bd71bccbbe76bb99
be1cbd653dc03e1a
bca53e28bd653c00
be133cd63d923cee
bda53dc23e86bea0
3d14bdb0bbeebd73
3dfcbd73be393e09
3dbdbd563da6bde1
3c58bd883e8c3d89
3d343a66bdfc3d6c
3dee3e4e3d913ad4
000000000000bf21
3d38bd3abdb4bdae
3dc93dfebdef3d3a
3d1b3d9f3e89bde7
be4dbdf0bda4bdfd
bd333d3bbd6a3c87
bcf4bddcbcbabe4a
be043d8dbddb3cd3
bbf5be3ebe36bd38
bd873d8abea63e0c
be123d9e3e66bdd9
3bfebc9dbd2e3e5c
3da5be3c3e2e3e5c
bda8bd203dfcbd89
be5cbcf33dcbbd10
3e12bca43d46bd11
3dae3e123c3abc37
3d8b3bf2be133cb2
3cb3bd4e3d113df3
ba493e733c06bcf4
be6abe723e0abe4a
3e0cbd85be663e2a
3e0dbe043b70bd9c
bde4bd4dbdf03d06
3d113cabbe5a3beb
000000000000bdd9
be2bbcb8bd8fbd9a
3d803b35be02bc69
3e09bb64bded3e45
bdcb3d1ebe063e07
bc9c3d62be223dd3
3be2bd22bb983d31
3d663e423cf43e29
bde43ddebdd93ce1
3d493dd5be20be8f
3cddbe0c3c5b3e10
3e8c3d41bce23e4c
3e9bbe62be30bdfa
3e393d8e3c523e24
3e4dbe40bd46bd6e
3e233d3e3c0fbde5
be97beb6bbf43e4e
3db83d6f3d32bd3b
be483d193dac3d8c
bbc9bd4ebdb73ca4
3e073dd13924be90
3ddcbd6fbe71bbc6
3de0bc97bddc3d75
3db1bdab3e193bf5
bd6abe293d49bd8a
0000000000003ea3
be5ebdc6bc50bd0f
3d9f3dd23d8ebe0c
bd56bdec3eacbe0a
3d92bde4be05bba1
3ae9be2f3dc9bdbf
3e5a3e923e383db1
bdf2bc873ca63e40
3cb73b003df43d9f
3da83e133dcebdb7
bc8abca33d9f3e0e
be28be28bce3bc28
3c61bd02bd1e3d1b
3edabd803e093ba2
3e44bd0b3e4a3ea3
3e2f3ceabe57be3d
3db63d5e3d9d3c1a
3dcabec7be0fbe32
3e3e3e543cbfbc57
3dd93e10bdcf3e03
381dbdf4bd11be2c
be833d8e3e68be15
3d9fbd973cb83ca3
bcf6bdfdbd6a3d5c
be1cbe0cbd49bd3f
0000000000003ed7
3d89bd7abdafbd31
3cc0be10bc833da3
bdebbe833ba6bdca
3d523dcfbd7d3dd1
be80bb03be433e06
3e543cb4bdc1bd7e
3c8cba8c3c903d73
bd063d2cbcfbbd8d
be283d093d093e4a
000000000000bb8e
be17bda3bca53dca
bdde3e32be113d2d
3cb1bb603e11bd6f
3e1abca13d993b86
0000000000003e1b
bbfe3d203e03bc90
3e2ebe0fbc8f3cbd
3e36be82bc9b3cec
3e00be433c40be17
0000000000003d81
3d823e2bbdec3e11
392fbcbebe213dc3
bd093cbd3e433e3c
3e2ebd8fbdc8be04
000000000000bce3
3d2dbc55be013d47
3d063de7bd88be07
bd033d573e41bd22
3e80be1ebb94bdb8
0000000000003d49
be28bc703c903db7
bd03be88be033e25
bd5b3d133d633d5e
bbbdbdd23db63e82
000000000000bbe3
be6a3e213e623c96
bd103c203d3dbce0
bd8e3dd1be04be21
bda9bd2f3cbdbc91
000000000000be37
3c2ebe06bdab3e0c
bdfd3e16bdaabd74
bdda3d37bd15bdd6
3df8bc743d2bbe29
0000000000003d2b
bdd2bd8abe4bbdc2
bde5bc58be053e20
3c643e1bbde43d22
3c953d44bea83ea7
000000000000bc5d
3dc9bc0b3b583d0f
3dd1bdff3db53da4
3dc5bda73ccebd5a
bda73d97bda63d96
000000000000be11
3e07bd6d3dc23c1c
be0c3c4ebd91bdc0
be2abda0be0c3df5
bd80bd4f3d91be02
000000000000bcaf
3de0bde9bd35bd26
b8403ce6be20be50
3e103ca3be67bdec
3bf43e18bdb3bd7c
0000000000003d5d
be35be173e81bdac
3dfdbd943bdebd38
3e5fbdbf3d99bcd2
3c21bdbf3d79bbb5
000000000000bcff
bd9bbe133e9bbdcd
be203e153de3bddc
3cb7bcbe3e213e1c
bcabbdd4bc5b3e23
000000000000bc90
bd99bd343e143e17
3e4dbd65bc973e01
3e3dbe113d013e10
3d54be0e3d91bdf6
000000000000bd9f
3d673d873e3fbe4f
be0ebcf5bd29bd1e
3e123c35bdeb3deb
3b83be023d90bd93
0000000000003e02
be4d3e2a3d75be37
3dd43d8b3dfb3d93
bda6be25bde53e15
3e8f3d66be183df7
000000000000bd43
3d97bdc9bd533a89
be4bbd073dacbd3d
be253e5dbd4ebd83
3cfc3e47bd813d08
0000000000003c60
be1fbded3b79be3a
bd893e5a3dd53dba
bd073babbeaabe94
be0cbcbd3e6e3e12
0000000000003d55
bd45be2ebdf8bd2c
3dccbc053d8a3ccc
3e1bbafebe07be8b
be76be283c04bb2f
0000000000003b73
3db93db43b12bcc6
3dd53e813cd83da3
3dab3d36be06bd97
bdfebe02be573d97
0000000000003d78
3e153d193d24bdcc
bd923deebcb8bdcf
3e23bdba3e033e40
3bd1bcee3d86bd4a
000000000000bdbf
bd5abe0abdc63bb4
3dd23a763e003d9a
bd963d723d0e3d3b
3cc73de2bd413d51
0000000000003d98
3c9b3c8fbe2abdbd
3e953de43e0abda2
3d073d913dcd3c91
bc2dbe45be29bc2c
0000000000003d38
3d62bdc4be153e78
bc273cca3f523d15
bea13dc93ed7be1d
bee73f9fbd663eee
3d9b3d2f3ef0beb9
be7c3d543feabfcd
be393db13f1b3f48
bf683df43ea93d51
3f913e173d9a3ec0
3f523eb63eb1bf24
bee2bf313eecbdd4
3e4dbf8ebf57bf98
bea43e963e873f6a
3ebabf8f3f1bbea0
3e9d3ef3bf47bed1
3e4abfa7beb03d56
be9fbf5c3fbe3f18
be3a3f073fe4be1d
3eeebf86bddbbf2f
3df5bd903ef3bf15
beab3f9fbf2b3e70
bf80bf823dd1bef8
bcf8bf59bf8fbf32
beefbf773f20beef
be4a3f3abff33d17
bf3e3ef2bffcbec1
bf893d2c3e87beb1
bf91be1ebecf3f36
3e6cbf1ebe4f3f14
3da1beb4bf213f5d
bf7b3f623f1e3df6
bf9d3fb43e953f45
3f18bdecbf824005
bfa5be323f973e98
3e86bef43effbd43
bf943eb33f79bf78
3f863f2d3f5a3ede
3f443d66bf873ec8
bdf43db840003e06
bf2abf20be9e3f09
3d973f1abe5b3ea8
bdf4bf31beb7be06
3f013f4d3f33becd
bddebf45bf24be73
3f033f3d3e00be91
3f253f76beaf3e8a
bebfbf263f51beee
bf173ea43df83e63
bd7f3f263f133e13
3e5cbe03bf563d86
bde2bf96bf223d94
3f673e33be193fc2
3e7fbf6e3f70bf03
bd81bf2b3e8ebe42
3d6ebf83bf433f0a
bf60bec63f113f8f
bf98bf42bfbdbedf
3f4f3fc5bf81bf15
3de03ee2bfc53f47
bf8a3fa4bf9abe15
bfa33eeec0133f91
3d853dc23e1e3d33
be7d3de83dfb3dd1
bcb63d6cbc91be83
bdc3be7a3d20be55
3dfdbe0a3c2fbda6
bd13be223de4bc69
bdddbe69bd763dfb
bda93e0cbd26bc9e
3df7bdcd3dbabdd3
3d183c03bc5dbca7
3be7be40bdb73dc8
3df43e1b3d383ddd
3db1be723dd7bccd
bc653d783d4ebdd5
3d533d2cbd273c83
3d653ccebd2ebdaf
3b79be39bb87bbdb
3c693e813df6b985
0000000000003de4
3ddb3d10bd7a3d5d
3e363cf4be2f3e3f
b954bdbe3c7bbd6b
bd91bd92bbfcbd26
bd3e3cb53dfebe1f
3d2d3e6b3dc93e3b
bd29bdca3da0be19
3e173e7dbe4cbd97
be013dac3e37bd8e
be18be31be413dd6
3d47be35be313e15
bb50b76abcf2bda0
bd5e3df1bb9cbd08
bc9dbd9c3e07bde9
3db43d72bdef3c4a
3e313dedbd2ebde0
be203b6b3d1fbcec
bd093d13bbe0bb22
be1c3cfc3d81bcd4
3d993e203d973cf6
3dbabe28bda83e09
bdb6bd573d303e91
3d4a3dd23dcb3ca9
3e273c81bc823d7b
000000000000be37
3d303de13b123dcc
bcb5be3d3de9bcf5
3b23bcb83d3dbde4
3d3dbde1bd5fbdcf
bcb1bdaebb9b3da6
3e1f3e813d2abd3d
be37bc14be2b3db7
bc9bbd983e56bd5e
bd92bd09bca7be6d
be23bbd33d87bbee
bd35bdafbdfc3e81
bda3be543d5a3ca8
3d003d31be973d5f
3c27bd48bdc9bd6d
3cb93ba9be013e2c
3da5bdbcbce03d31
bdf33babbdb13c2a
3dbbbca6bd27be45
3d16bdbdbd03bb07
bc6e3df9bc9d3d87
3d193d953ebf3da0
3e43bda63d833d5d
bd03bd7f3e0a3dad
3ca73c04bd8a3d47
0000000000003ef6
be14bd87be1cbe75
bd883e13bdbf3d8c
3da0bc873c61bdef
bcd8bdbfbd983dd9
bddabccdbd813db2
bdb43d36bdd33cd4
bdfd3dd3bdb5bcd2
be0abda5bc8c3e82
bdb03ddcbe15bcca
3d673de1bdaebd49
bdd8bbc0be15bdb1
bdf73db0be3b3d69
bd3ebd8e3de03da7
3d92bdd83cce3e5b
bd013ce73cb23d63
3d903d453e3fbe38
bdebbdc53cb03dc0
3d773dbebdcf3d94
bcf23cf33e31bc74
3db3bde3bd10bd78
3c563c46bdc33dc3
bc32be13bd2bbda2
be023d173d3dbc5a
3c11bdc13e06be2f
0000000000003e47
bdd13d13bd84be26
3e0c3dbebdf33d67
bd3e3d17bd5d3e09
3dc73e14bdd8bcc1
3d463d083c4a3df7
be103e143da5bc1e
bd373aa8bdfcbe25
be483c713d67ba88
3dacbb283de23d98
000000000000bc47
3d0e3d213e0bbd54
bd823d5bbd923c30
3d4dbdf2bd98be42
3ce5bd213df4bdc4
0000000000003e0e
3cb2bc933dbfbe30
bcddbde23d80bd12
3e6d3c723da93e62
39a0be263d80be29
0000000000003cbe
3e20bd113e0e3e41
3d073bea3d123dec
bd8e3e273e0bbd38
3dd63e4c3e0e3e61
000000000000bce5
bd9ebcf5bcae3de3
3e253d97bd88be0d
bc59bddd3ae2bdf1
bdc6bb6ebd94be12
000000000000bd4b
bb84be29bd863e4e
3d4b3e653dc1bdb4
3b87bd37bda33dcd
bd933e523d01bea9
0000000000003d46
3d883bcfba63bd90
be25bd683c653de4
be283bb13e32bc54
bd483e0bbe373d99
000000000000bd0c
bb2e3bd5bdfebd9e
bd84bd173e173d8a
3d933e0f3d023dc0
bd8ebdb03db53d71
0000000000003db4
3c2e3de43d5d3cfe
be55bd5a3da03c03
3d29bdb13daa3cab
3cf43dc63a603d30
000000000000bd88
bdda3ea7bcf93d03
bd0dbd163dbbbe00
3d86bd55bd85bd02
be023b97bbf5bbbb
000000000000bd1b
bdb93e493e013e01
bdd23e3b3d2f3b7d
3d5dbc693c2bbdec
be21bdc5bd16bc42
000000000000bcd1
3d833debbd18bd6c
3d8e3e0fbe3cbe14
bcdcbd763d7a3d3d
3d603e493dcbbde8
000000000000bb98
3c773e003c30bde4
3c0e3b423e0ebbbd
bdcfbd44bdb6bd00
3db23e5a3d7d3e46
0000000000003d97
bca2bc973d79be30
3d44bbff3dba3e25
3ce4bc9d3bee3de7
be843e0c3da23b43
000000000000bd70
3dc63c8abd223e0c
bc193dc33e0abd4c
3c85be43bd6dbda0
bdf9be0ebe3b3d3a
0000000000003ca4
bad93e0bbdd53dc4
bd4f3d75bd543cfb
bbd7bcd23d1dbd95
bc913c50be53bd94
000000000000bdae
bd75bd323b14bcb2
3d3b3ca7be283e1d
3dc5bd053c933cb8
3e23bcb43d943b56
0000000000003dbd
3dd63db6bcbe3dc5
bd43be1e3d67bd28
bd253e043d503da9
bbc6be0d3d743c40
0000000000003dff
3d92bd68be18be31
bdc9bdbbbca93ddd
bd83bd683cec3d74
3e923d723b3d3dce
0000000000003c95
bccc3c7f3e4b3de0
bdbdbd4dbb1cbd97
bd633d11bd453e65
3db8bdd53ddcbd32
000000000000bd83
ba5c3da3bc9e3d11
3dd8bd063e003d07
3dc4bd983e11bd20
3e82bbb33da93e00
000000000000bb73
be78bcd5bdf2bc92
3d313d683db2bc2f
3a493de03c9a3ae9
3db2be1cbe1e3ea4
0000000000003d1a
3ca8bd4a3a933e20
bc0e3e7cbe53bdde
3c13bdcf3d9fbd94
3d013d863c89be25
000000000000bcf7
3e07be24bd4a3b5c
3dba3c8ebda1bdc2
bcc2bd613d333e27
bdf0bdc23e853d1f
0000000000003d55
b8c63e333e10bc01
bd2a3e28bf1bbfaf
bf0fbe89bf823f35
bd843fa8bf0ebeb2
3be93f33bf2a3f0a
bfbfbf14bf76bec2
3ee7bf5ebf4d3f3d
bf59bf5cbf5ebd0c
beebbf173c2fbddf
3f083eafbe50bf2e
bf63be153f3c3fae
3e963ca4b9d83dfd
3ed93c9d3f9fbedb
bcc93f22be2fbe08
bf3e3f61be2c3ee1
3e513ebfbe913f55
3d0dbe3c3fb2beea
3e903fbfbed3beb4
be1e3fb4bf4d3e40
be353f10bf193fa5
bf163fd9be1fbf02
bf63bd5e3fd1be3d
be82bf19be9c3cb1
be2bbe873d403fc0
bf2f3f963e233d59
bee7be7e3f4fbfa7
3f41be95bf1d3f03
3d7ebede3fb8bed8
bdc03e353ed6bf38
3de03f88bea1bf18
3fbf3f76bee0bfa4
beb7bf31bde43e67
be92bf2b3eca3f41
400e3e96bed2bca2
3f62bf3abe8d3f51
3f5ebea8beef3fa8
bf6dbf093ed5bf53
3f2a3f383fda3e52
bed8be1a3fd9be78
bf98be413e8b3e08
bfad3dfa3c93bf44
3f9bbe9cbe593ee3
be44bf863f06bea4
3dc4bdadbf5dbe1c
bf97be653eaebe31
3f01beaabe273fc7
bf813d423ecbbf25
3e35bf1a3f06be0a
3ea3be89be75bec7
bf41bea2bd953d75
bf023f93be17bf4d
bf10be9ebe0e3f0a
3e763fab3fb2be99
bfab3e163ed7bf4c
3e82bebabe85beea
3e99bedabf1c3e14
bfac3ed63f2cbf9d
bd88be223e973f2e
3ea6be01bf283f31
3f063e65bf52bf9d
bf6abf103f3dbee0
3d4b3e03be7bbea2
3dcfbd0b3d45be0f
be973cd0be093eca
bc84be043daebe13
3e39bc2b3d8ebbb8
bdffbd213df23e80
bbb3bd023dae3dd5
3e0a3da5bdc33cd6
bd52bda9be953cfe
3e36bd77bd9abd0d
bd61be0bbdfabc97
bdf1bd4bbe6cbd8f
bce73c08bd81be05
bc0bbd833d0c3c99
bd65bd673d28bc97
3e07bd9bbd99be7e
3d18be06be033db4
3dce3cb43d3fbd12
000000000000bd69
bd8abe0cbe1d3d62
3bbf3d7b3d19bd81
3d35bd81bceabe1a
bd8bbdc5be0ebd76
be3abe52bd02be4a
bd723e25bde5bd2e
3da73d5a3da43e5a
be81be243b19be38
3e21be0d3d4bbd3a
bd19bd17bdde3d70
3e4e3dee3cf8bd65
bc61bd9f3b923b68
3e3c3dd0bd43be34
3d8f3ea6bd83be0b
be373df03c3ebcc8
3d4d3de23e3f3d21
bcf1bd5dbe503e09
ba123d25be6c3d1a
3d053bb3be07be29
3e34be75be963b94
3e383e82be8dbdb4
3dfe3cc93e7d3d53
3d873dc93e083d6d
3da93e133e19bda7
0000000000003e5f
bdb1bdd13c5a3e09
beadbd573c26be08
bc91be7c3da5be9f
be123d1fbe26be0e
be723e13bd98bddd
3df73dc73ccc3c0f
3ddfbe30bd523d80
bd97bec03e58be0f
3d96bcea3e8bbb58
be603d06be063d7a
bcb33d73be073e30
3dbabe19be23be59
bcccbd6ebda7bd35
bd9b3dccbc843de4
3e7bbc1c3d623e93
be19bd9b3ccf3e4a
bce3bddf3e06bdec
bd79be2abdb43e7f
3d94bda7bde8bec8
bea8bd2fbe23be02
bbff3dbb3de33d33
3e28bdabbe48bda4
bd9f3cdd3d4c3d96
be80be70be75bdb4
0000000000003f23
be2b3e07bd75bca3
3b97bc813e543e0f
bd0fbc57be103df7
bdf83e6f3c9ebc7c
be10bcffbe483dd8
3d9f3ca93da3be12
3de8bd0c3ce4bc94
3d5f3e05bdccbcbc
3d39be1cbe17bc86
bd6c3d4fbe693e6d
bc8e3dd23d6a3e0f
3e773cbd3c10bd10
bbe2b91f3ea1bcb9
3e36be12bb30bd8c
3e0e3e613e8d3e10
bdba3d173e0a3e07
bcef3dbbbe2c3e2b
bbf73cd1bdd8bd30
3d153e6a3d933e13
bdcbbe283d9c3e3e
bdeb3c833e023cc1
bda5be283d9cbe2e
3eb5bdb8be6d3e7e
bcadbe413e213d49
0000000000003e7f
3da63e1d3d4f3d82
3d54bd7fbe363e45
bdea3c843e3ebd82
be0b3d2ebd683e36
3dad3e363dd83e18
bbd8bd4abd1fbdaf
3dd7bdae3e17be19
3de7be143c2a3d8a
be253c4ebd673d29
bdb0bd33beb2bd0a
be853de13d8a3d42
bcc13e5bbdab3e1a
bd8d3e743e383cc4
3e19be003bf63cd7
3db63e23bdd33e47
bdacbde83dd63e12
be953dcd3da13c8a
be4fbddbbd0fbe78
be5cbe133e64bd61
be02bded3dfabcc6
bd563e39be5a3d8f
bdf2bdd43c1f3df3
3d383ceabd343e10
be54be22bcdabe22
000000000000bdd5
3e153d85be273e81
3e25be8bbda63d43
be0d394dbe633cba
3e33bd6fbe41be86
be853e54be8fbd9a
3dd8be073dce3dd3
3ddf3e0abe343e6e
3e1ebde13d7abdb7
bd9f3ce03d67b97c
bd403dac3dc93d59
3dc63c483de7bded
3cebbe353d68bd58
3dacbe26be053e6a
be89bd7d3da73bc1
bdcdbc753dd6be7f
3cf8bc973e0bbd09
3d1dbe0abdf93daf
bdaabdc73da1bea9
3e2e3d7b3c17be45
3e2b3d10bd86bc13
3e09be003dc43d01
bd7dbdf63d1cbdf9
bcfdbdae3db6be7b
3dfc3db8be373e26
0000000000003e3e
3ed9be46bd85be2d
bdc2bdac3e5a3d09
be1bbd973c8cbe1e
bcd4be1e3e763dee
be413d293d8c3e65
3d983d30be733daa
3dfc3e43bedcbe64
000000000000bd05
3de8bd5e3e64be71
3e21bc443e59bca0
be0bbe003e1b3e0a
bd89bcf23c593e4c
bc12be8bbd8e3c8a
3db33db4bd72be10
000000000000bd8e
bc79bcc8bbeebdc4
3d8d3d443e8f3d08
3d39bda33e0d3d48
3ee03d03bc993e80
bd853e9e3dafbc9e
3e1f3e323d20beb0
0000000000003d35
3ec6bc203e42be1c
3d00bdd2bd673e52
bc1bbe523dd93eaa
3d4c3e3e3e883e54
ba8f3dfcbeaf3e04
3e27be96bcc1be03
0000000000003c2c
3ecc3d4f3e55bdc6
3da83e063c923d9b
3cd33df13d633ed4
3dd5bc48bda23ec4
3cbfbdfabc7a3bd2
3e8dbcf3bd5cbe86
0000000000003d8e
3d53bd923e8abdc5
3d3b3da4babcbda2
3dbf3e613ea1be6a
be7e3ec43dc83dca
be4dbe72bdc2beda
3da43e5d3d573d92
0000000000003d7e
bd76be853da8bdbf
bc253d9dbe433e8a
be363e293e1d3eb7
bccd3c2ebd65bdcc
3e933ec83e513dda
bde0be373d9d3e1a
0000000000003c8a
bd83bdfebe813d9d
3d76bce1bcb13c32
bd0cbd48bce13e1e
be373e5d3cbdbd2d
bcd33db63d92be70
3e9cbd823e053df4
0000000000003daa
3db8be303e393e85
bebb3c7abde23e3a
be293e6d3d67bd3f
be093ea53e16be31
bd86be08be26bdc0
bea1be4dbe663e6a
0000000000003e03
3ec8bf01be49bedf
be303db63e323df0
be043e383e353d47
3ecabe073bedbe7f
bdd4bdac3e0dbdd7
bd703d8ebe12be78
0000000000003d74
bdb1be9e3e2abe31
3e8dbeb93d90bcf8
3de83e233d573d97
bde7be8dbe6d3bb0
bd94bd073c903e75
3ec1bd6e3db2bea2
0000000000003c39
3eb13e9dbeaebe26
be143e51bd1a3d92
bc7ebf123e72bd21
3d1bbea23cbf3c5a
be17be4fbd923e68
3d193a23bd283eef
000000000000bd2d
be3b3d97bdc23c84
3e8d3e723cd8be1c
3df4be26bc9cbd5e
3ca63da03d91be8c
3c90be0d3d9fbe3c
bdffbe00be27bd8f
000000000000bd75
3d66bc92bd85bd60
3f18be18be15bcb1
3dc63e9a3ea33eca
bd4f3cd23daebc9f
beadbdbebd09bc8c
3db03e2dbd20bd86
0000000000003daf
be13be13be08bd1e
bc913e4fbe2ebe14
be9fbe883db3be97
3ea4bec03e883e64
bd303e3f3df2be16
3efdbe0fbe17be26
0000000000003d81
bcf73e5abe343e0a
3e86bd6bbe8bbe52
be19be0d3e523deb
3e123e0e3df7bbaf
3dcebd983c9ebec1
39f9bde53d0ebe60
000000000000bc41
be1d3e96bd723e58
bc3bbd193e873c95
beba3de93e34be03
3ca4bd30be603dc2
be853e22be5bbd4b
bc233a19be98be7f
0000000000003dee
be92be3f3efebe18
3c3c3de83e44bdf1
3b083e52be96bc97
3e003e793df13dc9
3e0e3db83d7dbae7
3c133d5abe5c3d28
0000000000003cff
3d18be54bc40bd95
3d9e3e5f3e943e91
3e803d2d3d773e80
3d853dd73e3a3e29
3e3fbe3dbe193dde
be443e6c3e5f3c19
000000000000bb91
bd2e3d9a3e42be1f
be99bdef3df03d87
be0e3e573d85be1e
3e893e28bcb13d4b
bd4dbd8b3e463db7
3e2d3d1cbce13e43
0000000000003ccc
bd2ebe17be723e98
bd3bbd123e303d36
3de23ea9bde9be88
3e1d3d343e8ebd8d
be42bde3bec3be0f
3ce43eb8bd92be38
000000000000bd35
be223e363d603dd8
3d2ebdbcbe54be96
bde73d4d3b953e11
bdc83d163db5bc87
3d82bca93dce3c92
bd193ce93d833ec9
0000000000003d38
bedabe57be653e0d
bcd63dc9be24bd85
3dc63c883ea3be85
bd513d513cbc3e16
be6a3e753c85bde1
3dfbbe2d3da43d4d
0000000000003d91
bd3a3d80be883ebc
3dfe3e93be43beb0
3c3bbcfbbe203e66
be043c973e3ebd1b
be17bc3f3d29be0b
be8c3e01bed53d53
0000000000003d55
3f153ebf3e203e11
3dc5be483e593deb
3d73bdbdbe81be43
3ea4bbd7be003d6f
3dc03d68bd823dab
3eb23e213ddb3d7a
0000000000003dbd
be82bda7bec8be12
3e9ebd853ecb3dbc
bddcbda53e033e5b
3dbebc873e063cc9
3e513dcc398c3e9f
bcb0bde43e2f3eeb
0000000000003ccb
3e5f3e443ed3bd8d
bda73e933e09bdf1
be5abd1abc983da4
bc9c3e00be6e3e0f
3e1d3e03bec03d47
3dd33bbf3dc53cae
000000000000bd30
3e083dbebd473da4
3e1f3e14be8c3e62
3cf13ebabdd53e5c
3edf3d8fbd653dc5
3db1be43be30be43
bce9be9a3dc0bdc7
0000000000003d02
3d45bdf53f06be7c
bc9cbd613c7d3e01
3e48beca3eca3dd2
bdb2be82bd55bd98
3e89bec03d0b3d91
be4bbe553d833dac
000000000000bc04
3e90bd2abe95be34
bdedbd4e3d99be55
bc33be4dbdff3d99
3cd6bd1dbe90be8a
bc673dea3cd0bd9c
3bc7be2bbd76be7d
0000000000003d6d
3e42be8abe02bcd1
3c4dbd84be1abda6
3e963d923dc93e7b
be1a3dc4bdea3e41
3e813b0b3e86bdf2
3e1dbcbdbd73bd16
0000000000003dbb
be49be9ebe873dd7
3dc73def3dc6bc9c
bcdfbdc33df0bd5e
3e49bc0b3daf3cdf
3da2be51be993e93
3e4dbdfd3e89bebf
000000000000bdb8
bc423ee1bebb3b6a
be863e7f3dd83eb2
beac3ccc3f113e52
bd95bec83e1a3e8e
3d1c3dc33e78be8c
3ecebe1dbec43e97
0000000000003cbb
bc27be7a3ed6bd1e
3d4c3c8fbe2a3eca
3e85bdd23e04be86
3d76bc193e4cbda1
be62be653d9fbd81
3d8abe64be70bec9
0000000000003b11
bd87be74bc873d1f
be1dbd953dee3d58
bc553e173dafbe4e
bb8c3e02be4f3de4
beab3e873dc7bddd
3d03bdeebe7e3e62
0000000000003c73
be033f143d85be5a
3e1cbe283e5c3e1b
3eb3bde23dcabd9f
3d6fbe923de53e18
3e613b443e8c3bd8
be06bd9dbdc7beb9
0000000000003d26
be34bd92beb0bd45
3e2c3e263ec33e0f
be793d32bd56bedc
3ea43e38bd853e32
3da7bd4f3d933e27
3f923f4d3fbbbd78
bed1bf773e7ebd35
bd7fbf30bf95bd08
3f84bd393f96bf6c
3f04bf963e223c8f
bfab3d743f893f8d
3e0ebea3bea5be61
3bd7bdc43fd8bee5
3e12bec2bf373f5f
3f013f1f3fa53f22
3f0c3f3a3e113e16
be983ee83e58be16
bf5f3e19beeabd3e
bfa13f3abd94bf21
bec5bf3cbf9fbee3
bf58bf2b3f4ebea9
bf373f15bd723f30
3edbbf5e3e173ed8
be123f6abf333df7
3f6ebe82be8ebf75
bea43e8d3f743e1c
3edf3ddbbf9b3e8c
3ea0bf803dd1bd69
3d193e403ce63f9a
bf2cbe973fd13ed5
3ef43d703f6e3f16
bfb8bdc4bee6be2e
be70bd9cbf06bfb6
bd92bea5be10be36
bf343ae33f60bf04
bf5ebfc7bac33b7b
bf01bf81beb3bf71
beb73e83bf89bf82
3f5abe403f42bf2f
3ecb3fa2be02bdc5
bef6beb93e9abf74
3f6bbee6bc9abd9a
bf25be52bf0cbe1e
39ad3dac3d0b3f86
3edb3e9d3fb53ed8
bf0dbdad3ec53f41
be5dbd3a3f6dbea2
3cddbf83bf4d3f9f
bf2f3e833f103e9b
3f443f3bbd5ebec5
beaabde43e153c15
3f6ebfa3bec23f7c
be9d3fb2bf803d92
bed9bf63bfa43fba
beb73f20bddc3f0b
bf8b3e3c3d2d3f15
3f653d7d3fe6bf81
befdbf8e3edc3e8e
bdfa3fdebefb3f51
bebabf213e4bbf44
bef23eb83f13bf8d
beb8bf7c3ee53dcb
3e8cbeb5bd41bef2
3f163eb93f893e06
be4a3d6e3e2fbf7d
bee8be433f263f63
3f203fbac0013f05
bbc0bf533f124010
3e15be903f403f9e
3fb3bea73ec3bdb2
3ea43ea23eacbfcc
bd3d3f50bfba3ecf
bf1e3e893f86bf3b
beb3bf80bf053ea4
bf82bd26bf1ebedd
be0a3e0fbea6bfcf
3d2e3f71bf07bf7d
becdbf803ee43f6e
3f5abf52bd7abf49
bf2c3dadbf833e6d
3e6fbe3dbf613e71
befa3dd3bf21be56
bee0be35be36bf0f
3f153e193e1dbf24
3ea6beb53f88be79
3fbf3e473a1bbd9d
bf07bf4f3f853f3c
3e823dd33f3b3ce0
bf093fa93e98bf71
becebe8fbce6bfb7
bf023ea13e9d3f03
3e8c3d4dbf2fbead
be97bf23bf33bd1b
3fb9bd75bf8abe83
3f033e11bf1bbd90
3c51bb85bd7dbd9d
be11bba33dd93cb3
3e143c18be38bc5e
bd053daa3d423d0b
bd1dbdb13e0ebd91
bc093d13bd82bd88
3d90bdab3ccc3d79
3d333d4c3bbd3d8c
bdd63dbbbd86be3d
bde83c91bdd9bc8f
bcedbd40bdc23d55
3d013d8f3cf9bbcb
3d2a3dbc3cf3bdf4
bd55bd68bc233db9
3d9c3d30bd82bcb5
3dba3ce0bb7dbdb9
bd793cc6bd2f3c89
3d1d3d953db8bcbb
3e243caebd52bbb9
bdcc3dd8bcf8bca6
bd5f3c7dbe9bbcc8
3d013dcfbd803d85
3bedbd45bdb83e1c
3d9b3d9cbda1bd23
3e673e94bdcf3cd2
bc00be95bd083cf5
be893dc4bcc4be5a
000000000000bd31
3a473df6be333e52
3d3b3dd3bd87bda6
3c853e5ebd703e0a
3d72be19ba143d07
3cc23da8bd023d84
bd6d3d1bbd4fbca4
3b44bcabbd3e3e03
3c05bd03bc55bdd8
bdb8bd16bd58bce6
3d873de3bd103de7
bdfb3d82bd3c3cd0
bd91bd3e3c6f3e26
bdf0bdc1bc9abcc2
bd7bbd593c913d55
3d4f3d02be573c99
3c1e3c9bbd9fbe16
bdac3dbe3db63e01
3cf03c33bb47bc95
be173d0cbdb5bd84
3c1c3d6d3de73dc4
3c35be12bcd63d8e
3c703d353d7a3d95
3c68bd4e3d8bbd97
bd99bd5c3bdc3c3e
bbf53ddc3b49bd70
bc94be1d3d9abb28
bc2bbbebbda6bcf9
3da83d403c2f3d12
be023dfe3e193ca3
3c333d0f3dafbd56
3d4bbd9f3db63d81
3d513b98bd473d00
3dd73d24bd8f3b93
3dbabd0ebe083e19
3e023ba33daa3dbd
3dd1bcbe3cfb3caf
000000000000be14
3db93e16bca2bdcc
bca13d683c623d80
3da33c913c85bde0
3e0a3ca43d66be25
3e1ebe4abd663dbe
bc87bcb13dab3b66
3d22be253cacbc6b
3d8bbe0c3d89be27
3dccbddc3da93e30
bc483d24bd913bcf
3cd33de9be25bdb0
bb323e0e3cef3d08
bdc0bd72be12bca2
3d853de9bdd4bd97
3e153ca9bd43bdec
bd79bcf23d6cbe20
bcf23cdfbcf13dea
bd583e0b3d353dc2
3c96bd313d49be4e
be0bbdca3d14be0a
bdbebd543e1f3e22
bbccbe013cc9ba9b
3dfc3e073dbb3c84
bd00bd39bd043d6f
3cdabd80bca7bd42
bd5c3ddd3e03bc11
bc0d3d90bcd9bcfc
bc9cbe613e2cbd11
3d38bb963dba3c54
bc9a3cc8bdcf3e27
bdbe3db2be6c3d1c
3dd13d133e403d4d
3d2bbdba3d8d3e13
bd7b3d853e2bbcc7
3b68bdb43d683dd0
3ddf3b6e3db6bdbd
000000000000bee8
3dab3d3dbcbd3b48
bd0bbd27be0cbdad
3d1dbc4bbc053d12
bcccbb1bbaec3dbe
3d07bce43c9cbe10
bc1f3e393c6fbd3f
3d02be38bcec3cad
bdb13e343e19bcfc
bc8dbd5f3d593b5f
3b6c3d353c8c3c94
bdc4bd72bcedba66
3c853c37bbedbd5d
3d0cbcda3b4dbc8a
bd0f3d3fbcfdbe1b
3cd43d6e3c003e1d
3ccd3d88bdbb3d41
3d663d763ce3bd54
3dc53d41bd5c3dbc
3b78be673d883df4
3dcdbd0a3d1ebdb3
bd083cb0bd3b3c22
be083caa3d81bcdf
bdf43e923e033d60
3e8a3d843e20be1f
3de8bd1f3b543dae
be1fbbe83df6be17
3e2ebad0bcd7bd76
bdad3d4cbd53be1a
3d46bd803c36bdf4
3e0cbdd23d9fbe08
bd1dbda03da2beb9
bde9bc8b3ccd3da9
3dc43ccbbe0abd1f
39603d273d60bd2a
be26bdf2bd9f3cad
3c693dc83d5abe20
0000000000003ea0
3de6bb69bd2b3cc4
3b6c3c983d0d3da1
bd87bd5fbdae3d38
3e293c633d15bd27
bd843cc83d653d02
bb5fbd793d83bcf2
b8ac3dc83deb3bd1
bc8e3d423c533d73
bd4bbd793d8e3de9
bd60bca5bd903c54
bd82be21bd023d5e
3dc23e32bdd2bcc6
baddbe0b3e4cbd24
3e3bbd4f3d903c58
3d13bce3bc8abc8b
3cc33dca3df43c7a
3c073dacbdb0bb09
bd483d32bd7d3d90
3e6dbd80bda5bdf0
3c5bbd893e483d09
be203d8abe05be48
bca1bcbfbb9f3d8f
3dc4bdd13da53d5e
be033ae1bd36bd8d
3e15bd793c3cbb91
3d5f3db2bc743dee
bcd83ddcbe09be21
3b2f3e13bc953e3f
3d4f3c55bd84bd11
3e32bd033ddebd9e
bd2c3e0f3d73bdee
3c1ebb233d093c3b
3d1dbaa6bb243d44
bddebc38bd1b3e64
bcddbd89bbabbda0
bca03d83be29bc6d
000000000000be66
3cb43e0c3c5b3aa4
bdbcbdb43d9e3e63
bc7ebc64bbb0bd40
bac23d43bd91bd69
3aa23d8dbcdf3d9d
bdbabd81bde7bd1a
3d753d8d3c78bd0a
bd6bbd733df1bb8d
3db73e3dbcb1bd96
bd143c29bdb1bd42
bca03e05bce9bc5f
3d36bd84bc1fbe1a
3dc9bd803d47bdf3
3cf53e0abd813cd3
3e12be023be8bd65
be85be533d4abdf8
be05bd23bda5bbd4
3daebe23bd9b3dfd
bd953df23e2dbc81
bdd33d81bdb53c5c
3c30bdc43d51bbb1
3c473e193d3ebda3
3d643da5bc9a3d28
bde7bcf8bd0a3cae
bb9ebaddbdf23e08
be003d393de13d8b
3d8c3db53c973dda
3c8b3ca43cd03e0c
3de83d73be0d3e61
3c8c3dbcbd1cbe8a
3d89bcea3df33e15
3d533d1cbd1f3d75
3e443e303d9bbd8b
bc6bbd8c3d273db5
3da7be083ddabdd1
bd1bbcd73d38be3d
000000000000be06
bc3f3d773e603d02
3df2be50bddd3cb3
3c243dc8bd393da6
bd213d94bd96bd34
bdaf3dd63d573db8
3d77bd423c30bc35
3dc23d313dccbd84
bb80be07bd1839ba
bddfbe0fbdb73db6
bd99bcae3dd5be0b
000000000000bddd
bd66bdabbe193cfa
bb6cbe22bd693d90
3d8c3da93d80be0e
bd6cbe3a3d943e11
bde6bcf03bedbe70
be083c843d6fbe1e
000000000000bcb5
bdf7bda23d8abdc5
3db13d913e6c3db3
bd1a3c0c3e4fbe6f
be2f3e31bc853d38
3db23dd4be19be84
be82be21bc63bd48
000000000000bd8e
3e0a3d723d3abe51
bdd93dc93d7bbe3f
bdc7bd833da83bf6
bd933da3bd95bd44
3d883e2abaa23df7
3e70bd65bd01be43
000000000000bd1d
bc6e3d81be06be0f
3ddebda13e6ebe41
3df7be5e3e2abda9
3c093e87bd98b989
3c66bc6e3ca7be23
bdd73e333dbfbdd3
000000000000bc76
bdb4be673e6dbd37
bd923a21bddd3e3d
3dfcbd49bd2c3e15
3e43bdf13e89bdf9
3c5b3e853d93bde3
3cb8bd373d8b3e62
0000000000003c8f
be973b383bebbdbe
3d803da83d01bdf6
3e223cfdbe833d66
3c7e3da6bd9fba81
bca9bd3ebd4a3d90
3decbd2d3e88bd88
0000000000003cab
be18bd1dbcfa3cd0
3e0bbd113dc1bd3b
3e32be24be7abd67
3dbc3e343d3fbd10
bda03d94be273cb2
bcc2bc8e3d543d77
000000000000bc8f
bd6a3c1e3d03bd49
be97bdc9bda23cc6
3dac3c9cbd803db8
3dcc3e0dbd973e16
3d853d143db23e3d
3d413cb03c5ebd77
000000000000bccf
bd56bd60bd463d3a
be3f3dc6bd333cfd
3c293e15be00be44
3d56be12bd4cbe55
3e743e73bcf73dc8
3df53cf93da83da0
0000000000003d38
bcff3dbd3d843dcc
bd193d6b3d593e53
bb513a50bdbd3da1
3ba3bd32bd3f3e71
3ddd3d593b5dbcd9
3ddd3d373b1bbd18
0000000000003df9
3d97be263d993d45
3e473c89be07bba2
bd8abdee3d223d84
bd243e2b3da43dd4
3db93d2ebe1bbe8e
3eafbd3cbc1abd86
0000000000003cc3
3e3f3e1c3e26be2c
3b7d3d393ce83e35
bc8bbdefbd9b3de0
bea4bd743cf83db8
3d3a3d2abd7c3d54
3e3e3c86be0cbe04
0000000000003bd4
bd28bd1e3e17bdfd
3e093c68bde43d63
3d9dbac4be00be1e
3db3be2dbd8fbe46
be18bd813d9dbe31
bdccbd653dd23e7d
000000000000bcd0
bbfdbc83be0fbd82
3d50bdb03e11bd9c
bcf53e66bd7f3e7e
3daabd9b3e74bd5a
3d923e763e093e0c
3c9f3da23e2e3d7d
000000000000bc39
3d0dbcb3be16bdbc
3e563e333e31bda6
3ce73dd63d093a1b
3d9dbe25bdd03d40
bd963df43c9d3ce1
bdf4be46be2a3d9e
0000000000003d28
3e44bd853e77be31
bb0cbe0ebdc5bddb
bdc63e65bdda3c9b
3c143e2abe8439ee
3dfdbd723c63bc3c
bcc73de23cbfbca2
000000000000bda3
bbfa3e043d16bd85
3c2a3d043c853e5f
be273d1cbd2abd67
3d0cbe1b3c48bdcf
be6dbda9be063e7e
3d84bca33d673ee0
0000000000003d74
bd0bbde23d0ebdfa
bd90bc9f3e8dbe24
be383db73e2f3d6a
bc36be043d023dc2
bd0d3dc93e43be2f
3e143e09bc2f3d2b
000000000000bce1
3e273dde3dc7bab4
3df33dfdbe6e3d69
be45bd1f3ba8bd30
3e16bdf7bc98bd5e
bda0bdb73e2e3db7
bcdb3d813d56bdf6
000000000000bd20
be833cad3e5cbd39
3c7f3d9fbdf53df9
bcf13daebd86bd57
3d9fbd7d3e273dc6
bd96bc533db63e2c
bd1bbdc13db5ba8f
0000000000003da5
be4ebd3a3e78be2a
bddbbe4ebd283e36
3d273db0bd0e3c83
3db2be91bb0f3da6
bd903dfabe13bd86
3d5b3b9f3e3d3e55
0000000000003d41
bce13d2bbcb83dd0
3d76be49be19bc8b
3d00bb813d99bd76
3d793ea93c763dcd
3cba3ca83ddf3cff
3e14be9a3e4b3a71
0000000000003cb4
3da4bd663e08b919
3c0d3e0d3dfabddf
bcb23dc6bd1f3db3
3e28bd9f3dce3aca
3e883e2b3de8bc5d
3da83defbc51ba54
000000000000bcd7
3e45be023e2fbcab
3ea6bddbbc8dbe0c
bd12be97bcc13c24
bd13be063cb8bced
3cf93d9fbd5c3c1c
be03be53bc2abeb5
0000000000003c27
3e5e3db8bcbc3d80
3e493e283e103d20
3d983ba2bc8cbdce
3ca9bd19be19bdfe
bcdfbd1dbe213dc7
be0b3e26bd7d3e62
000000000000bd26
3dc83df8bde2bd3e
3d753c8ebdb83df4
bd0d3df73e0cbcf8
bdfcbddbbda43d64
3dbf3caf3d2d3d52
bc323da5bdff3cdc
0000000000003dbd
3e01bd85bd19be01
3db6bdedbe3c3e0c
be2abe053e863d2e
bdf2be4ebcc6be04
3e6a3ed23e573bb5
bdd5bd5dbbf73dfc
000000000000bcdc
bd87bdc1bc70be1e
39ba3e85bc2bbe82
3e39bced3d3fbe6a
3cb3bdb6bd443c4a
3c953dea3d1bbe16
bdf5bbbfbdc7bd82
0000000000003b79
3e0e3d343b31bd04
3c8e3d563e043e75
bd9f3d4a3d36bdb5
3e0fbd943e543ddf
bda7be513ba93e05
3d86bd3ebe67be0c
0000000000003b93
bd2f3e953dac3e34
be21bd823db2bd9d
be12bde6bda7be36
3e43be063ddf3c78
be053da43d093d75
3e47bce0bb29be2a
0000000000003d2b
be4dbdd9be123c29
3df5bd403d9fbdef
be4d3e0dbe0bbcef
3dac3ce53c8abcb9
bccf3deeba083da1
3e0dbd6a3df33cb1
0000000000003d8e
bbbfbda93c7c3d18
3d8b3da93e19be3c
bd1fbd513db4be03
bdadbd08bcc73e4e
be7cbcf1bdebbb49
bca7bd12bd4bbcdc
0000000000003d08
3e213c9a3dcebc8d
3c32bbdcbe25bd8f
bcf33c1d3d603cb9
3e22be2cbdbdbd2a
bdf2bd243dbb3df4
3d8a3c963dfbbe48
000000000000bcdd
bd6b3d33bc19bcb7
bd7a3da0bc24be28
bdd13de7bd43bdac
bda23c6abd073d7e
be5cbbc73e47bd3f
bd6cbe883e41bc42
0000000000003d61
3e0e3ce43dfcbe7d
3d92bd6fbe9cbccc
bdcf3c843e17be10
3e5dbde1bd663dc5
be1b3e23bd7d3da3
3e17bd3a3e58beb3
000000000000bcc2
3d28bd093e2c3d4c
3e063ca5bbb3bc64
3df83d67bdf4bd87
3e153ced3dd1bdbe
bceabe0cbdad3e75
bd07bfa43ed1bd72
be8dbf973ec7bed3
bdf3beba3dbebf42
3dcbbe9fbf25bf61
3f953f3c3f953cfa
bd7cbf3cbd15bfa4
3f90bf943e8b3d99
bc153fbbbfb4bfa5
be3cbe823f9ebcac
bf063de1be693efd
bce0bf77becbbe62
3f0d3e183f2bbf54
bf413f00bed23f1a
be9bbe7c3f1ebf54
3f353ed3bee2bee4
be913f6ebf093ea9
bf05baf33f20be90
bf46bec2bf8cbe7c
3ea3bf9c3e05beea
bd0fbe953eabbeac
3fb43ed7bf28bf67
becbbe16bfaebe94
bf36be873fa03ce5
3f463d1d3f18bd59
bf86bebdbf3a3fad
3f6bbf103e2b3f96
3e7a3ea13e363f5a
bea43ebebdbbbe7a
3fad3e093e143dc8
be153f7d3f403de0
be763dc73e2d3f0e
3f263e9f3fb6bf4d
bf2f3e21bf953e25
bf2e3f3c3e433fa5
beb0bf283f8ebf15
3effbed73f6fbe15
be15bd9bbefc3f14
be88bec0bf363eb3
bf69beb03d303f0f
3edbbf0c3e933ee3
3ed4bf95bfc63f2c
3e3b3f0e3e29becd
bda53eb3bf89bf62
bf0e3eb2bd163f1a
3f87be44be853e7f
3f22be403f8b3edb
3e70bea9bf4f3f50
be9dbed83e603efe
3e33bea73e9dbf17
3f80bdb8bf65bf62
3c7b3f9cbeacbed5
3ed43eb9be963e7f
3c563dc4bfb5bec7
3e823f55bf94becb
3f35bfd33d2b3e08
bf11bed8be51bfa6
be5abe8bbf3ebec8
bf413ec63f4b3fba
3f803da3bf6ebe62
bd78bedcbe95bf4c
bf05401e3fda3f8e
bf783fa1be9a3e83
be153cb23f973d6f
3f433fa3beed3e13
bec640033d6e3f8f
3e67bf3cbee4bf92
3f5bbf753eaa3f0b
3d15bf143ec23dee
bef83dd63f4d3f74
bebabfc5bf1c3e2d
bf6cbb52bec1bf3f
3d71bd2ebda5bf59
bec73a69beaebe4b
bf1e3f453efc3f2a
bf0ebd88bf263f96
3ebcbe81bda43e83
bf073d14bf0ebf31
be043f94bcb53e56
bf4abd28becfbef0
bf61be613d9abf13
3ee2bdc53e26bf31
befebf05be56bfa2
bf0e3fe53e8cbe27
bdab3e11be253fa6
3fbabd6dbf973e21
3f94be6dbf17bea4
3e8abfeabf453ef8
bee8bcbcbecabeca
3e25bf273f09bf07
be143dadbdb1bf31
3e35bd8ebc4abde4
bd853dfbbcd53d4a
bdb63d9cbd1e3c9a
bd97bc613d84bd89
bd663dc3be15bddc
bc8abc9e3ca4bd1b
3c59bc6e3d423d0a
3d68bd983d093dde
3d92bdec3b41bdd5
bc7f3d2cbd7fbca2
3cbfbb993aadbd5e
3da83ce23d713c66
3c953df6bd983dcb
3cf2bc173dd5bd8a
be25bcbabcf33d34
bd003d983db3bdbd
3c973d8b3cb5bd03
bc0d3d9dbd733c42
bd7cbdd0bc9e3dc5
bdeebce1be7e3d6f
bd953d87bdfd3e5d
3ce4bc91bd883d97
3d013c23bcb0bd87
bc0b3d773bf53d53
3c88bbc0bd24be06
3d62bc2cbd123cc1
bd803e20be113e1e
0000000000003e90
3cc13d9fbd27bd19
3d693ce9bde23d44
bd923dafbd6e3db3
3d7e3da43d9e3d57
3d93bca83dc73e00
bd2cbe1c3c1d3d8e
3d613d80bc2b3c2f
bded3d443ac33dec
bba93e14bcdcbb6f
bbe63da23e533d14
3ddbbe213cd8bdb4
3d073de53bdd3d42
be053d9abd5dbc1f
3d123c26bda0bcd1
3d07bd083db9bde0
3d23bdcfbd95bd5c
3d57bdb7bd403c5d
3d4dbc913c8abc22
3d2c3c97bdaa3c39
bc32bdd0be043ce0
bd32bd26bcc43c6e
bb40bd7f3c7bbbd4
3da03b253cfa3d3e
3e0abba53caf3d1f
ba51bddcbba13d48
3cf7bcaf3d4a3e03
bd773ca2bd913e07
3d5e3d9fbc47bda8
3d033d9e3d3ebcac
3c70bc303d29bd0c
bdf3bd1fbdd3bb87
bc8a3cd33b663e17
bd013c633c6e3c8c
bd3bbdb63c0cbd73
bca33bb43cca3da0
3e13bb66be003c18
0000000000003f36
3c073e05bdc0bc9b
3d7fbe04bdd8bc8a
be053dcebd453c07
bde13d3bbd9b3d8a
be1dbda03d933cc6
3d8bbc9abd9d3d0c
3d80bd2f3de13e0c
bcc33d9dbd94bd77
3d5fbc66bd88bd99
bd38be263bebbbb1
3d953d033e6cbce4
bd04bdabbe323e59
3cf0bdf5bd91bd9e
3d36bd873daabdc6
be50bcc6be473d63
3dacbd2c3d443e3a
3db33c82be0a3dba
3d6a3d1d3e1bbde6
3ca73c7c3ddbbd20
be043cf0bdf8bd1d
bdfb3dc33d67bdfe
3dbbbcf2bb463cbb
3db93d833d7dbe3a
bd093d6d3c433cbf
3d0cbe223df83d3d
bdaa3bea3dcc3db2
3dd33b90bc6c3d96
bcfa3cef3c333d10
bd5bbdcebcd33c9b
bdd2bd77bd633db4
bd5b3d693cbebd22
bb1c3d2bbd55ba6a
bdc6bdbabcafbb81
bdc6bcf1bd5c3d1b
bd81bd79bb4ebe0a
3e523ddc3ca93e27
0000000000003e6d
3d093b99bc0c3d2c
3d3d3c343ca93d63
bd213d17b9fa3d30
3cd2bd38bd22bdb2
3c033e7cbd03bc88
3cf3bd26bc9e3db2
bac9bdebbc813e6e
3d9ebe023d01bc49
3dafbb70bd22bcd2
3dfebd2d3dbbbd17
3d2abde33e253df7
3dbbbe193cc4bdfd
bd4fbe153d9c3d5d
be05bd19bd643e10
3dffbd6bbdb53e10
3d5cbc633dcdbdb4
bb583dccbe703d37
be4a3d5abd243cf3
bcd5bcd93df9ba63
bdf43dc33cacbd28
bd49bd8ebc723c0c
bd5bbcc73dd0bd72
bd65bd67be243d81
3bfebd52bd58bd9c
bdbabe1b3dabbdb6
3e52be69be6cbe06
3d2bbdcb3ca53d01
bd94bda73c95bc0b
3a49be02bd863bdb
bd043cedbe453d9c
be03bd2f3d4c3e0d
3d9b3db93ce1bd42
bcfb3c043ca63de4
3d49bb103e04bd9c
bd123d8cbd883e25
3d95bcfcbd2e3e14
000000000000be1d
3cb3be083ce43d7a
3d0d3d043dd7bd81
3e52bd0b3e14bd1a
3ddcbd46bd77bd47
bb9f3c053deb3cf3
3d183ce13db13dbd
bd09bd23bc4cbe13
be19bdf8bd69be31
3b243b723cb7bcf4
3dadbd9c3d9d3de1
bb453d7bbdb6bc94
bd8c3e24bda93dae
bd813ca0bd84bd41
babc3dcabdc23d55
3e37be03bcea3d89
bc253c883d123b7f
bb483df0bd46bccc
bd243d3bbd11bd7c
3d8cbd2a3cfbbd81
3dfb3e253c873d38
3d6a3d8abc32bd22
bc3ebd25bd73bdd9
bc053d88bcd0bd9e
bc3fb9f3bcb03d4f
baf5be073d56bd68
3ceabcf13ccfbccd
bdf8bc9a3dcdbd1c
bdba3d4f3d423c9e
bcec3dafbcd4ba21
bcffbda13dd43e01
3d73bdd7bd49bd92
be173dd83ca8bd7a
bdcdbda83e64bdf2
3d7ebd913d803c21
3dc2bc823ce23d95
bd3ebd72bdc43d19
000000000000bda6
3d8c3d4fbc813db4
3d3dbd9a3dafbce5
3d113d13be493c01
3cecbd7d3d4e3c9a
bce23d87bd6abd97
3ba9bcaa3cb13c7d
3e15bd053ccdbda6
3d853e14bc69bd97
3da6bcd0bbd43dab
bdf0bd2b3df7bc91
3da1bd153daebb4d
bd2b3e083d77bd59
bc713d4cbd2bbdaf
bcb5bd6abcaabddb
bda9bdce3d4d3d48
bda13ca33d1e3d62
3dc4bd49bd8b3cf7
3cf9bd293d58bcff
3c7fbd13bcb2bbd4
bdfbbdb43db43ca7
3accbda4bd2e3ba2
3cae3d7dbdb53d85
3cc53b8cbdd13b58
be223d1ebcf4bd7d
3dc23cd2bd5c3d3a
3c4f3c863cd53d0a
bdd13d3d3cdebdf5
bdd53c973d093c44
bdddbd14bd663c33
bd533d41be7bbdad
3d913cae3de23df3
bc4a3e343d89bc0e
3d1dbc41bda73d6f
3c8e3ce43d49bdfd
3ddd3b01bcfabd07
3dc53d30be3d3c5e
0000000000003c85
3c11bd7d3e11bd38
3ba1bd0abc863dbe
3d3bbe133da33ad2
bd85bd77bdd6bd81
bcfa3dc4bd87bdd5
bdc0bd38bde33cca
be5e3ccf3e173d4b
bd8e3d17be07bd0f
3b9f3da03d9c3d81
3d293e05bd84bbac
000000000000bd7c
3c513e14bd0c3d5d
3dc9bbb6bb813e19
3dcabd1cbddcbcc1
bdd43e103da73d92
3c9abe25bc44bdc9
3dbcbe233d05bdb6
0000000000003c63
3d773e03bd633c66
bd91bd953e313dd6
3e6fbd39bccabb3d
bd3bbd9fbdbbbe28
3d2fbde73de3bd56
3d78be2b3dffbc8b
0000000000003d4a
bd203d8c3d1ebdf2
bdabbce1bc503d99
bd4b3d3bbd873ce6
3db03d5a3c3cbdb0
3da4bd033e2c3d7a
bda6bb513e0fbe15
0000000000003c7f
bd0e3df83de63d93
3c303a813cbdbdf7
bd1cbde83e3f3de5
3d7f3db13d953bf2
3e493d693cc13cb3
3d653dd5bde4be6d
0000000000003cd0
bc693d08bcf83bee
bcc53e09bc86bca1
3d13bb9bbd873c96
3da8bca3bd033df7
3dc63dc7bdb23de6
3c663e263df8be1b
000000000000bd71
3cfabd6d3e07bd0c
bd0b3d13be1bbc94
be063d833ddbbda5
3dc7bd88bd4b3dbb
3dedbe11bd063d5b
3e093b173c2a3d81
000000000000bd2d
be20bde1bc19bc25
be66bde63cb6bcb2
3e31bd913e2ebd27
bd053dbc3d24bd8f
3e093d1c3c96bd60
bd2d3ca03dcc3cbb
000000000000bd55
bd293d173d66be25
3e1ebd23be09bccd
3d9d3cfebd81b9fb
3e0d3dbbbd8b3d87
3c983cc33d643d9e
3d843ea13d0b3c93
000000000000bd1f
3d983e0cbcfcbcf7
3b06bd99bdc6bd28
bd10bd12bc2e3e00
bc04bda1bd0bbc1b
bdc73df23e5bbad9
3d793da4be513df2
000000000000bc14
3c353e0d3d47bb00
3d70bd93bc0b3d50
bb19bd483be6bcde
bd52bcbfbc9d3d95
3d68bcb23c633d87
be703e8cbdbf3df3
0000000000003c33
3c6b3dfe39a03de8
3ddbbcc03e1b3de3
3dbabd34be1cbd4b
bcdbbd763c90be30
bbf83df9be2cbdd2
3da03e3cbd733d97
0000000000003d6f
be34bcfebd86bd51
bd30bd143e1bbde0
be55bdd83cee3e90
3ddabdb8bd26bd4a
bda3bdee3a82bd60
3e2abd2abd30bd88
0000000000003a97
3d0e3e533c923d9f
3d8fbd8b3db4bd8a
3e7e3cbd3e14bc51
3e0a3c193e47bd52
bdb73e38bd98bd82
bd86bd37bc1bbd85
000000000000bd8c
bb753dc83d51be21
3d833c473bcbbc40
bdcf3d31bdbb3d32
3c7d3dfd3d9abde2
3cadbaa73e0fbdfc
bdea3e2bbd4fbd8f
0000000000003d8a
3d60be06bda3bdad
3dbf3d733df63e41
3d813d373e2fbd87
3ba8bcd6bc84bcea
3e163d1dbd6a3e06
3dfb3c173c4fbc58
0000000000003dff
bea1bd94bdfabe5a
3d203bbfbdfbbb8c
3e3f3e1c3bdf3bcf
3dd73d58bc073d8b
3959bb463dd23e16
bcc33c1e3e1b3dcb
0000000000003d28
be1c3d88bb5bbd9f
3d9fbe1fbe323d99
bdd8bd39bd98bd86
3c0fbe05bdf4bdd0
bcbcbdbcbdbc3c8f
3d313deabdf53d04
0000000000003ca7
3d483d74be013cd7
3c623dcebcf43d08
3e1f3d4fbcfebdc6
bd993c30bbf93de3
3c97be14bd853cd6
bd93bcef3dc7bd0b
000000000000bd38
bcfb3be4bd983d7a
3c6f3e5a3d0b3d78
bcd73cdfb98c3d8e
be1d3dc2bc623bef
bdb7bde8bcdcbdc2
3d44bb83bcc63e1b
0000000000003da0
3cd53e093d273d50
3dbabd623cc3bd90
bd2d3c4e3d223c85
bde03d81bc0c3c38
3e07be3abe233db5
be52bdaabe0e3d99
0000000000003d87
bd193dbc3d27bd7d
3c033d4dbd0e3e39
bd3fbd29bcaaba96
3b943dcc3c313cb2
3df0bd7cbd423c13
bdba3d4a3c1a3e51
0000000000003da2
bdd33d9cbda7bbfa
3994bd523d6cbdf4
bc68be673dc2be08
be29be1cbd233d83
bd4fbdc7be3fbb3f
3de7bb383b42bd05
000000000000bd95
3daebcd4bd013dc0
3dbfbd9d3dbdbcea
3b323d0ebcfbbe37
bcde3d6bbb8bbd14
3e09bd99bd83bd72
3d33bdaebda93d0d
0000000000003dbd
3d04be073cc2bd56
bc3ebdd7bcbdbcf9
be0a3daf3d6a3bee
3e173d183dc63bd1
3d703cefbe503de1
be403dd73e16bdb0
0000000000003d8a
bae43d92bd1cbb88
3d943c84bdeabe24
bdca3db73ddcbdc2
3db3bd4dbe723d1d
bd693ccdbdd7bd9b
3dcbbdba3e35bdbc
0000000000003d57
3cc6bd5ebd85bd1a
3d9c3e113e103e0c
bcd3bd0ebc863d1a
3db53ac33d7dbdb4
3d89bd653d80bd3f
bc803c91bdd5bdbe
0000000000003d5e
be1dbe1cbdcd3cc0
3d98bca9be063c2f
3da3be16bda73dda
bc6abe2dbdea3e06
be39bb5e3d953d11
3d283d0dbda83d8c
000000000000bd92
3d7bbcd2bd54be0a
3b83bcc3ba4ebdc8
3c793d0bbc403e1c
3d91bdf2be07bd91
3e703e0c3cc5bd21
bdccbc36bd133d63
000000000000bcf6
3daa3db2be02be7a
3db73e23bd9bbc11
3bf5bd453e3ebc81
3d74bdaebd1f3d55
bca03cd0bd3a3dd7
3dd9be05bca83ce2
000000000000bd05
3b29bd8ebd64bd0d
3d9d3d0bbb863c7a
be833e223d453dc5
3d81be01be16bc56
3da6bd37bcec3d79
bd813db83c9c3db1
0000000000003d96
3dabbdc4bd983d77
b8e6bdab3dedbd7d
3d39bcb13cf53c59
bd90bd103ddabbc0
be0dbd9739203d7f
3d473cdd3db53dcc
0000000000003e04
bdee3d5dbe613dd0
3dd5bcc53d8fbd1c
3e10bd6bbd8fbb0a
bd96bdbdbcf23dfe
3dd3bd7a3ca1bd11
bd5f3d20bbf33cc8
0000000000003d6d
3c49bddd3d8e3da0
be033b04bcfe3c19
3bf63d8bbca0bbeb
3dbf3d953dd63d61
3a9ebd02bd8cbe0b
bd013e123b73bd04
0000000000003bc3
3d6cbd0ebcaebd09
bc0e3e22bda8be08
bd1fbe333dacbda7
bddebe0bbbcc3cf9
3c713df2bc8e3ccc
3c42bc26bdb8be17
000000000000bd93
bde63d153c7b3ce5
bb4a3d783ea03dd6
bdfd3e0bbdc03e65
be283e0dbdf0be2c
3cd83d63bde93c9b
be06bdf33d52bd7a
000000000000bc16
bc9b3d8cbd783dd7
3d9a3d09bd39bcee
3b39bd563d32bcf1
bde2bde83e30bbeb
bd48bd103e1a3d0a
be0cbdce3ecc3f56
bc083f243f1cbe61
beb13e5abe4c3e55
be1f3e65bdfbbeb7
3e75bed4bf80be1a
3f023f3abe3abd3f
be603ee23e393eb3
bcc8be9c3e1e3e32
3e8abeb9be873f44
3f803d9f3f6bbf36
bc9d3f103f54bf2f
bfbb3c07be9cbe01
be673f3fbf04bf79
bd62be033f9b3f96
3e04bf5f3ed4bef1
3b9a3ed5bf29be8a
3ee0be31bf543d9f
bd8e3f02bea6be70
3f553f38be9abec2
bf43be3abcb33f3f
bf963f5dbdfe3f53
bece3ebf3eac3e82
bf5abd34be30bf1e
3f7fbff73f2c3f20
bed03e05bdf03e87
bd82be42beb6be30
3e8e3e31bef63f06
bf203ebcbdb03f8d
3e763f79becd3f07
be18beddbf733e0a
3f22beb7bf323d86
bea53ee5bed4bd68
3ed8bd51be7dbf0f
3fa13f83bf313ed8
bf553f03bfabbf39
bf083eec3e883c3e
3f20be863ed13f2a
3ea43e37bde43f14
3e7a3f1b3ef6bf14
3f67bf26bf413f30
bd843e253e923e51
3f3f3eaa3f0dbdec
bf33be9b3cc4beba
bef13e923f133e59
bd96bf9a3ebabf05
3e92beb53e723ee4
be35bddb3d9abd7f
3ea4bf143c9e3d89
bdcb3e363f723d6e
3f44be053eadbebc
3d713f2dbedb3ebe
bf27be2a3d82be38
bed5bea73dee3f11
3e7dbf193d64bf13
3dc73d9c3fae3f3d
bf2b3dc03f90beea
3dc93e90be033d6d
bebb3f53bd5e3e73
3ed1bf61bf0a3e2a
3f6b3e01bf853ec8
bf4f3d85bebc38f7
3e94be4f3f22beab
bf63beb1bde1bd04
3e4ebf0bbea4be6c
bdaebf8d3f81be1b
3eccbeddbe8a3ee7
bd2d3eac3e8bbe9d
be233f813eca3f11
3ec7be223e76bf53
bf2a3f653f85be88
bec63eff3e95be1f
be1d3f5abdefbf1b
bee03e85bddbbeba
3e62bf1b3dacbdab
3ebc3f51bdedbfa9
bcfd3e293e943e00
becb3ee63a823e84
beb73f123dbf3dcd
beaa3ea3be26beb9
3f12bec73f68bf1e
bdd43f11bd8f3e1d
3de8be123f9d3e0a
be9b3dccbf263d34
3f8f3f933eedbed6
3e423dd4bed83dc8
3e053ec6bef33b17
3bd43e7e3f453f49
bdec3ea0bd9ebf6d
3f4f3f69bf073cea
3f073f2cbfa43f90
3dcc3cae3d0b3d91
bc2d3d40bc7a3d77
bc1a3c2fbdcebd3f
be0abda83d42bd7c
3e003d80be29bd73
3d383cf23dc0bdbd
bdb53e563cb7bd7b
bb063da53d933d3b
3d593cfebd3abcba
bd62bd9c3d99bd79
3d0bbd623dff3c03
3def3ce23e03bd39
bce7bc563d0dbdb8
3d62bbfb3b163cca
bd9ebe03bdb03d7e
bc26bdadbd423d97
bcb13d063bdf3db4
bd8d3cd5bdc53d8d
bdeabd34bcf1bd7b
bd443baa3e3a3c05
bc86bda2bd54bb12
bd0abd07bdb13be9
bd0abc3f3b2abd3a
3cebba3f3cff3d83
bd2bbbebbd19bc81
3c61bb2c3cfc3c43
bd98bdefbe013ae2
3adebc273cf3bd6d
3d963cf93cf33dd4
3dca3d8abd3d3ddb
bc2d3d333cf9be0e
3c573c183d6cbb69
3d603cbc3c793d20
3d353c8a3db23d6c
3d783df23c5d3d61
bc963d8fbdb63e2a
0000000000000000
bdef3e123d16bd62
bde4bdb33d993bdf
bd2fbde1bd6a3cd0
bd17bc86bc47394c
bd3b3e1f3da13d4f
bb4f3e3d3e29bcd9
bb273c35bdc8bca9
3da83dafbd603dd0
3d153d8d3cb63d4f
bde7bd22bd22bdfb
bd80bdcd3da9bdc9
3c883d8f3cb93c3b
3e583d98bcc1be0b
3d8d3d873ced3d35
bc813d8ebdf0bdb6
3e1c3d3cbcf2be28
bd36be3abceb3de1
bda6bb613be03d2b
bbd3bd5dbd8d3d19
bda83ba7bdb03d85
3dd2bdf9bcfebde8
3e08bd5bbc87bdba
bd4ebbf8bdb8bd8d
3dd0be37bd15be34
3cb53e06bd9d3ddc
bd67bd7bbcf6bc53
3dc5bd26bd66be1d
3aa1bdba3dfb3d82
3d5bbde13c1abd07
bc793dc63d763c45
3e113da13cb3bdbf
3d64bbd7be07bdd0
bb95bd56bdc8bd4f
3d99bd38be0e3d9c
3d32bceb3d4e3d8f
bd843b03bc733de9
0000000000000000
be063e593d89bc32
3c973dfbbcb33b9d
bc6a3d05bd5f3d2b
3d743e263d3d3c26
3e113e163d1bbd65
bd69bd753d9a3bc0
3db53da23c4e3de6
3d8abd523d5cbd21
3c2d3d223ca53d9b
3db9bda83ce4bd55
bcb23cec3d173d64
bdc0bcf23dc7bc2a
3d213cebbe003d52
3c82bd953dd8be0a
3cadbd6fbca73d61
3dc9bdd0bd113ced
3d03bd42bc9f3d41
bc37bbf53d8cbc3d
bd193d6f3d033d58
3ddf3cd8bd4d3dee
bd6bbbca3bff3d63
3d383d963bce3b2a
bdf73da6bb8e3c96
3db93d7c3c31bdcb
bc393d22bdbfbb93
3d903ca33d983df7
3db73d6dbdb63da3
be15bcf23d9d3d6d
bdb33e03bd77bd9e
bd813cb33dc63b29
bd3d3deabe60bd03
be05bd443cd9bbf1
be1b3ca03b0a3de7
bd03bd293d8c3e16
3d0e3ccc3d1dbdb0
be2cbe31bd21bd7e
0000000000000000
3daf3c81bc433c54
baafbc59bd13bd63
3c90bdccbd293d0d
bd613b933d833d56
3bf53d27bc163da8
3da1bdeeba943d4e
bccc3e083cc93bb3
be433b5bbb0b3d8b
3ca4bb5dbd9c3dc4
3e1f3d5fbc54bdec
3ca43df4bd463cbe
3d93ba85bde9bdd1
3d243a36bcf7bdd6
3c5bbde43d33bd34
be0a39a8bcddbe26
3cdd3d443cee3d71
3ded3c04bd99bdad
bd5b3d683e12bde2
bc103db6bd2f3ca6
3dea3d64bb853db7
bd7c3d0ebbfc3d02
bd60bc66bdcf3d58
3d5d3cfebd3abde6
bdb93dbb3d353e0d
3c26bd603ced3d8b
bdaebe9f3a06bd9d
be123dc83d0fbe63
bca0bcd5bcc8bdc4
3d13bdb5be5c3d94
bbce3ce33c683ceb
bdc4bd59bce63dba
bd763d873d963b67
bd97bd0d3d00bd0a
bceabc7abdcdbd40
3db6be2c3c4abc22
3c3abe0fbd863cbf
0000000000000000
bc0dbcbebd6ebdd8
3e19bdd8bd8abd3c
bcb13caabdb0bd95
3c873d6bbcf5bd8b
bd38bd903c7a3dd2
3dd33dba3df23c92
3d743d03be0b3d06
bcf93990bda13dc6
bca23e04bc433ddb
bde1bd37bd94bc26
3dd63d87bd993cd6
bda43e02bd65bc93
3e2fbd273dcfbe19
be03bdf33dd33d89
bd0b3dab3d4a3db2
3de73d46bd263903
bd883d543d903d97
bc80bd763dee3d46
bd13bd93bcd53ce4
bd1abc8f3d8d3dab
3e313be73d24be18
bab8be12bc6cbcaf
3dd23c86bdddbb35
be2d3daabe46be09
bd34bd3b3da2bc0c
bdc33e1f3c963e53
3c6c3cf6bd2e3e04
bde8bd9e3c203dde
bdb63dbebd3d3e6d
3e01bdf03c2dbd47
3d21bcdd3db0bdcf
3d01bc283ca1be05
3dd5bde0bc0b3e0e
bde3bc28ba853d6f
bccc3da9bd29bdac
3e1cbde4bd1cbd45
0000000000000000
3d6bbd9ebbfe3e0c
3d62bd1bbd32bd85
bd243df8be063e79
3cb2bce63d4ebd04
3e86bc5ebd8c3cff
bdda3e17bba63d31
bc87bda43d933da7
bd5c3c99bdb2bd58
bd5f3d2cbdb83dd7
3cad3d033dd7bce4
bcb8bbc93bcfbd9e
3cc73dc33d7abc76
bd5a3dc3bd7e3def
3b223df0bd2a3c25
bdf73e013e25bdde
3e78bd69bdd4bd8b
bd4d3d61bb06bd88
3d803cf23dbfbd8d
bcea3cbb3e2dbc78
3c2c3ce5bd6f3dad
3bfebc9a3d41bdff
3e02bdbbbe293d4d
3d9ebd63bde23e22
3d78bdd5bc893e3b
be333e01bd45bd95
3db4bb623d7bba91
3b873d3c3c91bdff
3d05bc233c42bdb4
bcb03cc53c043d84
bd1bbdefbdb6bce3
3e2ebd50bd92be8c
3cc4bd62bdcabbe3
3b2a3d94bcd2bdd7
bd75bd4e3db93d55
3cc4bdcabcf9b9ed
bd913cb23e21bcf4
0000000000000000
bcb03d45bcc9be25
3cdd3d92bc8e3c5b
bd5abd6abca53a81
3d903d083b773d8c
baaabd7ebc6c3bad
3db4bd90be373da2
3e233d273e11be04
bdbf3d893d6c3dbe
be2cbe2bbdddbde0
3e12bce7b9f3be04
bc8f3ccebd1b3e5b
bd82bd4abe4c3dfd
3e113e47bc173d82
3e4abd7cbcbf3c1c
bc9dbe32bcdbbd89
3d823dbebd91bcfe
3bd2be02bd4b3caa
3df83db8bd063daa
3da8bcc73d823df0
3cccbe253cd8bd39
bc8e3d09bd89bc0f
3c2e3d5f3d803e1d
3d96bdf7bb1a3e22
bd833c3bbd32bd82
bdaa3d84bd12bba8
3d86bcabbd01bd86
3d40bdeebd633db2
3d94be173b633e04
3d583d15bd50bd9b
3bc7bcabbd993d43
bcb4bca7bc953dcc
bd09bdd2bd11be0d
3dc43ccfbd1f3e06
be033c46bd58bd86
3d3abe2b3b813e1c
bd33bc733cbfbc64
0000000000000000
bdeb3d8abdc13de2
be39bdd43d0f3dea
3e49bd2f3d373cb2
bcd23da9bc6ebdcf
bda6bcd23d92bd88
bd333ddebae6bd83
bdd73d2d3d8dbd07
3e4dbc7fbb273d87
3e58bc0abd3dbcd6
3a493d64bbbcbe68
3dcebe373d6d3cfe
bb6e3d2d3bb13d7b
3c503ba83bb5be0b
3d97bde6bdb23dac
bc95bc9ebd9bbcd3
3dee3c053e123ce3
3d97bd323b4e3d6c
bc423dd03d08bdfa
3e25bd8bbd5abc65
bc203d603d883d1a
bdb5bb8f3d1ebcd4
3dae3c413de3be14
be3fbd8e3ce93de2
bdecbbfebb963da6
be83bda4bd183d3d
bd993d0abca23c1a
bdb8be143d49be14
be2fbc5a3d5abe0e
3d5a3d8f3d51bd16
3bb03cf1bd74bd2e
be5b3d7dbd4bbc9a
3cfe3cb4bd443c5e
bd673d1fbda23e47
be18bc97bd22bc46
3e24bcedbe1fbd85
bd3bbc87bdb53d18
0000000000000000
bd483cbfbc3b3d27
bd863e11bd863da6
bd283df33c71bc7a
bdb43d0b3d3ebd07
be013d81bcbe3d1b
bdd43b68bd4d3b8d
3a99bd923e113dc1
bd443d673d443e19
bd2f3d23be16be20
3d923deabd943dcf
3c82bd2a3d61bdd2
3d3b3ce03e16bd4c
bcd9bd15bd023d30
bbef3dc6bc433c41
bdba3c013d38bcc6
be2cbd8e3dd93ddd
3d273d233bf1bcd7
bd7d3a9e3d103c20
3d823d243c84bdbb
3cfabe133d063d43
bdda3db43a64bd5e
3dfebdf03d323b8a
3d35bd013cddbd27
bd5bbd7cbdb93dac
3d2b3c11bd5ebdcc
bc19bdd3bcd8bcee
3d6c3d8a3b703bba
bd0fbdaebcfabd6f
3d66bd76bdc9bdb8
bd873c403dd9bd2f
3e003c9dbdeb3cb9
bdc6bd36bd3bbc0d
3c323d23bd4e3909
3da03d3e3cb13c8a
bdab3ca83db2bd09
3d683cb63d8d3dbb
0000000000000000
bd013e263dcebd67
bd753d963da93b19
bc9abac0bdb8bd6b
3bfabd69bd42bca2
bd8abda53d093d2a
bc3c3d173b61bd95
bcf7bd013e3a3d11
bd4e3d973c9bbd7d
3c35bcf4be05bd0f
3ca33d86bd423de1
be073decbd353b8f
bd9fbd8cbd83bd7d
ba993cda3c573d54
bd5b3d54bd3cbcb8
baac3d2cbce03b8a
3c8a3d393d29be6a
bd1e3db13d3e3ccd
bd293dcdbdf0bd92
bc88bce13c13bd22
3d223cd7be393cc4
bdd83df1bdc1bd1d
bd24bd4d3c9b3d43
3d1abd16bdc8bba4
3c2d3daa3e31bd79
bd883c9bbdefbca3
3cd0bdbbba383ced
bd9d3d92bbe5bc9f
3d68bdde3c73bd01
bde03d583dd3bcbe
3c6b3de43abdbe25
bd5bbd863d633c44
3b7d3d4cbe5e3d65
3c92bd98bdec3d9c
be3f3e0f3e12bda1
3d0bbd9bbe0f3cb4
3d4bbe16bca73cf4
0000000000000000
3dedbbf43cfabe29
3e5cbd6c3d7fbd45
bc1fbd903d6b3d15
3e6e3e893d173cad
3bea3e363e23bca3
be8dbcd83c403e0b
bdd4bd9d3d92be51
bc72bdab3e0ebd5f
be1cbde73d8b3c3e
be543d163de93e2c
0000000000000000
bd80be11be453d84
3d3a3d983db1bba3
bb543ddcbd673cd9
3ce23dfd3e27384c
3d863d9abd39be1a
3d8dbda5bdfbbda1
3d05bd68bdb03d58
bdc03e4ebd4ebd7c
bde33ddf3cfb3bb4
3df6bd82bd893e09
0000000000000000
bd3c3d8c3cbdbd25
bdbb3daebe68bda1
be243e353dce3d96
be51be233dd2bdb8
3b1dbd93bd6bbcb9
3d883ca5bd8abdba
bd45bce73e70bd3f
be663d60bdcc3e2e
3e053dcc3ce7bd1b
bcd1bdcd3c34bcb1
0000000000000000
3e54bd5bbe1a3cd8
3e6e3dd23d97bc7c
be7ebd20bdb33ccf
3cb83d723ea43dff
beb03d8e3d33bd37
3e14be2dbd0fbd84
3de03e3c3ce83da7
be7dbcad3d6a3e46
3cf0bd45bd07bd4c
bd933d7dbb0c3e1c
0000000000000000
bd603dacbd8fbd94
bdb6bd50bd41bcac
3b90be1fbd2bbdbb
3dcb3ded3dca3d4b
3df9bd063dbb3cce
3cdc3e1f3cb2be4a
3d953e193cf9bd9f
bb7b3e393da7be0f
3dfd3e39bc6e3e85
3dbbbcd0bc3b3dbd
0000000000000000
bd703ce2bace3e98
be25bd9cbe353e14
3dfc3d5ebd11be58
3e243d0bbd853e5e
3d38be293a5f3d79
3d2a3d093d8b3da1
bd2a3d503c583dc4
bca9bd0dbe5b3e2f
bde13d7f3dc33e00
3d6ebdf63d53bd36
0000000000000000
3e23bd0cbd96bda0
3d49bdab3e1abe2e
bd2c3d353e28bda1
3c8b3c4abda43dd8
bbebbbb3bddabc79
3dc73d033d30bdcf
3adabe14bcffbdb1
bdebbd713d6f3b9a
3d2bbd40bcc0bdc2
be583cf7bdb43dde
0000000000000000
3dc03d6dbdab3c70
3d81bdd73ba83b06
bcdcbd86be24be73
3ce13e143c853e28
be543d95be713dfc
3dbb3e0f3e80be32
3ca1bc403d0cbda9
bc10bdad3cc93d7a
3d5fbe12be1dbd3d
3dabbdab3e0ebe2a
0000000000000000
bdea3dcbbddfbced
3d07be41bd3c3d97
3da63e503c9dbdd2
be3c3d0bbcc33e36
3d4cbb07be4b3c67
bd25bd063e44bb46
3c2bbd0bbe94be0e
ba523d6dbd88bd53
3cb43c453e12bdc6
3be4bc70be11bd2c
0000000000000000
3d24bd4ebd623deb
3eabbded3b42bd39
be053ce9be16be01
be3bbdd2bc413e92
3d2cbb743db93e58
3c243cb53c673dbb
bd763bd2be643d46
3e5a3dedbdffbe09
bd22bd99bd24bda9
bd59bde5bcdcbe24
0000000000000000
bddebdc73da5bde9
3dafbd203db93e0e
3df03d6dbe413cbb
bdedbcd23e50be17
bc9b3be93e33bdbb
bd26bc943d613dd7
bdc3bcda3ce7bdb8
bdecbd863d79bdc3
bdca3cf1bdf8bd0a
3e4cbcc7be5fbdc1
0000000000000000
bcba3e313d153d9a
3de1be013d053dde
3e99bdb23de93df8
3c953d0abdf33dd4
bda03b83bc9cbc6b
3d093ddbbd913e44
bb0d3d5e3dd43d44
bd68bcad3d4ebcab
3d0ebdf63d23bdd4
3e20be33bdaabd60
0000000000000000
3d673dd43d903d99
3d723d04be293e2b
3e133c4fbd76be01
39e7bd31bd15bd5c
3cabba013e243dfc
be433dc0bd58bc9d
3e463c8d3e2e3d86
3e313d6cbde83aec
3cb4bc4abe523e17
3d843dc33d0e3dcd
0000000000000000
3cdabe313dbcbe2f
3c8ebe303dd8bd90
3ec33cff3d0ebdc5
3e57bdeb3e233d2a
bd65be5d3da8bc81
3c953e093d833ca1
bd933e2b3ddb3de1
bd0ebce0bbaa3d1c
3d993de1bc22bdec
bdb83da4bd5cbd9c
0000000000000000
bdac3c653dca3cd1
3eb7bd073cd1bdc4
bb853e17bd2bbbc5
3d803e2e3d2fbe7f
bd5f3cbdbd8cbd87
bba33d22be5cbddb
3d37be893e323d9b
3c2cbce0bc7fbc81
3d8b3c843dcc3dd2
bd91bdbbbdd7bd4a
0000000000000000
bd09bc203cf1bdce
bdbebd993b593cea
3bd53a9dbe4fbce9
3e403e36bc01bc92
bcdebebc3d983c49
3c6fbd9f3d53bcff
baf23d9ebc23bdf7
3d43be50bc9bbd53
bdf0be62be863d63
bdc0be2dbe01be0a
0000000000000000
3e363d273dd03d70
bcd03db73e083dd1
bd60bd8d3e3fbd3f
3de43d8abe84bc9d
be7cbd833e73bc07
3cd3bc58bd89bdaf
bca03d7a3e26bdfd
bd98bdff3c72be09
bd10bd83bdf43dd2
3e6c3da53df1bd72
0000000000000000
be2f3c223da2bd0d
bcb53decbdea3cfd
bd2bbd0bbda53d8a
3d5b3e943e883e83
3d00bccc3b19be6c
be893d64be8e3da7
bdb5be3c3e3e3d8d
3c71bb4cbc573caf
3c993dc63da7be8a
be0c3d88be0f3d89
0000000000000000
3e1abe413dc6bc2d
bd8e3aa53cedbd64
bde9be01bd37bd9a
bc92bda2be0f3be1
be323d76bc76bd28
bce2bd79bd1e3cda
be8d3d213d9bbdff
3dc03d58bc3d3dcf
be25bdab3d8b3db1
3e54bde83bb43cfe
0000000000000000
3e0f3d403d193d53
3e2e3e373d8f3d0e
be60bdaabd2c3d72
3e31bcbdbcab3dac
3d37bd603bac3da5
be023d7a3d6b3b07
bdca3d583dffbd3c
3e743d153dd93bc2
3accbda8be52bddd
3d4abd4ebd7b3dd4
0000000000000000
3df93d463d1a3e50
bd1c3c80bea63e20
bd62be20be543d56
be2e3d67bca03e38
be143e343ca13e65
3cadbb2fbe6b3d79
3d1dbc3a3e4cbc0b
bcb6bd9eb71c3e1d
bc34bdf2bef93dca
3db33db4bd283dc3
0000000000000000
3dae3d95bd91bd5b
be7d3d873e9abdff
bc72bdc23d63bd51
3e5fbdbbbcbdbdd3
be91bd9dbd85bd35
3e893e573d8f3dff
3cfb3dcdbc99bc1b
be6fbe5a3e6cbc80
bdb73db53dbb3d31
bd8c3da93dabbd21
0000000000000000
be033e553e19bd73
bb313cd7bdc0be0b
3c5bbe093dfd3b82
3e023c603e7c3d45
bd0fbd863e31bc03
3cfe3db63dea3e4b
bc313d54be7abd9b
bdc63ca13d923df4
bc4fbd2dbd643c7d
3e3ebe923de3bbb7
0000000000000000
bd2f3a85bdacbe07
be623e1e3e293e4b
bdebbdc0bcd3bc55
3c39bb55bb9abb0f
bc8d3e30bdfc3df6
bc9cbe0fbbae3e06
bd6fbdd93db8bde7
3d70bd933e713cd6
bdd23d4f3dc7be61
be0a3da9bd90be1e
0000000000000000
bcf0be013d983dae
3db33e2e3dd13d9d
3e0bbe3e3db13d4a
3d89bdae3c8e3c60
3dc4bd793d8abb7d
bb84bcf9bd64bde3
bddbbde1be7a3e26
396fbe0c3ddebdc1
bdeebc463cb33c21
bdc2bd71bd82be08
0000000000000000
bd59bdd4bd4ebe3c
bca8be543cf8bb9e
3e073e263db3be17
be933c4abd463cc1
bdcc3e253d2f3d3c
bdf33de43ab6bc97
3e1f3e823cdc3e26
3daf3e043df3be03
bdd03d70be053cd1
bd88bd2c3d99bda9
0000000000000000
3e133d0a3d71bd90
3e0ebd873dcabdd0
bd65bc9cbe1dbdd6
be00be9f3e603cd6
3df53d91bdc7bd60
bd833e0e3dc7bdbc
bd603d323d38be03
3dea3e34be04bb1a
bd023e773bc43db5
be203e37bd81be18
0000000000000000
be11bdc5bd5abe09
bd853b9f3b07bc49
3c4f3dc23ea4bc79
3cac3e613e373e03
3da63d4dbdcfbece
3d8fbc5d3e4b3e1c
3e08bca23df23e16
bd6f3db83cf63a52
bdd3be1a3d7f3e4a
3ca8bc7c3d63bdc2
0000000000000000
3b803c6d3d7e3d44
3dd2bd72bd773de4
bd773e183d87be37
bcf9bdd03e2cbe7c
3d433dd53e0a3d25
bd573bd9bdea3d86
3c883cc7bdcabd8e
bd973d1d3d843e73
3ce43dc33dfa3b12
3d9e3e143db33e62
0000000000000000
bd0cbcf03db43d25
bdd73e02bcfc3d78
be29bd883e213d5d
bdde3e0fbda6bdb6
bdab3e24be79bea4
3e56bdb53bf73e1c
bd363dafbc363de9
bbcc3d4c3beebe1d
3e02bb983d17bd01
be253d0f3dff3d81
0000000000000000
be9e3dfd3c053ca1
bdd83d623e17bcfe
bd913c663d703e13
bc48bd51bd7ebe0f
3dbf3d09bdcb3d28
3e1ebe4abdcbbd4e
3d213d4dbba6bdac
bcbf3d923d6abcdb
3da93da5be0dbe79
3c593e22bcd73e71
0000000000000000
3e933cabbd173bf5
bc1e3db1bd733de2
bcc73da83d783d89
3e3b3ced3d8c3e33
3de6be293dc23e17
bd323e70bdccbe24
bcae3d46bd983c1b
bdd8bd53be0b3e21
39603ced3e673e05
3de5bd623decbe01
0000000000000000
3e3ebde7bd923ca5
3e29bdbbbd433dbc
bdef3c9fbcf93dab
be59bc6ebd14bd52
bda1bcd3be01be13
bdffbaef3d853e34
3dcd3dbb3d313d49
3c4ebd85bc163e4e
3d1b3d8b3e5ebd84
bc983dae3c8fbd40
0000000000000000
be0ebd28bd82bd6b
3e0e3cd03e013e2f
bde63dd13d983df4
3e153bf33dcd3e03
3db93da93db93daa
bb22be363d2ebe76
bc81be233e2c3d8a
bdb3be9fbd8e3de5
bd3abd8c3db4be08
bd08bd633ddbbe38
0000000000000000
be23bdb0baaf3dce
3d983e023cffbe2e
bc83bd25bbe53e4b
3dd93e4bbd273e90
bde6bd28be653e7d
bd27bd9c3ddbbe2b
bc373d82be8b3dd9
bd87bc893dfdbdc7
bcacbd5e3e263d28
3de1be06beaf3d93
0000000000000000
3df6be9e3d47be17
bde23dc23d063dc2
bdb73e103d8abdf4
bd173de4bdadbdfb
bc85bdc73d513e36
bd903e0cbdd33d0a
3d573e453ea8beb0
bd863e093e583d78
3e1cbc553d823dd7
bd86bd8f3de73e49
0000000000000000
3c29bdf6bd8f3d06
3e11bc06bdf6be35
3dd4bb5ebca6bcb5
bd10bd70bd4abd9b
be213d6dbd0e3d48
be2b3e10bb883cd4
bdfabdbd3e353e0d
3d2cbd683d10bd1a
bd91bddd3df43bf0
3d01bd8d3d10be0f
0000000000000000
3da1bdf73d5f3e25
be243d83be583ca7
bd35be9cbc2b3d86
3d3b3dc9bc8b3e45
3d813e2f3e983d30
be493d98bda33c1b
3e1abe123de53936
bd8b3d703d99bd73
bcbabcebbdeebdc6
bd8b3c94bdef3dae
0000000000000000
be07be1abc7d3d0a
bc54be38bc0e3e66
3bf7bd71be3a3e2f
3d973dd5be03be1a
3ca3bdf33e0d3d24
3dec3d98be31be23
be50be063e0ebdf9
3d533dc13de7bd78
bd883deb3cd13d44
3cde3da23c933e29
0000000000000000
3de0bcfa3dcfbd3a
3ca63d1fbd7bbd5f
bd453e96be14be05
bda2bdf1bdfe3e89
bcb5bd873d2bbdcb
3de7bd85bccfbe33
3c3dbdc4bdb2be08
be0fbdea3e52bdf2
3d88bddb3c95be05
3d4f3d6abcc63d9e
0000000000000000
bd8ebd7a3d28be04
3d92bc843da5bac1
3e343cfa3d0c3c7e
be163d153d833e0f
3e0fbdc73cc33cdb
be01bc40bd983eaf
bd703d993d99bcf1
bdbfbd523e253bed
3e1b3e5e3e433e0b
3e02bcbc3b4b3c1a
0000000000000000
3c8ebe0b3a233e28
bde23ca13dc53d8e
3e10bdc93d043c9c
bd95be353d3d3d4d
be1e3d0cbd343c8d
bd473e06be3abd14
3ddf3b703dbabe30
bc973d2ebe493db8
3d83bda0bc843d13
bb97bd8cbd17bb78
0000000000000000
be2ebe133cee3d2e
be203c21bd613d17
bc933c8f3d433ccc
3b2c3d873e703d6b
be1f3c813e42bd39
3e58bd6f3daa3c65
3cd0bd213bd23e28
3d80bd9e3e7fbdb7
3befbe55bdb7bd83
be093da0bdda3d4e
0000000000000000
3c7bbd5c3cbd3db9
bd6fbe4d3c86bde5
3e063e66bd55bd57
3d3c3befbdb63e73
3e61beca3dadbd37
3e0d3cd23dc0bd08
be4ebe233c8abd19
be18bcf73e55bd7c
be4abdc13cebbd02
bddfbdaabe58bc1a
0000000000000000
bd4a3d8abd4cbd9e
3d423e2d3e4b3ca1
3da1bdb33d9dbe88
3dcd3e4cbdf0bd54
3dd83e0bbdbf3b40
3df93d9dbe033d34
bd69bd9f3c42bca9
3db5bca8be20be31
be16bdbbbe1fbe10
bcbf3c6c3b293c8d
0000000000000000
bd0bbca23d9cbd9e
be1abd8cbe26bdc4
3d47bd16bda93c50
3e693da2bddb3dd2
bdd43d953e473c42
3da3be45bdbf3d52
be53be22be813d1a
3d9b3d1f3a13bc83
bce5bca8bdacbe37
3d2abd993c95bbcf
0000000000000000
3df8be2ebda4bde0
3e81bd64bd923dbe
be8f3c33be10bb28
be1f3a55bd853cb5
3dd43b32be453da9
be403d8bbd84bd2d
be053e69be353e29
ba04bda33e08bd11
3e14be013c0cbd86
be2e3dca3d583cbf
0000000000000000
be0a3e6c3e4b3c64
bda3bd813b4f3c8e
3d79bd123c373d81
3cf8bd9bbd7c3cf3
3e4e3defbd60be18
3e073d78bd713c0e
3e053bf3be103cb3
3d013dd63d4cbd8a
bd53be1ebdc2bd67
bc673c9f3e11bbe1
0000000000000000
3d213e963e4a3cb9
be803e813d503e87
3de4be9ebdcd3bff
3e5c3d063e2e3e0b
3dfc3da63ba43e73
be623eb23dbf3d60
be263ddd3e1fbd47
3ddb3c053d9b3dfd
bdc7bded3e003d1b
be0c3f163c233d32
0000000000000000
3dee3c8bbebabe14
3d263e2d3bcebde1
bd40bd1cbdbebe05
3ca7bd76be07bda1
bc7ebc45be6e3d5a
bbfc3e1c3c96be05
3e33bd85bc80be0d
bd693cfcbcf73e20
bc393d983e7d3ce0
be233bfa3d003bda
0000000000000000
3d3e3dbdbd22be5b
bdcabdec3dbc3cd5
3c82be0abd43bce4
bd0dbe0ebdb83e3e
bd193d363e1d3d2a
3d8abd173e213e24
3da53c15bc033cfa
bbc5bbf8bddebde3
3c6a3de0bdef3c7b
bd1cbe0d3ced3dc9
0000000000000000
3cab3dd9be2d3d6e
ba5f3d283da8be63
3c203df33d9cbdfe
bd4b3dc63ccbbd9b
bdb1bddebd51be12
3d4e3cd23e463d27
3dd83d613e37bc8f
3dafbd97be083d14
bdf43d55bb383ddf
3caf3e243d13bcd9
0000000000000000
3dbbbcbf3e033e4e
3d73bdbe3dfe3e76
3d1ebdbcbdb4be06
bcc13d993b8a3dc4
3e2e3d51bd3f3e48
be05bcfd3c363d8a
3e653d923dfc3eab
3dbdbca5be5bbdae
bd023daebdb3bd57
bd4b3dccbd8abd2c
0000000000000000
3d12bde6be3ebc9c
b9e43d153cb1be36
bd81be1c3d38bbdb
3dd93d313e04bd1d
be283e133e153e95
bd393d3c3dd13df9
be9ebe163d083bcc
bd7abd053d9e3d1d
3e343dc93d2c3ca4
3dffbdfb3d143cf7
0000000000000000
3dd1bd12bd813ca6
3c733dce3d3abc58
bda7be50bcdfbd38
3d033d9bbd09bdbc
3ce53d693eb63e52
bb0d3e52be423d4d
3e1fbd00bcd93e2d
3d02bdffbdcf3e19
3db43dcfbc893e03
3e9fbd47bb15be6b
0000000000000000
bdc4bd353dffbd10
3ae1be0f3e923a26
bdc63dc3bcd5be10
3deebd41bc093cba
bde83d3fbd583d13
3d84bc84bd153d90
be713d993deabd30
bd65bd3abcd939f0
bdc43d473d973db4
bd9fbc75bc51bdca
0000000000000000
3cda3e0abd77bbee
bdfb3de93e08bdea
3ba0bc8cbd11bdfe
bd9b3b0f3e463e25
be123e303c87bc2e
3c2dbe1a3d27bd8d
3e113cdb3e883e01
3dc6bd663d3ebe1d
3bc0bd1abdc6bb21
bdf5bd0cbd233d9f
0000000000000000
bddd3e053d05be28
3e863df3be03bdb2
3e0cbca33cd8bd03
3d0dbdf9bd1c3acc
bda03d933d113dc1
be113cc23e423db5
3e47bdc33dc5bda2
3e8c3e4dbda43daf
3e593de33d89bd1c
3da6bd9b3e033d8a
0000000000000000
bd193d243e833e0f
bd4c3dd73e383cfa
3d433dd5bd363cf0
3c71bdb03d873c28
3e01bdccbdf93ddd
3d9ebcccbbe23d39
3cdb3e9e3e0c3dd7
bc8f3dfebde83d80
bd9ebdc0bc2abd82
3d8ebd983d8abe79
0000000000000000
3d2c3da7bdfa3b54
3d7abdae3d0fbbc4
bd1f3c8ebd9ebcae
3d9f3e10bdcf3c65
3dc73db03d7abdc1
bd61bda63db73e02
3b8cbd39bd9f3da5
bdf0bda2be833dc0
bd1cbc8f3d013de4
3e063e193d8abe3f
0000000000000000
beb54029bfdfbe77
3b9d404bc01b3f2e
3f89bfdbc018bebf
bf99bff4bfdf3fb9
3f08bf513df13f18
3ef4c002bffe3f99
bf92c0b0bf2f401d
3d69be0dbfa63f67
3fa4400bbf9ebfc2
be4ebf5c3f194064
be163d693d643f4e
3f64bda23dffbe19
bec23ea5bdb73e4e
bfe4bfef3fdb3fad
bf4b3f24be953f61
c01a3db1403bbd1e
bfbe3efcbfe03f21
3f473fa6bf2abffa
3fc2bfab3fcfbfbf
be64c005c005bfcf
bf3040913f7cbf76
bf664009c037bf33
bf514060bfb5c05d
3fd73fd2bfc03fe0
bef23f1bbff33fd0
3fdabf283e14bfc7
3e96401dbe314012
bc0dbf903fa2bed1
bfb2bfb1bfd83fbe
3f2abf7cbfb8beae
4021c078c0293eb1
bf9bc043bfd83e44
c082bda7be3040c2
bfd0c002bfc5bfcd
bf40c0473f27c031
be8a3f7f3eafbfda
be843eb83cdd3f7d
be85bf603f2dbe55
3fc03fb9bfb03fd3
be643f223fc23fad
3e47c00abf3a3fa1
bf84401bbf47c042
bf3f4092bdbe3fc0
3fccbf92bfcb3fce
bfcb4019bf873f09
bf073f6240053f11
becdbf414096c040
bf5b40423e9dbf28
3fbb3fdf4007bf9f
bfb13fef3fe73f5a
3fe1404c3fdebd9a
c0723f243dae3dfa
be9cbfa2c08ebf15
3fc0bfbcbfa73fac
bfb63fb43f443f2e
c0cfbf393e8cbf34
40d33e26c01c3e8e
3e5abfa7bf1b3f9a
bffb3fb23fcc3fc3
3f95be01bfae3e0a
3ff5bfd63e7b3ff6
3f7ebff2be8abf57
3f1bc083c0013e0b
3fb33fbbbfb73fc4
3f3c3dc63f42bede
becac0363fb2bf63
3eb3c000be82402a
bf214014bf7fbe84
bfae4000bfd53fbb
3c383e6abf0fbf02
bf1cbf493f91c014
3f9e3f0140703edd
bf9fbd8d3f10bcdf
3fc43fcabfddbfa2
c0743f0ebe493ee9
bfb83f9f3fd03f42
3e5dc020bece3ff4
be34bfea3e823f06
3fad3fb43fd73fbd
3f99405dbdadbfd3
40153ecc3ed7bf19
bf263f93400cbe1a
3eadc0303f3d3ee8
bfa63fa1bfb33fde
3e893f843d003e97
401ac023bfb44034
3e3cc0793f45bf92
3f9fbfdebf1b3e8a
bff33fbbbfcfbfc2
c014bf0e3eadbed9
3f78bf4f3dc33f73
bed33fd03f303f64
4061c02a3e65bf92
bf9f3fd83fc7bfde
be5e4024bf563eb6
3ee63f99407b3f8e
bed8bf60c0823fc5
bfab3f1d3e5bbe89
bfeb3fc8bfd0bfa8
bfbe3e95bdeebf83
c02a3e95be423f2f
bee33ec53fca3f8b
401a3ff33f313f8c
bfc9bfdb3fc53fca
bf213d02402abec7
bfd2bf07bde23dfe
bf38bf53beb33f1f
3ee5be66be36bf68
3fb63fe6bfc13fc7
be84bf78be97bfff
be2b3cf13e9f4067
c0053f10bf72bee5
bfc2bfa63e7e3e3f
bfa6bfc03fc8bfa4
bf2840223f9abf0a
3f0b3f563f5a3fd6
bf183ea9bde03fb1
3d8bbefdbdfabe11
3fcbbfbe3fbc3fe8
c002bf2f3f17bf1a
3ffd3ea4c0023e3b
3ee9bf0a3f543f91
40243f5c3f09bf21
c0083fc2bfe5bfbd
bf1dc0543e2ebad1
3f02bf77beb44008
bed33eb83f34bfd7
bea04005bf37c0af
bffcbfaabfcbbfbf
3feb3e284021408c
bd1bbdd1be87c007
c0264040bf86bf41
bec3bc31c04b3f8c
bfdabfc5bfe3bfd0
3f17bdf74041400f
3e9abf553f873f9d
3ea9bfb2406b3e7b
bf9d3f5abf9cbfa2
bfbdbff2bfbc3fbe
3e433f69bf3cbe9c
3f0e3f5dc055be31
c00fbf39bfa83f0b
bf84bf0bbddbbfc7
3fbfbfc5bfb23fbf
bf603f61be903f45
bffd3ef43f24bf22
c003bdd9bfd03e30
3dd1be0cc052bf12
bfa93fb3bfc53fda
bf2e3f34bf9a3f97
3ce13d73bd29bcbb
3c80be183ddbbd63
3d4fbd843c7b3cdd
bd75bb28bcb9bd08
bd50bd32bca8bd19
bc4c3cc23da2bd18
bd223a6e3c663a92
bc9e3c1c3b87bd8a
3d76bb303d303b9e
bc993d9dbd373c87
bd85bd8e3ba3bca9
bda3bd01bb143d07
3cc1be04bca83d76
bc66bd65bc193c82
bdda3cb83c723da8
bd803cb63daabdae
bd853b263d073b84
3d0bbbb5be143b4e
3dc53c09bc4c3cc8
3c963d223b9c3d8a
bd05bd01bd2f3d7f
3cbbbdd53bd3bd59
3d66bc7cbc29bba9
3d76bc59bd853d83
3a6f3c94bd9ebc93
bbb83d03bd51bc88
bbbabcc6bcd3bcfa
3d41bd243c34bcb6
3d82bcddbc703c59
3dcfbb9abe03bdfb
bd01bd2a3b693c96
bc983dd3bdafbd6c
bd36bcdfbd4bbd28
bd7d3dc03c0ebd9e
bcc73ba1bc303c96
bd163d3e3da2bd41
bcf4bac83dce3d84
3cdabd833c48bd09
3d81bc10bb4fbaa2
3cedbcab3d1b3cee
3d99bd843db6bd22
3b063c3abe003bd0
bd46bc863e053cdb
3d9abc72bce73d1c
bc483c863d6c3d25
0000000000003ea4
3d19bdcc393e3d8e
3d3dbd283c08bd4f
3d2bbdcabe093c8a
bcf83d053acfbcc6
bce5bcb83d02bbe0
3bb8bd8bbd17bbc6
3d49be0e3d1c3e0e
bd903cbfbcfd3cde
bd97bd80bc14bce5
be0abda6bd53bca3
bd4e3d213c273c35
3cb43d96bd86bcec
3d07bcaabbfd3d06
bdeaba5dbd833d1d
bd9bbdd4bca2bd3e
3d343d05bde1bdcf
3cae3d16bdfd3d10
3cef3dbcbdf7bd84
bce8bda7bcfbbd10
bd473d03bd19bda8
bd98bd1c3d623c4c
bcf73d99bc383c51
3ca83c1f3d8cbb91
3ce5bd3b3dda3cb6
3d873c553c92bb48
bdf3bd9abd0e3d38
3ca5bb403c753db7
3ce13d52bda03d9a
3e03bbf93cb83cbd
3d5abd683c8f3c20
3c05bda6bd203c98
bc45bdf63cb83b78
bc98bd523c4d3e0b
3d2fbd3c3d3cbca4
3d53be15bc0ebd91
3d83bca9bcd33d53
3d76bda43d5b3e17
3db93e053ce03e0b
3c163d58bd73bd11
bd64bc653d5abd75
3d4abd553c75bd0a
3dee3d773d5fbccf
bd2d3d5abd6bbb11
3bc7bda43deabdb8
3d413d4b3d01bd93
bd68bcc83bb3bc8c
bd0cbc5b3cfcbd9f
bd3d3d433d27bd8a
bc9f3c4d3b0cbd78
3d7dbd063c17bda7
bbfb3d0abc78bd3f
bcd43cb8bd813b04
3ccd3d57bd753c0a
3d3abcc4bc383db8
bbee3aea3b03bd1a
bd1d3b9ebbde3d88
bc79bb6fbc583d0e
bce0bd62bcdfbcd0
bcbdbda43d4dbda4
3c63bc45bba63c7a
0000000000003e0b
bc80bcc03ca2bc3a
3d31bd303d67bc8c
3d6cbdb9bd773d1c
3d773d3b3d83bce8
3c64bd233d5c3cbc
bd4f3d3dbd1e3d15
bc973c30bd16bd86
bcda3c3d3d8dbd5d
3d573ca73d61bb54
bd553d1abd433c87
bd4bbb113cd0bd5d
3c4f3d013d163d39
3d7cbc7bbd743d27
bdbc3d7e3cc23dca
bb1bbbb93cb53c6d
3d83bc223ce83da7
bd81bcb83b5cbd02
3d013d083baf3d2f
bdcc3dc23dcb3ccb
3d1b3d533c84bb6e
3c38bd37be023db8
bd653cd83cb9bd24
bd36ba993c21bbb6
3a89bced3d76bd92
3d593d5a3d74bc9d
3db5bd41bd5a3cee
bd693c50bdbe3d99
bb02bd2abc3fbc4b
3cdabcd4bd48bc75
3b19bbea3d6abd60
bd373c523cc83ca2
bb7f3c52baabbda2
bdbdbd1dbcfc3c61
3d88bba9bc413cee
bda0bb7e3d913c57
3c8cbdc63da13d13
b937bd543cc33d19
bd1cbc093a8fbd5a
3db33da1bd093c59
bd10bda9bc113d8d
bd973d133b983b38
3cd63b58bd323d37
3ce13d1dbbbf3cf2
3bd33b853bb9bdbd
bdbb3d6abdb43db6
bd5bbd43bd8fbd3a
3d33bdbcbd83bd34
3cbd3c99bc8dbd5a
3d4f3d1f3c0b3ddd
3ca4bd393cbe3d92
3e58be18bdf53d29
3cf9bdc1bd373c05
bc473c78bd8dbceb
3d52bd5fbc80bd29
3d6bbcae3c8b399d
3d293baa3dccbcf1
bd523ca5bd04bc79
3d0c3d903dacbced
3dd53e0abbadbd31
bccebc61bb82bc41
000000000000be80
bdd23cb2bc9bbd88
3d84b80abdb1bc4b
bdaf3dacbdf2bd09
bd9cba103c493b8b
bc81bd893dbb3d72
bc8a3cc1bba2bc04
3dbf3c5cbcf0bd21
3d3138bdbd7cbcb1
be43bc4dbc793c0f
bc873b693d39bd59
3d403d01bd503c7a
3d353d8e3d913c97
bde93d7fb9d0bbcc
3d29bdb33ce0bda8
3da4bbe9bde1bc2e
bd973c623cd4bd9c
3d883d8d3dacbc40
3db43d3e3b9dbbbe
ba8a3da83ccd3c24
3cc23d6ebcb53e29
bd9ebcedbdfd3cb6
3ca93bc8bdd13d67
bd213bccbc2dbdcf
bb663c053d673cd2
3d41bd033c9f3d45
bdccbd833d313d9f
3d413cd8bd9c3c88
bdddbe093beebca5
3d70bd713cadbdb4
bbd13d4fbc253db6
bd153dce3d2dbd72
bc0b3d64bc80bb6f
3e08bd4c3c903caf
3cb73c353a1c3d24
3cf03d83bc863c73
bd9e3ddc3d18bc0a
3c75bd3abd7fbd10
3d0f3b153d4a3cec
3cb63bcd3d303dea
3c753d39bc0c3c8a
3cf13c023dc5bda2
3b063d29bc6a3c3e
3d8bbcfc3d3d3bd6
bd94bdabbd3bbce1
3d8b3d213d78bd1e
bc1bbb6fbceebdda
3da2be03bc48bcbf
3d79bd223dc2bd04
3d31bd89bc7ebd1c
bd19bdaf3c93bcc0
3cc2bd1c3d0d3c30
bd55bda0bd3cbd3d
3d83bc5f3c953daa
3d53bc773ca53dcf
3cdebc0bbd893cc1
3b18bb96bd863c55
bdfabb54bd9f3d83
bda5bdddbb8e3d31
bd57bdfd3c303d71
bd213ca93d483c59
0000000000003dfe
3d573cf7bdf83ccd
bd18bd4cbdb13ce3
bdcebd633d86bcb5
bcd23d1b3d19bd37
ba67bd8b3d1cbda5
3c99bd3c3b08bd1d
3dc33da03c673bf3
3b3dbda53ae3bccd
3d0ebc85bd023c0e
3d9c3cc2bca03d7b
3c7ebcb4bcd13c9c
3d07bdd23c7cbcd7
3cdebd423cdd3d26
bcea3d1abd523b8a
3ddc3cd93c35bd75
bdc0bd663cddbca2
bdc6bd083c073d7e
bdd5bc583dba3c9e
3d7f3d9cbdad3bdf
3d313d0d3be93d4a
3b2b3cbdbda2be04
3ddbba8fbdd23c75
be593d32bd0bbd68
3e333da8bd17be0a
3d563cad3ddfbd08
bbfbbda63d113aaa
bcd8ba3bbe333bcd
bcc73e3b3dcd3d6f
3d97bcd6bcfebd9c
3d353d823bc53df0
bc6d3da3bcf9bda1
3c1cbd23bcd13b83
3c583d82bc953d38
bd963b95bd513d8a
bd5e3d21bc2f3d7f
bc50bb193cfdbc6a
3c29bd05bd243dc7
bcee3d893d1cbd3c
bcaabc8a3c8c3c1a
3d79bc0dbd8bbc21
bccd3d1f3d87bbe7
3cbb3d1dbd7c3b8c
bb82bd38bc943d38
3d9abdf5b9a73c06
bd1dbd603bec3d4f
bc8abd8d3bdebc0b
3db8bc173c92bcc2
bd143c0fbd7bbdf2
bcc6bd083c1e3b45
bd7ebab1b8d63d9b
3cf33d5bbd763ba1
bd99bcb23d5c3ccd
3c88bd33bd6a3cc4
3d37bd113d423c6d
39513ce93cb8bd38
bd00bbf0bd9ebd2b
bd8e3d533cb53dc1
3c763da93b083c10
3b19bd83bd55bd78
3cb0b96bbc693baf
0000000000003eac
bbdd3ce1bc16bd2c
3d4ebac93c0cbd7f
bc3c3d4d3c823dd4
bc023d75bc7cbcc7
3da93cd1bd093cee
3d693dcd3c13bdb8
bd97bc283a60bd19
bdb1bb33bd15bdc9
bd2bbc41be19bd27
3c0dbd6cbcf9bda3
bd90bdd83d433d48
bd92bde13c44bb25
bd633d163d8e3d39
bd25bbe03c68bdbb
3ca53d563d503d8a
3c8b3c153c8d3b6a
bd44bd74bd9b3dd2
bdc23d06bdbf3b73
bdfa3c6bbdc6ba7a
3d6d3d3bbd0dbc90
bb963dcf3db3bdab
3c0f3d8ebd513b99
3d4a3c723e00bc4c
3ba93cc83cb43d08
bdd2badc3dd2bcbc
3db2bdbfbda43d91
bdc53a42bda4bd49
3adc3d1ebd743d6a
3d56bc46bd9d3c3d
3ccdbe1b3c04bdfa
bcfb3da2bd963cf1
bb03bcffbc6bbd4e
bd41bb97bd6b3c91
3c813cb4bd5d3c5e
bbd83cfc3d3dbc87
bc413d583c823d87
bd6b3d24bb7d3ca2
3c9c3d073d5b3d60
3ce7bd17388e3c1f
bc4a3defbce83c34
3d29bd363d603c78
bda43cc83c83bcb8
3d81bbf3bb6d3d18
3d26bd8b3c8dbd2e
3d31bc81bc273ca7
bdb6bbad3d2e3d88
bd70bd84bcf2bd76
bd6f3d85bd983d37
3e0dbcf13af5bc9c
bc8c3d16bd5d3d6c
bc0a3c83bd73bd1d
3c5c3d143dd63daf
3cc33d10bd2b3d96
bd8ebc52bcccbd0c
bdd43daa3c693d97
3ac73ce1bd84bd5d
bd5bbc6a3cc83d55
bcd9bd133d1b3c3c
3dd6be053cadbdd5
3d84bb823d84bd00
0000000000003e32
bcb83dd5ba9bbbbb
bd233db6bdc7bc22
bd27bcafbb07bd16
3cd63d2d3d253ce7
bdf7bd96bd003d89
3d1fbd6b3ba6bd24
bd653d0d3d8bbe0d
3d4f3d29bdb6bd0e
bda53d25bd483b3d
bddabd5cbcc7bc96
bddfbd8abdb93dc4
bc9cbdadbd1bbb99
bd4bbe023e173c5a
3c59bd1a3d9bbdcc
3db1bc8bbc113d4e
3d38bd79bd393b92
3db9bc9abe0bbd16
be023cc33c7f3d07
bdd53c83bde73c22
bc8bbd5e3d3e3d4e
bd3c3e1f3d5e3d0b
3d163d713c243d8f
bd6dbe03bd893db8
3daa3ccf3c2bbe01
bdc8bd8abc97bca3
3b6f3e21bd2fbd3f
bd2dbdb4bd1b3ded
3d6dbd6dbb3f3dad
3df6be143b5e3dfc
3dae3da0bce5bcb5
bcecbb53bb9dbdad
bd033dd0bd2fbc53
3b673db03d003dd3
3d253e07bd7fbd58
3a533d91bd87bda3
bd9abd4dbcb8bca8
3d86bd943dabbd84
bd513e093dd13dac
bd243cf4bc903d90
3cae3cff3d99bd11
3d23bd53bde03d6a
bde3bc89bbf93c31
3c6dbd8d3db13cf0
bd423dd53d09bca4
bdbc3d8fbd0ebc12
3c3ebd3f3d4bbd1b
bcb53d85bcebbb23
3d2a3d2bbb253e1d
bd143ce43cfb3c10
3c8c3d083d03bd1b
bd24bd3ebcd6bb20
bcff3c5ebbe9bcfd
bd9abd843b1bbd42
3d153c2ebd10bc39
3da3bc013cdfbd35
bd11bdd7bd653d26
3c9fbdad3d45bca3
bc1d3c39bda53c88
3cf13d3c3d2c3cbf
bbe13d563d983d7f
000000000000beec
be42bc3b3bc2bde4
3c4abb713cf63c20
3d2abdb8bc85bd0d
bd86bd43bc88bb96
3c993d94bd093d9b
3c923cb9bd97bcf5
3d593c9dbd37bd20
bce4bd343c51bbad
bccebdd43d70bdac
3d3bbd18bd973cd0
bcc6bd46bd48bdc8
bd21bbd6bd2e3c76
3d283c9fbdd6bd9c
3b61bcbfbd69bcbc
bcbfbd733cb7bdab
bd883b21bcf8ba32
bd4a3c61bd333dac
bcef3c9c3cac3d1c
3d6c3d753b93bd75
3d9bbc853c79bd6f
bcb63da7bd30bdb2
3d963d1c3cbbbd3b
3d9b3c753d2f3ae5
bd49bcd63d61bd3f
bd8c3c4a3d423b8e
3bfbbce23dcd3c3e
3d6dbc5abdc1bd5b
3c683c1ebd2f3b96
bd78bd1c3c5abda6
3a5bbdfa3ce5bcb7
bd15bb8abd02bd46
bc87bd14bdb93bdd
3c993ca43d84bd18
bce0bd5a3b7ebc92
3d23bd433ce0bdaf
3dc03da93b423c4f
bd2c3db9bd873dbe
3ca03baa3df3bd3a
bd02bd1cbc443c9d
bc98bd363d1abc09
3ca1bc4bbcaa3dcb
bcde3cd7bc4e3d55
3cae3cb4bdb2bc6c
3d12bd5fbd343c84
bd233da83d113d96
bda0bd82bd363d0e
bd90bcd1bc7e3d94
3db13caf3dc9bc78
bdbebd54bd003d7a
bc9e3cc13e203d4e
3d1abd49bb353c16
bcbebd193c97bc5a
3c2c3bc53d4dbda1
bca63c8abd6dbd1f
3d70bab6bd98bc64
3c9dbd00bd143d1e
3d3bbcfe3c3c3d27
3d583d40bc483c59
bda13c273c363d97
3b1c3d183ce7bde8
000000000000bdb6
3ddf3d623d87bb91
3d753d8bbbd6bd03
bd883e05bbbd3d61
bcc0bccc3c903c5b
3c0dbd113d81bd86
bc6c3d02bd41bdbd
3db83bff3d8e3d2a
bd663d913db7ba3d
bd253b333db33d51
3cd3bd953d53bdf1
3d04bb943e2fbda6
bd183c27bd4a3ddf
3ddebce9bd58bdd3
3db1bd593cfabda6
3ddabc1f3d95bd32
3d633d84bcc63c64
bc59bc863d0c3d24
3d2f3ceb3da1ba7f
3cda3da43d893cb0
3dbdbd21bc723b83
3d2e3d4abd1cbbcb
bcc83cdb3c023d6e
3d043d453ce7bda7
bcbabd46bb3cbdd7
3bde3dc03d60bc64
3d97bd83bd63bb72
bd23bc813be83c0a
bd893d9ebda23d69
3c9e3d5cbd503d54
3d11bd973d7f3d77
3d133d433d3a3dc4
3d6e3cbd3c633d3d
bd003da5bc293d15
bcfbbcc73d0dbd41
be17bcdb3c12bccc
bd4b3d7cbdbd3b8a
3cdb3c883da23c54
3d2fbcc23e263d1a
3da93d27bdda3cb9
bd45bcab3cfc3d25
3b713e343c9bbdbb
3d8bbc22bc77bc92
bb02bd4ebc27bd80
3c663d9abd31bda5
bcb6bcfc3d5b3ca8
bc56bd7d3c5c3d91
3d4e3d093ab33d8e
be253d4abdc23d6d
3d2d3d41bdb83d2f
bde4bc4fbde7bdcc
bd07bcb0bc4ebd31
bd433c9d3d513d25
bbac3cbc3c8cbd25
bd893d573dd6bd02
bd1dbd8c3dbcbd0c
3d723c893d953d09
3db6bd3b3e2fbd70
3c2dbdaf3d55bd05
bcdc3d70bce1bd04
bda43bab3db83d99
0000000000003e83
3ae03c75bdaa3e03
3d043d4fbdd43c29
3e3b3d223d18baf4
3d103d53bcecbcf4
bccd3dcf3b10bca6
bd34bdbdbacfbd78
3d5d3c7f3d72b84a
39a03d5b3c34bc8f
3d96bc2d3b6dbddc
bdf23d01bd4cbd9b
3c09bde4bd90bcf3
3c96bbf63d01bd5a
bc93bd823d5b3cfa
bb1dbe0a3e16bd3c
bdaabd90bbd4bce2
3ccdbc7bbd40bded
3cf73d22bcec3d76
3cf8bd013d78bd24
3d163d993dee3cb9
bc593da7be033b41
bd4a3d6e3c9ebac8
3cdcbdc23d31bcdc
3c133d4c3c603b9b
bd1f3c2e3c863d27
bdd63c6cbb1cbc0e
bd3cbd673d57bdaa
bd303d503db9bd52
bd723b7fbd1b3bdb
3d18bd4ebdb13b23
bdb23d26bd613d27
3d24bd37bdaebd62
3cdf3d853c93bd81
bc1c39173dca3dec
bc96bd3e3d513d84
3b87bb053c863d22
bc8ebccfbc9d3c02
3df03d40bd0dbcd0
bd533d7ebd92bba2
bdaebcc1bca93d9f
bd5b3d843d2bbc2a
bd5ebbedbce23d61
3db5bd8a3b2c3df8
bd94bc9d3cbb3c8f
3d913d02bdcd3d8f
3d903b9dbdb6bcec
bc76bd25bd94bd8e
3ccf3d97bbbcbce3
bd223ce73dd63c89
bd20bb60bd2d3da8
3b54bcbe3cb93c2e
be083cc3bb4f3d5a
3d5e3d11bcbcbc08
3ca43d5dbdb3bd34
3d07bb173d3bbcc7
bafcbd6e3cafbb86
3bd63d613cdfbd70
3dec3cc5bd3339fd
bcbebd91bd6dbbe8
bd8e3b693c47bd0f
3cb53d28bc92bd13
0000000000003e8e
bc703ca93de53cf2
3d2fbda23d35bb39
3c98bd1e3b8abd8d
be15bc89bdc6bb6a
bd563cc83d293dd9
3d8d3d813d74bb88
3d8cbcdc3db73d8a
3d9e3cd9bccebc3d
bd8d3d913d88bd76
bd07bc6ebd3abcf9
bb4d3d5ebd86bcfa
3b693d0d3ce73baa
bd0a3c383e12bb32
3d8bbba1bc853da0
bc95bd89bbbdbd17
3da93c07bd0c3d8c
bce2bcb5be003d28
bdeb3d6fbaad3d67
bca7bdb1bd6f3e2d
3ddabd81bde2bce1
bde5bc273bd7bde3
3e183d60bd9d3ded
bd29bce3bcaa3936
bd64bd04bc17bd0b
3d46bc393e03bb23
0000000000000000
3d473d45be163d81
bd82bb38bc0a3c5f
bc483bb0bc81bcf8
bbb1bde43c97bc84
3b3ebdb53b0a3d83
bd803dd4bd183d23
bc7fbc03bd183dbe
bdcbbc273cc03e02
bd80bd36bdd93d8b
3db0be313ce2bdd5
0000000000000000
3e393d803e013af2
3d15be1ebd01bb29
3d5c3d91bde1be27
3d003e373db63d77
be05bcbe3cf83d9e
bdc63cfdbd5bbd35
bc47bda9bd5a3d36
bba83dc93c5b3c54
3dc53d96bdff3cda
3daebd3abda33db8
0000000000000000
3c8bbdb63c03bdcb
3b913cf6bc5cbe0b
bcf8bd453dd73dc5
3d6bbc99bda53dad
3ca93d2c3cb9bd12
3d7b3da0398fb982
3da4bc08bde1bb55
3d0fbcb13d383ca3
3de53d073e4a3c44
bd19bcc73dacbc92
0000000000000000
3d4c3b813d67bcea
bd173db1bdcdbc5c
bd9bbda83c0bbe01
3dacbc8e3c6dbd16
bd20bdd73d183da2
3c933e31bddbbd04
3ba03da13c8c3cef
bcb63dc23e1bbd51
bbff3df03c853de2
bd723dc63cf4bd82
0000000000000000
bd473ce0bccabd8f
bd4bbd5d3cfb3c8a
bd5b3c793cfb3d0c
bd69bd2d3cdabd81
bd8bb8bd3d4f3d74
bde13d963cddbcb8
3c463bc13cdd3c94
bd21bc5dbcd63c15
bd753d48bd9c3d46
3da9bc60bdb9bd17
0000000000000000
3cee3bef3d36bbab
bd8bbd5abd4a3c83
3ccdbdb8bde73dba
bd653d893caabcbf
bdc7bd35bd30bdc4
3c9ebc863e433d34
3da63ccf3e093d32
3dd03d7a3da8bba1
bb943e473d9abe19
bdd43d543d84bbb1
0000000000000000
bde93d983d3dbdb6
bd3fbd903db7bdc1
bde33ddb3d01be29
bd21bd46bdd4bd2d
3d0c3dc23d1d3dc6
3d6f3b743d0cbc0c
bcf93c013d04bd21
bd0abcb43d10bc57
bdca3d8e3afebdbc
3cfe3d94bd19bb9e
0000000000000000
bd883c8f3d0bba18
bc3abc55bd4bbc84
bdb8bd40bc1c3d43
3c3dbdfe3d973cf1
3dcc3a5fbe01bd03
bd033d14bd9cbd2b
3df1bd423d473db8
bd9e3d8e3d21bd36
3ca8bdf7bb2f3c31
3d4e3dde3d0ebcd6
0000000000000000
bc8ebcdfbd6abe13
3c45bcb6bdb6bbc4
3cb4bd613d04bdb0
bd8c3bbb3e043dc3
bc633d86bb8b3d1c
3d203da8bc63bc5b
3cb3bd953d40bd7d
bc41bb633d12bc88
bde13cbc3e32bd15
bbc93dd4bd7b3cfb
0000000000000000
bd79bd753dbd3de8
3d1d3dbbbe10bb41
3cf83da6bd8e3992
3d92bdecbcaf3daf
bd81bcbabd823cb9
bdb7be23bd19bdee
bd94bdef3e1f3d81
3ca23d11bd5bbc25
3d60bc8a3d82bdd7
bc8cbd7e3d803c9b
0000000000000000
bdc23cadbda93ddc
bd893b48bc763d9c
bddc3d43bd323c6b
bda4bb663d623cd9
3c63be083d9bbd11
be6f3ca83e03bd99
3ac83cfe3d003da8
bd52bdf63d3cbcd6
bda03d4fbd213d3a
3dafbd84bddebc9e
0000000000000000
3cb43cb3bc48be34
3c0c3cddbd97be1d
3d693e133cd23e3c
bc8ebb1cbcf83dbc
bd913d89bc8a3d58
3cf8bd0abca3bd60
3d9dbd20bda23dfa
bc2c3d9dbde2bc6a
3d213d7c3d8f3dbb
3b3e3c82bca83c20
0000000000000000
bb683d23bc253e02
3db53cb2bd51be4f
3b3dbd5d3ded3c50
bb4dbc4fbd8cbd73
3d823ce13d39bdba
bc29bd27bc0c3d88
bd623c3b3d5a3dbd
bccbbd803ac83d50
bb46bd40bc9d3d25
bcb73d9d3d293d75
0000000000000000
be0fbcef3d44bd2e
3d66bdc7bd4ebc99
3cb73c12bdb6bb82
bc4c3b16bdf9bdec
3dffbd8f3d9c3d36
bd44bd103e10be5d
3ca83e03bd5dbdbc
bc1a3da0bd66be2e
3ccf3d97bd103cac
bcf23c6f3d15bd29
0000000000000000
bdfebd07bccd3d2c
3bc8bd81bd953e2b
3e3ebe063d06ba0f
bdcabdc9bd70bd1d
3d9abb973d31bc0d
bd86bce33c6e3d17
3e22bce63ce5bd11
3d9f3d1cbdd93c11
be3bbc813d3cbd5d
3c943afebb5abdae
0000000000000000
bdb13d23bd16bd40
3cbcbd2c3c073d9c
bd9ebde03e183d4e
3e003cc43e2f3d2f
bd653c443d10bc5a
3c11be39bda53da9
bd323d8fbd1fbd35
bdeb3d82bd753db6
bdd23d8ebd5abd31
3d1cbd583e043d38
0000000000000000
3c13bd8c3b153d50
3d90bddebcf13dbf
bc32bd383d953cfb
3bec3d39bdb0be2c
3c3c3d82bddcbb72
bda33ddfbd513d03
3d8bbdf23d23bc5c
bc963dae3ca93ddc
3a45bb06bba3bcd4
3c92bcb5bbec3d38
0000000000000000
bd613dc0bd243d01
bd113c12be13bbc3
3d7bbcbf3d8d3cae
3b983c1dbdb93d48
3da0bc23bd943b94
bd0a3d44bb9f3d25
3a1a3d1b3d833c91
3b81bd903d563d2a
3d41bd1dbdbd39d0
bc683d1e3b3b3c23
0000000000000000
bd16bd8b3d0a3db4
3db33dac3bc7bd11
3df6bd62bd2fbd86
bd83bd333ce8bd90
bd3f3d56b88bbdb4
bcd33e36be263ab9
bd6b3caf3d8f3b9d
3d0bbe0039f9bdf7
bda6bc22bca2bd1b
3de8bc01bdea3d0a
0000000000000000
3c853c293d9bbb8a
3d45bc03bc6cbd6f
3d52bc2c3cab3de7
bd7dbb483c90bd97
be3cbdaabdbc3d04
3cefbe263d8d3dd3
3b74bd1ebd98bd15
bcf53d1b3c823dab
bd1a3d9b3d613dd5
3bb73c3abcbfbdbb
0000000000000000
3e81bd09be48be0d
3dfb3ddb3e0f3d1e
3ded3debbdfcbc82
bdc13cd73e813d28
bd6d3df93d27bb37
3ce1bc7c3cce3bf3
3d133c58bd54bda5
3d2a3d623d953cf9
be0a3d40bc83bd64
3dc33e25bde8bcf1
0000000000000000
bceebc86bd9e3d49
bc83bd2e3d2b3d4f
3ca93cb43e483d61
3d263d903d33bdcd
3d02bc5d3de23d15
bd413da73c0a3e18
bd36bd6bbd323d25
3d0bbd44bde53d54
bd41be10bd96bd7a
bd933b7fbe1f3d43
0000000000000000
bd433d203d013dcc
3d193d943d48bdc7
be093dc43c943e05
3d493cdb3ca3bd5e
3c883c6cbdfabd0f
3d0c3d823df83e03
3dbf3c8c3c27bc3a
bdf93d87bd9dbd2f
bd5a3d873c913e00
3d543c893c45bd1d
0000000000000000
be243c06bd763d5a
3dce3d0abdd8bda2
bd8e3cdabd01bcf3
3d6e3a323ce7bdd0
3c84bd443d32b89a
3db93da2be0dbdb7
badfbd9fbdd43da5
3d6bbe0bbd6cbc86
3c8d3d083dd1bbee
3d93bd7cbda33c34
0000000000000000
3d5cbd83bc2e3d7b
bd84bd84bcbcbc4f
bcc83e28be2bbe27
bd57bdefbad13d9e
bd033cb3bc9fbd76
3d973cfd3ddc3d4a
bcde3dc4bc58bd58
3d55bd8e3dde3d76
3c183da0bdd2bd38
bd2bbd3d3dba3d65
0000000000000000
3da3be0ebdfe3cb4
3b9f3d193d1bbd1e
bdd53d1c3c7b3c33
3dafbdc7bdcb3d6e
3dac3d22be113c92
3d2cbce3bdb5bd77
3d753d123cf8bdc4
bd1f3cd7bd96bba6
bbab3db03e103d98
bdedbda63e03bdfa
0000000000000000
bc2dbcea3b15bd57
bc48bc06bd7ebdde
3d2fbcfdbd13bdfe
bcd93cfebe1e3dbf
3dc13d143d3cbdee
3d8ebc8abe073da4
3e393d89bdb7be3b
3db13cffbd11bd87
be1dbd913bbd3df8
bcd23cb5bdd93dd4
0000000000000000
bd973db23d38bd19
3e1dbd393e3dbde5
3c933d61bd7a3d09
bcdf3c8abd9bbcfb
3d9ebc9c3e19b9ee
bbf93cbb3dcabc9a
bcd13d97bc3fbcac
bdd2bc733d9bbdc4
bae0bd2ebcc63cef
3d293c8ebb51bd61
0000000000000000
3cddbc7dbcdbbcc8
3da4bd763c37bc7e
3cd5bde2bd6d3cef
bbf83cbc3d5c3da4
bcd43c733c4abd1a
bd3a3bbd3d123d43
3ca8bdfbbc66bd53
3b1a3b9f3d8a3d6d
bd23bcd43cfe3e08
3dc93c39bc3e3cb1
0000000000000000
bd84bd12bc46bd36
3e26bd77bc2a3d1f
bdb43b86bdd23dde
bd9f3e63bc583ca3
bd263def3dafbd8e
3d60bc38bdde3d93
bc42be28bd94bd79
bc223d143b0fbb3d
3d9e3c08bd8f3bc3
bd36bda1bd513d36
0000000000000000
bd02bcf13d8a3d85
be03bd43bdc33c66
3d3d3d8ebd2cbd0e
3dbb3ca7bc67bc24
bca2bd653d9fbd27
3d1c3d443d073d96
bca23dacbe57bccf
bdcd3de539a13db1
bdd03d083d823b88
bcfc3d5dbde3bd3c
0000000000000000
bdafbe123cdb3923
be0f3d8f3dbabc4e
bd9dbdad3e0b3db6
bc82bd683db3bcb3
3e603bee3bbb3d83
bd9abda43ca43d68
bd83bddfbdad3c2b
bdbfbcc43cdfbcbc
bd06bcdcbd28bcad
bdb7bcabbd6a3d0c
0000000000000000
3dadbd973d26bbcc
3b913d793d2a3d45
bda0bd4abd0fbe61
3d27bd923c0c3d82
3d87bd803c1e3af6
3d803d1b3d33bb8b
bd25bd5b3e163da9
bdcebb26bc95bdbe
bd9cbd99bd24bbdf
bd47bdbdbd233e18
0000000000000000
bdb7bdb0bd503cf4
3cd93deabdbebc93
bc493dc1bd833d21
3d653daf3c173d46
bd873daebc243cc3
bc07bd93be193d28
3d75bc9bbe16bc27
3c813d2e3d193d83
3c89bd56ba88bd2e
bcf9bdb8bdddbc1c
0000000000000000
be18be003dae3e1f
3c9d3d10bd3cbc0a
3d79bc783c12be2e
be133d06bd88bda0
bcecbe0cbab7bd87
3d083e433dd3bd13
bd83be1a3d9ebcdb
3d8dbd903babbd1b
3b2c3ce6bcf33d8d
3dc23c583dbabd52
0000000000000000
3d10bddf3e01bd6c
3d94be49bd9fbcab
3dd13d14bd09bd7f
bca7be2b3d8cbd29
3c13bcfe3d5b3d22
bbd53d053e53bde1
bcc5bc183d97bd16
bd573c533d70bc6f
3c9dbcf5bd3b3d86
bd463d89bdb03df3
0000000000000000
3c04bbcf3d5a3d99
3c493d85bd3b3cd7
bdd83b043c55bba8
3cdabd7b3de93ca9
3b5f3d7f3c0abda8
3c22be033cd3b962
3c383d023c6e3e41
bdf43df13cdbbd13
3b2abdf73dcfbda3
3dc13d9f3dc3bcdc
0000000000000000
3dc3bc723e34bdf4
bd70bcee3c173e0d
3cc9bd22bcc2bd39
3db4bcf7bcb4bdb7
bcd1bc38bd6a3cf9
3c573c99bdbcbce2
bcef3e293e12bd45
bd0c3c383c4abd4c
3da83c9dbb88bd0c
3dbabd65bdc13d7d
0000000000000000
bde3bc053c3b3d8c
be28bd6c3dd33da0
bd3bbd77bd1dbd4a
bc97be2bbddd3bab
3b9f3cb3be223d91
3e0dbd573c21bd3b
3cfcbd063e6d3d4b
bdabbe1c3d3a3d8b
3d103cc4bb923cf0
3dc4be05be323c8c
0000000000000000
3d823deb3c8cbdff
bcf23c6d3e1b3c8b
3cfabb263cf4bbd7
bd8ebd3abdb03e35
3d0cbd403ad83c90
bdb5bc193e393e32
3c893dcdbdef3ca0
bd4f3da8bd2cbd95
bd16bdce3db7bd0e
bc933d34bcabbdf8
0000000000000000
bd953d1d3dd2bc76
bbbf3c553c9fbd0c
bdacbc263de83cd3
3d963dad3cf5bda0
bd63bd6f3cbdbcdf
3d87bcd4bcd5bdd7
3cb8bca7bcf43c9f
bd39bc0e3d553cf7
bcebbcc43db83d29
3dcbbb4abd913c42
0000000000000000
bcafbd113dd93d35
bd663d69be023e3a
bd0b3d093c4cbc94
3d463decbd84be83
bc11bd16bdf03d6b
3ca63d48bd7d3da8
3d983daa3db2bde9
bd7a3dd0bd85bc96
3e0d3aa83d90bde2
3d8c3dbb3d8bbcac
0000000000000000
be533c8c3d3d3d17
bccc3bc0bc703d87
bd23bac6bbddbccb
3cf73d283d5bbd9a
3dfebdf53dc53bee
3da33caabd533c5e
bccdbb973d913cfa
3e00bd4f3d223dd0
bda3bcc4be27bd44
bdb33d5f3d13bceb
0000000000000000
bd093d143d29bdb6
3dc5bd1fbc30bb12
3d88be353dd7be2f
3c3c3ddd3d88bb7e
3db43d2bbcf13d39
bb00bd50bdb13ded
3e133dff3d3d3c74
3d88bd6dbdb6bd1c
3c543d073c9dbc60
bd2b3dad3d503d0b
0000000000000000
3d9d3cb03c2e3c93
3a943e02bdf3bddd
bc963d1f3df4bd86
3c8dbd19bbeebda4
bdc63d57bce43d87
3ca7bc903db2bd67
3c533b87bd003d8c
be033d48bdc4bcf5
3d2b3a633d0fbdf7
bd89bd1d3af1bd17
0000000000000000
bd5dbd663cb83d71
bc753df3bd163c3b
3d93bdad3cd8bd68
bcd3bd5c3d343d90
bd793d3e3de83dc0
3c5a3d9cbd9abd6d
3debbdb73d8dbd8c
3d87bd7bbd49be0c
bdeebde33d61bcb5
3ddf3ca5bcab3d5a
0000000000000000
bd803d69bdbbbdf5
3d34bd473d0bbd68
bdca3e0fbe48bccb
bc9fbd893e2a3ba4
3d1c3d1cbcd83e63
bd29be0bbc63bc7f
be013dba3e233d0f
3cfc3d973c9e3c7e
bdd3bd4abdb73d2e
bdf23b4dbc11bc7b
0000000000000000
3d1bbcc1bd93bd14
3d1ebaaf3d9ebddf
bd863d863dc6bcf4
bd7e3d6c3cc53d84
3dedbc8f3d183c40
3c75bd8bbdea3dd6
3d88bcbbbcd2bcbf
3cae3e0b3d5f3d14
3c83bda2bcb93e38
3d94bc953dba3de0
0000000000000000
be36bd40bcaebc87
bd9fbdb3bd993c9e
3d0dbcf43cd9bd32
3cb3bbd53c64bd8f
3a253e0d3d413d9f
3e2cbce9be093b44
3d35bc883d43bd94
3d0b3d98bd6ebc96
bb8ebc9cbdae3d7f
bdd3bd12bd7c3d94
0000000000000000
bd65bc8cbc843c4f
3cbabd3abd493d6b
3cd5bdbabcdc3dac
bd113d5a3be9be0a
3d89bd98bbf6bd83
bd3abd493db83da9
3ce6bbac3b453c2f
bda03cfc3d723de3
3cb93db43db3bd17
bd1ebc03bdb7be1e
0000000000000000
3bbbbc91bd573c2f
3d8e3d8bbdadbd93
bd0d3ddd3d3cbcce
be10bd713df9bc16
bd843c6bbd2dbdd2
bd493e27bcc83dce
3dc1bd133d493c0e
3d913cdb3c4f3d1e
bd97b9a4bd3b3c80
3d903cbf3d2d3e35
0000000000000000
3e07bdae3d95bd15
3d67bd823dba3d85
3cf4bd393c2b3cb3
be23bc3a3da9bc0e
bb24bd563cb43d3f
bc943d7dbe2b3d8c
3da63da93d203c73
bd383cf43d33bcc5
3c823dd33df73c6c
3dbabd8dbd9bbe33
0000000000000000
bd163b19bcb3bddb
3de6bd8cbdca3d40
bd7ebdc13c953d4d
bd983d183d99bd23
3e273cf43c7bbd78
bdb83d68bdc93d1b
3cb33caf3d8e3d0c
3e1f3c8fbdb1bd61
be07bd823ceabe0c
3db1bc86bd1c3d0c
0000000000000000
bd6f3db3bda3bd03
39ab3d17bc3cbd86
bdfcbd893dcebc92
3d4cbdd73ced3cf2
bcd63c163dd83d65
3d01bcccbe05bcab
bda63db8bd6e3e37
bce8bd64b99ebce9
bd9cbd4b3cd5be13
bd153e66bd043db9
0000000000000000
bdb9bc25ba75bd86
3d1bbdd6bdf3bdb3
3d98bcb23d3b3daf
bd343d2cbcaf38c9
3d48bcd33bb9bd5f
3dbc3dc6bda6baa2
3ded3d2fbca5bcbf
3cddbcbb3dfcbda7
bd4e3cfe3bf23d5d
3cff3d2e3d813d9d
0000000000000000
bc96bd02bdd5baa5
bd423d50bc63bd31
3daebbda3c04bdc3
3ce23d94bc3c3e04
3d8e3c4bbd7bbd1d
be433d32bd1b3a69
3d7ebe133c92bc96
3d923d9fbc16bd0c
386e3d83bd583dd5
be06bd08bb933cde
0000000000000000
39ca3ddd3dc7bb95
3d4fbc96bda9bd99
be193e1abdecbe10
3bb9bbdbbd26bc0d
3d0cbd95bcc23d21
3d8fbdc13d43be02
bcb0bbc43dcbbd60
3b373bdc3cc2bd17
3db3be1bbcc33d31
3dbf3d1e3e153db3
0000000000000000
3d943d4abccb3d21
bcb53de7bda73dde
3d3dbd97bce63d09
3bc13dc03d13bdc5
bd0e3cbc3c9bbb90
bd2a3ddb3d6fbc80
3de1bdf7bcf13ccb
be0b3d1d3da83e16
bd9abcfb3d0f3c25
3e67bc653e1b3ded
0000000000000000
bd2bbc3c3c79bccc
be37bbb8bd8a3ce8
bc033d3b3a65bca0
bc523d5f3d67bd57
3dac3d6bbd41bdbb
3de4bd2ebaddbda2
3e183b133d773d6e
be333dd73d5d3cbe
3e00bd8c3dbbbdb6
bd0bbc2dba08bc84
0000000000000000
bd7ebeaebdc5bedf
3efe3ecfbfb43f88
3ff43e373fbd3f08
bff5bfc2bfb9bfc6
3da23db9be99be26
bdd7bfb4c0043e3f
bf68c00dc08cbeab
3fba3f5b3e193d38
3fe1bfdbbfc4bf9f
403d3ee4bf14be7c
3db23ed4bdacbf68
3ec03fd03f2a3e16
bef2bfd8bed5bf07
bfbc3fb5bfe7bfe5
3f12be213ee4bfbc
bfbabe91bec5bf2c
3eb7bf07bee2be77
c0843e2b3f80be09
bfa5bfc43fc83fb1
40873f553fb6bf74
3fd6bfae3e5f3ebb
411ec0024011bf3e
3eaebf83bfb8bfad
3fef3faebfb23fc9
bf144000be123f05
3f7fbd9dbe8dbf80
4027beae3fd93f99
befc3f76bf703fab
3fd43fbf3fb7bfca
3fd5404dc058bef0
4098bf8f3cfc3e43
bf86bf8d3e0fbf17
bf25bed1be92bfe8
bfbfbfd63fa3bfa9
beeec0763fd83fb5
3fc5bf503f8c3f85
404b3fb340063f6a
3e4cc0033d63bf71
3fb7bfcfbfa5bfc1
3e92be623f55bf92
3ceb3f17be6ec015
bfc040403ebb3fed
3f7a3f893f9dbf84
bfe43fd8bfbe3fde
c0253d9bbdc43e8a
3f8ec0aa3ee33ff9
3e57400b40193fa3
40f13f98c0893ef1
3fc6bfb6bfd33ff2
c0143c84c009bcc1
be084048bf23bd52
bffebf6ebf3e3f39
3e0cbf233e6bbfa4
bfd7bfc5bfb23fbd
3f7b3ed7bfcebfa0
3f32bfed3da0be94
c0773ff23f0b3ed8
3ce43fb7bf693f96
3fbabfc93fc3bfac
c008c08d3ed63f81
bf43be863f1d3f76
be723f0e3b33bea9
c036bdb1bf353e8c
bfcdbfc4bff0bfc8
bda7c0e23f6dbf6c
3f88c043bfdc3f1d
bcfb3fa83e794009
be823ce13dd4bf46
3fcb3faebfbc3fed
3e733f4e3f7cbe91
3f733d813fe9bf12
3c63bf42bf8c3fc2
bc2b3f883f79bfc8
bfdb3fc93fc6c001
3df53f71bfbf3ef6
bf703f503eb8bfe0
bf96c079be884090
3f573fa0be9abf2d
3fc33fe73fe93fc8
bfa93dcd3edabff4
be7b3f183e203f20
bfa53f88bd0cc09f
bf2f3cabbf46bd5e
bfaebfcebfbb3fbf
bd2cbf4b3e87bf8b
bf3fbe53bf8dc02b
bf253ec2bfb13e60
bf1b3ebe3eeb3e87
3fd93fd2bfb33fd1
be81bee9be29bf9c
c006bee93f0c3ede
beaebf31bff53fa1
bf803d7e402abee4
3fb7bfcbbfc6bfcc
bfb63f3d3fe5401f
c07dbef5bf043f57
408abf5dbe08c02b
3f10c089bed3bf06
bfb1bfe03fc33fd2
bdf7c0bfbed73f55
3fa5bfc73f533f12
3f0fbfd2bf983f0a
3f89be9abf4b3dfc
bfb63fd03fb23fcf
3d8c3e2f40403ea5
bdc73f8abfce3fb0
3f9bbd90bff13e07
3facc02bbec63ebb
bfa9bfebbfcec003
3faa3decbf1240ad
3f62be8a3f85bf94
408bbfb43f4e3e19
3f903fbb40723e0f
bfe3c015bfc23fb3
bf123e853fc03e0c
3ea43ea1c0023faf
bf86bf163f9abf8e
3f123d9a3f13c020
bfe33fbc3fa93fc7
bf363ff33eb6bfd4
bf38bfdb3fe13ed7
beddbf003f47bf9c
be67bee1bf94be4a
bff6bfcb3fa63fce
3ff13e70bdf3c011
3ef03fd3bfc53fbf
3fa540053f29bfa0
bf3cbef83e29bf81
3fd3bfb2bf9bbfcd
be58bed7bf48be89
3f9cbf5f3e71be38
c0163fed3f01beb3
beaf3e613d643f6c
3fac3fa53ff13fdc
bf51bf35bf4bbda6
bec93acdbe14bcf5
becf3f0fbe45bde6
3fb83e474000c034
bfc5bfa33ff7bfbd
bf84bf67bfa94018
3b86c0243e013faa
3f5f41033e83c02b
3ec04097be5e3dd5
bfc8bfc6bfbdc005
bee23f193e8a3f1a
403c3f913f88c002
3f3a3fdabdf8bfeb
3fba40383f3a4001
3fbebfb53fcdbfd7
3f12c13ec00b4017
bc9fbcf83d7dbba0
3da6bcbf3d113d89
3d9fbd59bcabbc37
bd28bd4b3a303d76
bd87bcd6bced3c2d
3cec3ca2bc70bd36
bce6bd37bcc2bd18
bdbc3d743dd7bd92
bd23bc33bc253caf
3bbfbcd6bc713d88
3d9b3d82bcdebd9b
3d2dbc023d8a3d2f
3c993cdd3cf3bd8e
3caa3d5c3c913ce4
3d433dbbbbf13b93
3c75bb1f3d923ccb
3d3bbca7bc933cf3
bbfb3affbc6c3d24
3d3cbd1b3cedbda2
3d433dc83d673c1c
bcefbdb93c4fbc8f
3d203b8bbd51bd43
3d903c533da7bc54
3cfabdcc3caebc05
3de7bd833cc33d6c
bd14bd07bcbb3ba8
bd2dbc9b3d5ebbb4
3ca3bdafbcb9bd57
bde53da5bd8c3d5d
bd063d3d3bcd3cfe
bcac3c343d5ebd08
3da63c073d293d32
3bb63d80bd00bc95
3bc5bd85bd26bca2
3bd7bd7bbbe23b4b
bd543ce33d3cbcae
bb3a3ccb3a873ba9
3cf13d21bbb23d47
3c703d263cd73d63
bbc13bbb3cabbc2a
bc3ebda2bd3c3d6d
bc9f3d02bc00bb2b
3d82bcc83caebdc8
3d783caebd6fbd68
3c9fbbf6bce7bdd8
000000000000bd45
3d643c17bd27be15
3bbc3d473d36bd4a
bd6d3d34bc9fbbde
3cb63ccfbcd23c5b
3d8dbd943d98bd42
3d89bd763d853b99
3d2b3da3bb2f3d45
3c79bc44bda3bacb
ba84ba90b9c33c97
3ce6bdcf3d8d3d35
3cf4bd81baebbdc2
bdf4bd043d1bbd8f
bd423db5bc963dd5
bcee3e01bdc33db7
3ca03cc93cfe3c8e
bd923d2dbd193d58
bd6cbd903ccdbd00
bbddbb5dbd203ce0
3cddbcb53c81bc3a
3d04bc10bb2ebbdf
3d483c223c083bdd
3cbc3a7dbca83d99
3c4c3d24bd223c1d
3d58bca7bc01bd5d
3df43c98bc92bcc5
bc5d3c0c3d583b6d
bc933c5d3b6bbdc0
3de13b02bc843cc2
3c613bee3d24bd82
bb8c3d8dbd783cee
bde93dffbd06bd08
bdf93b4bbc9fbcda
3ce2bc66bdd3bc89
bde93d45bc8fbd79
3baa3d4d3bd23dc5
3d78bc52bd7d3dd9
3dc23d75bd343e27
bcd4bd69bc323c6b
b76cbbc53cd0bd19
3bd03b8b3d2e3c6f
bcb9bd023b2e3ded
3c2cbd613d813ce6
bae5bdb0bca7bde0
3d25bd4dbc46bdd0
3dddbda43d2cbc4f
bbebbd323d2a3b99
3b44bd873d3ebd3f
3d8abd81bdc6b84c
bcd53c013c9f3d95
3d183d833ba43c8f
bcec3d043bc43c2e
3cc93d47bc903d3e
3c28bdbb3d0bbd90
3de63d263d0ebc95
3d19bda1bd61bd71
3b84bc793dc4bcec
3bfa3c28bb64bcd2
3ccb3cfe3d323b69
3c26bc8e3d1c3b65
bda0badf3c40bc8d
0000000000003e00
bd6f3d933d8fbd47
3cfabd833d153c8f
bc183dad3da23d03
3d913df4ba61bd6c
3d5639ad3d92376a
3d74bca9bdca3d03
bbc9bdd4bd20bca6
bd973d4ebd543d27
be0dbd87be093dcb
bd0dbd28bd723d39
3d9ebe06bdac3d65
3cab3ceb3da93b37
3d27bd69bd4d3b50
be023cb6bdbfbe14
bd2f3d2c3d79bd87
bd85bc5cbb93bcd9
bc59bc51bcae3cc1
bd82bce73c8c3d48
bc143d1b3d26bc0e
bc6cbabbbc3fbd4c
3c923cb2baec3d0d
bd5fbc95bc5abcbf
3cc6bcb93c173d6d
3d5dbcdebcc83cea
3d2fbd78bca5bd35
3cefbd0d3cb5bb74
bca5baf7bd9fbc07
3cd63cd73c8e3ca1
3b283c34bd09bca8
3b223b003d453d1f
bcd33cc13da2bc48
3d06bbc2bc27bd0e
bd12bcb33d1fbd0d
bd603db0bcd7bd63
3cd0bd98bcd9b978
3ce3bb14bc4e3d18
bcf03dfabdb9bc0c
bd923d543cb63d6d
3cc23d903d97bd8d
3d89bcffbd213bcb
3d133c44bd2fbd4b
bc51bd2dbd70bc8c
3cc4bd53bd55bd5d
bd56bd2c3d603c63
bd22bcfbbb8cbdc2
bd463d63bc08bd86
bc9c3d00bb343d3d
bbd9bc82bd5f3ce2
bce0bd93bb923c24
bd043beb3addbc3b
bc0bbccfbd12bd73
3c473bfc3df6bcaa
bd553bdcba753add
bc57bcfcbdb63d85
bda9bc69bb02bcd8
3d80bd743d04bc9a
3d24bd33bd723d6c
bd2e3d6cbcefbc27
bca43d5bbccbbbf9
3d533c9d3cbb3c9e
0000000000003d05
3c443d7dbc8fbd7d
bc8f3c373dbebdde
bcd13d6e3d833d88
3dc33d2dbd483d80
3b7639073c13bd39
3b0c3d96bdf23d7a
3dea3c07bcaebc8d
3d27bd0fbcd1bc7e
3d04bd8dbdf63db2
3c9bbd21bd943c8f
3cfc3d463cd23db4
3db13b1b3ac13d4f
bc9ebd183b533d86
3c123cde39bebd22
bd74bcb43cdfbd91
3caabbbcbd403cc3
bd103c043d09bceb
bd8c3c8dbcb2bd09
bdbabbf13cbdbd15
3d90bc023ddd3b18
bd0dbd7c3d913cf4
bd52bd1dbccc3d02
bbf0bc1e3d1f3b45
bc5f3d18bbb83dc9
3db3bbb63d343d07
bd2cbc80bc753cf5
3dc5bd08bcc33d34
bd163da13de13d59
bd0abd5bbc8e3d0e
bd06bd603da83d2a
bc93bc183c06bd8b
3cb2bd88bc593b34
bdb8bb98bbc3bce5
3c6f3c57bc9d3d24
b9d43d2ebccb3d51
bceabd093db2bd14
bde4bda63d86bd17
3cc03c293cb5bce0
bd0dbcf0bd07bc89
3b3ebda5bd5abc29
3d993d943d10bd33
bcd0bd6ebc913cb0
bcabbcd5bd1abcb9
3d733d0cbd5dbd25
3c8abd5f3d153dac
3ce5bdf8bb63bdb7
3dabbccebaa3bda0
bd21bc9ebd95baaa
3b68bdd93c983b93
3dddbd06bd353cbc
3d653d3b3ddebdb5
bd88bbf13dcebdb2
bc96bc8f3be4bc96
bdacbb7c3d563c09
ba0d3cc93c3abc53
3d75ba9cbc10bbf5
bd8ebd213c8e3c86
bc97bd913d333d3e
bb8fbd5ebb74bcb3
baed3d443bc1bcb9
000000000000be70
3d8fbc89be1e3d73
bd73bcf4bd5fbc70
3e32bdfd3e0ebcc3
3dd4bd4fbd7d3d9f
bc9bbcab3dd3be0c
bd323b18bb37bd98
3dc63d4cbdb33d82
bced3bfbbcbf3d62
3c8b3d90bd04be0e
3d2bbd13bd163d32
bd203d89bd493d0b
bd22be25bd9d3e2f
bd773d9ebd5abdf0
bdcdbd0cbcf9be08
bc8cbdfe3c563e21
3d49bda1bd293db1
3d0b3d38bd7ebc0c
3c973d84bdad3cee
3d7f3d1bbde4bd0e
3d8f3ca53cf13caa
bc663bb53d25bd72
bc283c8fbc87bd4b
bd7e3c4cbda73c00
bce9bdba3d0cbc94
bdbb3dacbd0a3c8c
3d3dbdc93de0bd27
bbe83970bcf7bccf
bd2e3d72bc48bd0a
bb02bb313cdf3c43
3b333ca23e073bfc
bcd93e05bcd73d24
bd5d3db43c65bd77
bd483d2ebcfa3ba4
bdb7bcf1bca8bd11
be05bc3dbcc2bd82
bcd73c79bbf33ce7
3db63e133c8ebc57
3d12bcb73d32bb59
3e393dc93dd23d42
3bb2bdc1bd303d13
3cbf3d01bcabbdaa
bdb33deabca8bc79
3c8fbc9bbe103cfc
bd2d3cb93da6bc07
bc8ebccfbd93bde0
3d36bd54bd41bd7d
3c65bd9c3ac63ca0
3bb73c30bceebd66
3dc1bd9dbd943bf0
bcdd3d993cfdbcec
bd1ebd48bd0ebc8d
3dd73b823de13cef
bc87bbf73b633c96
3c8d3d3e3cc1bc65
bbdabcd93d3e3d7e
bd15bcb4bdbb3d44
3c343ce23ad8bb6d
3cef3d3b3d1abdf8
bdc13cee3d9f3d5f
bc91bd1ebca73cc3
0000000000003cc9
bd13bd2fbdddbb52
bd9f3c1cbe013dcb
3da6bd293c993d18
bcbdbc11bd073c07
3d1bbe273cf33b20
3daa3d7e3d5ebe51
bd5f3dc93dfe3d7d
bdbe3dc03d8d3cd5
ba533d4abcd1bcfb
be113d77bdbdbd03
bd013c7abd093e2b
3e003c7dbc03bd2c
bdae3e1e3ca13d8a
bab5be243c3e3d8f
bc903b29bcd23cab
3cebbd163df13da8
3d6b3c99bc5c3beb
bd5bbd0bbdbcbbe9
bd443ca8bd7fbc9c
bbcd3da13da9bc0d
3d703d743da9bb92
bcfbbbb8bdb8bcb0
3c253d0cbdcabcb5
3ce23cff3cf53e0f
bd76be1bbdafbcfa
3cd33cc7bcfebcf5
bd47bdb63d373dc1
bc173d23ba323d34
bd74bb12bcca3dc0
bd6d3d043bce3d38
3d263d333daabd0c
bcd93d803d0bbb0d
bcbd3dd1bd353d54
3dc03d9ebd95bd66
3dab3e133c2b3d0f
3d543db83c863d70
bc33bb713c203d3e
3d143da8bd9c3da2
3d413cff3c98bcea
3c83bc633d1abd27
3ba6bd193da3bc16
3c9ebccb3c61bc10
3d793b1dbbd43c35
3d4f3cdf3c153db0
3badbd46bd1dbcb0
3ca63af93d093b1a
3cbebd25bd1d3d8a
3d733c913d6dbc62
3c2cbcb73d30bbb9
baa7bc8c3cadbcee
bcc43d0e3c873c8f
bd11bce8bc833d5d
3d0a3b413c9cbd0b
3ce63c853cd03cae
3c123c453b3bba93
bd913c93bca4bc68
3cf53aa1bca53bb7
bcc23cb2bcd63d38
bd8bbdd53d5b3d75
3c04bb83bb65bc8d
000000000000bceb
bd2e3cbebc8e3ba7
3cd43d78bbcb3db8
bc8dbd5b3d673c0a
bd883d59baa03ca4
bc8a3d49bcd8bd90
bc99bd263cc93d8a
3c9a3c8fbdd53d9c
3c9c3d8abd3fbcc1
3bd2394e3db4bd95
bb6cbc9f3cb5bd13
bdd53bbbbcb43da0
3d00bca7bce23d3f
bdaa3ddd3d063d21
bcee3d01bd423d47
bd52bc7abcd7bd37
bda4bce8bda23ca0
bd92bde4bc9fbc72
3d1bbd56be0b3d05
3a37bcc1bc3fbd2e
bd3bbd5c3d83bd73
3dfbbc1d3dbdbd56
3cb43c563d243da4
bc663c6f3c47bc87
bd24bd1cbb9bbd15
3d2cbdf63c863ca5
bcb83dca3d40bd22
3dd53d803da0bc94
3d88bd273d503d00
bc7ebc92bd23bcb2
bb99bd18bdacbd9e
bd1c3c5a3d32bcce
bd5bbc13bc04bda5
3cddbcb23d523d90
bda63d293d42bdab
bc8ebc5fba1dbca7
3c00bc25bd81bcba
bc603be63c40bc60
3af93d873c42bd05
3bb1bc5e3e03bc17
ba733cbd3d1f3c1e
bbf23b91bd09bd9e
bc12bba6bc8b3d4a
3d89bcbcbce4bd76
3d2e3d883c56bc42
3c43bd043d75bd5a
bd253caf3bf6bd92
3d30bd88bd5b3902
bae83d9abd6bbcee
3d453d693d1d3c88
3b2dbcb9bafbbd11
3cf03b573d86bc40
3e003d113cd8bcab
3d93bd623d273ce9
3c543c7fbceb3d41
3a1dbc99bd523c06
bd25bd1fbb5bbd27
3d04bbd33d003c69
3da5bca5bc9ebd79
bccf3b083cb03c9a
3c9f3d1abcfa3d52
0000000000003e03
bcb13c78bc2d3d05
3d253c87bd613db6
3c243d083cfb3d72
bbeb3d4d3c84bb21
3d15bc2d3b023c08
bc753cd9bbc5bd4f
bcf03d613c183d16
bd90bd8cbbd3bd58
3d263c263d443d59
bd0fbd00bbcfbcd7
bc303dba3cb63c5b
bcc43b683d043d65
bd083cd4bc263ad6
3d243c94bc853d52
bc463d27bd533d15
bd6d3d663d133cbb
3dd3bcc8bd8eba99
3cfa3cbf3cd43cd9
3c6ebccc3d3f3d6d
bbd9bae43b7c3c89
bd58bc033cf0bd1b
bc503d4f3cff3c91
3d51bc513b8dbd54
3d343d4abde33a80
bcca3d0a3c59bd2d
3ae63d27bc753c80
bd3dbc1c3d123cb0
3cc6bbd1bc7bbcaa
3cdf3ba0bb86bd6c
3d9abdb43c0abd74
3d09bd60bb93bb62
bc773d65bdeb3c14
bce8bc8abd0ebaa9
bd2fbcc7bb9b3c91
bdc33d5d3c2fbb30
3e053d97bc983be8
bc323d36bb8cbcfb
bcc5bd3d3d5db98b
bc10bcc23c6abc76
3d8ebb2f3d1ebd92
bd82bd9b3ccdbd2a
bd093daa3c673d63
3b8f3d7ebbc03cba
3cafbad0bce0bdb1
3ce1bb1e3cb63d2e
bcecbcbabc88bd5d
bc6bbc62bc80bc31
3c123c57bd89be08
3d083caf3cfdbba7
3d013d4f3b38bd15
3bf83df03b3f3c34
3c583dd5bca1bce8
3b79bce23ac13c2d
bdaabbc7bbcfbc9c
bd65bd45bcf43bd6
bd893d5a3d4ebbc0
bc71bbeabc8d3c81
bc7738373d993d56
bd4abc503b5a3c52
bc62bd55bcb1bd96
0000000000003b87
bdb63d1bbcdebd54
bc8f3d6fbd963b6e
bc943c9d3e16bc29
bb8a3d8c3c5dbd42
3dc53d1a3c2d3d9e
3d9c3cf93dc83d99
bdd93cfe3db23daa
3ddbbbf5bba53cc1
3e15bc223ceabdfe
3d573dc43d553bee
3cf73d44bdee3cf7
3db13cdd3d46bd10
bd8c3e14bc3bbe33
3d2e3cd4bcaf3db8
3d813ca6bd8b3d1e
bd273c3bbc273b62
bd11bd23bd6e3d15
bd26bb983d23bd2d
3d233d5fbc19bd7b
3df73d393cad3bf5
bd933cf33d5c3d99
3d203c2b3d81bc0d
3d80bd9c3d173bd0
bcb7bb62bcb33d11
bc91bd9f3d473d36
bc92bd8abd5c3ccc
3cee3d79bd86bcd1
3d2b3da6bb623d61
bd62bd27bd423c1c
bdcd3c5ebb51bc64
bd273b9c3cb33d09
3b9c3bddbb9dbc6a
bd47baa2bd023d33
3d84bd92bcaabca2
3cec3d4ebdeabd09
3bd7bcab3d603b0b
bcfc3bd6bd2abc26
bd96bd8bbd9bbdbe
3d6e3ce8bcf4bb7c
3d8fbace3c0bba8c
bd91bd353c5cbd11
3cb5ba3ebd813d7f
bc34baa5bc623c67
bccbbcb53d89bc09
bd203d03bdb1bd3c
bda2bdb33d05bc89
bcb23c573c89bd6f
bc803c0bbd9a3d0d
bd2b3c13bda9bc83
bc9fbc333d443b80
3d6e3b7ebd953d82
3cfd3c88bcd2bd62
bdcbbc023d1a3dac
39a23d9dbdbf3c0d
bc2f3cd0bd42bbf0
3d103cbf3c8abca1
bb33bd49bc8cbd8b
bc263d263d8fbd97
3d46bd98bc6a3c8d
3d3bbb9e3c933cfe
0000000000003e54
3dd2bd973c4cbc66
3cbc3cfd3d533d0e
bc2dbc983cbdbd58
bd723dc03d433c87
3cae3c733ccebdbd
bda03ccd3d6a3c48
bca8bc45bd0f3d3f
bbca3d09bd83bd12
3dee3cf03cb73b5e
3c34bd443b363d90
3dbebc8c3d38bcee
bcbcbc963d193b65
3bfabd283d293ccd
bb053c5ebd9a3d21
bc1ebb01bc3dbd2c
bc5abd753dd0bccd
3d483e01b9c63d72
bce4bc3fbd1cbcea
bd81bbeb3c06bcfd
bcf6baf73cad3b66
bcfa3d9fbd083c72
bd01398bbd123d6f
bd033c1b3d07bcda
bcc2bc943d4cbdff
bc6ebce23d10bc1a
bd81bd0c3a91bd76
bd663d773c9c3c9c
3cfbbd083db0bd52
3bba3b2c3c7b3d58
3d15bb7e3c61bda1
bda43c8dbd3fbd80
bda6bbc5bd0fbb97
bd39bcc1bcdcbc48
bc5abbb53c8ebcb6
bd85bda8bd1e3ada
bd4fbd67bd39bc0e
bcbfbbdf3d1a3cdd
bcd1bd373aaabb97
3d8f3be6bb123ae2
bd413d5bbc3bbb0c
3d5cbcee3d8a3d6d
3a63bdb4bb09bc38
3d563ca1bd473bf7
3c3cbcb0bd88bd5b
bc94bcd93c603d6e
bdb7bd9abd1dbd76
3d473c38bc96bd2f
bcb3bd4b3d69bbd3
3d3d3c86bcd5bc08
3e0d3d3e3d2cbbe2
bc883d863d533cac
bc22bd153b4abce8
3dbdbd283d05bd7c
bb223da43c6e3d4d
3c8d3d6e3cfd3d13
bc953cefbcefbd10
bd2b3cf1bc32bb04
bce93d1e3c143cf3
bca53d8dbba93d8b
3d343d333c62bd95
000000000000bd89
bd3d3d79bd073ceb
3bb9bc633cb3bc51
bd69bd89bb953d6b
bcc9bc343c953cc1
3d75bd7e3b6fb995
3d48bc65bda2bd22
3de7bdd5bcaabd07
bdcbbd0abd7e3c02
bca4bd49bd14bc77
3d0ebd81bc9fbb8d
bc0b3c52bca83cfc
3ddebde83d383cb8
bd043dac3d89bd8b
bc993cc0bcc23c8c
bd0bbc91bd873d77
3d183b17bccabd10
3d34bd9d3c4e3c23
bc54baf23cc53c95
bc273d36bd093d07
bdb0bce8bc82bd1c
3d393d263d0bbb6b
bdd7bcc5bab93cb6
3cd3bd483da8bc9d
bd81bbe23ad03dd5
bde23cf83c553d03
0000000000000000
3dacbcfd3dccbd33
3d40bb8bbc443d2b
3ccdbbdb3b90bd10
bd3fbda13cb23cd4
3d123c503c813da1
3b94bdac3ca23b3c
bd603ceaba98bd70
3d9f3d40bd9bbd83
3ccf3d683d30bd74
3d293c673d20bd9a
0000000000000000
3cccbcf03db33da8
bd3e3d0b3ce5bc42
3d2fbd723d6c3cf1
3cd53c8abd76bca7
3d18ba893d87bb9e
3dfcbd5f3bd8bb27
3d24bbf4bd2b3ca0
3d373c203daf3c2f
bd22bd33bdacbc54
3b49bc85bc04bcd8
0000000000000000
bd2cbd513d29bd48
3d61bd103b1d3d89
3d4d3c7abdb6bce5
bb533ce23cc1bc8e
bccd3d54bd7dbd93
bd7bbab73d1cbbf6
bc9e3d1bbd93bcd9
3c46bcfbbd723d84
3d09bd293d30bdd5
bc3a3d1fbd693abc
0000000000000000
3c80bd243c61bd54
bc183c5abc87bcf6
bd6dbcb63d44bd56
3d4abd48bd1fbc80
3d9cbdb63dfbbd0f
bc9fbd06bba93c1a
bd7bbc42bdeabd69
3c3e3d76bb9cbd11
39b9bdc73c4cbd2a
bd513d353d2cbd47
0000000000000000
3cc4bca4bd813c5a
bbad3d49bd94bd1f
bd053cc83b5d3d0f
bca5bcf0bc32bb12
3db03bd4bd293c9f
bd78bd603ab93d44
3d573cbb3d023a94
3d743a9dbc793c86
3d223c72bd483d25
3b8e3d35bda0bc8e
0000000000000000
3db7bd3abd843d5a
3cf4bd2d3cc9bd32
bd113d0d3d53bd31
3c75bd263db83d8d
bd0a3c403d493d76
3cf93c2fbb543d3d
3ca13d07bd2abc34
3d653d9d3dbdbd09
3d26bd96bc4c3e00
3c2c3c9c3c23bd0e
0000000000000000
bd86bdc2bd53bb8b
3d933c33bc28bb83
bdd4bd803d70bdcd
3cc5bcf33c923dbc
bdaa3cb93cba3bf0
bd8ebcc73c79bd23
3d4fbd94bd3e3dcd
be193d983d653d6a
bc3fbc86bdc93cc8
3d4ebc973c9a3d58
0000000000000000
bd933d413dd23ded
3d2f3d153d51bb72
3d3dbcdd3b0b3c75
3d023d593da8bd3e
bd04bdcfbd9e3c53
bd0ebcff3cf3bd8a
bca1bbadbcc53d33
bcfebda9bd6bbdfb
bde93c063d81bcc9
3d833d0fbbfabb96
0000000000000000
3d54bd7bbe133c75
3d2f3cb63d863c9c
3d12394f3d6dbdcf
bd0a3da53d8b3cee
3d253c003da2bc23
3cf6bc35bde8bd57
3c303c4fbd363d74
bdebbd9fbd02bcee
3dacbc993d043dd7
3dda3cb2bd02bc0b
0000000000000000
bd45bbad3d3d3d0e
bdabbdad3d983d60
3d2a3d053d913cfa
3db83d10bc08bb93
bd62bd013be53d2d
bc39bd073d6bbbd5
3cc0bca53db93d4c
3dd1bbd3bd0e3bf5
bd7fbc053c163c02
3d2d3d373cdd3db4
0000000000000000
bd9e3d183a653d76
3c933d69bca5bdbe
3bbc3cb1bbd2be02
bcc9bd783d923d13
3cdbbcb03c9a3d4c
3daabd05bcb8bd1f
bd133ba83bc23d81
bd6d38e43d9bbde4
3c9bbcf939873dfd
bcdc3d64bba9bd62
0000000000000000
bc2abad9bd393dec
bd873dd5bda13c99
bda1bdc53b003db5
bd323dc7bcfe3bbe
bd89bc7fbd57bcce
bd253d9b3d253b2e
bc9ebce73c4c3d56
3d17bcdc3d09bc6e
3dc3bd8fbda0bd4c
bdf6bdbfbc053d4e
0000000000000000
3cb03b643d4f3d54
3c86bd93bd26bd87
bd7c3d16bb8a3d02
bc9bbda33bd93d6c
bcd2bc85bdbc3d32
3b41bb34bde1bdbf
3c71bcc33c4abd1a
3dbd3c31bc5a3c43
b89f3d883c643d28
3cf2bd09bb11b916
0000000000000000
bd78bdaebd72bcf1
bcd7be203d54bcdb
3dd63cca3d0ebcc1
bd81bbe5bd8dbce5
3cf8ba32bb393d13
3d6f3d1f3d4dbd13
3c843df3b98abc8c
bcef3d033b5ebd32
bdc2bc0cbc68bd79
bc97bd683c23bdae
0000000000000000
3c953b413dd6bb35
3d05bd01be09bd30
bc32bb9a3d8abd44
3b673ab5bc813c38
bb85bd323cdabc36
3d1fbcadbd973d6c
bcca3dcbbd583c10
3d25bd00bddcbd9d
bb8e3d123c4e3cbd
bbf5bd0e3d353d1a
0000000000000000
bd7abcd6bcf53df2
bd9b3ce3bce9bdc5
3c2ebd313c4dbdd9
bc95bdaf3bd4bb17
3dc93d6f3a863d60
3b8c3e0cbd1bbdae
bcc9bd0fbc733d57
3cce3d7bbd343d31
3c24bc4dbcc6bc0d
bc3cbd79bd023d80
0000000000000000
bc25baa8bd3e3bc3
3d8a3c463d00bc8b
3be9bdb33e28bd05
bdc03d913cc43d5a
be203d9dbd7a3cf3
3d143da2bd57bd26
3d91bc303c783d0e
3bcd3b903d12bdbc
3d093d77bbefbde1
bc5dbe093e02bc00
0000000000000000
3dec3d58bd173d0c
3db8bc39bd023d02
bd683d59bd55bd15
3d31bd043bba3cff
bb5fbc8139cbbd20
bb4ebd8d3d473e01
bc5e3d2e3c383d3d
3c4dbd45bd74bd26
bd283cf43beabd42
bd80bca93d02bd33
0000000000000000
3d28bcc5bd33bb7e
3c4c3d56bc64bd3c
3dd83cc1bd7c3e00
bcb13c85bdd53ccd
bcdfbce33dd93d50
3da8bdd7bdc4bdcd
3d83bc923c243d29
3cd43d8e3c95bcd1
3db53d98bdd43d19
3d863c94bde9bd06
0000000000000000
3c7dbc18bcb9bb83
bd173da2bd973d61
bd51bd12bbfcbd46
bce2bc493c26bcfe
bcd8bc6b3d5d3cb6
3cc9bcb53c9b3d41
bc9f3d4abb113c9a
bcafbcf9bddabbd0
3d8cbd6ebcc2bd19
3d47bc693b47bb3c
0000000000000000
bd9cbd2c3cc4bca1
bd5c3cb63da5bce2
3cd63cd33cc33de2
3d5cbb94bc80bdc9
3c193d9cbd65bd38
3c9a3d733d18bd1d
bdef3afb3dd43c64
bdb8bd203df3bd9d
bd3ebd25bc99be13
3d3cbd3fbd253ceb
0000000000000000
3c4f3a15bd89bcfe
3c2dbdddbc68bcd8
3bbf3d49bd9ebc23
3dd3bd0e3da8bd5d
3d453c4fbd793c77
bd24bd853d0e3cba
bba93d40bd5e3cfd
bdbf3ccebd9ebc4d
3cf73d103c8dbcd3
3d0ebd1f3ca6bc66
0000000000000000
3c923cfa3cc3bd45
3dac3cbebce73bce
bd01bc1ebd94ba98
3d463d01bd443bcd
bd2c3c0a3ce33b75
3db5bc5e3de93c8d
bc8fbdc63cee3da3
bc00bd96bd263db9
3bfabd3ebdaf3cb0
bcfb388abb9dbbe6
0000000000000000
3d423c8fbd12bcfa
3b963c44bc72bd44
3d2b3d93389fbbbd
bd6cbcf63d903cdc
3d68bc593cd6ba9d
bd6bbd09bc773c8d
3c603c94bd21bd4a
bdd7bce3bc09ba70
bca6bdeebdc03d5e
3b833d3dbbe3bd27
0000000000000000
bb8abb673d9d3d03
bd773c3dbc16bbee
3d443c323d38bd4f
bd1a3c45bd6fbc98
3d293c803d103cc1
3c36bd39bcc9bd8e
bd2bbdc7bbccbd13
bbc53b1dbdc4bce2
3d15bd0d3cb43dc2
bcf13bfabcaabca6
0000000000000000
bceabdabbdc3bdb2
3c93bc1e3bc63c01
bdc73ca7bdb1bc60
3d053ce63e093dc1
3d5d3b31bc383c2f
bd50bd5bbc07bd8b
bce3bb2ebdb43cdf
3cc1bca6bd96bca0
bde7bc81bd24bc55
3c8dbdba3d593c32
0000000000000000
bc8d3d2bbc30bc32
3cf23d333d363d8d
3c593cc73d1f3ce9
bcf5bd353c7abd67
3c283ccb3d08bded
3d20bd41bcacbc35
3ca13bcdbd6f3cbc
3cec3d233c253e0e
bca0bcf9bde63d05
bc3cbca93c9b3d30
0000000000000000
3d133bd7ba0ebcd6
bd9ebd1cbd123d47
3d903c9e3d49bd3c
bd93bd633ccc3cfc
3d053c443d963b11
3cf2bda1bd53bc14
bccabbe93dd8bd42
3d793d993c21bc80
bd493cebbdc3bdaa
bc2d3d41bc8b3dbf
0000000000000000
bd05bbfabca03dac
3d7f3d203cbbbd84
bcc63d3c3d90bc4a
bc023df3bd3fbd3c
3d4bbce2bbccbd21
3b88bdf73afd3b2f
bc203ccf3bed3d18
3ca43d8a3da93d55
3ba4bb8dbcdb3cac
3cb3bd4b3d6b3db1
0000000000000000
3dc13c1c3d58bd0a
3c09bd1cbc933c8b
bdafbd23bc8bbc83
3dafbdd93c1f3c27
3cb9bcdcbd2e3c81
3c363cbd3ca93d73
3bb33bd5bd223c9c
bd04bb0fbc203cb8
3bb0bd333d903d23
bd843d9a3d90bc37
0000000000000000
ba973c4cbcb7bc41
3ddcbca23cda3c8a
3d573c19bd623d08
3c883d6e3c70bc65
3d9a3dd93de03d21
3b2e3d25bc73bc40
3d30bdcd3c20bd8b
bb74bd45bc823d2f
be253b56bb8f3dd7
3d923d7ebdd93ce3
0000000000000000
3cefbd493d8e3b93
bd59bdbd3ca73d85
bbd73cca3a98bd55
3b80bd84bc5a3c26
bd2e3d10ba433d2a
3c973d97bd313c9a
bc92bd74bd0f3ca5
3d79bcfa3da83caf
3d553e073be4bcd6
bb013c873d333bed
0000000000000000
bccfbd2bbdac3db1
3da4bc08bdc7bcb1
bcafbc97bc763cf7
3c3fbd153d023d56
bdacbbed3d59bbe9
3d2bbca5bc00bc8b
3d243d7e3d2cbc03
bd80bbf03d4abd2d
3cabbcb83d80bc1a
bc7e3d85bc753be8
0000000000000000
3cb23d79bcdbbab2
bd253c79bd073d19
bd323d613d68bd0c
bdc4bae23c7d3d4b
3dbfbcff3bfdbc96
3cb4bcc33dc63c83
bc76bbca3ceb3cfe
bced3c943c643c68
3c1aba1abd5ebd57
bd663b4c3cc1bcce
0000000000000000
bdb83c9cbd0fbd76
3d423cd8bd7cbc98
bce6bbd5bdaebd61
bcba3d6a3b7d3d92
3e1abd8c3d85bdd7
bd8dbd063c583d09
bd4e3d963d67bdc8
3c97bd39bce6be3b
bccd3c4f3d7d3d1f
bdb83ba9bca03b87
0000000000000000
bdab3c0a3d06bb85
bd8dbde33c36bcf4
bd06bdd03d323d04
bcf7bc8abbc33db0
bd053d90bdb13d8d
bdbdbd6a3cce3d43
3cb53db5bb0c3d5d
be093d03bcf73c99
bc563cec3c1b3cee
bd433c8c3ce23d22
0000000000000000
3c92be0fbdbebd14
bd9cbcaebd15bd01
3c9b3d1bbda2bcc1
3cdd3c9f3d62bda2
bcd03cacbc953dc1
3ca03d10bc70bc6a
3dd4bdbebd2a3d82
3d7ebcdebb2a3db1
3cf43d9bbc5dbe06
3d093d90bc4fbd96
0000000000000000
bd513d02bd46bd48
bd653d27bdc3bc4e
3d0cbcd13d7ebd45
3d8cbc353d383c49
3ce73d1abd24bd6c
3da23d90bbfe3e07
3dc5bba3bdae3c41
bcd4393bbdcdbc8f
bd98bc9dbbbebd65
3e17bbf7bd88bc9e
0000000000000000
3c713b173d8fbd0e
bc43bd8f3ba53b7a
bc6fbdb63de43d62
3c99bd5abcb23d49
bba1bc8abbc53c9e
bc6c3d3bbcd33caf
bce5bc0abdaf3b03
bdb9bc69bc8b3da0
bcfcbcb0bd193d0d
bda1bcc53c96bc58
0000000000000000
bd0d3cff3b743d08
bd6cbd72bc6e3d91
bd2c3d323b2fbcd2
3ce93ce0bc103d91
3d43bdb93c3b3d2a
bd343d8dbcc7bd57
3b503d473d893ca2
bafbbd59bd68bba0
3cd53d813d44bb9d
bbf63c943d9dbd63
0000000000000000
3d17bd883d303d03
3cdd3be13d5abcb2
bcb03ca5bd4b3d94
bcaf3b883d4dbd5b
bca1bc3cbcb93c01
bd2b3b373c843d63
3d6abde2bce6bb50
3c28bc97bd75bd4c
3cb83cc83b903bfa
3db2bd07bd183d62
0000000000000000
3dab3d89bb473e10
3cc7bd493d713b01
3dfd3d093d663cfe
bd233d20bd65bc29
bc353c5ebc773da8
bd0cbc70bcb13dae
bd38bc8b3d1bbdf2
bda0bd7a3d0d3ce6
bd963cadbd6fbde5
3ce0bd16bd123c7e
0000000000000000
3a843d19bdba3d97
3d9c3c61bc8ebdda
bbb8be263dd13c58
bd30bcd73d28bd01
3d0cbce1bd10bd3d
3d4b3d3c3d0b3d58
bd003d8dbca23cb0
3d1cbd8cbc30bc98
bc81bc2c3d0e3bcc
bcb8bcbcbda8bd25
0000000000000000
bd243c57bd35bc74
3cc53d40bca6b968
3d89ba92bdcbbc8c
3da8bdc2bd743cdd
bdee3bcebd4cbd5e
3cbebd353c8a3d6e
bc633da6bd91bdb7
3cda3d6f3c913d42
3ca03d8d3d313cc9
3d58bdc1be023d41
0000000000000000
3db7bd003d46bccd
bd20bd0cbd76bca3
bc073d0a3e18bc8a
bd32bb76bd4b3d2f
bc343d15bc9cbd4d
bb65bcc43d823d09
bd15bdbe3d75bd6d
3cc53d7cbbba3de2
3dcc3d0bbd133cd7
3c7fbd4ebc47bd77
0000000000000000
bcdfbc093c84bd9a
bd323d4e3d4abbee
3bba3d9dbc6bbd81
3d933c883b9d3d65
bcb3bc8bbe043b87
3d843ca53d093cdc
bcde3c6e3d403d1f
bd1bbd19bd60bd92
bd89bd87bcf4bc92
bcaebb1abda83aa1
0000000000000000
bd69bd6cbbc6bdd7
3abf3d3a3c8e3d54
bd143c1fbc643c9e
3c103b1f3e27bc94
3cce3d613bd73d5f
bc66bd48bd95bd03
3d30bdcebdde3d28
3d273c70bd56bbe0
3c62bcd1bdbcbb1b
b7f2bd803c17bce4
0000000000000000
bda6bb61bd33bc23
be10bdd63c90bdaf
3c2ebcc73b423b10
3cc73cdc3d3b3c9a
bb81bd463c57bd2f
3dcdbc93bc35bd59
3d2f3d02bb833b97
3acf3d5e3c44bdc7
bd03bdbe3b74bd18
3d39bd97bc32bd7e
0000000000000000
3d823d68bd9b3d3a
3b54bb8cbc5d3d4f
bdb23dd3bd1abdda
3d0cbd1d3d29bd1d
bdddbd1c3ccebd9c
bba1bc983dbbbd28
3d95bd693c803e00
3dbcbdc0bd04bba4
bc833cc93c5e3d8a
bce1bd84bceb3dad
0000000000000000
3cdabd5cbcaf3ce7
3c47bd513a8e3d8c
bdbd3d933d36bd98
bd81bdb4bd783de9
bcc13bfd3cf5bd3e
3df7bd18bc553e01
bcd9bd913dbd3d55
3cce3da13db73ab9
3c57bcc7bd193d76
bd1bbb8abd483d90
0000000000000000
3d0a3cc8ba47bd01
bd76bc25bcd73d54
bc403dafbda4bc8c
3d3d3d4e3cb83cf5
bd01bd09bd043bfe
bcabbc1b3d45bd43
bcb2bcd23d823b43
bd0f3d15bd6fbdc6
bc0f3cbe3d84bcc1
bcaf3d453ce0bce1
0000000000000000
3c2e3b98bb223d5a
bc23bd96bcb3bdaa
b9643da8bce6bda3
37ffbdc63bfcbb7e
bd163d473d42bdcb
3b1f3bd83ca03bfd
bd26bd14bcf33c0f
3c7d3d193d183d69
bc983d12bc93bc00
bcd63e18bd10bd9e
0000000000000000
3d3ebdadbca1bdd5
bc1cbac9bc023bb7
bdb9bd663cd1bc1d
3d553d0ebc8d3db5
bcf73d983d74bd87
3d14bd863d823d7f
3d8c3b55bd3c3b20
bdef3dba3d19bd74
3db4bd71ba72bd86
3bff3d2abca93cef
0000000000000000
3d933cec3af13cdf
3d2c3c3f3d283da3
bd39bd1bbd77bd94
bccf3c84badfbd3d
bdd83dc7bc963ccb
3d1bbd2fbce4bda7
3d2a3d9f3da23dba
bd42bca83d08bd60
3c503d813c9a3aa9
3bf33ca2bb553d03
0000000000000000
3cfd3cadbd37bd25
3ca4bdbc3ce7bdc3
bdc4bd30bc33bce4
bc83bd8a3d2c3da2
3d06bd0f3d0c3d83
3e203da2bc66bd9c
bc90bcc2bd0d3b94
bdabbcee3bab3dda
bcf03da33bc93d27
bcc33d113c973a2b
0000000000000000
bd393a57bd263df2
bd19bcb5bd943ce8
3d36bd113d24bd28
3d89bb6f3d5fbd43
bd183dab3d703c5f
3cefbd5a3ce43d4c
bc4f3c6fbd37bd16
3cc6bd09bcddbe19
3e25baf73c8f3e15
bd9fbd5c3c70bd7f
0000000000000000
3cd3bd213d90bd94
3d823c76bcdf3d89
3ca0bd043d06bb4e
3d13bce1bcf43d85
bd8cba25bb603c08
3d363ca9bda0bd41
3d503cd03d54bc51
bb773d93bd2f3c46
bda0bd893bbdbd0b
3db8bc463c8cbd82
0000000000000000
3d173c163d3abda6
3d5c3d783ded3cb4
3dce3c0cbc203e38
3ad3bd8dbd8dbcad
3d4abd5e3db6bcce
be02bd2d3d47bb43
bd473cef3dc7bda7
3db1bcba3cd0bd4e
bcbc3c09bd25bc95
3c2fbd8abd823ca2
0000000000000000
bd91bc25bd5bbcb1
bb103d073d033cdf
bce03aec3dfcbd89
3d83bd9abcc5bbf6
3e21bc33bcb5bd4b
3d94bd743cdd3d55
bd3b3e06bd3f3d4a
bdbabcb23d3a3c9e
bd193dccbccb3d9f
3cbebc44bb8ebd26
0000000000000000
be8dbeab3d88be86
bf603c9ec0ca3e76
3ed1bfad3f443fb5
bfb43fbfbfc6bfc8
3ff83f67bf1fbf97
3e8e3f813fb84051
40133f703f3bbfb8
3f0ebf873ecfbf49
3fb2bf92bfdbbfd0
c016bfcd3f9dbe48
bdf8bfa93edebf02
3f4c3ff5bf83bf54
3e693dbabefcbf38
3fbe3fc33fb63fd1
bf3fbec73d5dbdc7
3d09bd88c0e2c00b
bfcf3e20bef0bfb3
bfb03f46be8240b2
bfcd3fcebfc8bfd2
40203f643e56402c
3f0cbfd33f853fbf
3e983f6abfc2bfad
3f88bf03406b3f4f
bfb53fa3bf87bfc6
3e0cbf83c02e3f8c
be743ebabf33c030
3f623fdb3fd53f37
bf5f408bbe683ec6
bfd3bfb43fe33feb
3f81bf95bdb73ff1
bfca3f8abf7abe9a
bdfbbf2abf603d26
bf94bed43fb83f5a
c00a3fc5bfedbfb3
bfb33f24c01bbf94
be59beb93ec63e79
bf773f5abd393c6c
3ed33d33bd85be8f
c003bfa73fb5bfa8
4083becf4003bd8e
bdce3f65bee1bfe0
3f9b3f323ec13e3a
3f0840473d813adb
3fd33fdcbfbbbf90
bddd3f483fba3a22
3f3ebf1ec0413e58
bf81be7b408ebe81
3e2940c93f863fa3
3fc23fcc3fdf3fd8
beb1c067bf443fbf
bfd7401e3ea1bf2b
3e8a3fb1bf1dc016
bf03c04a3f053ed6
3fbb3faebfc9bfb1
3fe1c049bf77bf81
3e943dc6bf193e3f
bf8e3f1d3fc7bf93
3f8e3eca3f46c028
4006bf9dbfd2bfe6
3d56be8cbf2f3ffe
bfdfbe3fbf8b3fde
3f6ebd334047bf97
bf013f4bbd973e37
3fad3fa4bfb33fb0
3ecf3d93bf883f73
3fcd4034bf92bfd7
be853f46bf093feb
3f703ee7c02840e0
3fbe3fb9bfd1bfe2
4053bf2c3ff9c0d2
bee7bed0bfaa3d86
40803dfebe17bdd8
40b73fcf3b65be98
3fb2bfc93ff6bfe2
c0b640073e3c3e4d
3f80c0bbbfbf4019
bffabd9ac062bfad
bfcdc0083dd1beac
3fc9c0003fb63fdb
c006be82be79be5b
3daf3f27bf9d3fc8
be1f3ee8bd8d3db4
bfac3ec73df93ecf
bfe63fc03fc23fb3
bfa03e48bfc140a6
4026bfd33f4b3ea7
bdb4c061c0343edf
be913e323f7abeac
3fad3ffa3fbf3fbb
4004bf4abebabf98
bf8cbf52bd54bc9a
3e7fbf36bd404024
3f34bfc9bdcac00d
3fba3fd3bfca3fb4
3dde402dbf79bf89
3ea5402b3fc23f78
3f3e3fbf3cf2bf32
bf35bdd5bed0bfa1
3fb2bfab3fcc3fcb
3f3a3f033e8f4005
3f5740213ec4bff0
3f52be223f64bfad
bea54002bf27be24
bfb9bfb13fc5bfa6
3f4a3e643ea8be2f
be033dfcbed43f06
bdec3f53be88be42
bfb1bee3bed7bfad
bfe6bfcc3faa3f9d
c007bc82bfc4c008
3d81bff23d5b3edd
3ef7bf99bf42bf68
3e94bee5c036be63
bfdb40023fc33fda
be8ac0cfc01cbeb3
3f654004bf9b3f8f
bf183e30bf653fab
c01b3ed5bedfbe66
c004bfc6bfc3bfd2
bfda3e63be08bf61
bf8cbe85beecbf6f
3eff3e973f8cbf17
3f80bde6beabc02a
3fb33fc53fd13fd2
bfdd4031bfbb3f98
bf2a3ec5bfe53fdd
3fd1bf45bf8ebf38
bd9fc038bfa33fd0
3fcd3fac3fd53fa3
3e7dc0033f25becb
c0013fd9be033f2f
bf454097bf48bee7
c0023f683ffa3fd4
3fd43fbf3fe2bfb9
3fd7bf933ec33f68
c05dbfcf40793eb1
3ec7bfbc404bbec4
bf503eb33ed4bff5
3fe2bfdabfc93fbd
3f453f453f324033
4010c0733fb0bf78
bf983f613e1bbddc
3e00bf55bebe3fc5
bfdf3fdf3fdebfdc
bf4a3f763fdcbf84
407c3cc23f833f10
bfde3e1bc002bf30
bfb6bb3dbf113f5b
bfae3fc5bfbb3fdd
bd5b3e0e3f0fbf58
bda03d493d0b3cda
3d533bd53cb33d14
bda43d353c4ebd87
3b63bc5bbc04bd8a
bd32bd2f3cd5bcf8
3c0dbdcabdaa3d8c
bdc93cd5bb08bd8d
bc113a963c463d1f
3da13d503d2d3d58
bd1abce13cd5bd41
bdfbbd5cbd07bd2a
ba8fbcbbbd7c3ca2
bc7e3c72bd64bd4f
bda439c3bcc83cb7
bc043d91bce4bc2e
bd73bce0bdc33d11
3d073d6b3dc93ce7
3cf53c563d4d3ce0
3ccfbd803d903d09
bd81bdd53bddbbc1
bc913c533c7abd4d
3c08bb753d61bda6
bc10bd2ebd413d50
3bc4bc933d6bbd21
bc9ebc88bd523d53
bdc0bda83d143b4b
3ac83afdbce9bdaf
bd41bdcc3d483d96
bc0bbe14bd103d8b
3cbebae5bcdb3d42
bd6ebdbfbcc3bd7c
384fbdb3bd503d05
bd1cbd8a3ca7bd98
bcc93be2bb8bbc47
bcfbbcc63c05bdd8
3bcc3be8bd333d03
bd7e3c80bc2c3da7
3ca73da0bd49bd5f
3cba3cd4bdd9bdbc
3c663c38bcf2bdb0
bd7c3db4bcc8bcde
3c463d24bc9ebda1
bd9e3d8b3c72bcf5
bce4bdaabbb93d28
3c22bcda3d41bd37
bcaabdcc3d9bbd05
bd3a3d113c87bdcf
bd02bc49bd493dc3
3daebd8cbca1bd9a
3d1a3d8b3caebe1c
bdbcbd843bd5bcef
3dbd3c08bdb4bb55
3d2bbdcd3cb33e4b
3c313d383e1bbdbe
3ce9bc643d363cda
3a723bf33d19bd89
bc21bd2a3cf9bbee
bd563d163d8cbc93
bcec3d77bd05bcb7
3bef3d3abd27bc0b
0000000000000000
bdcdbd84be0c3b22
3d2bbc85b90eb70a
3d293d1ebcc0bc16
3d27bcf93d843d33
bd75bca63cc7bd49
3b613d82bcb93cda
3d8fbb4c3e173bc6
3c8f3d22bdc93ca9
bc143d8bbd0f3d6c
3d2ebdab3d033d75
3ce0bda3bbd3bd4b
bc5b3d2d3d8c3dad
bbbdbd08bd403c25
3bc43cffbb16be02
bb5abd34bb35bc7b
3d0abde8bbd7bd9c
bd513db6bdb73d03
bcf9ba75bd303d07
3c2fbdc13cdabde9
3d393d03bbf6bb49
3dc3bd01bc6abd17
bd693c2c3d243bd3
bd7bbb98bc68bcf1
bc8cbdcdbc1a3d1b
bdc63d91bda43c95
bd3abd363d323dc0
bc32bcaa3d2cbd23
bcb03c8a3d783c17
3b55bdb33d09bd04
bdca3d7f3bd83daa
bd933b9abd193d1d
bd94bd80bbc7bc72
bc84bcdb3cb2bcd2
3d5b3b11bdbb3da7
bd73bbf13c78bd42
bc79bcadbd97bd63
3d99bd60bc4abbc4
3c793d2ebc513cd6
bc7ebd873d90bcec
3e0f3d2c3d553d53
bd5bbc853cfebcde
3de6bcd33da23c77
3ca3bd88bd80bc71
3d6abb5f3d713be3
bd03bd8fbcae3d4a
3d1abcaabc8e3d0a
bb823bb63dc6bd8f
bc8c3da8bd8dbca8
bd303c26bcb8bcff
bcaa3d49bd273a52
3ce4bc90bd13bb99
3c86bcd4bd91bd6a
3bcb3d173ccc3c89
3b8abcc83d163d4e
3b213ad8bd56bb0b
bcc83cc73c0f3cb7
bd163cf83d31bc5c
bafdbcbc3de23c32
3bde3a253d45bdab
3aa03d433d5f3c8e
0000000000000000
3bbdbba4be333c6c
bc363dfa3c70bdca
bdb9bcd9baf0bcd5
bdb23c413d16bd9f
bbd23cd3bd6ebda9
3d8abd77bce13b13
bdc4bd763d36bd0d
bd043cbc3d9fbdef
3d3b3d49bd683c05
bceeba523d123d77
bd9ebd51bcd13c96
bd37bc7cbb653d45
bcae3d10bdd4bd1c
bc103d533cb0bd9b
3c96bc8ebc493c1c
3c49bcda3c1abdb2
3d833bc0bc593ca2
3d8f3b33bc3fbde4
bd6fbc7b3d753afd
3c56bcda3d87bcff
3d06bced3d3d3d2a
bd09bcbf3d793df7
3ca8bd2c3ad7bd09
bd6f3bfdb99abd35
3bb23cdabd8abaa5
bb27bdf7bcbfbc92
3dc4bca33b833d99
3d113c22bac13b82
bd88bbddbd513d2e
bd8d3c353da9bc4b
bc093c913d89bd4d
bd44bcdf3d613d59
bcd1bd543d1d3ce2
3d2e3c133c8d3cdf
bd32bc11bd96bca9
3cb5bd873d873d26
3d283d543c053cbc
3d7e3d1ebbac3bad
3ab03d29bdb1bdca
bd8dbca1bcd13c5c
3e23bc5b3d3b3d21
3ddebb39bda63dc7
3d873d7b3dc33dc3
bd0f3d8bbddbbd4c
bd21bd843c763d63
bcdcbd333d32bd71
3c7bbd07bdafbd3b
bd9c3d9fbdab3d59
3d95bc093d2d3cb1
bdba3d09bd22bd1c
bc14bcd73d86bd7e
bd7e3c33bcd23d1d
3d28bca73dc33cd1
bd5bbc043ca5bd6a
3c5f3d10bd723d01
3cb7bd88bcbbbc21
bd4cbc71bc8bbc0a
bd27bd333b913d53
bde6bd1f3d453d09
bda43c2fbcc33d5b
0000000000000000
3d333e01bd893e4f
bcb6bcf43d0ebe2c
bb4bbd683dacbd32
bdc2bda6bcd7bd70
bd31bb733dc4bcaf
bd64bd26bd86bd81
bc98bcd5bc173db9
3c32bc5bbd75bcff
3d883b873cef3d82
3d563d15bc1cbb3a
bd95bbb2bc9dbc59
3cf73d383d8ebce8
3df0bd0e3d0f3b1f
3d5cbdb0be0c3d82
bd5a390fbaa93ca7
3d043d41bd89bdd9
3b66bae53dca3dab
3bc9bcd9bd173d07
bd963c93bd8fbdd5
bc48bd1c3c80bd0a
3b2a3cfcbcf53c22
bc373d5ebcb43dd8
3c37bdd1bcd53cd8
be2abd1b3cf63c17
3d59bda23bb9bd18
3d34bce93b23bc01
3c7fb9e53cdebd33
bd273c34bd0b3b6a
bd353cd23d673d74
bbf0bda83bcd3d2b
bc23bcc33da7bc7e
3d94bc43bcd7bd2f
3d43bcaf3cb7bdee
3d1ebdc4bceeba60
3c4abb95bd823ce6
bd383d913d823d14
3d29bd823d07bd6c
bdb7bd2abd173c04
bd66bbe63d0c3cb7
bd59bbcbbd7dbd47
3de53cf63ccc3d17
3d903d1abd783b03
3c8cbc273d9e3d6b
bc973dac3bd43cf6
3d56bca5bc993d6b
bbef3d0ebd86bd73
bd3d3c43bbc73d48
bd7abd273c813d11
bcd63d2c3d5fbd66
3d4c3cf0bbed3d36
bd463d67bd403d88
3b4ebd83be00bd9a
3c8b3dcabce23cdc
bd98bd373daabdfc
3c183b523d6e3d4e
bcd93ccd3ca0bdd4
3deabcd0bddebd07
bdbb3b173cf7bd61
3b023d94bcf5bc66
bd7bbc113c9dbda6
0000000000000000
bd8b3d13bc1ebd1c
bce3bcdb3d863d91
bd0fbc10bd463d37
3dd5bca0baee3cb5
bcfa3b343d713dce
bcd2bcb03bd6bd06
3cbdbcc8bc43bd6d
3cfabdbdbc513d97
bd0fbdb2bda83c05
bd243d56bc0dbdaf
bcc93da0bd4bbd86
3d9abc863daf3d3d
bc14bc893c563cb4
3a52bd2dbda9bd6d
bd30bc89bc81bb97
3d9bbd9fbc4f3c57
3ca73c8f3c1c3bfb
bd76be14bd61bd60
bb653ba53db13ca8
bda93bb13cca3c92
3b7a3a3c3da8bd80
3cbabd12bc853e0b
bc67bd0d3d0b3c6c
bdb5bc94bc67bd2b
3becbc4a3de5bd34
bda9bd17bde33d6c
3c68bdadbca7bd16
bc813d41bd8a3d0f
3a5f3da5bc9e3ca1
bc353c103d0cba20
bd69bd0f3d833cfc
3dcb3cd73dc6bd34
3d3ebc1cbcb93d05
bcafb99ebd983c9d
bc99bb793c9abd46
3d9f3de63dc3bd2f
bc593d183def3cbf
bd6f3cc1bd163cd6
bd8c3c073b6a3c98
bd69bc3bbd47bb4a
bb98bc0b3d383b3f
bd0cbd18bbe1bd6e
3d7c3d6d3d72bd51
bc303cd2bd2dbd59
3cf6bd0abcda3c38
bc223d463cdcbc60
3d30bc803c30bd25
3c833bbf3d4c3b36
3dbabd1a3cfb3cf1
bdbd3d8fbcba3dae
bd81bc40bc243ca0
bd56bd77bc98bda1
3dbcbcd9bd4bbbfc
3d7f3d1ebce7bd36
bd313c9c3d09bc57
bce23a0fbd3a3cba
bd14bc883bf53c5a
3ca33c82bcb83d9d
3d5bbcd73cc03d89
3af53bd3bc45bd8d
0000000000000000
3df13d8f3d8f3cb5
bd16bd6e3d09bd3a
3cf7bd00bd103c06
3d46bd11bce43d2a
bdcd3cbebd0dbdb8
bd0abdb8bdde3d0a
bd4dbc663d023d20
3dad3bef3d963c7c
3d2bbcb6bd4d3c87
3d46bc62bd51bd8f
bd503cca3d6f3e3f
3c773da13d693cab
bd74bdd93c563d35
3c6fbd9fbc4f3d96
bd39bd4e3d243d34
3db63d503b3cbd78
3dccbcd33cf53d80
3cf4bd1cbdc7bcfd
bdadbe0a3d27bd23
3b88bb36bd5abc3b
3c39bd92bd113d6a
3cde3b2dbcd03d81
3c75bc26bd613d17
3d0dbbad3cb93d67
3d6ebdda3cde3cf8
3bab3dc83c7ebbe4
be0d3e033d163c24
3c7abd033d863da0
bbf73dc43cd7bdd1
bacd3b01bd46bce8
3dc43df23e123bbe
3d173bd63d21bc0b
3c983c0abc3b3daa
bde8bca63d5a3b2f
bbc4bd19bd103d19
3d0b3b95bd063d5a
3c693d393bc43c52
3cdabce8bd6dbdf9
bdd4bcaabd41bdbe
3cc5bda1bd3bbb10
bc2a3c4a3d38bd2d
bdb83c923ca63caa
bc7bbc5abd033cdf
3cb6bdb73c98bd90
bba23e0c3e163d42
3c7f3d6a3df3be01
3d173d8dbd63bd48
bbcdbdd6bda83cd7
bda8bd913bdfbcb9
bc91bd12bc193a22
bd72bdecbd5d3c26
bd383d44bdb63d08
bce6bac43cccbd73
3d5cbd07bc593d33
3d4b3db03d183d9c
bd1cbcaa3db53d4f
bcd0bc163cd93be9
bbcebdcbbd3f3d11
bd2f3dbf3d14bd98
bc31bdd4bdefbc7b
0000000000000000
bce9bd753d8f3ba1
3d9c3ce63cd1bd92
3d343d423d7e3c70
3b9f3c11bcabbd6c
bcd1bdc3be063dff
3cac3d35bc0cbcfa
3b9f3cc23c82bc13
3d713e3fbd35bcaf
bd64bc3d3da13d9d
3de3bcc43d62bcac
bd3d3b103d403d9a
3d143d3dbccabb2d
3cd33cf93d3dbd02
bc953d83bcb2bd4b
bdaebd833b9e3b2b
bc8fbc9ebd8e3cef
ba163c793dabbd4a
3aa13ca33be33dff
3d353d79bd04bc93
3ca7bdd03cf73d91
3b07bc2cb9c73d8d
3d05bca6ba823d89
bcf93d46bd38bc2e
3d9fbd26bce7bdaf
ba0ebd063d703d94
bda238c63cd43dd4
3c53bdb1bc223c9e
3cc13cf4b992bdb9
3b33bde7bcacbd25
bd4a3d5ebcd4bd48
bcb9bd333d12bb18
3cd4be1dbcd83da0
bbe03bb0bce33e04
bb933cdcbd19bcb8
bba7bd4a3d11bc5d
bd233d07bd893d5d
3d95bc12bc1b3d46
3c943d3f3d3cbdf1
3c6f3d9cbd423d0a
bceebbe1bdba37ce
bdaabd36bccf3dcf
3c503d733c1cbc3a
3c95bc99bc683dcf
3bd8bd1e3bb2bdcf
bca8bd32bd2f3d95
bd3abd9f3aefbd8f
bd143c1dbc78bb64
3d94bcfcbd36bd22
b7db3d39bcf83d3f
bcba3d0c3caabcd3
bd1d3d34bcc33ccb
3c8abd8b3d27bd9f
bcc5bd633d9d3d87
3bf8bd063c54bda5
bb5ebca83dc43ddf
3c0dbb05bbca3d4b
bd38bd6c3d23bc1d
bd56bd19bcbd3d1f
3d083c9f3c05bd3b
bd61bc83bd573d45
0000000000000000
3ce73d2e3de4bc7c
b9a03d28bd633d20
bcaebcd43c46bc5e
3d8b3da73b4cbd82
3d07bcba3c39be0d
3c9abd98bcb83d29
3c5fbc223c65baa1
3dc1bce23d203bf7
bd943a24bd10bd9e
bdafbcec3cb9bd17
3c043d07bd433daa
3d8fbdac3c5cbd0b
bce53d64bc833d1f
bde3bc1bbcffbcfb
3d203cca3dfb3d9d
ba973d8abd5e3d05
bc0ebc3f3cf9bd5e
bca73d70bc24bd22
bcb93d8f3c1d3c82
3bc73d1cbb87bd90
bb543c173d8ebd0e
bb9a3d183d693db7
3c553ca5bd403d86
be1abd99bc39bd10
3d68bc043d5c3bf0
3d2e3d813ae93dc1
3d7e3d80bcabbc0f
3caebcae3cdbbe25
bd7cbc803bb53c8e
bb133db5bc08bbfd
3c57bd6b3d24bcc8
3d8d3b143b3c3c73
bd1cbd433da73d8c
bccbbd2a3d88bd10
3c3cbb08bc813d0d
bdadbd7d3cdbbdf7
bc3cbd26bd13bda8
3d5bbcd5bc92be11
bd5d3d5bbd45be61
bd973d6e3d0fbd05
bd8d3cbabc9abbda
3d743de939cf3e21
bce43c99bb45bbc0
bc7c3d26bca5bdcf
bd3c3bac3b663c43
bc87bde6bc11bd5a
3d72bd323dd03e0a
3d33bbd2bd7cbd97
bd1f3d3d3d2a3ce9
bd1e3d0fbd4abc21
bd573d363d96bdc9
bc153d64bbf93d7c
bb6f3bd53df7bc9c
bde0bd533d8ebd23
3d1bbcdebc163db1
3df6bbafb9763cb5
3d1c3ae1bc96bd27
bd1dbbc13e0abc55
bd38bcb5bc923c36
bd46bdbc3c603a1e
0000000000000000
bd86bd813da53c44
3db4bd98bcacbd15
3d253d14392abdc5
bcde3bfd3cf2bd70
bc89bc8e3d463b1c
3cfdbba63c9cbabc
bc5fbcfa3c78bd89
3c55be033ccdbde2
3d343d5ebd313d7d
bc32bd69bd103d60
3c983cb03ac63c9c
bd1cbb2cbca2bda4
bcfabc44bcbabcb2
bd823d1fbb78bd41
bd633cae3d953d2a
3a8c3d9f3d5bbdbd
bcea3c023c89bc41
bd3e3c953ac13d60
3d7a3d7bbd213c8a
bc28bc8dbdbfbd87
3dd23d423df3bc8c
bb0fbdc73d1dbd10
bd3d3c42bd40bde0
3d073d69bcb6bd8f
bdbe3d95ba98bdb8
bcbc3c1dbba33b8d
3d68bd9cbb37bd8c
bc87bdd5bbb2bc78
bd423d65bcc23c81
bd9ebc8cbcd3bd1e
3d02ba69bba23d0b
bc80bd70bdb6bd19
3c19bc7c3d84bd0e
bc8abd9ebd7dbda6
bd0f3d55bbdb3cc5
3ce5bc273b25bd01
bd8ebd4dbb823c5f
bdc43dbbbd33bbd5
bd113d4a3db53db8
3d10bd253ca4bcfc
3d563d1c3d93bd62
bd05bb54bb92bd0c
3d80bd2fb78fba84
3ad53d613c2e3ca5
bc04bcd2bd1b3d81
3d243c76bdc73d85
bd6dbccebb9b3e09
3dab3a2e3d963db4
3d663c83bc25bcea
3de73d2e3bcf3cde
bce53d6d3bb83cfc
3d8abda13e1b3db9
3cc43d85bc86bd0a
bda0bdbc3d373dd2
bd96bdbf3c9ebd26
bd28bd513ccabcde
3c8dbd1b3d6abd25
bd533cb53dafbb4a
3d1a3d6cbd07bd58
bce5bd583d0bbd0e
0000000000000000
3df23d473c56bd65
3d623c8f3db63c78
3d273d88bd913dfb
bd563d5fbda13cd3
3cc0bcfe3e2b3db9
3da03da23bce3d71
3da0bb5bbbd13ccc
3d603b8ebd193cba
bd7a3d98bcbfbd8e
bdaebbd93d1b3c54
3c05bd923d0ebdc2
bcdfbca13d01bcf2
3d32bc2f3c15bda8
bc76bdadbd893dd8
bc0d3b75bd023c02
bab13d0e3cca3c9f
bd42bbd6bd6cbdab
bd613c0dbd15bc56
3d55bc4abd37bd36
bd35bb8dbd663d0c
3cd8bd48bc9bbc5c
3b1c3e08bc78be03
bc00bd463b45be0c
bccebc953cab3da8
bd42bdaabc03bc81
3c75bd2abbfc3b65
3bc93da43d66bd5c
3c933d383dffbcb3
bd80bd3a3dc73cce
3c8dbd163dbebca3
bdab3df4bdc1bc78
3e073d6a3c213ca6
3d6c3db73cc3bcd0
3c71bcad3d28bde2
3b3cbd1cbb253d1c
bb37bb25bd96bd2c
3cf3bd823b483c45
3d033cba3cf13d3f
3d193abc3bc5bafb
3d0bbc2fbdab3bc3
3cf7bd11bbe9bd92
bd2d3d5abcac3d32
bd69bd1fbda13d79
bd053cf6bdc1bc3a
3ce2bc1a3d44bc8e
bd98bc8fbdc2bcef
bd76bcae3e143cff
3da2bd133d0e3d16
3d3d3d9a3b4c3dc7
3d143dd4bddc3d65
3d07bbf4bda4be16
bd27bc95bd263d96
bde83da1bccf3d06
bd523b8fbcdbbb48
bd5cbc193d603cab
3bf6bc893d533d2a
be113ca7bca3be28
3df8bd3f3cb03d15
bd7dbdb23dcbbd45
bbf43badbdc93d19
0000000000000000
bcca39273db93dd0
bd583d853cdabd8a
3d34bcf53d873cf0
3ccfbc61bcad3c5e
bd98bc513cd3bd55
3d87bc3a3e29bd4c
3c0b3b823d1fbacb
3d11bd0cbc103dbe
3c3bbdda3ce73de0
bc053cfb3d93bc46
3d0e3dbfbd943dcb
bce6bcf4bd213d28
3d51bbe53dec3cff
bd71bcd03cf93e0f
3cae3d4a394ebc90
3d4abcbebca23bee
3dbdbcadbdd23c38
3c363d623c513c90
bc6c3d9bbd5e3d7e
bc0bbd0b3c92bdad
bc38b7b9bdb5bdde
3cb8bc98bd43bd61
bd963d67bd54bd53
3cbabd78bd3a3d3a
3bf13d7e39963d2f
3d0dbd1fbd0bbd6b
bc863b9c3cd5bdd1
bd41bc2fbd8ebc58
bd1dbdf03d70bd5d
3d353cc63d2b3dd5
bcdfbdb83c963d04
3db7ba953cb4bccb
3cc93dbbbdaa3cea
bc1c3dcd3c653b18
ba9abd8dbcf23d2b
3d84bd87bd5d3cf9
bd32bbc43d96bcdb
3d6abca23d26bd2f
bcc13d043be2bdea
bbd33cd1bb133d25
3c2ebc4c3cdebd1b
bda03d9fbc833d3c
bcbb3db5bd3dbcaf
3d813d1d3d9b3d06
3cecbcafbd33bd1f
bcc63d88bcf23c4d
3d01bd8ebdb03db1
3ca23c223cedbd20
bd733db13cad3d2d
bd733d21bca6bc81
bc593d4c3bf53dbc
bd0dbd673c9cbd8b
3d4f3dbdb80cbdb2
3c9bbcedbd58bcdf
3d47bda0bd8b3cd6
3d7bbc9e3cc5bd89
3d59bd44bd21bc5d
3d8f3d8e3d5ebca0
bd75bd14bd653d99
bd033e053e0c3de8
0000000000000000
3b0dbd453d9c3c40
3d50bc11bda93d83
3d2abd4b3d28bdb5
bb6fbd3cbe04bd58
3c10bd573d7c3927
3d503d14bdd6bd0c
3d233d6abc7bbd08
bd4abcab3d52bc99
bd353d0dbcbd3c7e
bc84bd783d263b04
3d5e3cb4bdad3d34
3d3d3d1cbc863ca3
bae5bcf73d603c8b
3c51bd0bbad53b3c
3cc83cdfbd913d64
bd0cbcec3c96bc8e
bbb8bcc83d19bd91
bda2bb71bc38bd4c
3c88baf1bc0b3c9f
3db8bc37bca9bca8
3d7a3d403b893d1e
bdba3c9b3a95bd43
3db0bd143ca43d17
bdb53c67bc35bc66
3e1c3c33bc74bd68
bc793d97bc9cbc39
bd3dbcb83c863ca8
3ddd3ca83c03bdd7
bd30ba00bb9cbdac
bd793d773d27bb4f
bb913d003d473cc6
bc223d423d963c11
3b133dc4bb0abd09
3dd0bd933d153cb9
bc8abcfa3c3e3dc2
bd9d3d8d3d6c3c72
3ddb3d323dc83d28
3cd13c9ebd05bc9e
be013d1b3d873d0c
bdbb3c133d70bd12
3c9a3c0cbd4f3da9
3dd43b52bb29bc87
bd933dbe3caf3b8e
3d39bdf93c9d3c74
bcaf3d3d3d053d3b
bda6bdad3e273d15
bdcdbc96bd99bd85
be023b4abb973d06
3c8abb7dbd803c52
bdc2bc913c543da5
bc9abdd83d523ac8
bd73bacfbcadbbee
3dd6bbcbbcc93bc3
bc513dabbcd9bd02
3d15bb6f3d6dbd78
bcc0bcad3ce7bc1a
bd513be4bb933d19
bd43bcd23dd0bdbe
3d46bc983d833d82
3d53bcbbbc8f3b18
0000000000000000
bc143ca93caa3dcd
3d2bbc8b3cbcbd00
bda23d20bce2bd90
bcbf3d94bd89bcb1
bd60bc233dcfbdcc
bd213d853d26bb98
bd4d3d97bd27be10
bdd73a223bca3d65
bd073cf33cf63caf
3d9bbc58bdb33d31
bd2dbce2bd873d0b
bcbe3d633d7e3d4e
bbbdbd103d94bd7c
bd90bd95bddabc93
3d14bdd93d0e3bdd
bd203b14bdbebd9f
bc053c2abd633da3
3e0f3d763d4dbab0
3d81bd343dab3dcf
bd133d12bd20bcf3
3d613c583d523d28
bd8a3ba3be05bc5a
3d3dbd98bd81bdbc
3c883d30bda1bd27
bcc0bd193d703d30
3d54bcd3bdd2bd59
bd0bbcf1bc743d6b
bcff3c293d1dbd43
3b9cbe063e0abd94
3d2bbcd4bcb0bccf
3d92bd38bd023aee
bddc3d203c343ce1
bd873d71bc833bb0
bc98bd633dc3bce0
3bb3bc0b3d883d23
be1cba7c3dde3d37
3d7bbdcf3c75bdac
3c97bca4bc43bdaf
3d133d97bcfc3d82
bceabd0ebd3e3c2c
bc1c3db2bc313c8f
bcc53cc63db9bc7b
3d303d4d3d0f3da5
bd60bd3abc91bc00
3d4bbda1bd5f3c98
3d1b3c04bd3c3c90
baac3d0cbddbbc36
3d7cbb983c57bdea
bdaebc99bd11bd11
bd87bd6cbc0abcd1
3c01bd9bba95bd20
bd4c3dabbd663d50
bd163cc43d5abd6a
3cc3be0e3dadbd5f
3c8abdb9bd9fbd8a
bd08bc73be363d8b
3db7bb03bd68bcd8
3a94bb96bcb1bda0
bc98b9aa3d543d68
3c59bcaebd88bc61
0000000000000000
3d2b3b4abc9d3d9a
3d90bcfd3e15bd84
bdbe3d03bd15bd3d
3e013cd6bd2dbc07
3d9bbd693d21bc92
3db33cd1bd92bc3a
3df5bd323de2bd27
3da1bd913c7abc58
bd34bd963d023c54
bc003d39bd413cca
3cbfbcd5be27be30
3c653c863d5dba0c
3db83d33bd14bd9c
3b7dbcedbd2c3d58
3c383c8b3d9ebcfc
3d283d69bd61bd53
3d383d21bd623d71
3d2e3cdcbda43cea
3c7e3daebe173de3
bb39bd9d3cc3bdb8
bc833cffbdb73d9f
bdfd3dafbd4abdaf
3e063a263c423d68
3d4b3d503d16bacf
bd06be1ebcb3bd7f
bd2d3d25bdff3d5b
bd5f3cb2bd0bbc66
bc12bd00bd1f3b98
3c27bd7b3d3ebc66
bd023d0fbd89bd59
bd733d073d883cb2
3da2bd863d4abde8
3d56be113d6d3dbb
3ca13c883d893bf3
3d68bdbcbc913cde
bdd0bbeebc7c3b35
3c4c3cf6bcdc3d1b
bd9bbc4dbd76bd43
3ca5bc9fbdc63cb1
3d93be283d84bd7a
3d573ba4bc9b3dc2
3e5cbc703d283cee
bd563dbcbca4bcbe
3df7bc89bdf1bd43
bc6b3cf0bd153cd9
3c0ebcf53d5ebd1b
3dddbcadbc953d50
3cd4bc1b3da0bc9e
bc8c3d0cbcdb3cc4
3d803d9b3d1ebd1a
bcd63b83bc43bd09
bda83af439eabd51
3d6a3c4a3d3c3d07
bd2b3cadbd913d0a
bcc53e0b3e3d3cd1
bd41bd193d023d8b
bdfe3d2bbd913cc9
3bb73d133e13bbab
3c9e3da13d4cbc1c
3d0abd283e083dc5
0000000000000000
bc7dbc673c29bd4d
bc13bb88bbfa3c38
3d9a3db43c84bdb1
bc2f3d4d3db7bd39
3aa83d32bcee3cc0
bdd43a973d7cbc7e
bcd4baed3cd93cf7
3de6bd2a3d903d4c
bc203d153d2dbd48
3d47bd3d3d18bd75
3d1abcbc3d5dbc79
bca5bbf83c473cde
bc4b3a643d433d9c
bd183c2b3d953bc6
bd3dbdd3bc8bbcd7
3d86bd27bd843d4b
3d42bdb8bc93bd2e
3d713cb3bb48bd1d
bb49bd92bbc7bd9e
3dbcbd9e3dc0bdad
bd29bd2fbd3ebd85
bba73c353d1e3cdf
3d82bcec3d99bd9b
bd01bc5bbda33d35
3ca23c273dcabde4
3c59bd7b3d4a3c51
bca83ad7bd643cfc
3c953db73bb6bcac
3c3cbd393ce93d3f
3d32bd283d683ca8
bb2cbcaa3d363b46
bc42bc5abd6bbd1c
bcd7bd9bbdb63ce3
3cd43e2bbd2f3d40
bdcd3d283d58bd19
3d293c3d3d0f3cc5
bd173ce7bd9cbd3e
3c263c12bc4dbc8f
3d9f3d6c3df3bd42
bddabd0e3cdebce0
bd9d3c0ebc683d5b
bbfbbc43bcf5bc74
bd93bd9cbc0dbd3a
3c643c693d3d3d1d
bccb3d98bca73c76
bcd83ceebd313d41
bd89bceebdaebcfb
bd25bd65bd72bcea
3a67bc853ba73ce1
bcccbd513d19bd82
bb9a3d97bcc0bd40
3be73d1a3d3cbd8c
3d47babfbd5e3cf1
3d223ce6bd7a3c8c
bd2cbd64bbc33d51
3b93bc54bd4c3be5
bc603bfdbce03c2b
bd09bd65bd193cd3
3d3a3d14bc753c98
3d3b3cad3dcfbda2
0000000000000000
3cd2bc7fbd41bd11
bcdf3bf33d983d7d
3c10bdb43c98bcbe
3c633cb03d5abcfc
3d16bbeebd0e3d4e
3bc1bdf63cd3bda5
bcdcbd213c4ebcc7
bd2f3d31bd823db2
3dfb3bc8bd06bd94
bd373c513e023d93
3d38bd08bd5e3b95
bd8f3cf33be9bd5e
bcb83d70bc9b3d59
3c7ebcbd3d22bd6c
3bd23de43c903ce4
bd413c61bdbfbca0
3cf33dbebc8e3c92
bc10bd84bcca3d03
bd0a3cad3dbdbcc9
3d0937dc3d683c1b
baee3d243cc9bc17
bda53c913d573b83
3bf7bc48bdbcbd61
3c14bca33cec3bb5
bda63bd83d45bc2d
3ca83d32bd74bd03
3db93ba4bd173d07
bdca3dcdbd813cd3
3d7b3d663ca43d76
3bfcbd6cbcfebb61
bd0c3d8ebcbf3d9a
3d8cbc673d953d04
bdc7bc00bce83aee
bd0fbda6bd213e14
3da83b84bd173a14
3dd6bd81bdc8bbeb
3c173d643c943d47
bcc3bd69b8bfbcee
bc0fbc5a3d033de1
3d273ce6bda93d55
3cff3c89bd43bd63
3daf3dc03d243d42
bce53d41bd3dbd8c
3c213d2e3d15bd7b
bd483d12bc9fbbfa
bd4fbd213be63c52
3d2ebbffbd76bd6b
3d563d86ba963cfd
3cd8bd06bdd1bd42
bb883d1c3bb5bd91
3c313c55bd3ebcd2
3ca93d093d7d3c91
3bf03d91bc5bbccc
bd8f3a2f3dbcbc94
bcdbbd91bda7be0a
bdab3d8dbcbebcbe
bd2fbcd1bc8c3cd2
bb9ebd17bd44bd3e
bb8bbcc5bcdfbbf8
3cc03df0bc403dad
0000000000000000
bd1cbaffbdf83ca5
bc81bdaa3ddfbd49
3da5bb763d5f3d53
bd10bc83bdd9bcac
bd3e3c843d503bed
bc573c29bdec3d5b
3dad3da6bc1a3be8
3bc3bd863de43c68
be063cb5bd02bddf
3de3bd723d3e3d4c
be1b3d00be35bd9d
bcbbbd3bbdb03c14
3d093ddabd8d3ca3
bd303d65bccf3c88
bc273d763c83bd07
3d023d473da43c17
3d1ebb42bd1b3d2c
3d95bd873e05bc18
bd9c3dc2be093d5c
3bcbbddf3c673d4b
bd7f3d7b3da9bce8
bc043b533cb73db0
bd89bc503d333d3b
3bdabcf4bd8d3ce3
3cebbc5abdd2bc9d
bb813cd6bd22bc36
bd673d003c8abcfc
3dc13d1a3da4bcf3
bd833bf93df03c70
bdce3db9bc603bb3
3cf63c9e3b2dbc56
bd5ebd843d95bd26
3d74bde8bcd13d35
3cc3bcd13cbdbca0
3cc4bd9e3dfb3b9e
be0f3c933c993b4d
bd9a3dc5bd703d59
3da23cb1bcadbb05
bd04bd2ebd533b03
3d45bd483ce63d11
bcf7bd573c7cbd7f
3ca0bd5dbd2cbd2b
3d9b3c0f3cdc3ccf
3e063dbebe133da3
3c8bbd2b3c523e01
3dffbd41bbbd3da2
3e003d7c3d65bd82
be13bdb5bb893bd5
bdf03d8fbd23bd46
bcc33de3bd4cbd11
3d87bcc83d173caa
bc29bd7f3d963be4
bc253d933dfcbd0e
bd983c243c573c25
3db23cf1bcc63da1
3d023d21bb6e3d62
bd83bde43d383d6d
bdbf3da33cabbd55
3ce7bcbebd44ba1d
bd43bd003d3e3bd3
0000000000000000
3d5b3de238b13ca5
3d06bd0cbd1cbda4
bda2bddfbc33bd8d
bd3cbc513d0fbd50
bca7bca3bd3cbde2
3ce73d1cb8373ce3
bcce3c73bd153d3c
3d7c3bbb3d2dbc38
bd9abd7e3d763e31
3c7b3cda3e06bd79
3ca33ce2bd84bcf6
bd0d3d83bc2b3d04
bd45bc533c0a3c11
3c4dbd343cfa3c5e
bc1a3b1dbdabbb06
bd943d133c9cbce1
bde4bcff3d9fbd6c
bc783db6bcca3d60
3ce13daebd503cf5
bc243b12bb9f3b99
3d84bd10bd9dbd2e
bca6bd0a3be9bc71
3d373d17bac2bd05
bcc5bd923bc93bac
bc7cbb00bd78bccd
3d5c3aebbd49bb77
bd22bd42bd12be3c
3cacbcf43d2fbd52
bcfcbdfd3c92bc12
3cfcbac63cca3c4b
3bd03d103dc7bceb
3a34bbe4bc9cbb50
bc8cbdbcbd143d84
bca3bcd03d21bd2e
3c393cbf3dd33d20
3c293dcabb8a3d25
bb373d553c0abc6d
bca1bd14bd84bbdf
3d323c373c6dbda3
3cf9bd0b3d993d99
bd983c3a3d00bc85
bb713c82bd09bd27
bd60bcd1bcba3d4a
bccebe06bc983d57
bc953ce3bd7bbd8d
3ceabd3abd8c3cba
bc80bc7a3c843d0b
bc55bda9bdb03d34
3bf7bd473d3b3d71
3d593c32bcf33dc6
3db33dc93cac3db6
bd6e3d07bc5d3dc6
3d84bd9ebd17bcd2
3ce1bd93bc203c81
bbfa3dffbd2c3cd4
bd3c3b663d1f3d86
3d7ebc2bbd0e3b3e
bcf43ce3bda53cee
3b1cbde73c2abd86
3c6f3d8b3d21bdc5
0000000000000000
bdaa3c953c85bb73
3c2dbd92bd64bd25
bc7ebd313e28bcf0
3d1b3c00bd94bd12
3db4bbc1bdbfbd31
bbfb3c783d3a3d17
bd9a3dcf3cf4bc8c
bc82bd1639c9bd2d
bc45bd4fbd6f3ce2
bdeb3c3e3c48bd7c
bdd73a8cbe15bce8
3c3e3b9f3d3dbd2f
3cf93cde3dc2bb37
bcc83d14bd9eb8fb
bc6fbc5ebd323d66
bcf43bcd3d1bbd81
3d0ebd9dbe0ebd54
bd48bce53bbcbd86
3cc53db0be0d3d9d
3d0c3d3e3b93bcca
3cfcbd043bbbbccd
3b6d3ca0bc6cbbba
3d3bbd19bdb33ad1
bd843c7bbde63d30
bc693cb33d21bc78
3ca83d113d143d9c
3c9ebcd2bd613d8a
3cfcbcf0bcdc3d58
3dc83d0d3df8bd5c
3c893d6e3c12bcad
bd88bd10bdb23d81
3d39bc6cbd5dbd4b
bd8bbcbdbd54bd95
3d94bd09bcbebddc
bc37bd22bda4bc07
3dacbd483dfcbd9d
3dcf3db1bb873c14
3bfebd143cd53b2f
bd383d4d3dc0bbc3
bd9f3d2e3bd1bc56
bce0bbc7bd423d7e
3d12bd383cd63b00
3cbb3e11bc903d99
bc91bca0be08babc
3cfbbd613c763d3d
bd58bd18bcbd3c86
bcb0bceebc94bc61
3ca03c57bdc03d07
3c8c3dc5bd543c05
bcc5bc7fbc04bcf6
3d6f3d85bdb63d99
bd2a3d1dbc303dc7
3cf83dc9bd34bd27
bd93bccdbd4e3cc0
3b013d3a3d733c9d
be1f3c343cde3d22
b8aebcdbbd053ce6
bd6abb13bbda3b5a
3d76bdeabd813dc3
bd07bca4bc283d0b
0000000000000000
bdbe3d5f3d8cbcbe
3d203cd7bd4d3d62
bc81bdddbde8bc16
bba2bc1fbd05bca5
bb1c3c8b3d39bc9e
bb96bde03d80bd22
bd2fbd263debbd1b
3c8abd66bd3dbcac
3d4a3d12bc5bbd9f
3d33bd8ebb01bb26
bd923bb03aad3dc4
3d27bc5e3c0c3aa4
bd07bb61bd55bb77
3d4c3d7abc9a3d71
bd563da33dacbc19
bd38bc51bbcc3d78
bc12bc0cbd06bc11
3d6d3d21bd2fbd1f
bbbebc19bda0bdb7
3c6bbc23bdb13cce
bcf33b0a3c83bc1a
bc85bcaf3c593dbc
bd70bdf63cbd3d7e
3d763c653dfd3d29
bcc23cf23cdf3b20
3d0d3da8bd8cbd01
3a843d62bd90bd01
3d24bd663b5cbced
bc563b87bd11bbcf
3d3fbbef3daabd6c
3c6e3d53bcf53d15
3cddbcee3dc1b974
3dc23d9b3dc23b9c
3cfa3c0abca33c6f
3cc7bd5dbcf23cf4
bcb5bb3cbd0d3c32
3d9e3ce33c903b97
bcf73d153c843d61
bb473d0b3d29bda9
bd363ce2bc753d8d
bd58bacf3d72bd6c
bc5fbb6dbb8b3cdc
bcad3d2ebde1bd5e
ba80be09bd433c62
bda5bcdfbbe4bd3b
bcc13bb33d45bd0b
3dc43da03d223d40
bb893d5f3d713c89
3c8e3bdabd41bd6b
bd51bdd8bc55bc7c
bdb23d23bd393c3d
bc6bbc113d3b3d60
3dd8bd09bd33bba1
3d36bcd03d19bcae
bdabbc543dbebd22
3d203c88bcc13c29
3d05baedbd66bd67
3d26bd493d3d3cd4
3bb83971bda0bd11
3dd3bd3d3aa73d3b
0000000000000000
3d95bd6fbc103dc1
3d0f3d573d5abce9
bc8f3c4abc31bca4
3cec3c083c4db9ee
3bbbba37bbabbd81
bcc63c993c2b3d19
bd233c0fbb553a98
bb2abcf13c843c47
bc0fbaf73d0bbc07
bc573d26380dbd2d
3d23bd11bd2cbcdf
3d853c0e3add3d0c
bc0e3cbbbc863cb1
3cf2bc453c04bd10
3d4d3acc3c38bc0c
3d0dbc0a3cccbd9b
3bcfbcb73cc83bcd
3cd7bd7f3d2c3d89
3d3cbd1a3d6c3d68
3cfd3bbdbb933bc4
0000000000000000
bd5ebcaabc733da6
bc1bbc7c3d01bd35
3d603d3fbce83d89
3cc5bd00bd1f3c2f
3bf7bd28bc673d3e
3d113cb93caabcdd
3d22bc1e3ccd3d25
bc86bcc83a8ebc6e
bcdd3c22bc933dba
bd10bc5d3d18bd98
bd1ebd853d2d3c26
bd233c373ca43c80
bc163c9c3cc7bcf9
3d103cd5bccfbbe0
3d433be73a05bd57
bca5bd5b3cbabced
bd13bd29bc3a3d80
bd06bd30bd693d95
bc91bd413c8dbd0d
bc8d3c7cbd1f3a09
0000000000000000
bc5d3d2fbb91bb7e
bb9bbcd73d0bbc9f
3d25bd1bbc51bc85
bd393b6e3cd13c9f
3cf0bc1d3c863ca7
bd293cba3d973c96
3afabd09bc92bd9a
3d083ce33acbbcd2
3d01bd1bbbfd3daf
3c50bc60bbf9bb1c
bb853c98bc2d3c39
bd0cbcebbbc23d35
3d843d6d3d51bc08
bd70bd243d5fbc81
3d2cbd9f3cfebbc8
3d99bca73c0d3b4b
3db9bcdfbd883d55
3a24bc38bc883d97
3c35bd56bc763cb0
bcbf3da7bbe93d0d
0000000000000000
bba3bd0cbd94bd02
3c91bd88bc9b3cb8
bb94bd10bd133cc6
bd433c9f3daebc0c
bd8b3d84bb57bcb2
3d63bca83dbc3b98
bc5c3c0a3d9bbd1f
bd07bcf83cca3ca8
3c86bc47bd943d1c
3b90bcda3cf0bcbe
3d283ca7bd52bd45
bd5b3c953cf23bea
3d95bd34bcaf3cf8
b9e13c943c99bb03
3d4ebc183cc93cb2
3c0f3a9cbd40bd24
bd453d48bd1e3c88
bdcb3d62bd4bbba5
bc37bccabd4bbd81
bc07bcffbdc6bc91
0000000000000000
bd473c1cbc413de0
bd6dbac63ce4bd4f
bca23c863deebc96
3dd9bceebc72bcd6
3da2bd86bd7b3b5d
3dd6bcc63c63bc9f
bd22bd1d3d41bd00
3d123b39bbfd3d05
3d30bd3cbce63dd8
3d0d3d1a3c923c96
bca1bca3bd293d4c
bdba3b35bccabc73
bd873c903cb03c23
3c40bce4bb1cbc68
3d9d3c8f3d83bd09
bce7bcb5bcdabd26
bc9ebd56bd353cbc
bcd8bd3dbd46bb90
3c213c94bd483ca5
3bae3d1cbd573d1e
0000000000000000
3bac3d80bd103cc7
bd0e3d08bc033d15
bd083d23bcc93d56
bc84bbee3bfabe04
bba63d72bcc63c14
3cd2bc913d3abd22
3d09bd03bcc63d30
3d1ebc843d26bd14
3c86bcaf3cf2bcae
bd0ebc87bbd0bddd
bc673ca2bb4abd73
3c8c3dadbcac3ce9
bd433c813d2abd31
3d42bda9bc0fbd58
bcaebd183c193c9d
3cd6bd5bbcac3cba
3d2abdd33d7e3d22
3d2f3abfbd04bbaa
3c043d15bb903d69
3aa23d6f3d37bb87
0000000000000000
3b293d6f3d473d83
bd56bc5abb6cba54
3c823ce43d14bd4c
bb8bbd6fbd57bc56
bc9f3d29bb8bbd0c
3b85bd023d0abc8d
bc39bd253cdd3c8f
bcdfbd23bd11bc0c
3d933d9dbce7bc5f
bca1bd94bae1bd83
3d81bcd03c993cba
bcd0bc2e3cc13cda
3d3e3c98bce73cd7
bc70bca5bc853c03
3d3e3d63bd07ba71
3c81bcc73d223d4c
bbb23d013c8a3ceb
3cb03c3abc853bfb
3d1d3d70bd393c87
3b2a3d26bc823b1b
0000000000000000
bc55bc123d1dbd01
bd12bbdf3c53bbde
bd273c693c2fbd10
3c9b3cac3d2ebb2d
3d1f3c3b3d7f3ce5
3ccc3d02bcbabc66
bd653c30bb1c3c39
3d95bceebc083cf8
3ca4bc8b3d2dbcaf
bca73b7bbd30bc8b
3cf4bd97bb923c29
bcafbc9f3cfa3ce1
bcc23dbbbc75bb83
bd0f3b79bc713c3a
3c103cd03c28bcd0
3da2bd333d633c23
3d95bc283d21bc38
3d373cc23cee3d34
3ca4bda7bcab3cde
3b383d3e3d3f3cae
0000000000000000
3b143ccd3d7ebc9b
bc533d14bd963ce7
3d2d3d8abce83bb4
bb37bd5f3c013d3b
bc133cb2bcd4bcf5
b94abcdb3c893d2e
bcb93b79bc923cd2
bc7cbd153d62bc57
3bb33d7c3c8ebcc1
3d47bd603d03bd35
bd173d69bcddbd95
3a3b3c543dc2bcd6
3d5fbd423bec3da6
bda4bda33da7bb9d
3ba43d07bda03d4c
bc613be43c32bd85
3ce13bda3cd5bd3a
bcfd3da7bd11bc8c
bd0f3d5c3d5dbd10
bcad3d31bcfdbd07
0000000000000000
3cd7bca53cd13c84
bd593d283d2a3d13
bc553d0f3c34bce9
3c93bd98bd46bd66
ba0dbcb1bd193c69
bbd93cfd3da43d81
bd22bc063cd1bc68
3bbe3d28bce03c53
3c323d003cc5b9a3
bd28bb2b3d8b3c97
bcd6bd00bc81bd20
bcbfbdcbbd003d52
3c3f3d213c823d3f
3ca1bcd3bc843caa
bc603cde3c353db3
3b59bcfa3bdbbd2e
b98c3d663d04bd0b
3dcf3b5abcba3c73
3c913c6abb3ebd07
3cff3d69bbfd3ca6
0000000000000000
bca8bd6e3d4e3d99
3c07bcf8bd63bce0
3da83bf5bb5f3c88
bc273d923b07bd30
3ce33cf6bcff3caf
bcd83e0bbcc3bcd5
3d2d3d933c393d16
bbcc3c18bcf4bd94
3d24bc813d9fbce7
3c8dbc93bd77bd82
bca5bd99bcc53d72
bd3bbd2e3c9c3cbd
bce8bc5dbd893c83
3cc33d4abcf9bc45
3d163d2a3cb43ca9
bd9abd933c733d28
bc9ebd143db73c99
bc443d3e3dc1bc5d
3cdebd803d2a3d26
bc04bc773d113b21
0000000000000000
3ca93d25bd133c30
bd473d373abdbd24
bccc3d043d603b6d
bcf8bc47bda03bc8
bc0dbcc4bd3a3d82
3be8bcbb38e1bd5a
bbbabc043c0ebd21
3c6abd013d1fba78
3ab23bf93a86387f
bd9d3c853b0abd50
3d6a3c083bef3c18
3c833b33bd673cbf
ba203bc43d0b3d86
bd08bc6ebd08ba9b
bd9b3c5e3c9d3bc1
3d863c8d3dc43d5a
3d5ebcd2bd333bc9
3d3f3b28bd2aba96
bb473c7abcc03d0f
3d18bcd6bc6f3d3d
0000000000000000
3d82bcd8bc8abca3
3c95bb4f3c86bd72
3d483ceabc983d66
bc1a3d3fbcc2bc7f
bc9e3bc9bda63c96
bd693d303c85bdc2
3b993d16bda13b0b
bad93c40bd7bbd29
ba78bd3abca83d35
bd86bca3bdb3bd71
3ca6bd243decbc2b
bc823cfebc96bc9a
bb013d683a41bcf5
bcb63dd9bd513c27
3d293d13bcb93c64
3ad8bcc2bd9f3d9d
3d7dbcfd3caa3d40
3c45bc123c5d3d47
3d9dbd5abd9f3d7c
3d0dbd1ab97d3d0b
0000000000000000
bd713b11bc1a3a86
3d89bd933b0abd5a
3d343d0d3c9b3c00
bc6d3d3cbce5bd13
3c0b3cd4bce33d3e
bbfb3c0fbd6abce1
3b6fbe27bcbbbd45
bb853cff3d6f3d08
bbb73cd43ce3bcb9
3d20bd263c563c84
bc9dbd73bc393d7e
3cafbd25bc85bd52
3cbdbd94bc903c8f
3d1a3c5bbd05bda7
bbd6bd923c97bb66
bb983cdc3d593d6e
bb753d913d103d58
bd3c3c973ca6bc93
bd603d4d3dc3bcc2
bd8e3d143d233c03
0000000000000000
3deebd073b8cbb53
bc5fbcde3bfebcd6
3ccebd493d08bca9
bcc3bc7bbda93d53
bc7abb333b9dbc36
3d53bc94bb643c03
3af13b833ca9bdd7
3ccc3cd83ccbba36
bd223caabc8c3c4a
bb45bd59bd8c3a8a
bdb63cffbbd83d06
3c763d403c44bd4a
3dcc3b2a3d52bc9f
3b6d3d15bceebd8c
3c5cbda13ce9bd91
bdab3da23c713d81
bd123d8a3c8a3d47
bd0dbd1d3d1e3cb5
bd833d863c7c3cff
3d533c2f3af73c8f
0000000000000000
b99b3cc83db23d24
bcd3bbb0bd02bbae
3c0abd63bd23bcaa
3cf43cd53d2d3c75
bbf73d8f3d1fbcc7
3c0ebc83bc233dd5
3cf6bd53bd65bd21
3d5f3ba13d39bd19
3b483c1ebd3dbcbe
3c5d3ccfbb69bb96
3d593d493c91bc8e
3d473d443d9cbc9c
ba95bd843b683d58
3c98bccf3c113c79
bc7dbdb43d4f3d4f
bd1c3d13bcddbd23
3ca73d34bc1d3cab
3d0fbc303d3ebc83
3d1b3ca03be6bbd3
3cf23d9d3c733b96
0000000000000000
bb603b53bdb2bd10
bbd83d883d133d47
3dae3cdfbbeebd36
bda9bd363d58bc19
3c9ebcd0bc5bbdd6
ba7bbc38bcc0bd79
bcf2bd88bd24bca2
3ba3bd1bbc9abc8e
3d17bc87bc04bd9e
3c9fbc063d903d7f
3c9ebd62bc9cbd11
bd123ad8bd3d3c6a
bb53bc8dbca63d88
bcfbbdacbc293c7d
bd35bbe33d2bbb87
3d023af43d50bccd
3cd8bc7a3ce5bd94
bd7bbdb0bcfabc9f
3d07bd01bd22bcc3
bc4c3bd2bca5bd52
0000000000000000
3c9abca03d14bd0a
3d203c8fbcd33d3b
3c8abc6e3d263da0
bd5ebc1d3b57bd1d
bca7bcd63ce1bc15
3c8e39273d82bafd
bd1ebd183ab4bd0e
bd043c0e3c96bce3
3bb3bc9b3d8a3d57
bb583bbfbd14bb09
bca33bedbb62bd1e
bbaa3c683c36bd16
3d133c56bd66bc37
bd89bc673d3f3c06
3c263caabd5e3d4f
3bd0bcaabcc5bbc1
bc9fbd753d0d3c6a
bd06bdba3d41bce1
bcf5bd453c5f3d25
bd40bd32bc71bc1d
0000000000000000
bc26bbb93d1ebd89
bd64bd593caebb9b
bd02bd543c10bb58
3d12bab0bcae3dc7
3cee3ae4b919bda2
3d863c79bca73e19
bcff3c403bb73d9a
3c723d213d4ebcb2
bc8a3b1dbc5c3d1a
bc8cbcda3cd03c80
3c80bce93bcbbcab
3ce53cca3da0bd0b
bd18bc223ceabd4b
3c9b3d0e3d09bd0d
bc98bd263cff3d8a
3d373d3ebc3ebd41
bc0e3ddd3d633a26
3d4a3cd13ce7bdca
bc8a3d09bc83bde7
3c9cbb8b3d333dc8
0000000000000000
bd08bca7bb243b86
3d86bc743d49bd12
bde93c9d3d14bd6a
3c2e3cf5bd063b13
3b723d1ebc56bd07
3cd13d64bda0bcbc
3d9c3ccfbcbabb95
3d463c703c6c3a48
bd823db13cbcbc56
3c40bcf43d11bd85
bbaebce63ce43d66
3c783d31bbd23d28
3cc1bd583a75bcee
bd4d3d07bd31bb34
3db6bd7c3ce6bd8c
bca0bc673d803c72
3cdb3cf5386d3e1f
3c6b3c9cbd653cca
bda53d3ebcb73c17
3cfe3cc9bd4d3c07
0000000000000000
bd2d3c1a3d0ebcc9
3d63bcefbcf23d18
bdc2bd6bbd0c3c94
3d36bd06bd06bd99
bbf43c91bc9cbd60
bcd8bd58bc11bce7
3c8fbc2abcaebd26
bbbbb9263d8bbbcc
3d65bb6dbd31bd24
3db4bd4fbd563c42
3db13d863dbc3d00
3c833c1a3cd7ba77
bd4f3d843cadbcac
bca93d6f3cc73cc5
3d67bcbbbdc5bb9f
3d1dbcb33dc4bcbb
bc953cfa3d663b56
bc3a3af73d2abc97
3cd73b543dde3d03
bd003dab3c1cbd87
0000000000000000
bd6dbc00bd053c2c
3d863c473d483c67
3d5dbd07bd75bd07
bcd83c303ba6bd3d
3d1f3a99bcd73ba2
3d973cabbb49bd92
bb66bcbfbd343d2e
bd193e02bb313cf5
3c4f3a4ebd80bbdf
bc0c3aba3d76bd24
bd673de8baca3d27
bc413df6bad83da2
3c02bd813d83bcdb
bd2bbd85bd48bc18
3ae43cc4bae43d1f
bd5ebccdbc8e3c61
3c223c21bd013cca
3d7dbcc0bd943d27
3b0c3d60bcf93db1
bc423d60bd853bc2
0000000000000000
3da23cf03ced3c71
bacdbdab3c253ca7
3ca03d313a4dbcbf
bd953c643bcb3d2e
3cdd3b93bc0bbcea
391d3c01bcd43afa
bd503ce2bd1ebd14
3d9b3d5a3d3dbd62
bb6b3ad4bcd6bd3d
bc7cbd063d563d2b
3d203ca1bc753d30
bcc13d02bbdf3b7f
bc6cbca53dd03c75
3cda3d51bcda3cf8
bcdbbbe53cc3bd0c
3d12bc89bb0cbc29
3cda3b6fbc9c3c9e
3d3a3d503d0c3afd
3bfa3dc8bcd73ce1
3d653cacbc8dbd58
0000000000000000
3c0d3d86bc60bc8f
bd433bd03d1dbc1d
3c553cdcbc0e3d18
3b9ebcb13d71bd23
3c1abc4bbd28bc23
3cea3d2d3de4bd05
bd4cbd823bfebd21
bdc03cb0bd033d36
bc923d02bb91bbc0
3c3dbd15bb0f3d1f
bc903c55bd983c92
3c25bae4bbc1bc9e
bd563c8ebc9b3d1c
bd09bbfd3cbf3d53
3cccbcf5bcf93d1d
badabd04bd51bd9e
3c7a3ca9bd39bc46
bcd93a843b743d05
bd143d8bbcb5bc21
3c393d503cd03ccf
0000000000000000
bc93bd12bcc43d64
bc943b53bd0c3cfb
3c99bceb3c45bc07
3d963c533d6b3c88
3d47bc393bb93c8b
3cabbbeb3df4bc98
bda03aa53cbf3cfd
bc6cbd24bd763d99
3d5b3be0bcc73cc4
3bc93cfabd32bc63
3bfebd19bd153d17
bdc2bd13bd08bc77
bd023c623c8cbd34
bd663ba43d703c63
b94d3d5fbb9a3bd4
bbf5bcb1bd903c1f
bc86bd31bcf23d0c
bd71bd7b3cc6bb40
3d06bd23bcc4bb41
3c423b01bd1d3c1e
0000000000000000
3c3f3ddebc15bd0e
3d583cda3a77bcef
3d1bbd303ce73d87
bd4abd463c2a3d64
bccd3d6cbd2c3d82
3b5abd933df53e0b
3d81bd933d033d5d
3d0a3d83b97abd1b
3c103d8bbcf53cee
bcad3d74bc56bd53
bce83e0ebdc1bd30
b83e3c90bc49bda2
3c883d87bc37bb0c
3d86bd883dc73e01
3d57bd7a3d843d3c
bcd4bda5be05bd87
bd573c38bd95bd62
bd3b3cc8bc9c3d4d
bd23bbebbdeebca5
bd41bcff3ce9bd22
0000000000000000
3c483c303d90bd55
bd5fbda4bd10bd79
3ce5bc2fbd15bb33
3c863c203b4b3c34
bc763c9c3cf23c72
3d58bba9bcb93d55
bd9bbd0ebc363b2b
bc503d893c28bac2
bb28b9c43d2c3c7a
bc71bd59bceb3d22
bbcbbd1d3c5d3c98
3c253ce9bb403c7c
3cbdbcacbcb4bdaf
3db73d623d81baf7
3d32bd163be5bdb9
bd13bc18bd273a10
3ca33d393c3c3cf6
3c893bfd3d6e3ce4
bd6a3c8a3bf33b58
bc703d413cd03d1a
0000000000000000
3d063ce5bb8d3d84
3d1f3b43bbc03cb6
bd763ca73d25bc55
3c253d9cbbed3d44
bbdebc083ca13d0c
3da4bc0bbd243d39
3bcebd3abbddbd11
bd503cfe3cd53c1e
bd603c963d40bd38
3c673c08bcfdbb4e
bc893d5e3cc03cb2
3c93bca6bc8a3ad9
3c7e3c5ebb7a3aec
bb553b5d3d8cbc31
3cb13d133b91bc4e
bd593bf13d143cf0
bcbabbc9bbafbb98
bc9dbd843d433d82
bd81bcee3ceb3d7b
bc9dbcf33cd73d25
0000000000000000
3cb03ba5bd143d1a
3d393d063bbf3d54
3a58bcc53d8d3d2a
bcde3c9fbdb3bd33
bcae3cf43d633d35
3cee3c23bd0e3c32
bd56bc24ba20bcef
bd5c3d853d7fbcd6
bc2c3c2a3db13c9a
3ca7bcba3cd1bcdb
3c6e3d09bd0bbd8c
bc86bd66bcb9bc42
3d6c3c913da13de9
3b653ce5bc8ebca3
bd0cbd4c3db83d93
3d033d173cc1bd9e
bd323d293c883c89
bd5a3d02bd1d3d63
bbdebcc1bd603aab
bd333c933cb33cf5
0000000000000000
bcb8bcda3d383d1d
3cfbbc53bb5d3ce5
3c7bbcd83cc23d32
bc0a3d413ce1bb9a
3c3dbcd33b81bd33
3cea3b13bd2bbb5f
bbc0bc98bcdd3bf1
bcd33b8f3d9bbd0f
3cf8bd7b3d04bd25
bc643d94bc393d36
3d42bbaf3c8fbcf8
3d5cbb99bb5b3c07
bc41bc9abb29bd1f
3cee3cbebc7abb9b
bb9c3cbabc35bd39
bcec3c3cbbc03cfb
3defbd0fbcdebc12
3d24bc9a3d8c3be1
bc0dbd0c3d353b2c
3c99bc22bc48bc94
0000000000000000
bd073d0ebcb93cfe
bcb83c57bd96bc9f
3cdc3c57bb93bc1a
3d01bd993d773c97
bccdbce13d753d57
bd85bd533d4f3cac
3c913d7bbd0dbc5f
bc30bc6f3d8cbcbb
3dc13d1fbcc13d6e
3d8d3c7abcdfbd00
bc913c1abc923d7c
bd29bcb6bd883d46
bcf1bc27bd3ebd04
bd5abcd93c0d3ca7
3cb2bcacbb93bdbd
bc143e0cbc943d2b
bd243bcb3c5e3d09
3d0dbd5b3c7f3b62
bd453d7abb583c42
bd3a3b85bd993d1d
0000000000000000
3d7a3ac43d03bb64
3d76bac7bd2dbd2e
3d293d4ebc1cbc17
bd65bd023d063d1e
bda3bc183d883cf9
3d273c9f3d58bc3b
3cb93c6cbc9e3c5d
bcbebcbb3d603d05
3c923d0a3cf43d4c
3b9fbcb3bcbe3c8a
bd0fbd6b3d50bcda
bd2cbd61bc53bc9a
3b8abcb8bd71bd47
bcb63ba83d64bca9
baf7bd2dbd19bd43
3ce5bc323bed3caf
bcc4bd183d25bbca
bd833afe3da43c9c
bcebbc84bca5bb0e
3c68bc0bbd333d35
0000000000000000
3c3f3d72bc6f3d81
3ccdbda23c8cbd0a
3c943ce6bd873c89
bd4b3c013cd6bd20
bbc9bbff3b16bd63
3cb6bccebad53ca5
bc7e3c8e3c143ca7
bd003d86bbb2bcf2
3c87bc13bd2a3cca
3d3cbd92bc1fbc96
3c48bcf03d66bce6
3c413d56bcaa3d8e
3ca0bc993c593ceb
bc643cbabc48bb10
3d003d2cbd93bcb7
bd06bd563d57bc9d
bd6dbd2c3bb1bd08
bd793b803ce0bc7c
3ccab88d3cba3d41
bad23d293b693d17
0000000000000000
bcc4bc533d02bbe9
bd093d43b9a63d30
bbef3b9b393cbc5c
bd3fbb113c9dbc87
baa3bd0dbcb1bd22
bbcb3d573c6abc97
bd02bd78bb30bd08
3da2bd13bb613d01
3cf8bccf3d39bcc0
3c8f3c4d3c21bb72
3cbebca23d3b3cb4
bba63d203d1d3c10
bd033c8ebcb6bcb5
bb17bc22bc93bd07
bbd0bb86bd13bd57
bcbebb86bbf23d9e
3cf8bc88bc013d6a
3d62bcf73d24bca9
3c4dbc0dbd0b3d32
3cf0bd39bcbf3c84
0000000000000000
bd0c3a703c693cbf
3ca53d603d1ebcd6
3ccbbd59bc17bc35
3d3c3d66bd103d0e
3c29bcdcbda03d66
3c573e013c23bdc3
3c17bd58bd0dbba5
bb673d2abc5e3d95
3c08bd5dbd9b3c72
3d21bc8a3bdcbc32
bd73bb77bd1dbc3c
bd223cb4bd763c8e
3d183d8ebc36bdc4
bbc8bd0abcc7bc37
3d423bfa3c6a3d1e
bcbcbda63d61bccb
bd82bca3bac73d2c
bcfbbd33bd2e3d80
bd05bc95bc803cd1
3b253d24bc903cf2
0000000000000000
3cc23d813d643d1f
bda83d7bbd33bda8
bd0f3d2e3b263d3b
bc9b3c653d163d0d
bd55bc81bbd33c71
3c743ca83c413ce1
bd1d3d573d3ebd31
3dc2bcadbca33d8a
bc0dbd07bcab3c24
bd173ccebdb4bcc7
bc93bd633d31bcc9
3b30bcd5bd1bbd2a
3d823da3bcb0bcda
bc0b3d273d1d3d8b
bd683d5abccabcdc
3cc0bcb7bd59bd16
3d2fbb333ced3cc7
3cb9bd4e3d5e3c3e
3d813af63abbbb5e
bcb93b573cf43c3d
0000000000000000
bcec3b79bccd3caf
3d443a603d6d3d18
bd0bbd23bbb23d89
3c3a3c00bc9dbcaf
bd47bceebc05bd91
3d4cbd8dbd52bd5e
bb0d3d5cbca53d6b
bc943d8ebdadbcc8
bcfc3ca7bd483ca1
3d38bd093cd03c79
bca9bbcfbd07bc31
bc323cf6bb98bd09
39da3c7fb96b3dae
3c413d89bd4c3c9f
3d24bc503d183cd1
bd6f3e0db91cbc75
bd283da9bbd3bd21
bd403be6bd95bd10
bb793d6d3c2f3a88
bbcb3d2a3ab9bc4f
0000000000000000
3c56bd17bd563d82
3d88bd713c42bd75
bd603c1c3dd2bb8b
bc5d3d53bd68ba99
3cbd3d3c399fbdab
be083b643c8b3d85
bdb6bcb03c0c3dd2
bd7a3d9e3b8dbae7
bc773cafbd94bcaf
bdeebc6b3a08bd9b
bd463d32bcfcbd1e
3d563c3cbb40bc90
bddd3ca4bbeb3d40
3d543cc63b1f3d7d
3cd0bc9a3d023b36
3dc83dbabcfabcc0
bc873cacbd23bcbf
bda93c19bc92bcd3
3d4a3ca9bcbf3aa4
bd383cb13bf6bcd6
0000000000000000
bcb8bd033d2abafe
bbe33c7d3cb43c4b
3c5fb9543c03bc5e
bcf7bccbbc18bd8e
3d84bd0e3c81bca8
bce43c40bcca3cab
3ccdbd203d213d85
3d47bce63c9cbc67
3c0cbcfc3c6c3d27
3cf13d6f3b563c88
bc6e3b3cbc4bbd8a
3b44bc12bbeabd6b
bcb03cc33c773c46
3dacbd81bc663de6
bc1f3d84bd4c3d7b
3d703c393d1cb579
3dcdbaff3c4dbd35
3cb0bd12bd213d46
3b063c843d10bc42
3cb53cd13d12bd73
0000000000000000
bd26bddabcaebc00
3ca9bd323d0d3b99
3cf03d033d0ebdaf
bd1e3c5b3bda3d2f
bc713d38bd363c9a
b6c83d243bb2bc0f
bc8e3d08bd46bcab
bc1dbc5b3cbbbcbd
3ce73d9c3cbb3d43
baae3d3f3d12bd59
bcf1bd903ce13cd7
bd5abd76bd523d33
3c5a3c47bd29bd14
bd703c2b391e3cd1
3c3e3cab3b963cc1
bcd93d1f3cc8bc8a
bcdf3c00bca03b2d
bcddbd93bab73b98
bc87bdf3bbe73cbf
bce03c6fbc6b3c92
0000000000000000
bd523dfabd05bc56
bd9f3caa3d1fbd57
3c1cbd8f3c90bdb2
bc623d153b393cd4
3cdf3d36bc893cc2
bcc6bd54bc9fbd13
3af3bda1bcd0bd5f
3cf03c13bc563c2e
3d403cca3cdb3d82
bce63c413c03bd43
3d103d05bca73cd0
bcba3cfbbc81bd16
bd413d133bd9bcc9
3b923d0dbcaebd7d
bc5ebd1dbcac3ba6
3ca2bccf3d1c3d05
3c683ccfbce93d82
3ce9bc81bc50bc0d
3ca93cc4bd2b3d04
3d6c3d2abd003b8d
0000000000000000
bbb3bcc23c82bcc1
bd0bbc553b81bcad
3d2cbcac3c95bc77
bb063d8f3b773d2d
3d463d8cbd503d28
bbdd3cc53d573d42
3c8f3c70bd2abbf8
3c883c943d0fbcc5
3da4bd48bc92bc53
bcde3c523c84bd6b
bd0ebbcfbd69bcb9
3d51bc7bbc8c3d3f
bd7bbda53cf7bcea
3da03d31bcc6bd04
bd3a3d193cd6bc3d
bd8cbca7bd78bc9e
3d033d08bc99bd84
3cf13d5dba8a3db9
3d3b3da0bd873cf4
bc2f3d05bac73d12
0000000000000000
3ccdbcecbc26bd36
bb503a1abce83d34
3d923ddbba9d3d95
bd333b993cb1bd2e
3ccebd013d74bcbc
3c9cba0b3d2abc51
bdf73d803da33c82
bce03d673d04bb8d
bc64bc103cfe3c1f
3ca53d44bd52bd2d
3d87bbc5bd6f3d33
3ccbbd61bd7e3cc5
3d313d40bd343c84
3ce23d2d3d6bbab4
3dcc3d6a3d543d31
3dbdbd97bd443d56
bb70bcde3bbdbd03
bdc4bcea3d20bd95
3c94bdc6bd1cbd1e
bd653d3f3ce1bd3d
0000000000000000
bcbfbd5c3d253c6c
3d443c3b3d593b24
3c89bb99bd16ba29
bc86bbbc3b133cf3
bc01bd3d3c38bd08
bdbdbd023c083cd9
bca63c6abc15bc7a
bcd23d55bcdc3a2f
bc243c87bd2b3bda
ba993c373ab8bc9d
3d26bbdebd0bbd34
3d8bbe073d81bd0d
bda93b9dbcda3cba
bdd43bd7bc1bbd61
3d873bb7bc94bc37
3d17bcf5bc06bcaf
3daa3b9fbbd2b7bb
3c93bbbe3d86bb31
3cf83d1a3c07bcc3
bbafbbba3bf63ce3
0000000000000000
3d04bb36bb35bbe5
3bffbca2bd643b9b
bcc4bcd4bd343d55
bcc13d02bc45bb07
b9c63d2b3cab3d3b
3cdfbcd43c5abba3
bb743c373cf7bd06
bc863d823d4abc46
3cc8bc13bd213cce
bd52bbcc3c3eba80
babf3bda3cfabd1f
3d5cbaf03bfebc58
bc2cbd28bd0fbba7
3d083ca5bad9bc60
bcd8babc3c633d9f
3cb73c5a3d4a3d54
bc8f3d193c19bd06
3d173d563c9b3c23
3c073a543dab3caa
3ca83c613cc0bd32
0000000000000000
3d363d8b3d103d66
bd76bde33c65bdcc
bb03bd6abcfe3d8a
3be63c98bc93bd44
3cb2bd12bd22bd68
bc963d20bd643cd4
bc3a3c91bd063dbe
3c023d2fbceebd3c
3d4d3d2bbbe3bc2e
bc53bc62bd5dbca1
3ceb3d783c97bdd8
bd843c1f3920bcea
bd343c793d07bd32
bd13bc103c293de4
bd6abd8abcc33d38
ba14bbf0bd5cbd89
3da33db13c83bd66
3d273d273cea3c7f
3d9d3cef3c7d3ccc
3d6d3d2d3d1d3dac
0000000000000000
3bffbc9e3d49bc8f
bbda3d19bce03b22
3c8c3ce93c1a3c02
3d89bdca3c6f3c3c
3c1bbcbebcc83d0e
3d50bd8e3c6ebc94
bc8e3c30bd94bd87
3d8d3ccbbb813c6a
bd4b3ca43d223d67
3c58bcd7bd813cb3
3dd33d9b3d8e3cc5
3d07bc853d08bd31
bd083d27bc3fbd34
3cb6bda7bc84bcac
bd773b073bc9bd0c
bd543d233cb43d24
bcaf3ca93c903d8f
bae4bc203b893d4c
bd683d33bc703d80
3cf0bd6d3d0f3dc0
0000000000000000
bba63d083ce7bced
3caa3c113c1dbb04
3d06bc5d3c67bc00
3d013d8b3d82bc35
3c6b3cacbc273ca3
3b9cbd2dbd04bc0d
bd21bd8bbbae3d15
3cee3c113d023cf3
3d473c903d2a3d1a
bd22b8cdbd793be9
3b34bb3b3c393d48
bbdb3c8d3bbcbca2
bcb13d7a3d08bbe7
bba53c4dbd22bbd1
3b84bcb23d373c65
bbd6bba0bd603ca8
3ce43cc63c2c3d11
3d183da33cfc3c9d
3d833d71badc3ccd
3c893c4d3d153d9a
0000000000000000
bbc4bd3d3d4c3d89
bc423c33bd0cbd74
bd603d7eb9bcbcad
bd81bbd33d6b3d86
bc0abcf03c6d3b91
bdc23d223d4abb34
3c553c493bae3d80
bd643c353d1d3d2a
3d053d31bc3c3dbb
bd083c3e3d06bd8c
3dba3c643c36bc66
3daabd843c04bd01
3d47bd2ebba4bda7
bd983c97bd9d3d33
bdc23d533d733cb5
bd90bb803cd5bd12
bb64bd1dbc45bba6
3d49bd6bbd4e3da3
3c09bd27bd673d1a
3cbabd0d3e0a3d56
0000000000000000
bd24bcb93c26bcef
3c93bd3cbbfc3d34
bd29bc3f3c70bca5
3d173ca6bd55bbe6
bcc3bcf13beebd18
3d37bc9d3cab3c91
bd533b9abc3c3d4d
3d553d1d3d263c88
bd163d76ba8bbd3d
3d233d393ccd3d58
3c6a3dafbcf7bd15
bd28bd6bbd46bc93
3c0c3c533ca63d17
bd38bd7f3c86bd21
bc0bbda73d473be1
bba23dc4bcc1bc57
3ab43db0bd34bd02
bcfabc50bc41bcbe
bc983d05bc523b5f
bcaa3cbfbd3ebd06
0000000000000000
3d9b3b87bccdbd65
3d9c3a1d3ce33c88
3d683bf13dacbc9d
bd8b3d1dbd35bd4a
3a18bd28bba9bd15
bd903d98bd31bc80
bb093ca83c4b3c2c
bcc5bcf1bc95bcf2
bbc9bbd23d02bd3f
bc7f3d3cbc3d3d0e
bc65bd24bba3bc6c
bc24bc63bd123c71
3c3f3d2fbcd93c82
bd6e3c8dbcc1bbda
3c653c9b3d67bcfc
3cb6bcd63c8fbace
bd5ebd393c49bd18
bde1bc74bc2abd84
bd22bd153d65bcda
bbb3bcd5bc39bca4
0000000000000000
bc6dbdb5bcec3d01
3b15bc113d5bbd43
3d54bd3d3d9cbb2e
3ccb3c00bd243d1b
3caa3c23bd313dcc
3c6abbbdbb12bd82
bcd8bc3abcdc3d26
3d083d4f3d2ebb14
3ccfbc5e3d7a3ca7
bd883c87bb0ebcb8
3d153d3bbd03bc0c
3cd43baa3a4abbf5
bb103cef3c483be4
bc79bbd5bcf7bc35
bd163ba2bd23bcbb
bcafbcfdbd21bbd5
bbfc3d543c833d8d
3d0c3c02bd3d3d3c
3ccf3998bd00bab0
3cfe3ba13d193c8c
0000000000000000
3bf5bc8ebc8cbba7
3cc8393c3d303d59
3b693cfebc4abd3c
bd1fbc943c583bfe
3c8cbcfbbd7fbd1c
bd243d283da13cdb
3ba2bccabd86bb44
bcf5bc61bd21bc22
3cdbbd183be0bbf0
3d073d6dbc753d65
bbc6bd39bd7abad7
ba83bccbbc99bd6b
3bf7bcef3da63d55
bcc4bd9b3d4cbd12
bcbb3cb83d72bc5e
3ce8bd11bddbbbfc
3cb2bce93b80bc25
3c5fbd113d48bd0b
3c61bd21bc833c9e
bd4ebd7f3ca6bcba
0000000000000000
bc903d1fbd4bbcc4
bd773c893d2a3d0f
bc323cd9bd1d3cdb
bd593cb83c98bbc5
bd2b3c87bcea3ccc
bd92bb783db4bd13
bd98bbdbbcfdbb84
bc073cffbd953d06
3c5c3b5b3b983dc5
3d1cbd3e3d8b3c65
3de1bd0f3c553d1a
3ccbbc3f3ce53c81
bd4fbc773d9bbc30
ba11bd2abd7abd75
3c953b273be0bd69
3d53bbe23ba03d5d
3dac3e13bc473b68
3dbf3d84bd6c3de4
3df73d163c033d2c
3d3b3d44bd183d22
0000000000000000
bdb73d90bc10bd8c
bb5b3c3cbd69bd7c
bd7abd353c893cb5
bd0a3d6e3b743cd2
bd973c853d673d03
3cadbc343b873daa
3cf1bd74bc203da3
3d033cf03d04bbae
bc2bbd4b3d02bc50
bd1d3bd73cb7bd67
3c343cdc3caabd01
3be73caf3ce0bd8d
bdb63d543c4cbd87
bc0e3b9b3a263dc3
bca4bcddbcbe3d39
3d85bd323cd7bdbd
3be7bb543d223a6d
3c333d1a3c74bd29
3d54bd0f3cd1bd05
bcb6bc413d833cf8
0000000000000000
3cbb3d8a3defbc8b
3c143b39bc73b9c8
bc60bd04bd4d3d76
3d79bc753c2bbd49
3c153d32395ebcb5
3da7bcd73cb1bdfd
3dc1bca6bc813c8a
bc473d413d163c71
bd1b3c87bcd93d5d
bd90bd0bbcc9bb61
bdb4bcc83d89bc83
3d363d833d553cc8
3dbebd7e3dcebd02
3d43bba6bc82bcb0
3d20bc5fbcd83c04
bdbabcdfbba73d8e
bcd33cacbcb8bd0a
3d2e3d1dbca33cb2
bade3d0ebc053d85
3d943d433d26bd42
0000000000000000
3d11bbc9bd60bc80
3d2f3d833d0fbc19
3d08bc533d1d3c6b
3d0fbd37ba643d23
3c77b9433d823cd0
bdb3bd7dbbb33c18
bc67bd2e3bcb3be0
3c4d3c9bbcaaba91
3d9abc8c3dbd3cf7
bcbc3c9fbdc8bd0c
bc053d17bce03cc8
bd40bc32bdb6bc52
bc203ddabd99bd79
bc76bd24bc9f3c29
3d54bd83bd4d3c9d
3cda3da1bb373d92
3cc8bd0b3d563d11
3d0fbd9f3c043d3c
3d0abd573db33daa
3cb4bcf9bc8c3d39
0000000000000000
bc8bbca0bd1f3d88
bcdd3d6cbc8abd70
bc153b2a3cec3d12
3d84bd92bd65bd22
3cb2bd34bc1c3c27
bc44bd56bc03bd1d
bc8b3bf33b453c48
bd393ab43cc53d93
bc633c7f3c493c97
bd5f3d36bce5bd66
3ccfbcb83d1b3cef
bb713c303cf5bc54
bd0f3d04bd013953
3ccd3d143cc0bd50
bc173d6a3c8fbca5
3c8ab983bbf3bc34
3ca93b793d943c13
bc353c1e3d1f3dbb
3d91bac33d8e3da2
3d2c3cc03b6fbbdc
0000000000000000
bd773b533c8dbd10
bd1ebd64bd26bdab
3d4f3ce8bc143b73
bd0ebadd3d673b02
bd04bd963c5e3cec
bb683b083dc8bcb5
3c4cbca53dd4bcad
3cedbc9ebb813bb2
bcbf3d2f3cde3d53
3c68bcd1bd603c80
3d04bd98be103bf0
bdc1bd75bd7e3ccd
3ba0bd04bcecbc02
bd943d473de9bc1c
bd123d913dc6bd32
3c8fbd28bdf43d29
3afcbd44bdf3bc7c
bd18bc3a3d543d7e
3d1cbc49bde53c9c
3b1ebc213d703d45
0000000000000000
bd833c67bd09bc8e
3cac3d52bce53cb3
3c2cbb9cbd1f3cd4
bc92bc193d0bbd45
bd0dbd403b81bd2f
bd0b3d32bbf9bcc5
bd2a3d0c3d03bcf6
b7b0bd3c3d2b3c9c
3d01bdac3ce8bc26
3c4fb9e4bd063cdf
bbfabd423c263ceb
bca63be03b57bc81
bcdc3c6dbd553d38
bd09bc18bcf8bdb1
3d24bcc3bc65bce7
3d97bd01bac43db3
bd3cbd233d183985
bcdabd9e3dbabd26
3cfabc3c3c4d3ccc
bdb03c843cd1bc55
0000000000000000
3c8b3d58bb9f3d6e
bde4bd1fbcd8bcc0
bc93bcff3c36bd8b
3d253c043d6a38c0
bbe63cae3d993c02
bd46bc74bc013d82
3c133c4b3bb83c71
3b303d29bd55bd41
3ca6bb96bc313cb1
bdaabc38bbb1bcc3
3c993c933d9bbc85
3d293d06bd213d1d
bdd9bd4c3c2b3bb5
3d573caabcf1bc3b
bd773c113d47bc87
bd48bd1d3cb8bd37
3c0f3cabbd88bce0
3d9b3cc23c0d3d01
3d33bb773c9f3d37
bc013d3bbbc63d20
0000000000000000
bd01bc633dc63ca7
bc953d6cbcc6bdbb
bcb63ca73ccf3c76
bc99bd2f3d7c3c50
bbe1bc3dbc31bd44
bbfd3c5a38213d9d
3cf33cdc3c8f3e0a
3dbabd0fbc78bd8c
3da4bc01bc5b3c9a
bda2ba34bd203cce
bc32bc1abd27bd49
bcd73d49bc14bd60
bd1f3d14bb40bdd3
bbaebcd23cee3ddd
bc223d153cd93d56
bc893c38bcf3bd97
3d7e3abc3bc8bd11
3d12bb353cc13bfa
3c6cbd883d26bd5c
3d94bd673d033c22
0000000000000000
bd58bd513d71bc4e
3d273c8cbd783c8e
bbbe3d86bc2abd47
bcc4bccebd1d3cd9
bc84bcfcbc453c3c
bbc7bcdb3b883bf1
bcc0bbb5bcfc3dbf
b91bbc20bc17bd81
bc493cefbd7fbce4
3d24bc3dbd1ebc1d
bc79bc9c3db3bc42
bcf2bc9a3d963da3
3cb33d863c39bcce
bcc7bd2c3d293a58
3c1a3d60bc0ebcab
3c513d153ca2ba88
3c88bd18bc833ce2
bdd4bcbf3c543c38
bcd83b5a3da93d4a
bd1a3c89bc30bbaf
0000000000000000
3cd0bcaa3c8d3d63
bce9bd413c74bd57
3a943dc0bb2f3c61
3d653cec3b1f3cc5
3ca23cffbc8abc97
bc6d3d7ebd20bd26
3c3e3d06bd643ca7
3d2cbd4c3d60bcff
3d1c3d663d053d01
bb99bd19bda3bdfd
3d27bdb8ba5f3c4e
3d0d3ca2bbc73d13
bd9ebd8a3d0cbc81
3c0e3deb3bf73c23
3cb8bbdfbd11bd0a
3d30bd9b3c593cd0
3ca53b063d223d07
bd153c273c253d47
3ca3bc0bbcca3a2c
3d503bff3d813d12
0000000000000000
bc6b3d673cca3a63
3d56bc3abd4abd80
3d253cab3ca9bce3
bc53bca43bbc3c48
bcc83ca8bd6a3c5f
3ad4bc3d3cdebc83
bb8cbd683c843cda
bd5d3cd73cf03bba
bcf63c063cde3d2d
bc693cd93d68bdbc
bd4a3d0d3c0fbca2
3cd43bcebcfd3cff
3d99bd7c3d1dbcff
bcb8bd75bd233d05
3c61bd7bbd5a3bc5
bd86ba603d173c79
3aaa3bc9b9823c23
bd063cd53c9a3d33
3c033d1e3d443d32
bbe83cd4b9ed3c92
0000000000000000
bca03c86bcf8bdaa
3c20bd4fbc813bd9
bbe33b083d813d9c
3d983ce2ba503b97
3c833d8b3c843c0b
3d9ebc773bd439e0
bb43bd36bd2e3c9f
bd413ca0bc63bcdf
3c1a3d17bb59bccc
3ca6bd6b3d043d30
bd193cfdbcf3bd17
3ceb3d3fbd72bcf6
3a96ba023c0b3cfa
bd373d7a3c33bb6d
bc15bcdf3c0e3c5d
3cac3d1abb293d17
3ce13cde3c85bcba
bd1b3c9cbca63cc4
3c443d43bce43d03
3b683c42bbccbc24
0000000000000000
bd343b95bd4c3d0c
3c613d4a3c44bd4f
bca93c03bd2ebd2e
bce13bb63cc4bd4a
b9be3da4bc073e08
bd56ba4c3d81bc95
bc4a3d55bba6bd3d
3dc13db7bc9e3c19
3dbb3d87bd863d12
3cecbd573c08bd51
392b3c96bc5c3d90
bd233bd9bc98bc84
bd1c3bf63db23aa9
bcce3c40bca6bb7c
3c863d083d79bb89
3d573ceabd9e3b66
3d493da2bb913c98
3c86bd00bc203b83
bd403ce7bdb23da1
3db23d8c3c24bcca
0000000000000000
3bc2bcbabcc5bcd6
bc853d26bcd0bd29
bd3c3bb4bc293cf6
3c5ebbbabb6f3c4f
3d6fbd693d8c3d02
3d0f3c35bcd1bda8
bcf3bce7bcc4bcd9
3cfb3d493ce83d2e
3c5abce83cec3c64
3c813cd3bc513ba6
3c95bc4e3ca33c24
3ad03ae73cf0bd3b
bd843d93bdc4bd3c
3c73bcc33c53bb2b
bd043be13c71bd92
3cf4bcb9bc963cc6
3d09bc143d7b3d33
bcdebcb63d2d3d03
bbc2bd1f3d0d3d52
3d1c3c373be13dc0
0000000000000000
bd9a3d12bd273cb1
3d1e3d3cbc9e3c3a
bcd03d5b3c943d4d
bda3bd2b396abd03
3d5abd85bcbebc97
bcf7bcc4bdb33cd5
3d143d153cb5bdad
bcd33b9a3cc43d53
3d0abd6abd8bbcab
3d17bcc9bcbb3d24
3d25bd32ba9a3c08
3d363c073c6bbbc0
bc80bb75bd543d83
bc913c813cbdbcc0
bd84bb6fbcd83d37
3d143c853c093c8d
bd1bbd8bbca53d0e
3cf33d0f3d41bd32
3d83bceb3da5bcf9
3b173cb33c54bb18
0000000000000000
bd743c20bcde3d43
3c37bd25bd0a3cf4
bd783bb9bd02bc3a
3c8c3cbc3cf03cff
bd183c92bc173cdc
3da5bb833d50bc88
bd4cbd47bd7a3c02
bdcb3c81bd7c3db3
bd2b3cdbbc62bd22
3d72bbbc3d443d1c
bcc83cb63caf3c0a
bc72bc6abbb6bd63
3d1dbd0bbbf13d54
bd183c4b3d49bd10
bd1cbbc63d06bc5c
bc6d3d19bcd53d86
bd473d1b3d713d76
bd763d3cbc043d4c
bc123983bd183c06
bc5c3d8dbc71bccb
0000000000000000
3d0a3bcebd6abd78
bd28bc88bd693c46
3c03bd613dcbbc76
3d033ca7bd5ebd29
bca03b703d1d3d47
bd523d6d381cbd22
bd25bcad3cf4bcf0
3c913c703c15bd82
bc94bb893b69bd34
bccd3ca5bce53d47
3c5cbc203c64bb9b
3d40bc0fbd16ba9f
3cbf3ad2bd37b979
bc73bb34bc88bd98
3c1bbcaa3d323b02
bd0abd7dbce43dce
ba3d3bdc3d4ebb6f
bc823c5dbc98bd5e
3c103cd43d373cc8
bc513d643bbcbc83
0000000000000000
bc74bd833cfbbd35
bc07bc92bcd03c6a
3ccb3c85bcaa3b8e
bc473b993d4a3c83
bb8fbbc6bc3ebcde
3c383c3c3c64bcab
bd39bd16bd3bbd42
bc543c843cc53cf6
3c0c3cdc3d87bca9
bd123d8ebca03da7
bbc1bd483d1a3dac
bce6bd74bc833c85
3d93bd2b3c573d8c
bd2bbd453ce7bd0a
3b933cc6bb7e3d58
bb643d483bec3da1
bcb9bcac3c6e3c1b
bc2bbd983d85bd70
bd4fbc7c3c573bae
bbc7bd353d09bbe9
0000000000000000
bd96bd043c6bbcd8
3d0dbad0bd1d39c1
bc43bce83d4fbcaf
3a92bcdebd093cff
bc3bbd2bbb643a8a
3da93d43bca63bdd
3c0ebccb3d8cbcb1
3bdabd33bd7e3d7c
bd7fbdcb3dd4bd3a
3d493d9ebd0f3d03
bcd5bd4e3d033daf
3cfa3d05bc313d88
bbb3bcb1bd11be05
bca63c8e3b173d3e
3d0ebd80bcc0bcd6
bceabcb93cf43d8e
bd16bca2bcc13d27
bdc3bc2b3d08bcb4
bcf5bd003dbabc84
bd37bc9ebc7f3c39
0000000000000000
bd68bd1a3c8c3c28
bd95bd403d34bd61
ba0ebda43d673cac
3d8c3c84bd723d65
3c213d393c9a3d3c
bd9e3c8f3b2f3d05
bd0cbc92bccbbd18
3da03d05bd90bd4b
bc9a3cc7bd553c34
3be3bd96bc76bc26
3cfb3c7a3d053c46
3aa33d9cbcf63d1c
bcbc3d85bd60bb30
bdd13b6cbdd43d9d
bcdbbc8f3d60bcc2
bc1ebd573d4cbc6a
3df83b55bd4b3d1d
bca33ca2bc8c3d10
3d2ebbf0bd04bd2c
3c1dbccdbd423c95
0000000000000000
3cae3d82bd863d8f
3c5f3c433d3abd83
3adcbba33c833bb4
bd873c88bce53d66
3bce3d3939a23d5b
3dd43b56b999bb8e
3dec3c9abd09bd1d
3d31bc35bcc23c28
3ce33cafbc003d0d
3c2cbccdbd0dbd31
bdf93d403cc73cc7
bd4abc96bc583c7a
3d95bcd23d4fbcdc
3d433d7cb9ff3b1c
3c78bbf23d39bd0a
bd9c3a283cebbcb4
bc523d4cbc4c3d87
3b903c8cbd053d24
bd52bc363cf23be7
bd093a16bd523c93
0000000000000000
bcb03de7bc5cbd99
bcf23c423ca2bd96
3b783cc5bd7fbc8b
3d07bd503cdebb20
38273cdfbc0c3bb1
3c1c3c6039dd3d13
bd323cac3cc1bdd9
3cf6bd0cbd783c44
3d44bca4bdf33d95
3b1c3b4bbbf93cb1
bcc1bc68bd82bd15
bd26bc9a3db7bde6
bcde3b7d3db9bd3d
bca93d093c7b3bd8
3d0ebd56bc6dbcb1
bc7ebc91bd34bd00
3d0a3befbcfa3b0f
bd093c8cbc7d3ccb
bcc93ce7bd183d39
3a9a3c9b3c42bbd3
0000000000000000
bd373d3bbb19bc3d
3bdd3b903d113cab
bcd83cc13c933c11
3ca53c46bc8ebc9c
bcc53cbb3bf03c75
3d843d3ebad23d11
bd47bb83bcaebcc5
bbfb3a57bcddbd58
bd083cbfbd433c6c
3d90bd743c663ab8
bbd23ae0bd3ebbc6
3c5a3d9f3b42bd5c
3a7fbd203d99bcc3
bc073dbabd1d3cb9
bcecbda6bd7a3c9f
3d0a3cdd3c56ba68
3d4d3d55bd3f3a14
bd20bc24bbc4bbe9
3ccc3d13bcd33c94
bd033d1dbd3abcca
0000000000000000
3c793db7baa7bb3e
ba19bd783d28bd77
3c4abdb03dacbe11
b998bce1bcc6bd10
3d003db5bd0dbca1
bd43bce63b973d07
bd28bd00bd33bd57
3c393d29bbd53d37
3b9cbd20bc48bce3
bc12bc323bf4bc10
bc853dd73c993ce6
3dbb3ce43a1f3d92
bcf43c2b3d27bc12
bc263cbcbd243c04
bdcebcb93d42bdbb
bd5dbcec3ba83ca6
bd39bcb4bd03bd54
3d49bc7dbce53c54
3ccb3d77bc5cbc90
3bf1bc81bb953c3e
0000000000000000
bc8cbd33bcb2bbe5
bd53bd02bbc33c5b
bbdebcce3d013cc8
3d0a3dee3c273c83
bb55bca9bbaf3cbd
3c203dc93ba23d4f
3d4abd8ebd0d3cd4
3c6a3c84bc723abc
3d12bc47bd003d1b
bde0bb293d2eb82a
3d0dbdacbc41bd1b
baa5bd343c8bbdff
bd4d3c9dbc92bd8e
3d8e3c68bc903d7b
3b763ce43d193b9f
3c88bcba3c943c9a
3d63bd17bd43ba39
bcd9bd89bd61bc8f
3cc9bd95bd5cbce5
3d743cccbd143cfb
0000000000000000
bd71bb4f3b75bd46
3cb13c3ebc5abcf7
bba23c8b3a123cc7
bd393bc93d3cbd26
bd2bbd423c573d39
3cdeba8abb61bd4b
bb82bb95bccdbc0d
bd56bc823d37bc9c
bd21bd303d083d2c
3d913c1abcd63b4a
3b15bc913d60bd3a
bc95bc5e3c02bd04
bc103cc0bd743d6d
bcb3bd26bbfbbbb1
3d3bbc9fbcf73ce1
3cbf3bab3ce03d83
bd543c00bc6b3ced
bd06bd293d523cb1
bd03bbfa3ce73d45
bd16bc043cfb3c37
0000000000000000
bba13bc6bd96bdbc
bd803d0d3c903c28
bd80bda43cb83cf0
bb2d3ba2bd1bbcb2
bab8bb3d3d62bb69
3ca33c123cf13dbf
3b383c813c333cfb
3d6d3c04bcfa3d4d
3cdbbd843d153d48
bd053c8bbb953bcd
bbe3bc463ceebdbb
3ce2bd33bda03cb5
bc103c6bbca53d52
bcd63ca13c873d7a
bd83bc4cbd793c86
3d623b1e3ce9bd11
3c3c3d7a3c92bd79
bca4bc1abbb83d09
bc3ebc963d27bd12
bc1ebd4fbcdebd3a
0000000000000000
3b2abcaf3d243ccc
bc35bd02bb5f3cbd
38e23d0e3c82bda5
3c06bc8f3d49bcf9
39cc3ca43d463b86
3d2dbd363c0b3d0e
3c8bbd123d8d3c29
bce83c583d2d3d69
bc5f3db3bb71bc56
3d0d3cd1bd48bd32
bcf53b91bbedbc23
bcc73ce23af53d0f
3bb83d3abd81bc40
3cb03b023bf1bcbd
3d133d0a3c90bd1c
bc5dbd253bf0bcd3
bd2d3d86bca93b3c
bd483b1c3da4bc62
bb9d3d1d3cf03cfa
bd363d1c3d2b3d25
0000000000000000
bc8c3d073bdbbd20
bd843d4d3c183d2b
3c833ccebc683d43
bc953c16bbeabd6f
bc39bc523d29bd0d
bda13cb7bc823d52
bd3dbca7bcafbdb5
3cadbd71bd4dbcdf
3d26bd6a3d403d7d
bd953bb03c18bd1f
3d04bce4bc8fbcd9
3cd9bcb8bba5bc26
b9b43d1eb98bbd7c
bd8ebc75bca53b47
bc513d06bc483d6f
3d5cbd613cc7bcc1
3d133b9c3cefbd4b
3d11bc203c233c44
bd2ebcfabc22bd07
3d063a973d1abd4f
0000000000000000
3d80bd50bc07bcef
bcdebce1bc873d21
bc063bcf3abebd82
3d6c3c9bbcd03c18
3d9c3cfbbbf0bcdb
b92e3d4e3c6f3d8d
3d883d8abbc9bc5c
3d973d26bd10bc8a
3ce03d3fbce0bd9e
bdb7bd0e3d843c4c
bd353d1dbb8bbd6d
bd3abc8abc233d40
bdacbd963d0b3973
3d813d2cbcbebc18
3d0fbca33c85bc4c
bcc2bd943c9ebcad
3d88bc25bbb7bd3a
3d0e3d93bd66bcf8
3b213bc2bd033c3e
bbbc3d16bd0abd2e
0000000000000000
3c153c2dbd513cbb
3d273c8dbc8abd24
bdcc3ccebb7abd2a
3d06bd17bc2bba2b
bc71bd0e3ccabb79
bc453c483ca23ca3
bd1bbce6bc8f3b64
3d1e3c723d643c60
bdadbce03d34bcf1
bc9e3cbbbb8dbcfc
3d8fbd42bb293b7d
bc863bd8bd053d98
3d463cbebce43d66
bc6dbd1abcabbd34
3c683c59bb5f3cc0
3d81bcb7bc26bd50
bd33bbab3ca43cf2
bcd7bd7b3d18bb82
bd06bcbb3c3bbc56
3d14bd033cdb3d72
0000000000000000
3c063c7dbd1fbcd4
3c77bdccbd263b3c
bbe63dd2bca83c6a
3c073c2f3d1e3c07
bcdf3d363cc3bd5b
3bc33b0d3dc43d53
3d25bd0bbc493c0f
bd383caa3d1abd2b
bd6c3cf83c44bb8e
3d1abd15bcfc3caf
bc9ebdb33cf9bb24
bc53bdc0bc8abd38
bca33d08bd84bcc7
3c923dbb3da2bb6e
3c2b3d3a3a713d57
bcfebdb7bb563c3b
bd043cc63cfcbd07
bcda3ca13cfcbda2
bd0c3d163c81bcd9
bd43bccf3b6abd38
0000000000000000
3c90bd693c543ca4
bd833c35bc36bc4c
3d26bc52bc0b3d11
3c2fbd03bd163d25
3d00bc72bd62bc84
3d553c983ab73cc3
3d1bbd453ba1bbd2
3c64bcb4bd64bce6
bb98bc62bda0379a
bd3e3c37bcfc3c69
3ccabd093c7e3ca0
bd48bdbc3d2c3d59
bc47b9883b1a3ca9
3ccabc39bd05bcee
3c90bcbabd3bbc1b
bde1bb593951bd86
bd6a3cd93b03bd59
3c4fbc13bd793cf6
3c7ebd39bc9fbd66
3a99bcc3bd6a3cb8
0000000000000000
3c7c3bb83d71bc85
3d4dbcf43c92bcbe
3ce23d8fbd2a3bb0
3c67bd7d3ceabcd7
3d973d2d3cd5bcb5
bc99bbf5bcd13c45
3d733d01bd1d3c97
3d203d183c853ad2
bc7d3d8a3cc6bcb9
bd39bd17bca73d20
bc87bd773d0cbc1f
3d7abd443b89bd04
3c15bca4bce23c20
bda8bbc03d793b44
3d433c6abdce3d48
3cb1bd1e3dac3c0b
3cd33ca23d7a3c5d
3b0bbae63dbbbdb9
bd5b3d3d3dbabd9e
3d7e3d393d193c7e
0000000000000000
3d5cbd5d3cb4bbd6
3be73d423c0bbca8
3d99bb89bc76bd05
bd6d3d7f3d173b48
3c6bb8c73a0d3cd5
bc0f3d59bcbcbc8e
3de5bda7bc543dc4
bd7bbcc5bbc03ca0
bc2d3ca13d18bb9c
3d193d8abc5fbcd2
bd1abd1a3d043cdd
3d2dbc593c6ebd24
3d59ba54bd6fba55
bc0ebd023cdb3cde
3b883cb83c5dbd00
ba0abd8bbbd4bc55
bd3fbc91bcca3d60
bc2abbd13e423c22
3d953a0e3c5f3d17
bdc33c12bc143d1b
0000000000000000
bd1b3d26bd1c3c55
3ca13bf83ae23d19
bd5f3d50bc80bd2c
bcd4bda53ca1bd02
3db43c6c3c95bce4
bc34bd4e3bb43d81
bdce3d003d1e3dd7
3d26bcf23c3abd54
bca63c563c89bd62
bc3fbda8bd11ba8f
3c153d113bf4bd2c
3cff3d383bf9bb21
3b2fbd1bbd753d17
bd2dbd0dbcf33c9b
bcac3c90bc5a3c1d
3d8c3c863cc0bd80
3df73d4b3d543bd1
3d353c243c393cfa
3d823de6bcc7bcf9
3da8bb4d3d6fbd28
0000000000000000
3dc3bc3d3b91bcbc
bc3fbd51bdab3d06
bd11bd973cef3d05
bc953d403d783b5d
3d21bc373d1a3b48
3d603de13d5a3b9c
bdf23b1e3e06bcf3
bda43d28bdac3ba2
3d08bd113c09bcd7
3cfe3da8ba7c3d59
3c5c3d223d22bcf5
bbbabd96ba85bb77
3d8c3d4b3e193cc6
bd92bd523d58bcd4
bdaf3c973c673c4f
3d1dbd9c3997bcca
3cb7bca7bd1d3aa8
bc93bbd73d43bd19
3d29be46bd8abccc
bd1e3d4bbc63bd55
0000000000000000
3c133d4eb91dba53
3c41bd2bbd3b3b6b
3c92bce8bcd63c1a
3bda3cb03c4c3d99
3c0a3d2f3dbabc2e
bb2c3c6a3d073d9c
bc523d12bd563d14
bc2fbc943d5cbd3d
bd2f3b4e3d593d4d
3d28bd2ebd00bda0
3cb73cc1bd68bd84
bd393b143cb6bcff
3bf33cb1bcb3bdb8
bcb63ca5bc473c20
3d503c44bda13d67
3cde3c18bdecbccc
bca6bb263d753c77
bcfb3d36bd403d86
bd1fbca7bbf7bca2
bc9b3d0dbc703d97
0000000000000000
bb18bca5bd9c3a93
bd1bbcfebcc73d87
3ccdbd473d0e3d4e
3c723d61bba4bc47
3d623c743cd0bceb
3cba3ae2bdacbcbd
bdaabca03a13bc77
bbc43cc23d49bc8a
3d383d343ca83d10
bc57bd23ba3839e9
bd7b3a8a3ce1bcf4
bce23d0a3cb1bd16
bd1cbbe63cea3cba
3cc9bae1bd09bcbc
3d15bc9dbc7abc86
bc6d3ca63c34bce7
3d5a3d9e3ddfbce5
3d323d1b3c04bd6c
3bdb3d103d3cbcfa
bd563b843d69bce7
0000000000000000
bcd4ba25bb693d69
3cb9bd92bd183ccd
3c78bb44bccb3bc5
3c753c6abc4c3cef
bd4b3cd03cf9bc2e
3d86bc3f3ca23c19
bc0bba633c433d98
bc6bbc0d3c87bd3d
bd113cde3d21bd03
3befbd12bce13aa1
b9c43d583ba53d1f
bd663bbabcbe3d2a
3cb0bd65bd8c3903
bd1cbd453d4fbc8f
3c12bda93beabcfd
3c8c3d053a6f3ba4
3d013d753c8ebc59
bd413cac3c9cbcae
3b053d5b3c743cd5
bcd13d38bcd43d38
0000000000000000
bc94bd02bcacbcda
bc0abc3e3d02bbc7
3c9ebd1b3d26bc8c
bd0b3cccbc903d3b
bceb3d84bc8b3b32
b9d53d1bbceebd02
bbff3cdbbb293c99
bc3bbb7b3cc339a6
3d293c9d3d233dca
bbcebcd2bcc9bd04
3bdd3ca53bf33b46
bdd23d3c3c1dbc09
bc78bda4bd37bd58
bd1ebc323ce0bcb2
3d25bcc1bc35bc09
3de03b833cd8bd72
3c213cc73c99379f
3cef3d093d363cc4
bc123c1a3d473c11
3d1d3c2e3d1c3d47
0000000000000000
3d4d3d40bd493ddd
3d34bccdb95cbd8d
3cb9bb74bda2bbb0
3c723d32bc973d3d
bd343d003dd6bd8b
3bc93b52bc783cfe
bc5f3cf0bbdc3e36
bd4e3d283ca2bd5a
bd183ce43d093c1e
3d9abd81bc7abe04
bc73bc073d66bcd9
3d373d27bd94bd86
3d243d47bcd0bda2
3d0d3cb6bc923bc7
bd213c4cbcd23d88
3cd1bcb23da5bd22
bca1bd043d233d6f
bd483d123b5b3af5
bc943d58bcee3d6c
bd3d3cf3ba4b3cc4
0000000000000000
bb0e3c2dbb303c5a
3cf33c9abd24bc8f
3d2c3bb13da83cf6
3c8f3c93bd733cf8
3d14bd32bb41bd50
3d133d6d3d2a3d20
bb213d69bd6b3b19
3b7ebd2fbd103d8a
3db7bbeb3d483daf
bc9a3c6ebc303cc1
3cf9bdbaba18bdf1
bd24bd23bbe53ce7
bd66bc0ebd943d94
bce53d963b843d13
bc52bcc63d5abd11
3d73bbf33c13bdc1
3d67bd0ebc643d7c
3d083bc5bd113c0f
3d76bce9bcaabd69
bdaf3da3bd3a3cf9
0000000000000000
3c0abcb03c78bd70
bce5bce1bd2dbd74
bd313cf23c0e3cf6
bbbbbcb93c073dba
3d5bbc85bd35bd77
3bd3bd863da83dac
bda83cd5bde0bbac
3d373ba53d183b5b
3d903bb3bb06bd87
bd82bd32bd0cbd12
bc813c94bba6bcd4
bd3b3bbfbc52bd82
3c23bcbc3c833d39
bca6ba55bc733da3
bd603cf13d42bc96
3d03bbbdbdd5bcb0
3ddd3c77bc18bdcc
bcebbd12bab63db5
bc5f3beabd06bda7
3cbcbbc83d53bcc5
0000000000000000
3b8ebcbabce3bcda
3d1bbd453d9b3d07
bd143ca73d753d91
3d093d0a3d2abcfa
3ca43a243d21bd39
3d8d3d0fbcccbbea
3d71bb87bdc73cb4
3c49bd643d0739bf
3c95bc263cd73cfe
bc863d1cbcb8bce7
bd973b43bd9ebcf2
bd78bdbb3b91bd7e
3d6a3d353cdabb83
3dab3c02b8e43cda
3d123d69bbdd3d7e
bc8ebd89bdadbcc0
bd9dba05bce9bc88
3c853c06bcef3cad
bdaabba1bd58bb30
bd38bd24bc8139a2
0000000000000000
bc913c393ceabcdc
3d37bd4ebb66bcc7
bd88bdafbce23cb4
bd7b3cc1bd803cbb
3cbc3b573b44bc74
bdf5bb15bd153d7e
bd303c1bbd993b80
3cbf3c143d843d3a
bac83b3abcd6bcd2
bc8bbcedbc64bc8f
3d68bb363d93bce6
3c633cecbbeebb3b
bd9539d23d38bda4
bd8ebcd1bd373d6e
3c9ebd3fbbc0ba04
3d5d3c053d87bc8d
3c63bc003d68bd2f
3cc53ced3cd73d7e
3d09bbbdbcfd3c1f
bbcc3d483bb83c92
0000000000000000
bc93bcabbd743c92
382dbd293d203dd9
3bc33d673d043bcd
bc453d153c25bc0c
3c033d81bc27bd67
b7c3bbb33cb13d0c
3dc13cdebca33c91
bc433d97bc2abd10
bda03db0bd3dbc25
3c95bd633ad73bf6
bcda3d41bd253a5e
3d803d63bc173cf5
bc23bd803ca43d2a
3c7d3d3a3d04bd38
bd2ebd783d6c3d08
3c3bb9983c76bb35
3cd63cdebce9bcbc
bcde3c94bcd0bd3f
3a933b11bd9abc41
bcfd3d4cbcf3bd17
0000000000000000
3db9bbd9bcc13d22
3cc7bd5f3d22bce8
bbd73d2d3ca0bd27
bc8c3d30bcebbc95
bcac3d83bd503cb0
bd823ccf3d05bb11
3cb63d4bbd3cbd25
bd36bb77bd673ced
3bdebcf0bd5f3d21
bbbb3cb83d0bbd12
3d2bbc02bd013ce0
3d2a3cb03c053d61
bcf8bd6e3d53bbf2
3c9f3cc0bca23c9d
bd18bcdabd52bc2e
3d253c03bcdc3b64
bd4f3cc3bd5e3c79
3ced3ddd3c293da6
3d583ce2bd863d7d
3b083c0cbc103d46
0000000000000000
3cd3bd25bcab3e1b
bc0abd18bd1e3b80
bb813d92ba303d34
3ca33ccf3d26bd46
bc60bb323bbf3dc6
bdb73c52bce8bcfd
3d35bd73bd343ccd
3d343d423b973d30
3caa3d473d753d1d
bcffbc833c46bd72
bb1bbde1bc51bd75
3d5ebce3bb52bdd9
bd733c9a3d3abd1c
bd033c17bbfd3c94
3c82bcaf3b78bc51
3c18bd703d013d80
bca3bc2e3cb4bd0e
3b3b3d243b293bfb
3dafbcbfbc2c3da9
bc293dab3d85bc9e
0000000000000000
bdca3d15bcfc3a96
3c1e3ce4bd60bd4d
bc8d3d71bca7bdde
bd27bd743c2cbd80
bca33cd93dad3ddb
3c8ebe0c3dbebe25
3d013d88bce5375f
3cc3bc3d3be23d91
3cffbd0b3c923bde
3c2fbd38bd28bd30
3cad3de13cb2bd14
bd16bd143b8abdbc
3c58bd2fbcd2bd87
bc0bbd1c3c21bd2f
bd0e3dad3d1a3d15
3d35bc2abd24bd41
3d02bda23d853e1d
bc7dba723cce3d8b
3d11bd01bd853cbe
3c4abcbebc5dbd7d
0000000000000000
bc76bc4e3d0cbdd6
bdbcbc593cd43d0d
3c09bda83cae3d83
3dd1bb1fbd0abd78
3cc3bd44bdb1bbf3
bc7dbd463b3ebc20
bcfabd0cbbf3bb6a
bd89bbe8bd3c3dc2
3c983c753ca3baef
3c863cbebd063d21
b9f23cc03c5fbd87
bba4bc423cb3bc87
bceabb2abb903d68
bd2cbd3dbc8bbcb1
bb07bd17bc0d3d43
3d0f3cae3d5f3d00
3e033da0bcfd3d30
3c30bc05bc92bc57
3bc93d0dbd18bd9a
bc9e3d44bd4abca1
0000000000000000
bd0dbd823d183a99
3d49bd633c6e3c92
3cc1bd053d0b3d7e
bcf63da3bc743d99
bcf93d2abd3b3cb8
3bd13d35bc46bc04
bd3ebc143b0f3c82
3b433d0b3c393b21
3b023d4b3cdabb49
bbac3c66bda13ceb
bc213dd6bcc6bd06
bc72bc843d55bdb2
3be63bb73d1b3dab
bd60bac73c4c3d6a
bb80bd703bb13d85
3cb03b4abd79bd7d
3b003d5d3c8fbc65
bd2fbccb3d8a3c30
3b98bcfcbc3d3bf5
bc9c3d103c7d3dea
0000000000000000
3d353cb43cabbd90
bd3ebba83ba8bc2a
bc9f3d86bce1bc9f
3ab0bd3bbb14bb78
bd1cbc9dbd473d33
3ce73c823add3cc1
3d183c82bc52bdb7
3bd73d14bcc93b9e
3c323d323d4dbc88
bdc3bbc2bd62bbc5
3c793ac8bcb83cfc
3d2abd143d84bd5b
bd95bc463b7a3d52
3c56bc3b3c04bd76
bbe2bd113cd3bc1c
3d19bb13be10bcbb
3d243cd43d793d8d
3d9f3d06bc81bda3
bcb03d2d3d22bd02
3c50bd343d49bd29
0000000000000000
3d3439f0bc8bbcbf
bd5bbc2dbd65bd81
3ce9bbf6bd173ca7
3b6fbd233d443d1a
3daf3d053c38b805
3db03c91ba2cbdd1
bd53bd73bbd1bcbd
3a753da43d0e3d64
3da33d753dc83c4d
3bc0bc373d18bad4
bc583d1d3dd93d3f
bba73cd03cf83d75
bd733b3d3c9ebc6e
3c8f3ca13cc13d1b
3d6f3c16bb3e3b96
bd0d3d153d2d3c62
3da4bc973d92bc17
3be83d8b3d133da2
3c913c753cff3d91
3cf63d37bd7dbca6
0000000000000000
3d103ba1bcf1bd22
bd723b383ba8bd37
3c46bc5b3cafbd42
3cc2bc15bc42bce0
3cbf3c55bd56bcee
3ca5bbc5bcbe3b98
bcc53c183b8ebc74
bbfebc7c3cb53e09
bd4d3c58bd563d5a
3cf939113d773d85
3dbc3d1bbd9a3d47
3caf3d3fbcd13c73
3cae3c643db0bd80
bd963d40bd93bcf0
3d933c703d3fbdb6
3d823d8eba0a3d41
bdb93d00bcd9babc
bc583d03bd333d0c
bc6f3cfcbdf0bbb3
bca5ba7b3c9e3d33
0000000000000000
3d14bcd7bd1a3d0a
bc61bdad3cb73c50
badc3d6c3d483d92
bd06bc8bbca33cf1
3b8ebc2a3d023b40
bc3f3d883cab3d11
bc83bda1bd05bd13
bcd93d97bbfd3c65
3d453d453c4f3d91
bc2f3d313cd5bc03
3c7e3bd8bc03bcac
3d81bcf1bd3ebd0d
3d663ca9bb233c12
3c4d3c663d3ebc0f
bc993d413d5c3d81
bb27bd37bcc2bd70
3c9f3d36bd06bb94
3d30bcaabd7a3cd4
3d0fbc8ebc8abc95
3d5fbd753c353d38
0000000000000000
bb303d633d663d27
3c84bd5aba9cbc1d
3bb9bca43cecbccc
bc5b3d423caf3cc2
bca33d3a3ac53c6d
3cce3d673bf3bd2f
bc863d823d14bd61
bd4d3cf1bd723cf0
3bfa3cbdbb7b3d09
3cc6bd06bc64bca1
3ce9bd913c10bc4e
bc8abb9fbc67bcf0
3c3cbd973b433c14
bd5b3d75bd7abbc4
bcf3bb96bc9d3cbe
bc91bd84bcb33c2b
bc913d1ebcd2bbc0
bd463d1db92e3ca2
bd14bcadbb1cbc9c
bccd3d183b673beb
0000000000000000
3d48bb92bd663d08
3cc23d0ebb84bca5
bcb03ce53dba3d4e
3d493c64bcd8bd39
ba8abc913d1ebbff
bd80bd2a3b3cbd7f
bc113b433d793d6d
3c50bc02bd223b5a
bd903d2d3d183d2a
bca53b98bc68bc5f
bc4c3d11bc79bd46
3c073d49bd793c99
3e21bd1d3d0d3cf3
bd353cbbbd393be8
bd74bce13d993d2c
3d6a3d6dbc8abd0b
bd1a3cd6bca9bbbe
3b873dbc3d703ca0
bcc13db13bfa3d5c
bcc43cd63c7dbcfd
0000000000000000
3ce13c923bc2bd36
bb98bd893c9fbd5f
bce8bcc7bd2e3d2d
bc9f3da1bc273d1d
bd113a8f3d2dbcf0
bcb43d8abd263d1b
3cc7bd72bd0ebd9c
3cb43da5bc0b3dd0
3cb83d7dbc143d37
bbeb3db9bb81bc54
3d24bc1f3d4c3d3c
3dad3d153cf5bd84
3c3abd9c3d4fbc24
3c2abd3dbcb1bd97
bd7a3bdc3beabcde
bcc03bb53dd53d96
3cbf3d353d863bae
3cc13e10baa8bd0a
3d0c3d63bc413d25
3c4f3d8ebd633cc3
0000000000000000
bb453d21bd29bdab
bcb9bd6cbbcf3d81
3cbf3d163d073d25
3cd83cb73cefbd58
3d253c5ebcd1bd5e
3ce3b9d73d05bb98
3cef3c90bc4abcdc
3cb43dac3c04bd0e
3d0cbb0bba9abcf4
bcc6bc353ad2bcca
bd7d3cd9bcc83b6c
bd1cbb9ebd50bca8
bc11bc6c3c05bd02
3d973db1bb1abcfd
bc133d02bbabbc2f
bd9e3d28bc793c16
3d25bc99bc82bc8c
3d0f3de1bd7bbcde
3b2b3d51bc8fbd4b
3d54bc81bcd6bd14
0000000000000000
bcf23c843cbbbd23
bacabd27bceabd2f
3d32bd27bd353d81
bcbfbb3cba653c63
bc623bbbbb7dbcf5
3d5b3b383cc73d87
bd863d8e3d12bdc2
bc883cacbca93dcb
3d113a61bd493c13
3c663b4bbd613a8a
bcf43b53bbd1bd08
bd49bb40bc683c01
bcb3bd393d86bd1a
3d5039cfbb853b26
3c6dbcfb3c553c06
bd6a3dc9bc91bdd8
bd843ca13bc23d68
3c283d943d3f3cde
bc7b3d94bc69bd11
3b8b3d4c3c843d87
0000000000000000
bce8bd233d09bb32
bd15bd8837fabd00
3ba9bd773debbbcd
bc8e3d75bd863b2c
3dbb3bc8bce53b8e
bc643cfebd24bc84
3c5ebd9e3c3ebd7d
3d0c3d10bc373d9c
bdcd3d7f3c453d06
bd213b81bb7dbce1
bc2a3b513c193dd9
3d673c45bc6ebcaf
bc8bbc4fbcbabcb7
3d033c3f3d63bcb3
3ccdbc123ceb3cae
3d013adb3dae3dac
bcde3ccdbd2cbb83
bd613d44bcfe3d76
3c6b3c943d0c3ad3
3d303bcabd27bb93
0000000000000000
bb33bdc2bbe63c69
3da4bcdc3cb0bc19
bd533c78bbac3d14
ba6abd1b3c90bcb9
3b6dbaf4bcb23cef
bd12bd063c9c3b5f
bcc63c0c3a223a90
bae9bc8dbd9fbc76
bca03d073b8dbb4a
3dd33da83d033c07
bcfdbd9e3c72bd2b
bceabd80bd86bd53
bcd93d62bc973ce9
bd6f3d93bd6b3d14
bce1bca43cfb3d64
3befbd6b3d69bccc
bd25bd413d773bbb
bba9bc44bc54bbf0
bd2abd103cb6bc3c
bbaebc8ebc28bd43
0000000000000000
bb72bd32bd273d89
bd0c3cb13c90bc11
bc9d3d24bcf8bd36
bcdcbcfa3d483d5b
bca039f73d09bbed
bbca3ccd3dd33cf8
bca2bc893d963d93
bc683c47bcfa3d35
3cdd3a77bd473d8f
bd713d4e3d763c11
3d5ebc73bd9e3d7e
3d91bc88ba5a3d2d
bd083bccbc0abd6b
bcdbbcbd3d17bb44
3d703cb73d1fbd8b
3d1f3cf9bd8e3d34
3d7abce1bd883d6e
bcdabd1bbc48bbd1
3d0cbd84bc7c3d91
3d71bd483bbc3caf
0000000000000000
bd9d3bb3bccb3d8c
bd273ba43c043cfb
3b9a3cb6b9fb3bd2
3ca5bcb83bb23c2a
3d0bbd55bbccbd76
bbe93bad3d5ebd1f
bd3cbc8dbcc3bc2f
bc5cbcffbd003c93
bd4fbccfbcdabd62
3d523c503d04bd18
bcf3bc03bb273d19
bcd93c433bb03cb2
3cda3d8d3cee3d7b
bd69bd7bbb6fbd53
3cb43ce83c803dab
3cb3bd10baefbd50
3cc5bc0fbba93c3b
bd59bd36bd403d3d
bd5d3c12bd493d03
bccabd2f3c8bb998
0000000000000000
bd83bbf83d033cba
3d023cafbd24bd60
bce33d373d6abc84
3c7b3b183b6c3bd4
bca5bd663ca43d07
bcfdbc703da2bd0f
3cc6bc343d3abca7
bc803d56bd203c8b
bd613d91bb0a3bfc
3dd43b94bdb6bbe4
bd8f39abbe22bd72
3babbc4dbd413cc0
bc91bd673bf63d1e
3be23d573d44bd0d
bd903be03d573cc7
bc9c3c47bdcbbd16
bdbe3d6fbd57bcfe
baf23d60bb203d13
bccf3d47bd09bc66
bdcbbcde3c243d25
0000000000000000
3d3b3c3a3d00bddf
3d2b3c91bc47bc8f
bc6f3d4a3c0c3d14
bcd0bceb3cc73c96
3c71bc183d1d3d8f
3d55bc20bd0a3adf
3d87bd063be6bdb6
3bb93cdd3c7e3cc6
bdd43d213d743d66
bc39bcb4bd12bd2f
bd35bd7d3c433bed
3dccbd58bbbcbd0e
3d6abcfd3bf7bd52
bc2f3c423caabd33
bc1a3d89bcf33bc7
bca73d2bbc9b3c50
bd56bd353c8cbc91
bcf03d403cf6bb85
bc543d213c01bb2d
3cec3ccb3cb43c23
0000000000000000
3b6bbb853c163d31
bcd5bd103cf1bd60
3d083c4b3d3abcdc
3cb43d32bcdb3c88
ba403d793dca3cb1
bd403c233c893cb4
3bdd3bc03c153c17
3d1c3da63cd43a87
3d293ccbbc1dbd04
bb9fbc16bdfcbccb
bd05bc3ebd1abc6b
bc9a3c083d0d3d04
3c11bdf9bca9bc35
3c4e3cffbda03aff
3cdf3bafbd89bcfb
3c343c9a3d30bd08
3d123dc73d703d47
3d7d3a6a3e0b3d8d
3be83cba3bdebcab
3d6a3c5a3d3e3daf
0000000000000000
3c673d4d3d623d49
bd003cddbd5bbd68
3d2c3c9dbb68bc85
bcd23b90bce53d1e
3d65bd7c3c98bca1
3cc23cda3cd9bd0e
3c963d92bcd7bb5a
bbf53d513dac3c36
bab6bd33bd73bcf4
bba13cd73d3f3b19
3c04bd9f3d74baf9
3cc9bbb03cc6bc6c
bdbe3da43b823d23
3b773cd3bc68bc1a
bd953d6cbc893d08
bd09bcaa3d5cbd09
3d17bdc03d423b19
3c96bce0bce93d37
bbdbbd2abd1e3c22
3c033bf73c9c3d87
0000000000000000
38d43c54bc23bd89
babf3d3c3d563d73
3d50bcdf3ca83d86
3c96bbfbbcffbd0b
3d3cbd603c11bd37
bdf03bf0bcd9bcf1
bd15bd13bd0e3d09
3b6f3b9dbca9bcec
bd733bba3bf0bbbb
ba273d92bae33d3e
3cf5bc0a3d2fbc88
3d79bcedbd44bd1a
bd0c3d46bcb03d34
bd71bd81bd87bcbe
3c99bc34bd5e3d27
bcb33ceb3c053d4c
3d53bcd73c67bd50
3d82bd8ebc9cbc30
bc27bc963c87bd49
3cd73bf43c633c47
0000000000000000
bd05bd843d8d3cc1
bca63c2fbc8bbdaf
ba92bbe239b7bcd7
bd2fbc753d3f3ced
3c9a3c67bd7d3d20
bd92bcf43d51bc7d
3c0c3a943db6bbbc
3c8d3d803d2c3d14
3d103d943d9c3ce0
bd39bc09bd23bd20
bcb93d39bca9bcf1
bca2bc653d42bd60
3bbcbd67bce3bd6d
bd193d2e3dad3cc4
3d133d4fbd2e3cac
3bd33d12bd4cbcd7
bbd03d81bcd63d2b
3c7b3c0fbd123b93
3d5f3da7baba3d06
3d1c3d3c3d413c7f
0000000000000000
bc9d3cc0bcd33d51
bb20bb313b9c3c89
3d20bda13d6fbd67
bd20bc0e3c403d4d
bb893d18bd213c3e
3ba23ca33a6e3c08
3b11bd76bce03c0e
3c883a2cbca43c1d
ba52bd503cd63b06
3b6ebd3e3cffbcf5
3cac3d4e3d063b30
bcbe3d24bd313d0a
3b1bbd173d0cbd80
bc423b24bd153d2a
3cfb3b3b3ce4bc4f
bd4139d1bc35bcb0
b8cd3d333cb53d17
bcc03c01bd253da9
3cc43e02bd6d3c60
bca43d81bc963d17
0000000000000000
3d383c1fbc3fbcc2
bb42babd3bb23d0e
3cad3a12bdab3d5f
bd433c94bd2abbfe
bca8bcc73c07bc7f
3d10bce63c8f3ba8
3d01bd093d24bce9
3c933d8cbc70bd32
bc8dbc89bdb33ce0
bc9abce5bd4b3bfd
3d0c3c83bcd2bd4d
bc62bc8c3d8fbcd5
bd0d3c52bd083d05
bb64bbc63d69bda3
3d15bbeebd0e3c09
3cafbd6abcdfba4f
3cc73c9c3b6cbc97
3dbc3cd5ba3ebd20
3d493b7e3beb3c0b
3d343da63ca1bd4e
0000000000000000
3c94bd933d453cb0
3d343ce53cdb3a8b
3ac1baf2bd70bd52
bbee3d143bed3ca9
3c86bbaf3d073d85
393c3d04bb49bbe5
bd1fbdacbc863b8d
bd123d663c433c9f
bce43d4abd47bc7e
3c50bc143c823bfc
bc83bd953d4e3d95
bd16bdd8bc863cb8
3adbbd2a3d85bce0
bcefbb3fbdbe3b2e
bcb73c42bd8e3cba
3d0abceb3d96bcda
bcbe3d50bc1a3d8f
bcf9bcecbdb8bd20
bca1bd77baee3d6d
bd293d3438a43b8c
0000000000000000
bcbd3c6a3baa3ba8
bcfe3c2bbb89399d
3bf73d09bd1b3d55
3d3bbc543c34bc9e
bc1ebc0b3d26bc23
3d3bbd063d0a3c8c
3c94baa7bca3bc11
bd25bce6bb7ebcab
3d763ccabc76bc29
bcd2bbebbd633b8d
bcf23b893b19bdc7
bc193c343c4abd16
3b3e3d2abd753d23
3d80bd653d0d3b73
3b683cb6bd363d54
bd11bdb53c31bc06
3d3e3c263cf8bc7e
3cd2bc313db23bd4
3cb7bd023ccdbc91
bca4bbb93d42bd15
0000000000000000
3cfe3c0a3cbe3cc1
3bdcbd7b3cc6bb03
bcc6bd6c390cbd2c
3d233ddfbc41bd84
3d2e3d97bd26bc4e
3ab93d673d4fbc66
bc903e07bd39bc14
3d453cfcbce73d06
bd4dbc33bd05bcfc
bc01bc6a3d03bd5f
bcf6be2cbd793d04
3d27bd3e3d913d2b
bd643c493e16bd65
3d373df639d93be6
ba273d6c3cdf3cef
bd7cbe08bda6bcbc
bad0bd57bca23d84
3cfc3d4f3c903d78
bd85bda0bd0e3cda
3c733daa3d7a3d4a
0000000000000000
3c9ebd0f3c223b9e
39cfbdcbbbeb3d35
3ab63d83b833bcae
3d553c9c3c78bd3f
bd443c99bd0dbc2b
3d52bccfbce8bdae
bd52bcf0bcfe3d0a
bd023dc13cd63d6f
bd173d003d56ba23
3d5abd0c3bda3daf
bb083d2f3b37bb71
bc963cdbbd0b3cca
bb1f3c7e3d963d8f
bd923c2a3bf4bd6a
3c3a3c14b9cdbb9c
3d203d5a3c903d56
3cf13bc03b913bc3
bd4d3c71ba5fbc97
3c62b9453ca1bc6a
bc8e3d40bd03bd9f
0000000000000000
3c093ce23cebbd31
bd213c8c3d463b73
bd60bcfabd9abceb
3d073d2d3cc3bd5b
3d043da5bd843d0b
3be7be2e3d85bdcc
bd063d633b39bb99
3cc5bc4dbdbb3d48
3a733cc5bd893d34
b9d33c85bcfc3d8c
3ccc3db4bd373cad
3d863d033dadbcce
bb4bbd113c683d04
bc98bdc2bc40bd96
bd83bc4a3d0f3d05
3c203dfdbd043d59
bbdb3c9cbc883d0d
bb92badebd3dbb13
baaebbefbd33bc74
3da73d1ebcfb3c88
0000000000000000
3d6dbcfa3ada3dc4
bcadbd8fbd8b3c9e
bca53cdfbcbbbd7e
bc113c353cf0bcb7
bd2a3da73d09bc10
bd333cb8bc4bbd73
bdc0bd92bcfdbca9
3d923a883cdf3d8e
3ada3d163cb4bcd3
3c9bbc3cbc82bcb4
3b44bd023d1d3c83
bc39bd593ce43db0
3d1abd3dbd18bc9f
bd753dcebab3bd98
bda33d89bc4c3b9d
bbddbd163c14bd97
3d4c3d1f3d273c72
3bb03c7d3cc73c85
3c803cbe3d6c3c81
3d9bbca33cb63d85
0000000000000000
bd193d45bdbf3d42
bd3abc21bcd13c93
3daabc7b3d6dbbbd
bc703d463d1abce7
3c873c6d3b923c09
3cefbc68bc5d3c82
3d63bbc73c8f3c7a
3d6f3da63d99bbe8
bd573d8a3d963c82
3ce53cebbdbebc8d
3d7abd76bcf63bab
bcec3be93d91bc38
bd113b87bb1f3c90
bb8abb44bd52baf1
3d8cbc01bcf9bd1b
3d1bbd37bc843d0d
3c41bbf23d4fbda5
bc053d1abd9bbd7a
bd1c3c473ca43bb3
3be93c543d22bc30
0000000000000000
3ce339d53c3c3d08
bd51bc7abc12bd08
bd9c3c893bf5bc62
bca23c17bd123d59
bb4239b03d0b3c05
bd60bbc23d32bd5e
3db9bd55bc193c21
3d953cf53d5ebd86
3dedbc01bd03bde6
3c2ebcda3d11bb86
bca23c8bbcfd3d47
ba8abcf53d0b3c1d
be08bd803db1bd98
3baebd563c16bcbb
bc78bd35bbbebcd7
3ded3cfa3c083d3e
3d293d06bd2d3d4f
3d053bc83b173d2e
3d1dbc61bdac3d0c
3a923be9bc22bcb4
0000000000000000
bc233b8b3d1ebc52
3d083d78bcafbc8e
3cb63d2d3a9d3cdc
bda0bcac3d043ca4
bd67bda63d04bc2b
3c2bbd0cbbdc3c90
3db73d183c13bd73
baa4bc863d1e3d01
bba73cf03d9abd1f
3c5ebce7bd5a3d3f
bceebd3c3cfc3c93
bc9dbcce3d45bd69
3d513cbcbcc1bb83
3a8bbd203c55bd60
3b993d563a733cce
bc90bc803b893d23
bcbbbc9ebcc53cd5
bcfd3cd53d43bd50
bd143a503d82bd39
bd813d223d33bd93
0000000000000000
3d053da33c61bbb1
bd9b3c9bbb06bd3c
3c9b3c66bb983cb5
3d363a613cb13cf8
3ccabc86bcb83ce8
3c203dcf3dd93c10
3cc33d70bcbbbd3a
bd05bda6bd093d74
3c373c41bce73d86
bca4bd763c7ebc8b
3b4bbdc9bd933d14
3db1bc46bc923c88
3d853cc43d20bce0
3c4a3d6a3ca93ce7
bb8a3bbc3d593c7f
3d89bd5bbcb3bc95
3ca8bbd53cb83b2b
3d2fbbfebcdf3c6e
3c763c99bda43d65
bc1eba81bbacbb59
0000000000000000
bcbf3c9d3d06bc9c
bc323be93cbebca5
3b993cacbd94bd90
3afb3d6b3c9f3d0e
3be4bcf5bd823d8a
bb7dbc663dacbd02
bba3bc4cbd8abd78
bd1c3d00bc2b3d05
bd263c2abd873d13
3d373d633d0b3c63
bcd83c8e3bc6bd1f
3cb43c913d27bcee
3cba3dfb3dcabd9d
bd04bd86bcce3bea
3d503d13bbd43d2f
3d0fbcd5bc603d0e
bd44bb563d013c12
bd323b943b843d6a
bc74bc43bc473d77
bd823ca03d09bc0d
0000000000000000
3c3d3c633d37bbb1
3d29bcf1bd59bda1
bd403c8e3d60bbba
3cab3d3c3d1c3d3a
bcff3d043b9e3af4
3d5d3ceabcc33c94
bc1f3c4f3bd3bd3b
bd91bc2dbb4dbc55
bcb63cdd3ca53938
3cc1bd24bd1cbcac
bd323c293d54bd47
3d85bb47bbcc3cec
bc22bd06bc79bd15
bd033d0fbcd93d2d
bd0e3d44bb903bc7
bd7cbc963d183c06
bd68baf23cfd3d14
bd253c3f3d8d3cfa
3c19bc8e3d0a3b8e
bd9e3cbd3d00bcec
0000000000000000
3c133cce3b6dbd66
bb0d3c333d5c3d05
bd823bb63c8ebb33
3d7bbb5ebc313cf1
3d95bd393d80bd06
3bc73ce6be023deb
bd563cfcbd95b952
3d1cbda0bcc9bda3
3d96bd1fbd51bda1
bce73d363c4e3cee
3d173c303c06bd9e
3d5dba893bbfbc19
3cbb3c2bbc30bd03
bcd2bc28bd843a8b
bd04bc36bb9b3adb
3ceabc653df4bd5c
3cabbc69bdacbc28
bb70bd96bdc33bf4
bd46bd153b65bcfd
3c4c3aadbcf93cb7
0000000000000000
3d95bb61bc703ca9
bcc4bc8cbd97bcdd
bd473ba73d93bd37
bc27bc953cee3d95
3d113b35bbb13c04
bc3c3cc4bb803c92
3d11bceb3d1a3cf0
3c663d353d253d02
bd5b3d3c3d793cbf
bdd2bd793bfebd42
3cca3d25bdd4bd58
3db4bd26bd553cb4
3a74bd533bed3c2a
bd1f3b813cf43d52
3c593c323d153d05
3d0f3ce7bd19bca5
3d3a3ce23c093b52
3d8abc0abc153dc0
3cf0bc04bb48bd14
3d423cdc3ca93d65
0000000000000000
bc5cbd0a3d95bd2b
bc6abc8bbd0d3cb0
3d99b9bbbdc83d60
bcc5bd5c3cc1bc98
3cd83bf4bcbb3d17
bd0f3c773c0a3c79
bde73b5e3c7cbd43
bcddbcb6bcbfbc3f
3cb63d8abcfebc81
bd4d3bd4bd533d70
3cae3d083d57bd0b
38febd273d48bb98
bd3fbd173b44bbce
bd2dbcbb3c8cbc3c
3d3a3c94bd713d11
3c023da13c37bc70
3d34bca7bc18bd2f
bc903d8b3cf2bd69
3d403d9a3cd5bd10
bcb83d893c77bd53
0000000000000000
bd1b3cc53c2e3c20
3cbfbcc0bc1a3d33
bce13c47bb5db9d5
bc693c663d97bc41
bcfd3a3b3d513c86
ba533cc83ccc3bc8
bc8f3d343c583c93
bda6b9f13d5b3bff
bc92bbe93d243c74
3d4abbe5bcafbda2
3ca13ce73cb73cc4
bd4ebd303c253cd4
3cd9bcaabc59bd1e
bd0dbce2bd223d4c
3d31bbfb3cb1bc31
3be53d37bd6c3c8e
3cd1bbcc3b2e3d93
bd543d043d633d1e
bd193ce13d423c97
bd1f3d0c3bc03bfc
0000000000000000
3cadbd153d29bd03
3caf3cc63c383d99
3d8c3ce33c403d49
3d113a5cbc33bbe6
bd1dbd203d2ebcff
ba793d8f3d33bd3e
bb5bbc57bdd0bd23
3cf5bd30bc413c9c
bcb2bd05bb753d08
bd6abd2dbc433cee
bcafbd67bcf03d37
3d46bd88bcbebd87
bd4c3d48bb993c68
3bdfbd01bd74bc08
bafa3cb9b8543d67
bc3ebd293d833b7e
3bb8bd18bd35ba89
3c833bb5bd433bbd
3cdabd2e3bd8bce3
bbd2bdab3d3f3c26
0000000000000000
bd8c3d433d263c0f
bcac3d2cbce33d4a
bc60bdb6bd02bcdb
3d51bd4c3c77bd8e
bd8a3d52bc64bd87
3d03bd57bc53bc2a
bda2bd22bd033cfd
ba4f3d323d16bcb0
bd203da23d673bf9
3daabb23bcf0bcac
bcec3d7bbd3a3c07
bc953e033d24bd29
3d35bd11bd6ebd00
bd74bd413cddbd10
3cd9bca4bd0dbdb8
bd433d53bcb03d8f
3c123cdf3c72bc9e
bd4abb7d3dcf3902
bdde3cc83c78bb2e
3d02bd083d37bc59
0000000000000000
bd3bbd953db73d60
bceebd243d36bd31
bdb2bd03bbabbdfe
3c3fbd5fbc24bcf2
3d86ba03bdb53d1d
3d39bc3ebd3cbd3c
bb17bda63ba3bcaa
3ce13ccbbcff3d03
bbf83b61bcad3d08
bd65bda53da2bca0
3d7f3c5bbc933d48
3c6b3d0c3c5d3ca4
bd84bd3e3ded3bf2
3ce8bbe5bd613d06
bc18bc553ba9bd20
3d05bad4bb05bcde
3db73b2fbd673d4d
3cfc3c223bba3d47
3d283c223d0d3d44
3d923c0bba6cbd64
0000000000000000
bd423d7fbd7c3bae
bd56bcdf3c55bd99
3cd63c553d33bbbe
3c3cbd56bc6e3d17
bcd1bb1c3d4dbc7e
bd44bd36bda03d23
bca6bcea3c1e3c7c
3cb1bd003cfa3c68
3d423d08bd04bbb5
3c4abdcebd9dbd30
3ba83ca23dc23db6
bde03d763bca3c64
bbd5bc8ebd84bc26
3d333c4bbdbfbc9b
3d9b3df8bcee3d21
bd18bcb43dbc3c0b
bb0dbce03d6fbc85
b9313d99bbcd3950
bb8e3d6b3da23b4a
3c503c563c4f3d0d
0000000000000000
bcc2bd143b2ebcad
3beb3cde3ce03d40
3d30bbdd3d33bd06
3ccbbc033cb9bd5c
3b4c3c03b7d2bd2c
3a9fbca9bdd93d33
bc1abd16bda73b90
bcb8bd35bccebbb6
bc883cc4bcacbd8e
3d013d1abc55bc43
bb943d9b3d22bd77
bd0cbced3cc23d48
3d0a3cbabcd93bd5
bc12bd1a3cf93c67
3d3f3d1d3cdfbcb6
bd033c0b3d98bb9a
bd31bc973d58bd8a
bce4bd493b7abb8a
bd81bcc73dcbbcd3
3c64bcb83d47bca5
0000000000000000
bc113d16bcb63c3b
3d08bca2bd383c69
3c663d6f3c1e3d2f
bd503cc13d23bc0a
bd013d543cd93d2a
3c7e3c0e3d51bd1c
3c8ebb85bd173d60
3c99bd613c90bc5f
bc623d3abd973d3a
3d3fbd9dbd5abd94
3c83bca5bcbfbb17
3bdabda9b9693bba
3d6abd223bfcbd30
3c45bc873d003c4e
bc7abd793c07bd8c
3c9aba4c3d0d3cd9
bd143d87bcc03c95
bd3d3c553c5f3d80
bd083c4abdb13d48
bd39bd1b3d433d49
0000000000000000
3c0d3d4b3c423c92
3dbcbd733dbbbce0
3c98bd2f3d02bdfe
bce2bcbcbd323cc6
bda7bb3c3d1cbbf2
3d7cbcb83db83d42
3cfebaa1bd6e3cea
bca93d3a3cbd3c59
3cee3be9bd3fbcbe
3d34bcf33d42bb12
bd0fbd093db03d52
bd133d0bbde23a26
bd06bc18be463cd1
3cca3d523c283a34
3c10bcffbd56bd29
bdeabc8c3d71bcea
3c2c3ccc3dbd3d89
bd6f3bb53d5abd4f
bdf8bcf83d2cbd19
3d1e3cd93d183d82
0000000000000000
bca13d363dab3bf1
3b9abd253ced3b14
bd543c4abd3c3ac3
bb833c613a46bc98
3d883c613c6abd43
3d5e3c5f3c28b529
bd7bbce43cd6bcee
bcd7bca93c4ebd3c
bc123c70bd823c39
3d02bcc53cc43c95
bbe3bc383c7fbd03
3d8ebcd93d213c76
bd53bc613da239a3
3cd03d8dbbdbbcfb
bd7cbcdcbce83d0c
3ce03c33bb833d1a
3da83c79bd97bc4e
3d923d003c26bc95
3c893c96bc9bbd0c
3d303dbcbd06bb14
0000000000000000
bc6f3cefbcde3b98
3cb0bcccbbc83c3b
3b6b3b49bc86bcc2
bddc3c51bc553c68
bd01bbb13b92bcee
bb163c99bc233b99
bd46bce5bd143cc2
3d89bd603d3cbd97
bcddbd153d08bc25
bb98bd32bb683c8e
3d393c8bbc2d3ce2
3d39bd0b3d113bc2
3d9cbcd2bd023c40
bd7cbc023ccebd16
3da13bd03d22bd87
3dde3c56bc8d3cab
bd433d873c343d62
bcf03c843d4b3d09
3c2a3c02bcc53cbf
3c9d3bd13da7bd34
0000000000000000
bc33bd01bbf33e0a
bd1fbd893cd13cf2
3baa3d3b3d263e3a
3c01bd393d5bbdd9
bc51bd07bc85bc78
bc403d853cf1bd0a
bcf4bda2bc2cbcd7
3d6d3d2bbc3d3d3f
3c433c87bcc2bdda
bd03bc823cc83dc1
bc29bc69bd483dab
bd36bc683bfd3e0b
bd053cb03cc0be07
bd22bc8d3c453cad
bd2a3d4c3d4d3dbc
bbd5bda1bd563d24
3d3b3cd8bd4d3d46
3cc93cb1bbe0bcb6
3d37bd2abd7d3c98
3d2c3d2f3c83bda4
0000000000000000
bc0bbd553daa3ca2
3c1ebc82bcd6bce9
3b9c3d173d1c39b7
bc61bca7bcbd3d45
3cc8bd413cbd3d0d
bdbdbd363cbc3c31
bd653ca63d3a3d27
3d3cb9e53c813cdb
3d0b3c9c3c82bc6a
bd2e3d27bcea3bef
3ca3bc1ebc89bccc
3c8dbd3d3c8fbb87
3bc33ce8bc8abcb1
bdaebd9bbb913d57
bd5f3d91bd68bcf7
3d3d3d43bd5f3bc1
bc0cbd663c0a3cc0
3b8dbd0d3d9e3d89
3c9abd443d8fbc0d
3d57bd363cedbccd
0000000000000000
bced3b89bd193bab
3d1cbd033d06bd39
bd0ebd113d973a4d
3d5a3c33bd01bd20
3c803d0ebcc83d51
3d00bc45bde4bcc3
bdc1bcc7bcf3bb39
bcc5bc293d053ca0
bcdf3d663d893cfe
3dd0be0abd17bd0c
bc89bd2b3b94bcbe
bca03ca13d273bea
bd02bd63bc9ebd95
bc10bd90bcc7bb82
bc6cbda0bba6bcea
bd483d203cdfbd17
3d99bc09bb8e3d8e
3bff3c663ca83daa
bc4a3d03bd433ccb
3d103cb7bceebd1e
0000000000000000
bd0cbd8abd67bc76
3d713c033bcb3bd1
3cd63d713d8abd89
bc69bcc6bad7bc49
3c10bda7bcb13d88
bcadbcb8bcd0bd0e
bab5bdafbbc0bd93
3da43db03cc9bd53
3d1cbab13b6b3e0f
3cdf3d883d243bc7
3c9d3d3fbc983b81
bce63e00bd723d23
3cc5bd64bbafbdae
bc3f3d643c103d04
bd9bbd3a3d26bd57
3d82bcde3c6e3d6b
3d2a3d36bd433dc5
bdb5bd1abc71bdee
3c7d3d8cbc913b42
bcc03be9bcecbda3
0000000000000000
3d0c3db9bcc5bcef
bcc6bce9bd3c3d2a
bc273cd53d9c3dc1
bd2e3c8ebab6bc90
3d2ebc86ba4b3ceb
bd273cafbd633b53
3d0b3d80bcc03cbb
bc54bc91bc53bb43
3cffbcdd3d4e3cd4
bd85bdc0bc153c2e
3ca3bd393d35bd31
3cc73c04bc183ca8
3a5bbcc43afdbcc9
bc5b3dc53ce53b14
bd2bbc6f3dab3cb1
3d96bd19bca53c52
3d443d2b3c923c8f
3d383cf8bd04bce8
3d2b3d7a3db5ba7f
bc7a3d063cc3bd22
0000000000000000
bc603d86bb913c61
3c953c043d873d56
bd21bcd3bd7e3c82
3caabcf2bcdfbccc
3ad23d4bbce9bc61
bc6a3d153d82bc8e
bd41bd423b98ba84
3b3e3d9abd06bd4b
bcf23ca6bd9fbca8
bcc9bc91bd693ca9
bb883b05bd8ebcdf
ba44bbe4bc78bb07
bd5abcaf3bf93c90
bc4d3b94bc2f3d10
bd123b473c1dbaf4
3cb5bcd6be0cbc45
bcdc3c6d3d10bd45
3d4d3cc9bd683bf3
3c533d1dbc84bb4b
3c613d833d29bcd0
0000000000000000
3b20bd463d953ca3
3b92bd313bf2bd6c
bd1fbcd23c4ebd12
3d543d0cbc563cab
bc31bb11bc1bbc55
bcf73d12bd2b3d35
bcacbd5bbcb8bd86
3d853d6c3daabd0d
bbfa3d383c4a3d23
3cb03c0c3b20bd19
bd053d2a3d433ba2
3cb2bd9b3d163c92
bcabb90fbc113ca6
3d13bd0a3d3abd0c
bbf83cb93c86bbc1
3ccd3d3c3caf3daa
3d883d813baa3dcb
3d213cdb3dbebcfd
3ca9bb2d3d743d26
bcd43d323d513da5
0000000000000000
babc3da0bbb6bd02
bc6abc66bd2abd53
bb2abb0dbcf0bd15
bc953d523d08bbe4
3ccc3d273c873d84
bc49bb96bc993d4a
3c7e3c9f3b83bd62
3d633d4dbd9a3c7d
3d83ba0b3c173c39
bd25bd51bafabbad
3cb43cd8bb3e3cf6
bcb33ca0bb923cef
bd89bc15bbb33bd0
3bda3c983c19bc4a
bcac3c473cdbbce9
3ccf3c1a3d51bc7d
3c5dbcc83d71bb7f
3c97bd47bba73d1a
3d0abc63bc323d7a
3d3a3d88bc36bc12
0000000000000000
3d9ebd6e3d823bd8
bd063b133d513da5
3d35bc61bd483b28
3ccd3c243ce3bd81
bbbb3c6fbd63bc75
3d5d3cd63beb3ce0
3cdebc063c8fbd38
bcf03c23bc1c3c28
3cbb3d0fbe1ebd43
bcc93c19bc643d4a
bbfd3ca9bc27bd7f
3c823db53d66bcdd
393abd1c3e013cf9
3b053d203acbbce7
bcd6bd6b3b1a3c5c
bd383bbbbc463b89
3cfa3da4bd90bd1d
3d333d823c4bbd29
3bee3cabbd99bd6c
3d073d34bcc73ca7
0000000000000000
3d7e3ce7bd1d3c48
3d4b3d04bd533ac2
bd923d833d5dbc28
3c0fbc9a3d80bd43
bc98bd4d3caabc89
3cefbd4fbc863c85
39e53b1ebd87bbe5
38903d423daf3d10
bb38bc703d8cbbff
3c19bbea3aa33c2f
3cbdbd16bd5ebd85
3c11bd2b3c79bcf5
3d463d4dbcfe3d0f
3d113be03da3bd1f
bb18bcd73d7d3ce0
3d47bcacbdcdbd0c
3c08bc153d3c3ad5
ba30bb443caebc02
3cea3c5e3c4fbd5b
bd413c30bc413b69
0000000000000000
3c453c0cba93bc87
bd7b3cc23ae83d39
3d823cef3d343c05
3ce9bd36bcf33b6a
3d293c733bd5bc9c
3d02bd0cbd8b3d1c
bd1dbd2bbca73b5a
3d033c613dbcbce4
3d3bbcd7baaabbef
bcb53c513d453c31
bd0c3d003d32bc4d
bccabc483cadbb38
3c03bc4cbd043cda
bd24bcc7bd093c6b
bce93d0bbd053d17
3c4b3d0a3c8c3aa5
bb1bbcfc3d1fbd03
bd01bd9c3d3ebd7f
3d7f3b793d88bcb6
bd233cc93d42bceb
0000000000000000
3c9d3d18bb74bd81
bca23ab23c3d3d0f
3db23d953c383cd3
3d093b55bc6abc65
3d8bbcc4bd38bb72
bca03c133d4dbcec
bc36bce53ce6bbb0
bbfe3c59bcee3ba3
3d0dbaa1bc443d0c
bd97bd22bc6d3d49
bba63cbabd243c33
bc21bc02bd3fbca4
bc95bd353d06bbd5
3d313c34bcaabd35
3bc53d903cd4bc39
bd8dbcb7bc8d3d2e
bd8bbc86bb9abd49
3d863d17bd25bd30
bd0bbd2abcf73c95
3b66bcfdbd0bbd23
0000000000000000
bb70bcef3d84bc86
3c36bd20bd8eba16
3caa3d52bc83bd4c
bd98b954bc95bccb
bcf5bd0e3c063d0d
bcd13c913c223d25
3c943ccebd033d22
bd72bcb4bd543d14
3cfebd27bcd9bc6d
3d173c85bd91bd39
3b883ce2bcaa3cda
bda9bc423c9ebc64
3ccabc4cbd02bb9d
baeabbebbd15bb25
bd243d653b9dbc97
bd2f3d38bba7bcc9
bd04bd0b3cad3d32
bdb83cb23d173d21
bcd93b7ebb113d1a
3c81bd0739043d91
0000000000000000
3d8abc62bcd63b29
bbd33d023c4a3d29
bca0bc70bd373d44
bd84bc0a3d83bd12
bad43cc5bbddbc4b
bbe93cc63d7ab994
3d793c93bda33c54
bcfcbd47bd6c3b38
bd6abba63be23cf8
bbdf3d97bbb83bd3
3b8cbd76bceebdba
3aceba98bac0bdc9
3cc93d6cbbea3d3f
bcafbb2a3a6c3c99
bd5a3d22bd173c5f
3d08bd85bd5fbda1
3cac3c123d1f3ca3
bcbe3c553cd2bd0e
3cacbc05bd49bc8e
bb87ba5fbd053d73
0000000000000000
bd133d8dbd3ebc69
bd0c3d8c3b6e3b9d
3c663d7bb7be3d38
3cd53ba43be13c99
3bddbcfabcfa3c09
bca63b1b3a6dbc85
bc663c52bc863d0f
bc8a3cbabbf33cf4
bd29bc903cb1bc82
bd863ca53c473c01
3b94bd1a3c353ae1
3b2cbd3ebd08bd46
bc333d133c0e3d82
3ca23ce4bcffbc81
3acc3d203cc2bbf8
3d25ba973c17bc38
bba0bc423d0ebd93
3d13bcacbc56bd36
3d17bd19bbc6bcc9
3d1b3bf7bc99bd6b
0000000000000000
bc6ebd90bd523d64
bc8f3d22bcccbc56
3d18baf23cdcbc80
3d0d3dccbd713c3b
3d8c3dd03d543c8a
3ccabd93bd073d4a
3c0ebd723bba3ca6
3c7fbcf23cd03cf4
3d1ebc1c3dd03d1c
bd97bb933c9fbd89
3cdf3dc53c90bd3c
bc7d3c38bb663d0d
ba883d5d3be33bab
3c92bd06bd5d3dcc
bd10bde23d043aaa
bcee3d203cc1bc1e
bb093d02bb013ced
3dbe3cadbc973d3b
3c31bcc3bcfb3d02
ba20bd6a3df93cf1
0000000000000000
3bc93d703cf93d5e
bd0cbcf0bbf7bc8c
bc353d2bbd72bd89
3a8c3900bac9bc0c
bc473c80bc56bd71
bc013c933bc63d84
bc343d9bbb06bd1a
3d343d203d543d6b
3d363d55bd96bcb6
3bffbdc0bc82baa7
3d16bcc5ba4d3d2b
bc0cbcc13dab3d6a
bd76bda13c49be17
bc2e3cf6bcb5bcb2
3af6bda2bd33bdaf
bd023d123c41bd52
3d843dbbbc0f3d63
bc3e3a453d4a3cd2
3db13df43d173d2d
3d373ce43db13cf6
0000000000000000
bb8fbd0a3d2bbd1c
bd7ebc4dbd25bd5a
3c46bc03bba4bd07
3d83bbba3d373d3b
3c223d383c4b3db7
bd043caf3d633da1
bd13bd1dbc293cca
3d20bd4f3cb7bcf5
3c6f3bc1b96abbf7
bcbdbd463cd6bc36
3d04bc9abd323a9d
3bc2bd663ca73bf2
3bdcbd22bcd6bdc9
ba633d063d9abccc
bc083cc73d593d97
bd363c0dbd5b3bdd
bc0f3cddbd8f3cda
3d6dbd7d3c86bc3b
bc00bd74bdca3d15
3d7c3cbb3ccbbc01
0000000000000000
3dae3c26bc873c05
bd593bd53cd73cbf
bb6cbc35bca7bc06
bc103c33bd933c85
3c68bd74bd8fbc3d
bb4bbba6bde93c8a
bcd9bc493d8bbb72
3becbd41bd0dbc8f
bd543ce5bcfa3d23
bd4bbce2bb643d07
3cebbcce3abcbcdc
3d143d1ebd5b3d8a
3cfe3dc73ccbbcfe
bd60bc7fbd733d13
3c1d3c373abbbd04
3d35bd353d533ce0
3db8bcf8bb6b3d92
3ac23d7bbc943cf7
bcf2bd8a3be03d5a
3d0abc8cbcd53c26
0000000000000000
3d183c453cd1bcf0
bdeebd843d81bd5d
3d033d1ebc8bbbbc
3ce53c263c9a3d84
3d96bd08bbbf3d52
bd913d3b3aa1bd4f
3b233d8f3bf03c85
bd63bd283c653c6a
3d843d3bbd5d3c63
bc7dbcf33d30bcc6
3d30bcd43e043d35
bd2e3cc63cfe3851
bc02bc8b3c643bd1
3d163d233d0a3c98
3d75bd8cbdffbb0f
bccc3cc0bcc4bb8e
bcdd3dae3d0c3d89
bc743dabbc503bd6
3dd23d193da53db3
bc8d3d343d2e3d91
0000000000000000
bc0e3cd83b0dbd05
bdb83cc93b063d33
bc173cc7bd3d3d59
3d313c8c3d2e3cc9
3d2abbbfbcf73d1c
bd2d3d963c8e3d18
3db63d153cd3bd63
3d89bc6b3d113cf5
3cf2bd2f3d1dbba5
bd1d3daa3c4f3d3d
bd41bce1bbd43b78
3c37bbb43d52bd1c
bd723c293bfd3c5f
3d053ccfbc5bbc0b
bc1f3cabbd0bbcf7
3d463d48bd1abd81
3d023ac9ba86bd23
3d40bc0b3da6bd10
bc193b503ce1bdc3
3d27bd123d053d5d
0000000000000000
3d1f3d023819bcc3
3d6fbc14bd9cbd81
3d56bc29bc8c3d01
3b6a3cfbbcadbbfe
bd1e3d243d1d3bdc
bbdebd1abd1c3d69
bc01bcaa3c9a3d55
bbde3d2e3ce83d80
3c9ebcb83b7f3b58
bbbe3c163ce6bb56
bacf3cc23c14bd86
3c593d343db9bd34
3bcabd19bcc1bdbe
bc953c703b903d58
3bfabca0bda73df7
3d6ebd1e3d01bda4
bc6b3c593d2cbc97
bd2d3d853d823ba1
bcb83d1c3d99bb09
3c873cfdbc66bb5e
0000000000000000
bc6d3d073d8cbcd7
bc503bf93cc93d4c
3d453bc83d583c9e
bcb13d85bd06bd73
bd3a3c963d4abb5a
bd5b3e0e3ce93ce3
3bbf3d55bd60bc8d
bcf1bca63c12bc8f
bcaebdd2bbdf3d27
3cdd3c38bda93c78
bc21bd88bb02bd75
bd28babbbce7bda4
3d503cd3bcba3d4b
bc953d4dbb03bc3e
3d6f3d6ebda03da1
3d01bd763c8cbc96
b990bbc73d8abd1d
bd13bc6b3c9abda1
3cf63c9a3dcf3beb
bcf3bcfc3dc7bd17
0000000000000000
3cd9bd12bc40bca5
3d013c123a41bd28
bb8f3d6d3d55bd50
3908bc39bd033b97
bd38bd043cc8bbc6
3cdfbd8dbc6a3ca1
bb463c59bc87bc84
bd67bc4abdd53cbc
bc783cffbd75bcc1
bcbe3d52bc0b3cd3
bd463cf83bde3d50
3cb1bcd83c7bbc8e
bbf2bd05bc5a3c3c
3cd33cc3bd81b997
bc26bc49bce5bd03
bbee3d0f3d943c00
bbd93c9bbcae3d59
bc9b3cc3bc9b3b03
bce8bcb53cae3d23
bbb73d6cbd363d05
0000000000000000
3d65bb89bc143c3e
3cd53cd0bc953d46
3cd93c0c3d263d91
3d29bd2abb83bcba
bb94bd61bcb13d2a
3c353beb3ae6bce2
3d34bd17bcdcbda5
3d4ebd50bd2ebce0
bc48bca63cba3c54
bd23bc8f3bc8bcaf
be133c843cc9bc51
3c06bd21bdecbb86
3bcf3c7d3d113da5
bd0cbd08bced3d60
3b303cdf3d3f3c26
bd8f3ccc3d95bd3f
bd75bd21bceb3bfd
3b73bd5abb423da8
bcb43a77bcda3dad
3dd7bc893d253d36
0000000000000000
bd1bbdc43d09bd02
bbd73bfdbc90bd24
3c53bd523c0cbabc
3d0c3cbabcfb3d2c
3d98bce23d81bc6e
3c403c46bd353da3
bccbbdcb3d343b52
bbdd3cb73dc8bcdc
bc813cad3d8e3d44
3c0cbd9bbc41bd96
bb513d053cdfbd00
3ce93d2b3cfd3c85
bdc1bdc9bcb4bd3a
3d9cbba93d8b3d49
3cdfbc5fbd223d16
bd213c6abc1ebcf3
3d28bd4c3ca9bd14
3d03bc9b3cc83b07
bcd83d1c3d193b09
3da53a863d5a3da9
0000000000000000
3c5d3d5cbbff3db5
3d513c85bc993d2f
3c553d863c37bd1d
bcdfbaf53d18ba5f
bcf6bb523c8e3c8a
3d8fbd8f3d0a3c20
3d2abc9ebd8c3ce9
bc2a3c283d7bbdd6
bd5d3b8ebb80bc46
3c883d45bd0cbc26
bd413c31bb583c25
bd36bd033d0cbc9d
3d933dbc3cb93c7a
b9fabd22bc62bb74
3d033c89bbbabb0a
bd6ebcbabbf03a2c
3bf6bc84bc303c6c
bc25bd9d3cf7bcfe
bce9bd8b3cf3bae2
3c22bba53dafbce0
0000000000000000
3c88bd76bc7cbd90
bbf63d003b833c0b
3bb4bd50bd173cd5
bcb4bd4b3d783add
bb60bc733ccc3cd2
bd0bbd92bc2d3c79
bd10bc723bb6bcf8
3d4fbc9a3c47bc2d
bcb4bd94b996bd44
3b723debbc6d3da0
bcff3d153d9f3d75
3d233d473d39bd10
bd083d42bd84bd5b
3be8bd413d0e3b44
3c99bd12bc853cf3
bbc23d2f3d88bc2b
3da6bdbe3d46bd33
3d00bdb23d6bbd92
3d8fbd773daabd5e
3d5fbda33d243c4e
0000000000000000
bda73d02bd41bbba
bda9ba3bbb8c3bdc
3b04ba84bc8d3d86
3d35bd1dbac33d51
3e0cbd153bc83c93
3c8e3ca9bc4f3db2
3ced3cbd3ad43d54
3d0bbd253d45bd0d
bd95bd873d96bb7e
3c133d313d0b3d36
bd6fbc51bbed39f0
3d143c33bcd9bc17
bd7bbbbbbc1fbcbe
bc00bc0ebd933c77
bde2bc48bc543ca0
3d303b3e3d1bbda1
3d84bc9e3d2fbd26
3ca83b7d3d16bc8a
bceebc0abc70bcab
3ba5bd193ca8bbea
0000000000000000
3c813c1e3d2e3cca
bd103d6a3c82bc54
39ab3c7c3c023c10
bba9bcac3d64bcb3
bb7f3a753bab3cd1
bc35bcf13d8fbd12
bd2ebcd9bd243c62
3d66bda0bc91bbbf
3cf1bd31bcfa3d32
3c073d7dbd2bbcad
bbc3bc053d773c5d
3cd3bc6bbb9abd58
3d083d9dbba2bd7c
bc72bd3e3c9d3cf3
bb393c95bc90bd4e
3cac3c2dbbdd3cf5
3d17bcf23cf6bd4d
3d86bd3cbac8bd67
bc543bfd3d24bcb9
3cdfbccebd143dc8
0000000000000000
3ca7bde73a083d03
bc863c773c73bcd3
3d21bc72bcccbd28
bd873c773d9f3c5c
3bdb3c463dce3ca6
bdce3bf1bd9cbb20
bc96bc90bda23d87
3d243cd3bd113d96
3d6f3cbabd463d2a
3d27bb8db9debd1b
bb9cbd923d173b4f
bd80bce23ccf3d17
bd0abc3cbda3bd92
bcb7bce4bbe43d11
3cf4bd50bcf1bc7e
3cc73d0e3d833c86
3c533cd93dd53d3d
3c1e3cc93debbb6d
3d90bcc03b593c87
3d18bce9bb0d3c87
0000000000000000
bd303d9abcb63d79
bd0c3c17bc033c88
bd59bd31bd53bb80
bd923c3dbc96bce3
3a44bd153a893c57
bd92bdd53d7e3d1e
3c6d3bae3d573d94
bc8c3ccdbd9dbbd7
3d273cbdbd033d09
bdae3baa3d89bdb5
bd413a6abdf1bc65
3bbbbbc83d133d82
3bf0bdb8bb5d3d8a
3d453dc23d813d0f
bab9bce0bbdfb9e1
3c403c17bd8bbd0e
3d463d6abdb2bc5b
3d7f3c3dbce23d85
3e0e3d77bca13c99
3d4b3d9ebd0b3c6e
0000000000000000
3c89bdb93d8fbd8d
3d0ebdb4bc1bbb81
3d713d34bc41bce5
3c67bac5bbd03d39
bc2f3c373cbf3e07
3d543d90bc9cbd33
3d563cb03c6e3d78
bd883e04ba4abc57
3c86bd383d05bb28
3b5bbd54bd98bd9c
bd6f3d903d063c5e
bc063cdc3cad3c87
bce0bd4ebcf0bc92
3d353c0e3b633e0a
3d36bd21bccbbc5e
bd8fbaa4bbb43be1
bcc63d313c5d3d00
bd99bd673cde3d3d
bdc03ce93cd43d53
3cac3d843dacbdb3
0000000000000000
bd5b3d983d303c6c
3c93bc7e3ccbbc86
3c393c273cedbb28
3caf3c773d28bb8b
bc723b673d473d5d
3cc3bc8d3c1bbdaa
bd8fbd78bc06bd37
bcd83cce3d863d82
3a2ebc803e033d4f
3da7bd1fbd77bd9f
bd2a3d633c913d12
bd453cf43c95bdb1
bbdabb7b3c2abda4
bcfa3bc2bd3c3c0a
3d363b9abc98bb7c
3c2fbc7dbd393b8e
bd023c9a3d813d45
bcc53c2d3d253d80
bdb13b243ce23d6a
bc8a3d7c3d5b3de7
0000000000000000
bc743d95bc85bc1a
3d3bbcaebd17bd5a
3c193d39bbe3bd18
bb36bc6ebcfe3c3c
bc3ebd38bcc23cb0
3c0a3d95bd44bc9e
bd93bcb0bca73d77
bd003ba63d6c3d27
3d33bd393da73de3
3cd8bb8abd533c1f
3c02bcce3b7f3d27
bcfa3ddfbd333d41
3c533d6bbd253cf3
ba8dbd383c093bf9
3c68bbe73d05bbd0
bd8fbcc53d0ebc32
bc71bcb43da43d8c
bd0e3d29bcfa3cd5
bcfc3cc73c543b7b
bcd13d033d1a3cda
0000000000000000
3c9e3bc73c2d3d03
bcbbbd07bc96bcf4
3c9abb6b3ca13ddd
3cb83c1dbc34bca1
bc39bc04bc3dba99
3cd2bdafbd153d43
bd2ebd893cb33c57
bb013ccb39a0bd05
3b833dbbbb06bd57
bd423c8cbcefbce9
3d593e1b3b68bcd8
bd0d3d7fbd20bd89
bac4bd96ba9f3d29
3c56bd7e3c4c3d0b
3d4abd2e3cbf3db4
3b97ba933cebbcd6
3a943dda3ce7bdda
bc4eba103d083d4c
3d3a3d053dcfbdae
3cccbb9c3cabbc02
0000000000000000
3d343e0cbadabda7
bc483d153b553c1b
bdae3d2b3d863d8d
bb253bd13c35bd89
bc97bc9a3c4fbd96
bb39bca1bdd9bd46
3ce8bc0bbc3d3a81
bcd4bc673c8a3d87
bd07bbd73c713d5d
bc8ebc2dbcd03d4f
bc55bc3f3cbfbc0f
3d05ba663d0a3d80
3d4fbd183bc33c0d
3c6cbc89bb11bd39
bcecbb75bda93b1d
3d25bbc93e3b3d79
3d5e3cdc3d253c29
3cd83ce7bc3abda1
3d133d963cd4bc08
bb4c3cb1bd73bd99
0000000000000000
3cc73cfcbcff3d0e
bd41bd0ebc223cea
bcebba2abd843cbe
bb813c543c06bc98
3cfc3c1c3c5a3c8c
3d4ebc1bbe143cc2
bcbbbdc53c84bbdc
3c70bda83c67bda2
3b9fbd72bd3cbc7b
bc763c38bdeebcc8
bc6a3c55bc963bf5
3d2d3b17baae3b8e
bbea3cc43d17bb08
3d82bdc6bb4dbceb
bcf5bcf7bd9e3ca9
3a8c3d793d593d3f
3cfbbc94bd4d3caa
bd65bc953d01bc27
3c563c69bcadbb9d
3b0ebc333d82bd47
0000000000000000
bd463aca3d503d15
bd55bc61bb0dbc98
bbe7bd253c34bc9e
bc023d203d043d46
bc35bd35ba9c3d39
bd14bcae3da53ab1
baccbd383e1dbd05
3ada3d6dbcd43cf4
bbfe3d4d3b40bd31
3c843cadbd8fbc06
3cc43c07bafc3d2a
3cc13d223d083d09
3d803d013d033c33
bd923c9f3d293ced
bc10bc2ebd23bd37
3d1cbc06bc6ebc7d
3cee3d08ba853ca3
bcf83cf13d31bc0f
bd30bd09bd713c93
bc223cc93daf3c45
0000000000000000
bd043d903d2a3c30
3d673db6bcb03cc0
bd3a3be23d583d03
3cbdbcfb3ca7bcbd
3cc6bda9bd29bd48
bc0a3cccbd323d05
3d283d9ebda93cd9
bb2cbd3d3c2a3c06
bc83bc333d40bc04
bbcd3bcf3c84bc88
3c5fbd2c3cfbbdbf
bd233c893d18bb49
bcebbcb93d2b3cf2
bc5d3cec3c2a3c4a
3de3bd943c263c98
3d033c1bbd16bcf4
bcc8bcd83dc6bd2d
3d743cb43b313c07
3bc4bbfbbc8dbd02
3d6fbc303dc6bd11
0000000000000000
bc89bb8b3d22bcf7
bd44bb603d233b98
bcc1bd483c853b93
bc563c38bca73cd7
3d67bd8cbc943c20
3c06bd3cbbbebca3
39a2bd303a993c55
3ce43ca03c1d3cde
bc8f3d5abcc63c67
bc0a3ce13d15bbda
3d16bc163b193d82
3b86bd88bc14b991
bcec3c953d403d24
bcb5bda9bd1abc6d
3cad3c2cbc93bcae
3d2d3dcd3cb13cae
3d923cd53cdd3d9a
3b18bcafbd733d51
bb443d33bb7cbcea
3cd43d18bc283c19
0000000000000000
3cd53dbabd14bd1d
bca5bd51bd1abcf5
bcd0bcc03d1ebd4e
3c8abd393d633cd4
bc5fbcd5bc15bcc8
bd3dbd6abbf7bd10
bcccbc38bba6bce8
3c0e3d743d1a3d13
bcbfbb9d3d6dbd37
3c043c20bca5bd2d
bcedbcc63c4d3d22
3d97bd993a8cbd71
bc853d1f3cbfbd92
3b1cbda0bd273d03
bd49bcf93cb33d2c
3c1c3bf43d303d12
3bec3bab3c1b3d93
3c19bcac3cd13d3e
bb84bd433d3cbd03
3b01bcab3d813d47
0000000000000000
3c98bd003abc3cf1
ba12bcf8bd253ccd
bcf1bc023cb33c08
3c8ebd603d23bbb2
bc1d3d543d88bc82
bc343d8dbcd03dcc
bcf33d333d4dbd35
bc993c9d3d60bd55
395ebbac3cc2bd29
3c373cd6bca63c84
bd5e3cce3ac9bd71
bd2dbbcdbcdabc2d
3cfabd87bcefbc49
3c633caa3d18bc16
3d33bd46bb2cbc70
bcd5bba1bd57bae7
bd5fbd193cc3bc18
bd4abd6a3d8cbda1
bd343d7d3cdb3d12
3989bc5d3ce93aca
0000000000000000
3cea3cf0bc45bbb4
bcf63ce13c60bd2c
3cb33bc53cccbb56
bb983d043cafbb8d
bd1c3d3f3ce33d11
3ca6bd403d00bdba
3d14bd3bbe0fbd8e
bd86bc1a3cbdbb8c
bd0a3c9a3cc0bc03
3c59bc24bb4abce2
bb9b3d4d3d8ebc9c
3d38bcc2bcdc3da8
bd043cae3cc7bda0
bc19bd4b3ba4bdb2
3c983d2b3b64bc52
3d533c8cbd253d60
bbf43baa3d3dbcbd
3aa23d5fbd123c4e
3ca23c913d2d3c62
bd223be83c17bc2c
0000000000000000
3c3abd68bd84bd97
bd393d073d1bbc91
3b313cc63d663d93
3d57bb06bd32bcfd
3a0fbcb03b943d44
bd123b27bc373cbe
bdacbc2dbcbcbc4e
3d7dbae7bb7dbc14
3c4cbc3e3cb93df0
b9073d533d61bd60
bcc63cc73bf13b6f
bd053c10bd79bd81
3d14bc21bd76bd00
bd40bce1bca03ca1
3c3b3be43d34bd85
bc8b3dda3d363d14
3c823c72bc883cd1
3b38bc99bca73c0f
bcbdbc03bca43d2f
3d70bc863cf1bcd5
0000000000000000
bd5cba88bc433c84
3ca4bc86bd4d3d05
3b1cbcac3d563c63
3ca93bbcbc86bc88
3d073dba3da03cff
bca33c45bd39bd28
bd583c95bc03bdd8
3d723d293d773d35
3d9f3dcb3d51bd8c
3d1cbd4bbd06be08
3d58bd68bc98bcd2
bb51bcffbce83d66
3d15bc013a9f3c4d
bd0b3d0d3b84bd83
3c053c97bc5bbdba
3c3dbaa9bc7b3d81
3d113d43bd5d3d6d
3bbc3c483d733d0a
bcb0bccfbc9a3ddb
bca93da03d4d3d6c
0000000000000000
bc81bccdbd0cbc20
bcadbbf43c14bd3b
bbd0baa43d0ebd15
3d913d203d073d0b
3d0fbc07bcd43c98
3d58bd0f3d983b24
bb53b8d2bc1abd0d
bca93cf93cdabc78
bbc23a093d283c84
bcd4bd6fbd0ebd3b
bd2a3d33bdd1bd69
bd303d013dabbbd6
3d0a3c3a3d463b9e
3dc0bbce3d3bbd08
3d2d3cb33daa3bb4
bd41bd56bcfdb8f3
3d43bbaabd91bba5
bd093d873c1d3c8b
3c473d0cbcb2bc43
bd903ce83c623d24
0000000000000000
3cfa3d283cd9bba8
3da2bd12bae3bc31
3c12bd403c033cbb
bc0d3b923d11bcca
bbedbb723cda3cbc
36ce3d19bc69bcdb
be013caf3c273bfb
bccabb5a3cb43d2f
bca23d0abdb83cb3
3d82bb29bd03bd0b
3b3f3cbebbf03c4c
bc473c983da4bcde
3cafbd43bcfebb96
bcfe3c1abd453c49
bc073d2c3c513ceb
bc5bbc223d0cbc27
bb063c2d3d493cfb
bd853d1b3d053d8c
bcd73d22bbdc3cb4
bd4e3c6b3d9c3df4
0000000000000000
bb633c92bd6d3deb
3cb63b223d393d30
bd433b8e3c95bc22
3c923b4bbcb0bc6a
bcb0bc7cbb583c29
3da7bd1a3c74bb79
3d45bbec3c073daa
bd5d3b393cd7b9a5
bd903bc63d0c3d6f
3dc73c773d05bc23
bcf5bb3dbd76bc76
bcc5bb95bc8fbc97
bc693bb5bc0d3ce7
3c203d153b62bc75
3c00bd3d3cecbd87
bced3be1b99f3d12
bd103d21bd503db4
bd043cd4bd593d82
bcb73d95bd223d8b
3bb53c91bc923c8d
0000000000000000
3cf7bccfbdabbd4a
3d65bc57bd5cbdbb
bd203d4abcd83d2e
bbc6bce1b9ad3d4e
3c6c3ccf3c373c84
3c3dbda13d073dbb
3d73bbdbbcde3cfa
bcf23cdbbce83d6e
3d173db7bca4bbd7
bddebccf3d03bd03
3d1b3d513d6fbdca
bdce3c4bbd74bdec
bb953bcabce73cab
3d773de3bd693c9b
3d1abd173d393c17
bb0e3d333d88bdd2
3d073c0a3b41bb8b
3df53cf33bf43bcc
3d8f3c34bc76bc87
3dbc3d243cf6bae9
0000000000000000
3b0b3d3fbc353d81
3c1a3a123d933ca9
bc8e3cdb3d653d7d
3cbc3d14bcbc3da3
bc123c423ca63ce1
bccd3b82bd01bcf8
bc95bc96bc0abdce
3d833d4cbcfb3d2e
bcd03ad53d443d0f
bd0a3bc9bd03bc8e
3cd03d1cbd12bcf1
3dae3d50baa6bcfb
3c1ebc4ebd1fbbf8
3d453ca6bb4ebc06
bcd53cea3cc5bd74
3d0fbc8d3d27bd92
3d66bcdebcdd3d08
3ca13d50bd24bc86
3d22bcdd3c853da5
bca43d2ebd38ba54
0000000000000000
bc6d3c123b78bcf2
bd04bd723b26bcfc
bcfb3c8d3d8dbb18
3d0c3db0bd833cb0
bcd13c933d6e3d0a
bbde3dadbd573d1c
3c26bc73bd20bd13
3d523d67bd0b3d67
bd08bdce3c7f3d1e
3c563cafbd82bc44
3cda3c9b3d13bd8a
3d8b3ad73c453db1
bc913c3bbdaf3d9c
bbddbc3dbd57bc10
bc883d853b633bee
bd143cf73ce83c95
3d28bc75bd213d2c
3d913d123d00bc0a
3d15bdce3cf6bd0a
bcaa3d18bc323d2e
0000000000000000
3cf13d50bce8bd07
3cd23cf73c933d52
3c9ebd403d363bc9
3d353d7d3c81bd39
384fbd78bcd7bc42
bc1f3ddf3cf9bcb1
bca13d98ba623ce1
3d22bc5dbc8f3c90
bd2c3a993c373d72
bcc9bd423c52bcdc
3d30bdc7bd1cbb93
3d7e3c07bd87bdab
3ac53d7ebbf03c54
3c893d173c24bcd9
bbfb3c913c8d3ca5
bccabda1bc4cba68
bb88bc7abce13c42
ba67bc07bd43bc17
3a05bd3b3b47bd86
3bf03d68bd523d0a
0000000000000000
3d483d303d763c60
bd073bb33c67bc6c
3af43b7fbd063c0c
3d183a673cd13cf0
bad13b00bc48bd87
3d70bd09bcee3d98
3d3b3dc43cb3bc59
bceebd803cc1b9a4
bd53bcd93c3f3bc0
3b1d3d0bbd3bbcb7
bc093bdcbc16bc51
bb1a3ce93cd1bb3b
3cd13cccbd96bd9c
3d3e3daa3ba6bc96
bb8abb5fbd713d81
3b5c3d473cb7bc70
3d94bd373cbf3d2c
3dae3c48bc0a3c10
3ce63bea3d07bd14
3c93bc4639c03d07
0000000000000000
bd59baa63d943cce
bd153c03bd03bcd6
bd19bd92bc20bb3f
3d833ce1bccc3d0f
3b023d1fbcda3d6a
3dc4bbce3cb5bba7
3d7bbc7e3ba3bd8e
bc053d123d233d32
3ca6bc0cbce73d2d
3d64bc0cbcf9bd2d
bd64bbbdbcebbcc6
bd46bd123d253c02
bdd0bd003cf63d2d
bc82bc923d2f3b8f
3c38bd93bcbbba89
bd313d12bc67bdc5
3b303da3bcaabb9b
3d81bca83c343d89
bcf73b563ca8bca0
bb3e3d733d1c3d34
0000000000000000
bcadbd3a3c0f3d74
3d0a3cf9bd023cd7
bc8b3cf8bd2e3d60
bc3a3caabb9cbca4
bcbbbc943c86bd89
3d9a3cf23d0b3be2
bbcdbc023d4f3c48
bca6bd743c0b3cdc
bd063bdfbd29bc17
3d463ccfbd0b3c31
bd443b5e3d00bd1c
bbb2bcbd3d37bd58
bb653c623c96bc44
bcb93addbbcdbca1
3d083cc33cacbcbc
bcabbcecbd78bcc5
bd063c89bb083caf
bcfcbc013becbd4e
bd913c78bccb3ccb
bd4a3b5d3c443ca4
0000000000000000
3cb93c913d61bc66
bd0f3bcbbbcebc2e
3cd23d613c3d3cdc
bc363d4b3c853ccb
bc1abd073d963b42
39c6bc5bbb083c81
3d83bce83d513cb2
3c853d363d3bbcad
3bb33d443c0e3d1f
3b92bd98bcdcbc2b
3d213d653b34bcdb
3d893c893d19bd56
bc3f3d29bce7bd8a
3c923b833d5a3d12
bd0dbcafbd5dbb5c
3c53bca93d34bd2f
3c763a803be63d73
3cc93d593d303d3c
3d5e3c873ca63d3d
3b8a3d843bdc3b39
0000000000000000
3c473b163dac3dc0
bba6bd513cf7bcf3
bd16bc24bd91bc85
3de53b68bca43da6
bcff3b40bc133d2f
3d34bc95bd66bcf2
bb91bc6c3d473e0b
bbbd3d71bd493d1f
bd843d23bcc33d49
3d03bca23c20bd17
3ad3ba94bc933d3f
bd1b3ceb3ce4bd20
3d913ce33dbabd5f
bd02bc933bb03d20
3cbe3ce5bd853d6e
bdecbc2c3dd7bc0c
3cea3c0cbc473c9e
bd223cdebcce3ca8
bd0e3c3d3d193c85
3cd63d88bdb8bc90
0000000000000000
bd973d81bb313c85
3c9ebc073d24bca6
3ca53ce53b9fbd82
3cbcbd20bb873b90
bd50bd653d4e3d14
3c543d333d883d26
bc5d3db3bd0c3d43
bc703ba83c003d59
3b5b3c2e3d013ca0
3da0bb09bda8bcc4
bcb3bdbabd433d3d
39e33d583d60bcc1
3d713d30bd58bcf9
bc08bd533d14bb9d
3d283daabd05bc82
bccebc6d3c49bd2c
bca3bdaf3cd03d7e
bc36bcaa3b833c2a
bd403cd53d1c3d0c
bd1c3c083d74ba90
0000000000000000
3e1dbc8dbda6bd25
bc60bdac3c0d3bd4
bc54bd7ebd513c48
bd14bcebbbd53c61
3cdc3c63bcd6bcc0
3c5d3d113d873dbc
baf23d403c303ca6
bd373dcabdc3bd89
3c46b927bdd13ba1
bd6ebcad3d2a3cec
3c1bbca2bd9fbd74
3ce0bd593d94bb37
bc25bd65bce03cea
bd353d223c523d3b
3cdcbb9a3c553cb0
bd0fbc3a3be1bd3a
3d2e3c11bbff3bf8
3dc83d02bd23bce3
3d123b96bd16bd71
3ce93ceabbc5bc93
0000000000000000
bd8a3c2e3d053d28
bccd3d5ebbf7bd21
3d1f3d653d96bd09
3da53c23bd02bd0c
3c59bd103d043d91
3d57bd86bd14bd17
3d973d463cf73c58
3cc5bc353d92b994
3c913c513d853d7f
bd873d733c343c1f
3d6d3b9fbd313e26
3a3bbc7ebd623d85
bdd1bbb4bbb4bb7e
bb17bc803d473d3c
bccf3d1cbac8bd28
3b3c3d18bd8f3916
3c4dbc25bc56bcd8
3c91bce03d153cde
3d93bd59bdbcbbab
bd13bd853d5c3d56
0000000000000000
bc133c30bd0a3cb7
3d68bd25bd2f3c56
3d3a3d22bd0a3c77
bbef3c0c3da2bcee
bca73d103d45bbeb
bcbd3d883d87bd0c
bb1abd013d3d3aa6
bdb7bbdbbd22bd09
bcf73c20bc3a3d18
bd9bbcdfbcb9bcb7
3ce2bd57bd3dbd65
3c51bd6c3d78bd4f
3d88bc64bd5dbbc9
bb203cd83c3fbd46
bc603c85bb1d3c05
bd1ebd11bd78bd08
bc89bc823d1abd1e
bc793cbabc313cf5
3a38bb11bd68bd4b
3b83bca9bd19bb5e
0000000000000000
3d2d3cfc3d49bd0e
bd0e3d93bd93bc4f
bcb33da23bfabd01
3cf5bc8a3c953cb5
3bfabd633d71bd0f
3ca63d87bd583d00
bc943d7c3c95bd1d
bd5a3cd0ba07bd2f
bcfcbd2e3d89bccf
bd993c91bd55bc85
3cc23b94bb28bcc0
3bf1bd4bbc3c3c88
bd0b3d41bd3a3d21
3c3ebbec3d45bd7f
bd603d09bd8dbc9a
bd373cb4bb313c0c
bb9bbd71bc873d1d
3dac39813ca4bdcc
bcedbc8b3cdabd80
bca83c90bb8c3c34
0000000000000000
baeebd7bbd133c1d
3c903ac2bd283d86
3d8fbd7fbcc13cd5
bc8dbbd0bb22bc2d
bd893cb73d79bd10
3dbabc533db73d67
bcd63c99bcf23b9a
3d463d613cf6bd22
3d473d993da0bccd
3d1f3bafbc8abaf2
bb123c29be0dbc89
bd24bd393d06bc2f
bd0bbd12bd973bd1
3ba839333dbf3d78
bc983cdc3d3a3d1b
bde53cb7bca43cf2
3c76bc36bc5ebcce
bcc43ca93d9bbbc4
b8693d323c81bcf6
3c6f3cd3bd55bc62
0000000000000000
bd1ebcfdbbeb3aec
3c3abc9cbd62bd62
3c83bc6abb06bc8b
3cfd3c583d2abddb
bba3bcfd3d143d07
bcc53c533d93bc8d
bd3ebc32bd923d06
3cf9bc513d213d79
bbdfbc323d02bdd1
3d1c3d10bc8fbb1f
bc923d04bc963da1
3d07bd10bd663d67
3bd2bb82bd42bdcd
bd87bd703daabcf6
3bdbbc56bc523c77
bd0b3d56bdb83db1
bd283c62bcb93d76
bd793c133d4fbc95
bd083c22bc043c09
bb0d3c453c833cda
0000000000000000
3d3b3c513d09bd10
3b99bd9cbd06bc01
bd91bc493b2bbd74
3d0ebc1e3cc6bd10
3d033d97bcb7bcf3
3d83bc85bd34bda7
3c913d05bcd9bce6
bcc63de03db83c0b
3c393d903c023c05
bd90bd0fbc113d1f
bd8cbb543ca23d4d
3cc83d15bcb2bca5
3d90bd0f3cdebd79
bd313da83b7abbc3
3dae3d0b3cca3cf0
bd743c70bacb3b42
bc1a3c38bb373d2e
3a103a67bcb23d8a
bc10bb26bbf23d51
3c4fbb043c5dbd1a
0000000000000000
bd123c363c8a3d96
bd5c3dc13bbe3ca0
bc0a3cb6bb20bd60
3ba73c91bc04bd79
bb9bbd0fbc7f3d18
3d273c393a7abd00
3d11bcbebd24bc00
3d23bbbebcb7bcc8
3d06bd4f3b8abd89
bd303d2a3d41bc47
3c533b663c0d3df2
3c01bcee3c6bbd35
bd813d26bc30bd43
3bd8bcc7bd4a3d05
bd4e3ca7bc3fbd73
bcc4bc233c0e3d14
3d47394b3ca73ba7
3d03bc49bd3abc7b
3adf3aa03d073d6b
3d193c85bd713d96
0000000000000000
bbd3bcc13d4e3dc5
bcda3c3e3d71bc7a
3dda3d1e3d26bdad
3b59bdc7bba93c24
3c77bbe4bd783cad
3ce3bd4c3c45bdaa
bc9c3c36bbd5bd5b
3ca43ccebcab3cbb
3d77bb04bc443d60
bbcfbc7f3bb5bcc8
bddf3cb4bd293afb
bd36bd8bbc673d2d
3cbd3bda3d473d40
3dddbd3bbc9c3aef
bc893dd13baabc89
bd413c6bbc953d18
bb953d21bbd4bd6c
3db8bd2fbd603cd2
3cb83d9eba883d60
3d66bd8fbc08bd0c
0000000000000000
bd07bd333c283d33
bbf93bc8bd05bd14
3e173d68bcac3a9b
3cf63da33cc83d20
3d08bb90bd4abca9
3d3e3c54bc8d3bc1
3d93bc9a3ca33ca3
bdb33d6c3d9dbc0b
3d8d3d55bd463cb2
bd0ebd17bdacbd56
bcfebc69bd663c06
3cfebcb6bcc23c35
bc60bc66bce1bb5c
bd7d3c0ebcc63ce3
3d7b3ceb3ca7bc88
3d74bc313ca3bc40
be043d933d68bbdd
3d3a3c983d8c3c95
3ca93d003c8d3cc1
bced3d793dd13c25
0000000000000000
bd17bcd73c983dca
3d06bacc3c9fbbe8
bccf3c24bd85bd5e
3c89bb7dbb9e3c72
bcafbd68bd5ebd18
3c21bd383cbd3c93
bd94bcb6bd05ba38
bd033d09bbedbccc
bc363d9abd753c24
3da23c593c83bd01
baeabc873cff3d55
bc35bc903aa4bc9f
3c163c043d9d3cc9
bd15bd84bdcebc20
bc633d463cb5bbce
3af93d03bcb4bc44
bc393c953c8e3c66
bcc03d133d16bc1b
3c4f3b9f3d243cca
bb013ce43b6abde0
0000000000000000
bd2cbc25bd183cca
3ab4bc623c99bd35
3d163c04bce1ba97
bacd3d6d3dd93cd8
3cdb3ce53b123c96
bd6f3d413e173c11
3c653d1d3d71bd30
3d903d25bbd83d5f
3d85bb9dbae9bca8
3bbfb923bd80bc37
bcbb3c5ebdc53cd9
bbc3bcffbd51bb7d
3a4cb9903c683d33
bc70bca33d593c98
3a993b533d50bd00
3c7fbbd9be05bb58
3d8b3cc5bd2f3cbd
3d5f3d28bd803d86
3ddd3b3ebd97bbb1
3d4b3d8cbcc3bc36
0000000000000000
3cab3cfa3d5f3c8b
3d38bbe23c89bd4a
3b913af6bdcc3c2f
bd4d3d23ba6a3d45
bd8e3b393cb73d2b
bd25bcf93d293e05
bca53c99bd3cbd33
3c4fbcb1bad13d3b
3c3c3d03bc443ccd
3d65bc9dbbe93d39
bcad3cbbbbd13be5
bc673d8a3d72bcd5
3d473c5c3c913c8d
bdb9bcf0bc873c4d
bbd13b2abd463cb7
3d473d0fbd47bda8
bcf73cd9bd503c3a
bccc3c7d3bccbbb3
bc7b3b483c24bdac
bd393e00bbfdbc2b
0000000000000000
bc1d3d1dbce9bd5a
bccdbca8bc1cbd39
bd3d3d753ca33c29
bd5dbd2cbcb83d9f
3bf93d17bd4ebd09
bd2a3a9d3c493db5
bc923d4bbd4e3d32
3c2abd43bccdbd5d
3dfabbb43c1b3d9f
3cf1bdd13cd2bcbe
3cbe3d1cbd03bde3
3d053c18bcd7bd0f
3b7abcb43ceabd48
bd3ebd413d373d83
bdc2bcd83b8c3de1
3cf73c9cbd1bbe2a
3e173d71bd22bd0e
3c94bbf5bd983d63
3d2e3d7ebd02bd29
bcff3aebbb403d94
0000000000000000
3d223d11ba1e3d6c
3c58bd9fbcd5bd12
bcceba96bd8a3c71
3c2a3d7c3ceb3d4f
3bbb3d123cfd3d54
3c8d3cf6bc48bc42
bb8ebcf2bd3cbb59
3d0a3d9d3c943d7d
3d883c2fbdb03c6b
bcf9bd19bd14bc87
bd633d3d3ccd3c8f
bd29bc343d1c3d1e
3ba7ba1f3ce73bce
3dfc3d8ebc293c92
bb1e3d84bb133c65
bd8cbcbabca1bc4e
bcf13b663d0c3ce9
3c293c7fbca93d11
bb30bd3d3c873c39
3ce33ceb3d153d25
0000000000000000
bce1bb27bb1bbd12
3ccf3d6bbc8bbcfc
bc103d213d54bcf8
3c3eba32bc82bc8c
bd0cbd403c8d3d05
bd7cbcc6bbf5bd9b
3ad23c71bc03bd1e
3d8b3c7fbd7b3d9a
3d283bbd3ddf3d8b
bda73d403b6a3b96
bce2bd2a3c9ebcde
3d1a3b783c903c99
bd0fba5bbd88bb8d
bc71bd03bcba3c6d
bcf0ba20bd37bd9d
3d27bca03c693d2b
3da3bc383b783bbb
bcbcbd863becbce4
3c263c983da7bbad
3d74bc6a3d353ba9
0000000000000000
3bb8bd70bc1b3ce1
3d143cd6bd5ebc07
bcb63c963c573c24
bbacbc093d033dce
bbf8bc263b4f3d27
bd5f3d13bccd3a89
bd34bc86bd29bc59
bcc1bcf6bd64bd0d
3c093c0ebc3f3db5
3d25ba8abcaabccf
bc1abc293d673c8a
bccbbd06bc8f3c15
3cd3bd163d1d3ccb
bd1c3c09bd49bc7e
bc013cfb3bebbd0e
3d2cbc4d3d6fbcda
bcf13cee3d8abba9
bd84395a3ceb3bc3
3b033d0f3d0d3c07
3cc6bd34bc8f3c4c
0000000000000000
3bb33d323d5b3e1a
3c62bd783ac4bcde
3c823d9f3af73d88
3b8a3d243cd9bb75
bcfd3c60bb7bbd54
3c863bd8bda93ce9
3d22bd54bbe93d14
bd063d363c96bca4
3a903c513c933d36
3d60bcdabb38bdb4
bcbfbd113d3b3d02
bd27bca53cb43dda
3d82bbebbcb1bc8b
3d513d87bbdfbd09
3cde3c3b3ce1bc3d
3ce0bd833d11bd58
bd84bcd93cd33d3c
bcd63d723b0cbc0c
bc6e3d4d3d98bc88
bd163c8b3cf93d02
0000000000000000
bd203cd13bad3b48
bd2ebcdd3cee3d85
bd8ebce93c153cd7
3d733d78bc54bb78
3b2f3c93bda6bcb4
3ceb3d333c90bba2
3cbdbcf9bc953c98
3ca3bd373c46bd2b
3cf4bbfbbd0cbcc0
3c8b3d9fbd093d33
3ba43c45ba313c01
bcdebbab3b82bcc0
bb433d5a3d38bc27
baeebd393d563b2c
3d3d3d1e3ceb3d93
3d143ba538c13c11
3d3fbbf8bcd3bd20
bd61bd4dbc3fbd15
bc453c99bcae3beb
3d96bd21bbd7bc06
0000000000000000
bc17bd7abcae3c2c
3dc93cd83cea3c98
3bfdbd6a3d94bc4d
bc143cc0bca33c0a
bcf33d813c95bd65
bb88bc153d463d02
bca8bc9cbbcd3c9a
bd61bd75bb0bbcdf
bce33cc2bd02bc88
3c55bd27bcfa3c16
3b8b3bcfbd32bd7e
bd1f3d6ebc33bcde
bc9abd54bb203a53
bcd23d0ebd03bb91
3c33bc173d2f3d08
baed3ccd3cbabd1f
bc613d16bd1bbd79
bc9f3d1bbd4ebd3a
bd3f3b11bc963bad
bc5abcd3bd8cbd89
0000000000000000
bd9dbd943bd53d0e
3cb73d1ebb253d4e
3d50bb72bd93bbec
3d143b7cbd6c3bf2
bc443bad3d93bd13
3cbebcd5bdb03c25
3c92bcb8bdd93d03
3d243cd3bd14bd14
3d2d3c53bd983bf7
3c06bd8ebdbe3cb2
bc4e3dcc3d713bd8
bd8e3d7f3c793d02
bc98bd0c3dab3c09
39af3c5dbd5e3c96
3d2a3d78bd303c3b
bcab3d18bcca3d34
bc0e3d883e08bd30
bd6d3d663ccfbc95
bdbabd703c94bcb5
bca4b8db3d7bbc3a
0000000000000000
bd083c80ba883d37
3cb33bb53d06ba83
3cce3c783d843cec
3ba9bc56bc9b3be9
bc433c8ebc0cbcd6
3d2ebb993da23c54
bc7cbd04bcde3df7
bb683cf23b22bd56
3c373c5c3d0dbca1
3d1e3c50bc80bbbd
bbec3c8bbcf6bd87
bc25bd89bd0b3cad
3ccfbba23d5e3d24
bd24bc863b8bbcb9
3c023cefbc1fbd04
3d8b3c9dbb8abd8c
3cad3d0c3c80bab7
bd86bde1bc713ce8
bc9abd133a163c86
bc5c3ca7bd283c8f
0000000000000000
3d4c3d463d56bd12
b920bc9c3d26bd2a
3c1bbc9abd81bd00
3cb03d4c3d09bc8b
3c553d34bb9a3bac
3ba03c0b3c9b3ca2
3d84bc8f3d6ebd6f
bd233d3f3c8a3ca6
3c1b3c99bd9ebc81
3d323c21bc2ebd1b
3d283ccbbd353d2a
3c143dad3c41bc51
3cb1bd1a3dc8bd35
3cd5baa13c413b8b
bd21bd173d6fbc7c
3d93bb78bd263d63
3d5e3d18ba6f3d81
3d0ebbe33d533c3e
bc18bcbfbbbb3cee
3be0bc853c923d7b
0000000000000000
3d89bc4ebd40bc5c
3c2ebd993bc0bd10
bc6fbcf5bd083d7c
bc5ebca63c3a3d0b
bd07bd1abcadbb6b
3d643d2d3c933cdb
bb8cba8dbcc93cff
3b3ebcbfbd9b3d0f
3c353dbbbcafbbfc
bd903cd83cd13c3b
bd523cb8bc3ebd52
3d95bc31bb3bbd5c
3cda3bd53d253c96
bc81bc9bbcdf3d36
bd19bd163d183d9b
3c6e3d46bc20bd94
bd503d363d54bc08
3ba83cd6bc42bbc5
3c1bbbb9bcbfbd7f
3c313b00bc38bcb1
0000000000000000
3d21bd46be393c67
3d043bf7bcfc3cb0
bc9fbd4d3c7a3d07
3ccd3c793b57bd32
3cf33a493b47bbad
bd9b3d953dfdbb85
bd0ebbb23cf83cad
3caabca43bcabca7
3ca53d79bcac3d1f
3c01bc383bdd3c02
3d953a10bd65bd1f
3bf4bcd1bdebbcc4
3ce7b9d6bc2cbbe2
bd023a3e3d95bab9
b9a53cb3bb123c61
bd1abd263d163cc1
bd4cbca53d6dbc14
3d3d3cdebb2e3c3a
3d063cb6be0fbbad
bcefbd23bd16bd0f
0000000000000000
bc593d52bcaabc9e
3d293db1bcc93c4f
3ba43c9d3c633c37
bceebd273ba13d4d
bd15bce2bc17bcfa
3cad3c96bbcb3dd0
bcd73c203c26bd28
bd2e3c843d863bf0
bd2cbce53dd1bc59
3d953d0ebbfa3d4b
3cb13cab3d00bd8b
bcd83ce03cc13d0a
3c543d8fbd8a3cce
bd67bd2ab9debcc0
3c993ba3bd813d7c
3b0fbc45bab1bd0e
bcc1bd79bc8cbd2b
bd63bc9abd3ebd10
bcd53d1339d9bd30
bd18bd4a3c673cd0
0000000000000000
3d763da0bd4fba69
bc9abd42bd843cef
bc043ce9bd213c81
bac33c66bd23bda8
3c8c3da03d28bd2e
bd003d2b3ba9bbba
bd30bcf1bd5fbc09
bcbbbd7abc163d51
3c3c3d3a3d923ca8
bd9dbd2e3a613d0f
ba92bd8b3d543c43
3d0b3a063ccb3d65
bc26bdbd3b823d8c
3c853d09bc7cbcf8
bcc3bd50bd3bbc8d
3cc13c603e153da0
3df53d7f3de93d19
3cdeb9e4bc91bcd5
3d4e3d433d313c84
3ccd3da0bd60bc99
0000000000000000
bd143cb2bac8bd10
bcbf3bf5bd6e3d01
bda6bcaebd3a3c6c
bc0a3d0cbc9d3d11
bcefbb54b7b9bd27
bcc23b20bb6a3d6f
bd77bcc43d99bc39
3d253d67bc0cbd29
bcb8bce1bc84bc41
3d5ebd3f3c953b8e
bd923c333c1b3c4d
b9643d173d01bd25
3d9dbd97bd133d8a
3c563c6dbd1b3d09
3c7bbd5bbd023cb4
3bf0bb1fbd43bd13
3cb4bc8e3d23bd19
3d703cb7bc5bbcb2
3d5b3c883c63bd80
bd363d0c3c6d3b61
0000000000000000
3ce3bc29bc0f3caa
bcf6bd7dbbbc3ca3
3d193dc139833d0a
bced3cdfbc31bd06
3d253bfb3c81bdc1
bd863c473cde3c87
bd6d3a19bcb5bd54
3cd93d7e3d83bca7
3d4b3d5e3bf4bc02
3d143c34bc59baa2
bc22bbc73c3d3b99
bcddbd353c2dbcb0
bcddbd5dbd7aba83
bccd3d993c89bda2
3d0cbd97bd1d3af7
bc80bd533d08bcc2
bbda3d453b9e3c92
3ccb3d18bc98bcb3
3d3e3c073dc8bcbc
bca23d99bc2eba32
0000000000000000
3c3a3d463c683cf1
bce0bc80bce3bd3a
bd7039c1bbc1bb99
3d413c7b3c863d79
3c203b1d3d3c3bf7
3d443d1bbcb6bd2d
3c8e3cddbb9ebbe4
3d34bbf2bc883d18
3d463d7c3c88bb9b
bd0ebd3bbde53d41
3d193d953c22bcf7
3c033d643c9b3c59
bd05bcdfbd823cb3
bbecbcaabc39bc88
bc5a3cda3bb7bd4d
bd8c3cdbbd0abd48
bd093ba73d35bb04
3d613d293c45bd41
3c06b9933c6bbcfe
3d433d253c9f3cef
0000000000000000
3ddcbda33cfabd17
3c863b9dbcf4bcc6
3c8bbd4f3cd03bfd
bda43c9ebcbf3df9
bc3f3d2ebc0d3cf0
bc183e0f3c563d7c
3da3bc48bc17bd47
3ba1bd8a3d4f3d25
bd50bcf4bbcc3d07
bdd83d71bbce3c0f
3ce9bd503a87bd04
3d8d3d8d3c7dbcfc
bcb6bc83bb74bd24
3c44bcb43bc3bcf6
bc093c6b3b8a3c13
3cf3bda23c3fbcc6
bd833d3e3c193d24
3bbcbd893d9fbc99
3d12bd3d3be6bd27
3cedbcb13d103ced
0000000000000000
3bc6bbacbd433d72
3c2b3d213d1b3c82
bca43cb9bd61bda7
3c3bbd82bd85bd2e
bcbabbc6bc813d45
3c943cbd3cb0bd89
bcd4bd173d76bc93
bd14bd2a3c753ca7
bd3bbbe63cf3bdc4
3db53d243d0e3bad
bd0cbcc33d30bcfa
bb22bbd33aa23dd7
3c5abaa83d923dcc
3c29bd453b87bde2
3bcf3ab5bc863d2a
3bae3ba43d553c94
3c80bcef3c96bda1
bb76bc3fbcaebcf9
bd79bcd13cd6bc7b
bd3fbd7a3c41bce8
0000000000000000
3cf13d173d2f3d47
3babbda13d1fbd8e
bd22bc9bbc4b3d47
3cbf3d03bbc9bc99
bbad3d7a3bf53db6
3d183ccc3c543ce2
3d10bdf13d4c3ba8
bd9c3d88bd923def
bd413d40bd4a3cab
3d30bd31bcfcbd5a
bd663c68bd4dbdc6
3db0bd2b3d1cbc43
3d79bc9d3d933cc3
bb0f3bd73d403ddd
bcdabc8cbb453bd6
bdcc3befbd5cbd90
bd303d4bbceebd8f
bb5f3c6bbccc3d2b
3d343d4bbbe2bab3
bd513c90bd88babd
0000000000000000
3d093b29bc3ebc9b
bd29bbf63cae3b92
3d65bb11bdb6bc43
3c88bca23d29b842
3d703c083d1abd94
3d57bc5c3caf3be5
bcb9bd61bd81bd0a
3d1dbca43d32bc82
3cb3bd10bd6dbcbd
3c273d46bd2f3d86
bd873bf93d5dbd38
3c9ebd5b3d093c0d
3c3c3d5a3abd3d4b
3c813c86bd3abce5
3d7d3d90bd043ac1
bd88bd5abd12bc6c
3d01bd0a3d2cbc93
bcb0bd273c91bd79
3c6bbd65bc093c04
3cf5bd3f3c0bbd1d
0000000000000000
3d31bd613d84bd0c
3c7fbd0dbd82bd20
bbe33d5d3c80bd36
bbe5bda83c9f3d50
3d1a3c263c353c15
3cf0bdb53aa2bcc2
ba7d3d833cf1bd88
bd50bc86bce83cc1
bd99bc4f3cf4bc39
3cd43ca6bcc0bd78
bd5b3cc33c9c3cab
3caa3c9f3c6fbc3e
3d3a3d87bd2bbd78
3ce83cb7bbc1bd0d
3c503ba5bcf1bd0f
3ab23daabc283da8
bd853d07bcaf3d99
bc9dbc593ce93c91
bcbd3d9b3d33bcb8
bcbfbd573d94bca0
0000000000000000
bd8f3d2f3d343d31
3d69bc64bbc3bbed
3cb03e2bbc823cf3
3b503a963cac3c1a
bc99bd913cb5bd53
3d803d903b3fbc9e
bd7cbc8dbd8ebd41
ba36bc7c3cd03d19
3c0dbd32bd103c24
3d2dbd5dbd4dbb88
bcf93c553d64bc5b
bba03b8d3d393d40
bbdabcc0be20bd1f
3b1c3d8ebd09bd31
3d593d49bbb53cee
bd1abd8cbbecbc69
bc19bd0abce03d8b
bceab9eabccc3cf3
bcf23bb43c153d79
bc84bc1a3c8b3d40
0000000000000000
bc87bd17bd0e3d39
3d033ce8bca03d43
3cc33d0e3d21bd0c
bccfbc223d953d2f
3d54baff3d2a3ca0
bb903bb83b40bc53
3d31bc9ebcad3c1d
3bea3a6f3dabbd8e
bd5c3d8aba89bd84
3cd03cb6bc9bbc16
bd98bd17bd37bc24
3c64bb48bd813d24
3d8139a7bc4b3d9d
3d5cbcf03d00bcb6
bd023cbb3cbbbcee
bcfcbd0abd093cc6
3c8ebd293d333b9f
bd1ebd52baafbaa5
3c8cbd24bd4f3a7b
bd59b97e3ca2bd47
0000000000000000
3b2e3bf93cf53d05
bd783db4bca33c4b
3b1e3d04bd373d69
3da2bce43b343d09
3d1abd34bc94bcd5
bc8dbdd4bc8c3d3e
3c46bdbcbcb0bd03
bc783c56bc1fbc59
3d053b60bd093d75
bd40bc1e3c91bd96
3c7a3d80bd0fbd2c
bd313c6d3d1fbc37
bd88bd42bce2bd65
3ca33d25bbb03c18
bd183d8bbca0bb72
3c9c3dd73c27bc0e
3da23d0f3cadbae8
bb9f3d453c203ca1
3cef3db23d033c10
bdab3d08bc85bd4f
0000000000000000
bc65bde8bc0fbce8
bcbd3c7f3d733a4a
bd95bd073cb73c94
ba06bd083c09bcb6
bd093cdcbd0dbae5
3d023d30bd183d99
bc36bd59bde5bd48
bac33cfbbc61bccf
bcb13c6fbd11bc1c
bd03bceb3d62bd07
3c633bbb3bfdbd93
bd79bd2dbc27bcd9
bcfa3c1c3d4d3d01
3d30bba8bdbcbd22
3c95bcab3bfbbcc0
3b29bc51bbb1bd76
bcb53ca2bbe03ca5
3d313d21bc0abc2c
bce03d48bd0ebd16
3ba23ddcbc8fbc4a
0000000000000000
3bc93cc73d6d3d4c
3a44bd993c97bd6b
3cf2bbf4bc85bd8f
b8e33c103caf3cc8
bd4ebca23cbf3ca1
bc363ceebc6bbc05
bd8a3b863d763cc4
3d82bc833ce83cc7
3d8a3d073d7b3be3
3c9ebc46bd25bda1
3cd13bb23c6bbc6d
bced3d203d533c3f
3ba63cc0bc1ebd49
3d03bcd03c3f3d6d
bcdf3d63bd10bd18
3d57bd27bcc6bd00
3ca3bcc83cc33d31
3d1a3d223cce3d72
bcb3bc273d013d4b
3d793d6b3d81bd1d
0000000000000000
bd45bc493d37bc6a
3c0abc86bd3fba45
bd12bc61bda33d15
3d1e3ca6bb273bff
3d793b473bc03c55
3d99bd103b203b9c
bd833cddbb8dbc18
bdeb3d9ebb62bc92
bd543c6abb0bbc09
3d203ba8bc2fbd26
3d69bcf63cdbbc57
bccebd1b3ccd3d53
bb5bbd553c5bbd3e
3d013b5bbd3d3cf8
3cbcbd2ebd23bda2
3d593d083ccabc93
3d4d3d013db03cf2
bd9c3c873b963c83
bd93bc973d823d44
3b483d2f3c443dde
0000000000000000
bca93bce3d05bd89
bbc3bd04bd5cbcc8
3d81bd73bd493d1f
3ce8bcfabc743c81
3dc73d6fbd033d18
bd8ebc3c3c373bd0
3d693d90ba8ebbee
3ce83cba3c543c46
3c9cbd593bbb3cc4
3c62bb1bbda73c53
3c96bb883ca23c16
bd863dc7bae2bdbf
bc183bbc3ce63b3d
bd893dacbc14bd11
bba0bca1bcec3d18
3d81bd203d64bdb0
3bcf3db33c4d3a3a
3cac3d243ce6bd3a
bd4c3d63bcc7bd33
bcb93d52bc08bc62
0000000000000000
3c893c303bcc3cef
bd06b98f3b1fbca9
3dcfbcc2bd1fbd2f
bd7c3adabbd2bd6e
3d21bd69bd063d49
3cc33a57bc0fbadd
3c4fbc12bd803a52
bd0a3d0d3ad8baab
3d733ba938f8bd14
bddc3c5b3d1abd12
3c27bc11bc373d25
bd68bcefbd083de3
bd603c9d3daf3c28
3d093af9bd70396d
bd373d83bd313c1b
bd60bd083cf8bd5d
bb4d3d323d14bbe2
3c113aedbc063c8b
bcd0bd74bd6a3bf1
3c18bc5dbc683cea
0000000000000000
3c283c343becbd27
bd313bc13d153c83
3d4ebdbe3d77bca4
ba0a3d9bbdca3aef
bd163bd33c3bbcdb
bd5dbce5bca6bd9e
bd4a3c023b403dbd
3d30bb3d3bb13d40
3dd43d25bd08bd45
3c6a3c0f3a2abb94
3d023da0bbf93d65
3cad3d173cb43cca
bd31bd3a3d17bd36
3c4cbc58bd44bdaf
bdb03bbc3cabbccc
3d3b3c6ebb503cc0
3d673c77bcf7bd5d
bca73d43bc78bd6c
3c4d3d09bc75bcf6
3d153cbdbc6b3cbf
0000000000000000
bd593c733c663cca
3d3b3d333c93bb51
bc1b3d06bbaf3d25
bb7abd153ccbbd14
bbff3c5bbcacbd2d
3c13bd473cfd3d25
3c813c9abcf5bd79
bd07bcd0bb833cfe
bdb83c60bcfd3ba4
3d443c863d98bd95
bc2e3adebc2b3c8a
3da4bb83bd883cb8
bd2c3d2a3d73bd17
bc5f3d3b3c45bc0f
3c823d793d2bbd3e
bbe63c44bc4fbca5
bd81bd393a9c3d88
bd603cabbd443ded
bd7c3d19bc663d8a
bb873be6bcbf3cd6
0000000000000000
3da73ce2bbb23cc2
bdb23ce7bc3bbd10
bd9e3d84bd51bd72
3d8ebd5c3d06bb8f
3d07bcd03bcf3d15
bd65bd223d66bd01
bdcabb273da13d32
3d09bc27bd27bcab
3c333cc7bcc2bd76
bd0cbd713ce8bd31
3d853ceebd463ab5
3d003c0dbd1e3d57
3bbdbcf6bb313c94
bad5bd7b3d01ba07
bbf63d483d2c3ba6
3d1bbc8dbd8fbd9b
3c62bd11bc94bd44
3ccfbca1ba663c3d
bb933d97bd473c60
3ba6bc2cba4abccf
0000000000000000
bd9cbd083dc5bdbc
bd2b3d323d443c82
3c7dbc79bd8bbcb6
3b413bebbbe03c9d
bcc83c23bc03bc90
bc9fbdd0bc033e04
bd07bd4abc9e3d05
3c913db9bd813b23
3d36bd9ebcb2bc52
3d343d7c3b9e3d65
bcf73d483d5b3c7a
bcb5bd8cbd5bbda5
bcb1bd34bc9cbcce
bd51b8963d083ce0
3d043d0ebd173d24
3da93d883b85bd0c
3d2fbda73db7bd94
3c3c3c47bccebc2c
bd0b3babbc45bdd0
3c5dbc8b3b70bd5d
0000000000000000
3ca83c2c3ca3bc06
3c02baab3ba23d01
3d6dbcc43c953bb4
bceb3e09bbdcbcbf
bcc53d703ccebd47
bd523d59bd34bb39
3d2dbd97bcea3d3f
bc0ebda2bbc7bdac
bd0e3d023b79bd50
3d91bd0dba133d52
bc92bd633d0ebbd4
bc763d7dbce8bc06
3d0e3be7bb573d69
bc923d99bd0539eb
3d6e3c693cd1bcb8
bc25bd823d723bc3
bc43bc123d3cbda9
bd2cbd42bc42bc28
bc83bc7ebd11bccc
bcf73d24bcdabd00
0000000000000000
3cf8bd8a3d7a3d8c
bca33c99bd21bbf2
3dbb3cd4bbbe3da8
bd1c3bc13d62bde7
3dd93daebcc0bc32
3d74bd503ba4bd9a
3c8b3cbfbca4bc57
3c163b153d64bbd9
bdad3d1abd9ab90e
bd2b3c48bd073acb
3c9d3d273c57bbe8
3d0ebbc8bc48bd4f
bd7e3babbd5b3ca1
3cd1bd103c633d5f
3cf3bc57bc1ebc8c
3d943d34bd153c6a
bd82bc4f3d29bae9
3ccf3d953d05bb62
bc0b3d773d693dd4
bc17bd863d28bd64
0000000000000000
bbd63d953cb13d17
3d3bbbac3d39bc8b
3d833d083d07bcb3
3c08bb92bcfe3d3c
bd91bccf3cd83ca3
3d55bb35bc873ca8
3d29bd4fbc52bd82
bcb23cccbd8c3d54
bcba3d81b7783d82
bd73bc723c09bd22
bce3bbb63cba3ae0
bd38bca03c0c3d2f
3bdd3d1b3d6f3c96
3d553c43bd89bbc5
3dbcbb213cf3bd6d
3c1cbd8e3d96bc80
bd4c3b84bd81b9f5
3ca23d40bc413c3d
be0c3d383cf33d81
bce93d54bdbe3d8d
0000000000000000
bd973c673d9f3cb9
3ccd3d1ebd8abd08
bcf7bd39bc72bca5
3d063a33bcb03d24
3ba3bcb4bd373d7a
3d803cb93c17bcb6
3c9c3c4c3da4bc74
bd51bd433ca9bd8c
bd74bd32ba233ae9
3b05bb33bcb9bd52
bdebbd7abc1b3d2e
3ced3c7c3d0e3d3c
bd073d26bdbbbd71
3cffbc0d3d68bd0a
3ce73d8fbd38bca4
bcbabcfabcd73da4
3cab3b8b3dad3cd4
bd51bd053d953cd9
bd17bcbfbc98bcb2
bc453c113bfcbcbc
0000000000000000
bd75bcf7bc6b3cbe
3bcc3c80bd04bd97
3cb6bc6dbc86bc5e
bcc23cd03bf1bd24
bcc7bcb93c9fbcc5
bcfa3ba4bdadbdf6
3ca6bd9d3d333b00
3d5ebc67bb0a3d3c
3d7abcde3d2c3ca8
3cb53d52bc8439c6
3d163c89bd6e3cc8
bcbfbd33bc91bbd8
bb823c73bca2bd07
3aecbd253ceb3d20
3d093cdc3c89bbe4
3c47bcff3d213d4b
3d273d4c3c6f3d8f
3c53bd233d843ab5
bb32bc713ba03d12
3cbcbc9b3dba3cc7
0000000000000000
3d6b3cb5bd333c8d
bd213c6bbd0cbcad
bbb83d5abc883c0d
3ce3bd3abcfa3cdb
3c64bc893bed3c4a
3cb2bc02bd69bc98
bd6abcb73ca8bd39
3c88bb783b373d60
3c7bbc783cde3d0c
bc77bcf5bd17bc21
bb9ebd0d3adabc62
3b9b3cf0bbd7bcdf
bce13baebdb0bcb0
3ba8bbd6bcbb3cde
bcb83d1f3c493c76
bcddbd083dabbd1d
3cdebb7d3aa63c24
3c433b5bbc2c3d2a
3badbd063bd03b22
3d6d3c4a3d6d3d94
0000000000000000
3d633d75bd1a3bfc
bc4ebcf73c5d3c40
3cbdbd363dc43d10
bb3cbc9cbd83bd2c
bc373d553c5bbd1e
3c59bc433c473d04
bb93bd93bd56bc30
bccdbb0e3d173ce1
3dd53c733c14bc4b
bd4dbd86ba9ebd19
bce93cae3c03bbcf
bd023d3fbd1cbd73
3cb0bd233c3ebaa6
3dbfbc98bd4cba89
3d123d0ebc463d7d
bd1e3cd33ca63dc3
bc913dad3c813cc4
3d6c3d683ba3bcdd
3d213d253d683c97
3d1b3c7abd7abd19
0000000000000000
3d8bbdd23d1cbb49
bd4fbdc43cb03c6d
bc82bd473d3a3d43
3ca33d33bc52bcbf
3bb43a893c45bdbd
bd7c3d993d39bdc0
bd37bceebdbe3c8d
3cba3d673d183d65
bd48bd213d8f3d2a
bc583c07bd62bcbf
bc92bc513d893c8e
3cf4bd5c3c91bd33
bd00bdb4bcb2bd51
3d233cf9bd89bcf5
bd1bbc8f3d2d3ca1
bcc63ce23bee3d85
3d053d933d893dda
3d81bb9cbd6b3d91
3da03d323d433bca
3b983c83bd3b3c48
0000000000000000
baabbd1cbc9dbd31
bd4d3d48bd2ebc44
bcd13c803d313ccb
bd4dbce4bc8cbbc9
3ba73d0d3d51bbd2
bcd3bdc1bd07bd96
bcc23d7ebd883d88
3d67bd9a3b79bcd0
bc3abd0e3c99bbe4
bbd8bc62bd673d13
bcb03d703d99bc43
bcf1bb8abd9cbbf6
3d463c83bbcabd02
3d013d353b4bbd6d
bcd53d1d3d9b3ce0
3caebd443b92bd5e
3d3bbb22bd9cbd55
3ca7bbeebd0c3d7c
bd42bcbabd0d3bea
3cc9bcab3ce2bdab
0000000000000000
3ca33b43ba0f3c54
3b8b3c5b3b82bcb3
3d17bab7bbf7bb78
3b9ebc963d3f3cde
3d133c1d3d24bcbb
bd253cff3d90bce2
bd47bcc9bc89bc60
bcb2bcdcbcc23d50
ba853b0dbac03c12
3caf3d513bf53d22
3d32bcc5bd4f3cce
bceabcdd3d5f3c5a
3d063ca13d3bbd10
bd33bc133d02bc41
3d663c5a3cc53d5a
3d073c183c43bd1b
bceabcb6bd833ca6
bd0fbd85bcac3d3e
bd0bbcf0bd163c6b
bd18bd25bc083cdf
0000000000000000
bd0dbc51bbb2bc3e
3d6cbda0bcacb967
3cedbcb83acb3c33
3bf23cbd3dc2bc7a
bd7c3cbf3ce7bc39
bcfd3bd13d6b3d0e
bd1cbc313be4bca9
bd1c3d0b3cdfbc5f
baf03d2bbc433c1e
3d123d0fbd2e3d4e
bc683d1bbd4bbcef
3b6c3d843c4cbc18
3d253cadbd493c94
3c053c3d3bb43c52
bca73cb63b3dbb9f
3d403d7ebd09bc68
bb683d913dabbb61
bdc73d0a3d92bcfb
bcff3d85bca2bc06
bba2385c3d46bc96
0000000000000000
bd003d5a3c6f3d83
bc443d173d913d9a
bb1bbb23bd66bd73
bc8aba9ebda5bcd9
3c5a3d88bd3fbd6d
3db7bcbebd553bd3
bd423a293c99bd2e
bce43d203cc3bca0
bd263c31bd103bea
3af43d153c2cbc9c
bca63cb4bc6abd71
bd17bc123c913c9c
3b873d1c3da53d44
bcc1bd9d3c18bd30
3c96bddc3d8bbd30
bb67bd203c7dbd78
bc023da53bb0bd53
bd1b3b973c49bd13
bd423cbbbcb03bf7
bcfd3bb53bb93ca1
0000000000000000
bc6cbdc73cd7bbe1
bc9fbd5fbc973dbf
3d2b3ce5bd263d61
3d733c2b3ca8bdae
3c7f3c513cbcbd5e
3d06bd023cc8bc79
3c1fbd0c3d273d58
3dc33db33d603d40
3d5a3d5c3c223da0
bc983d1abdd6bcad
bd6c3c513c86bd28
bca8bdb9bcf43cfb
ba95bd083cd4bb4d
3cec3be93c3fbd3b
3d5b3d2abb853d79
bd8e3c1e3bd3bc07
3d0b3d043cf3bc9f
3c37bd593d753c8d
bca83cbc3ce23aa2
3db03c643dbebd8d
0000000000000000
3bcabc973cd43ccd
bc3abdc1bcedbd0a
bba53ba6bcb5bcd5
3c143cd7bb523d27
3d573d2e3d7d3af6
bd60bc98bd6b3caf
bcb93c803c38bdf4
3b963b7a3d453c91
ba2b3d893d5f3d1d
bd3dbbacbdd9bd21
3c573c333c3b3dcf
bd773ced3bba3d13
3c59bcd63c83bd84
bd7ebd14bcc93cbb
bd60bc82bd8a3d6f
3daa3d1b3c8d3cc2
3d983d433d303d3a
3ca33c8a3df43d66
3d55ba833d003d7c
3dda3c263d64bd0c
0000000000000000
3d9a3cefbc023bec
bd34bc68bc383d94
bd30bb6dbcf33b4d
bc293c3fbc90bb06
3d71baaabd18bd69
3c06bbfebc9bbc67
bcf7bd0cbc1a39ed
3cdd3d25bc72bd4a
3d3cba9dbbd0bde8
bd01bbc33cbc3cfc
3db23d5bbd33bd0c
bd1a3d123dbc3bbe
bd0d3c283c833d0d
bd0c3d4e3d753c96
bd44bd30bd95bd3f
3d6fbca3bc983d2b
3d22bc76bd12bdc8
3d733d763d1dbd8f
3d9e3d963d61bb1a
3d99bbaf3c2cbcec
0000000000000000
3d843d11bd053c97
bbc33c4cbd9bbdaf
bd4cbd0f3cbf3bbf
3cec3ca53bf4bb89
bd1b3d933d0e3cab
bbaa3caf3d3ebd5d
bc6abc533c42bcad
3b9f3d583d733cbf
bd143b943d3e3d17
bc6fbcf1bcd5bce5
3d223d8c3d693ca6
3cb53d92bced3d3e
3df83aabbce9bd22
3b5bbb8a3d8d3cc9
bca4bce6bcc8bcb1
3ccd3d083d3ebc18
bc993d4b3ca13d4c
3c9fbd323c3dbd0b
bcb1bce33d993e05
bbf83dab3d833bbd
0000000000000000
3dc53cc8bcabbd34
bdf13d6ebda3bd15
bb693d093d363c68
bd52bcc13c433d9d
3cdebc8bbc063d19
bc46bc92bbc23ddb
bd2c3b6d3c6fbdd1
3d77bc783bb2bcc1
bd4ebd04bd393d20
bcf4bbd9bcdebd0b
3dacba2e3d7b3d11
3d78bd293c82bd52
bcf13c703c2dbd63
bb24bd913c73bc0d
bb0fbd49bd133cc3
3cba3c1d3dbbbce6
3ce53cc5bb6b3d09
bd0fbd783dc1bce3
bc57bc593ca0bd3d
3c3bbc693d0aba34
0000000000000000
bb9bbcd0bca53cb8
3c36bcf23b8dbc8c
3d45bd47bd643c7e
39a53d183c6cbcad
bc33bd2a3d533d25
3d04bcaf3c04bc90
3d793b193c1dbd2c
bc86bd45bca23c11
bd12bd4e3d63bd3b
3c133b98bdacbcb0
bd153c353ca63d1f
bd073d57bbb8baf4
3c41bdcebcb3bcc6
3d91bd1bbd23bd45
3cf73d08bcfabd91
bd6bbc49bc153d0b
bce73cb53d35bcbb
bc0abd0a3cafbd4d
bcd93cbdbd243ce9
bcf2bcd93c7fbb93
0000000000000000
3c123d7bbcac3b7c
bba73c253ccd3da0
bb72bd413dacbc6c
3d33bc55bd173d1d
bcc73c88bbd4bd49
3c0e3c843d073d81
bd58bd693d6dbcc9
bba53cae3d04bce8
3d34bcf53cc2bcdd
bd803b49bb0e3cfd
bd1abcabbd99bd7f
3c50ba90bcc53c44
3d373cf8bcac3da2
3c503d113cc5bd18
bd09bac73bc0bc2d
bd13bcbdbcf7bd47
3c853db9bc02bd1e
3d19ba86bc59bd2e
3c5fbc88bbd9bc1e
3d193dcbbbdc3d3d
0000000000000000
bcf5bd7d3d77bd42
bc83bc4e3c073ba3
3d65bd1d3d87bd40
3c313c75bd373ca3
3b14bcbabda2bca5
bccd3d9dbb8c3ce9
bc88bd8d3ccb3c93
3c383c5ebbfdbd44
3d8dbd503d76bd61
3d3d3e01bd3e3d29
3c0dbd16bcccbda2
bd05bbe93bfc3c3a
bc82bd363cc93c71
3ce0bd4a3b703d07
3db9bc91bd47bc08
bd353cc7bd59bce5
bbd3ba23bc0fbd23
bb0ebd333d7cbc8d
3cd8bd02bb9cbd11
3d3abc3f3cb3bd20
0000000000000000
3d193d82bcb0bd35
39103c9bbc983c09
bcaabbb33ccc3cbb
bd7a3bc8bd5ebaad
bc03bd90bbce3a77
bd033c80bb55bbd0
3d60bd14be09bd76
3d9abd9f39e4bcb2
3cc4bcb83d4cbd36
bc723d4d3b2b3d65
3c4c3bd23a2cbb2a
3d72bccfbd2bbcda
bc953d10bd8a3cf2
bd48bcc4ba1fbcf7
3d483a4c3c803cb1
3cba3c053d263c1c
bc873d323bc63c30
bcd8bd023b06bd81
3d99bafbbbc8bc76
3d95bd053be3bc96
0000000000000000
3d86bc96bd053c4a
bcd93cfa3d3bbdaf
bc95bc35b984bc7e
bc70bd3c3bee3c2e
3d30bba3bd8abcbf
baebbc6c3c3f3d05
bc143c6bbd26bcf2
3d10b9fbbdbe3d5a
3cb0bccb3d0dbc0e
bc0839903cbebd27
bcd43d16bc04bc91
3b93bd18bcdfbd04
bda83dc03d1f3d7b
3cd83c82bdb43bbf
3c8e3c9b3d6d3d19
3c1bbd00bd53bd38
3d693cb13cae3c83
3d21bd59bbc53d00
3cc7bd4abd2f3cb1
3d71bd1f3b2f3cc8
0000000000000000
3d0a3d663c5ebd79
bce5bd9dbd9e3d83
bd55bd6b3dbd3c3e
bc9c3d583d9dbd13
bdbfbb273c47bda0
3c8c3b443c9ebd51
3d23bd7cbd273b95
3d3f3d01bc813c2d
3a873cfa3c12bc77
baedbd0ebc773d1b
bc843cb9bd283b4e
bd923d31bb06bc5e
3d413b933c0c3d2a
bd58bd073df7bc7c
bd0abd133cc9ba32
3ca5bc8ebda33cca
bc3f3ca6bd61bc88
bb523dcb3d0bbd27
bd403bb6395abccf
3d093b073c63ba8a
0000000000000000
bc40bcd23c54bdd8
bb20bac1bcef3d25
bc1cbd54bb883cff
3d47bd27bca93ce7
3d323cc13c0cbbd4
bc1e3ca7bb953c9b
bccf3cc83cadbd20
3d18bdad3bb93c76
bc6cbcf3bc9d3ce7
bcc53c863d293d18
3d34bd2abbe2bca9
bbd03d883cc5bdcf
bb803d7b3d65bc98
3d07bd44bb303b8d
3b91bc9a3cba3bb0
bd58bd26bda3bc5f
3c1abd39bd73bab0
3dabbca63c7abd1b
3c69bdabbda0bd81
3d3bbbcc3da9bcd0
0000000000000000
3d513d64bd363aaa
bca63bbd3cb53d28
bd37bd4bbd33bcea
3c8cbda03bf0bd53
bca9bd3ebcb8bd57
bd83bd4dbd36bd4a
bb453d03bd003d60
3c8dbd3abb0cbc78
bba3bd95bda1bcc7
bbd33d403d193c28
bc96bbd4bcf53de9
3d403a633d4b3e19
bd453d8a3c88bd9f
3cbe3c363a793d09
bcb43c893b4cbb54
3c5e3d44bb19bd43
bbffbd15bcff3c39
bc30bd8cbcbdbce1
3c923c78bd1f3d9c
3d6dbd5fbc063d98
0000000000000000
3d13bd3ebcd8bd3c
bc643cb73cab3c9d
bcb4bd3e3b2b3ccd
3ca53d5b3c9ebba1
3b8f3cdabd7ebcbb
3b413cdd3db2ba11
bc83bca0bc6dbbfe
bc303b8a3c9cbb57
bc19bdb0bbcd3cc8
bca0bc823ce83d39
bc8ab975bda7bc1b
3b3fbcd4bdb2bcb5
bd593d80bc153cb3
3de7bd693db73cda
bb33bc773d613cb9
bb69bc9abc8dbc4a
3d063c75bb3dbba0
3d733c13bd63bd9b
3d11bcd9bd96bd1f
38be3d8f3ce4bd1f
0000000000000000
3d193d0bbc51bd7b
bcc83dc4bb9abb35
3cc03d403bd1bd3b
3d1bbda2bd32bcb7
bc74bd413b72bd23
bc9ebcf6bd28bc86
bdd13c8e3bd63cba
bd113da13d0d3dca
bb4abd103d83bbaf
bd823ce2bda43d98
3bf5bc963b3ebcf0
bc2b3c0dbd323c8e
3c153d5b3be6bc07
3d3abd403d9abce7
3cafbce23c073d33
3cda3d7c3bc53cac
3d173c823d843d07
bd593cd83d6fbce8
3d1ebd1a3d58bd5e
3dd33cbd3d0e3c40
0000000000000000
bc4d3cd93d9e3df9
3c843bfcbba5bd8a
3d0439593d11bd20
bbcbbc97bb8a3cd3
3d8abca13c8c3ca0
3d4cbbb9bbb63ad7
bd7ebd6f3da63c3d
3c833c023c0abcab
bd61bcd63db83d58
3db23d77bd8cbd05
3bcdbc43bd853d0b
bd28bd23bd0b3d0b
3ce73c43bbdc3bce
3baebd593c9b3cfa
3d563b3f3d99bd70
3bce3bf93bbebc91
bcf4bd2d3d343d3f
bd0dbd8ebb7fbd32
ba77bc193cf43d1a
bd1fbcc13d203cda
0000000000000000
3bd8bc8a3d233c5b
bd4d3c063cd1bd78
bc7a3da8bc9fbd1b
3d3ebd9b3cd73d3e
ba2e3a553d473cca
bd84bd95bd22bbf7
bc5bbda9bd44bd69
3d4a3d1e3d813d00
3c893cb6badd3cc1
3d2bbc283d143bab
bb4d3bab3d253cef
bbb0bdcb3d0a3c05
bc3d3ab0bc44bc4a
3c0abd8739b93ca1
bd6c3d28bd6cbd29
3d223d263bbebc0e
3ccc3ca43d88bc66
3d403b0b3d01bbbe
3d243cebbbd33c9f
bd34bc86bd14bc5b
0000000000000000
bd603d95bbbcbd73
3d19bc90bc5fbd11
3cee3d003ceabc8d
bc473bcfbd303c7b
bc91395e3d7e3c09
3c453b703d963c97
bd1cbb923cf83cbb
3d7c3be53bb93d81
3bcbbb3a3d2d3d81
3cadbd33bcf4bd5c
bbafbd27bd2a3b68
bccb3d28bcb5bb11
bc503d1fbbecbd9f
bc323c583d713d12
3c82bc84bccdbcd9
3d1bbc02bcabba51
bd2d3ca33d97bd2c
bd703b903d313d91
3bcd3c883bcd3cee
3bf23d523d4abcbc
0000000000000000
bd843c97bd263d20
3c60bdab3c273cb9
3d353cc239be3bcf
bb6d3d28bd183bbe
bc7fba80bd723d31
3d13bbd0bd58bc6a
bbb2bd443cf73d91
3d553c5dbbad3d98
bbe83c2bbd87bcba
3d57bdbb3bd4bcfd
bcfe3d7dbc2e3bfc
bc92bd223ae5bc09
3ceb3d1c3d88bcd2
3ce1bc84bcafbce1
3cbb3ced3d95bc8f
bcf0bc4a3cfcbc7a
bd58bc27bd8f3c8d
bce3bc7dbd523cfa
bce0bba2bc433cb0
bd173b47bcb43bbc
0000000000000000
bc6ebce7bc223cbc
bd313d64bd65bd2d
3d613bdb3cc9bd3b
3d32bbd23bc43d24
3cd4bc933cdc3cc5
3d40bc953d55bd0e
3ceebc073d18bd36
3d613b9d39833d5d
3bfabd583b4abc46
bd2bbc43bc4d3d4d
bbe43d69bd533c8c
3b1e3cd8bd07bcdb
bca63e0cbd0abd86
3c533d4c3c493d26
3d123c113ce33bdc
3c42bbfcbd833da1
3b44bd06bc223da1
3d6fbaea3b823c71
bc993b82bcef3da2
3d443d50bbe13d64
0000000000000000
bba3bd25bc61bd10
bb3fbc35b6e4bd11
3cd43d48bcd7bd9a
3cc13cd5bd383cb0
bce5bd373d463c83
bd263d37bcd0bd54
bd2b3d22bb943d24
bc643c173d2dbad5
3d60badbbcf0bd6b
bd333cdf3d32bcc4
3d35bd103d0a3cc3
3c84bd2cbc743d8c
bc963c1cbb22bd2b
3c463d2d3cf53cda
3c1ebc60bdbabc09
3aa4bc5a3d603c2d
3c95bcfebaf3bc45
3d47bc863c3a3ce5
3cdfbb8a3c8f3ccd
3bbdbd2d3d3d3c5e
0000000000000000
3bb73d11bcb1bcef
3d7fbce2bd0ebc46
bd40398ebd923d29
3d0d3d79bcae3b9b
3c343d01bcaf3d0e
3d273d473bd4bca8
ba0bbab53c4bbce6
bce03b873d6abc67
bd003c423c30bc43
3d83bc87bd543ad7
bd30bb653d78bc9d
3d343d173ca1bd04
3d22bd423d173d38
bdccbd9f3d52bcaa
3d20bc2dbc87bd0b
bde13d4bbbe13d16
3b9b3d063d38bd01
bd5a3d833d9fbc99
bc8d3ca93d90bbb9
3d623a1b3d1cbcbb
0000000000000000
3d20ba2a3cf4bd35
bcd93b12bd08bc8f
3c42bda53c6b3ce4
3d083d583d403cbc
bcf5bbedbd54bca5
3d953b883d343d90
3bf23d153e05bad3
3bffbda73c7abd2d
bc43bd8fbbf03d0b
3bca3ae2bd1abcc9
bd523b61bd81bc87
bc7d3d84bcb2bd75
bc8f3d90bcbebd56
3d6ebca43dd33cf7
3cbd3d943d223bfb
bdda3c61bcf2bd69
bd413b123c4bbd2e
bcdd3ca23cec3b8d
bd1abc36bd1cbcc0
3cce3bc8bd0fbc7a
0000000000000000
3cbfb875bd6e3d41
bd0a3d5ebd263c34
3d093c583d19bb47
3d0b3bf33d3a3caa
3d4abd3f3cf9bc1b
bd1e3bac3db63d64
3ab43d3fbb413daf
3cbcba0ebd02bc83
bd32bd0f3ce8bd01
bcfd3ce23d3f3cf4
3d3abd07bd30bd92
3c2dbcacbc9fbcbb
bd223ce7bc9d3d81
3d103d253cbabc49
3d003d513da13d0c
3d73bd173c35bd04
3c6bbd12bd39bb8e
3d783cc4bd5c3cc1
3d6cbd2dbd47bdbc
3d5dbc713a583d91
0000000000000000
bc343d95bcafbd71
bc2bbd35bd26bd7d
bc353a2d3c5e3c86
3cca3d06bcdf3ca1
bc173d2f3db1baee
bdd1bb67bd6a3b58
3cb13c1a3c98bb3d
3d1d3cbc3cdb3d0b
3d5c3daf3dc33d33
bd0ebcdb3c133d50
3ddebd633d4b3d2c
3da6bd633cc23cd9
3d35bc74bc5a3c0a
bd133d843cadbc72
3cf43b7d3d8ebd13
3d24bd533c9abd42
3b243dbf3bdd3d57
bb913da3bc173c2a
3ba43d5d3dcf3d1a
bda43cd6bbf33d9c
0000000000000000
bd023d773c0abad6
3d013ca9bcaa3c50
bc863866bd183b80
3ccabbfa3d2f3d99
bc27bca43d35bc02
3b1fbc3c3af8bd1d
bd693d19bd7f3ce9
bbf1bd3a3d913d24
3b5dbd0cba183cbe
3d443c31bcf5bdb2
bd203cffbd55bd57
bc9b3d1b3cdabd12
3cd3bcd8bd28bd51
bbc9bbd23c6e3c87
bb893c96bd3d3ca4
3cc23ccf3c7fbb39
3d27bbef3d083b46
3ae7bd653ba73cd0
bd593cefbd233d08
3c73bd723dac3d97
0000000000000000
3d86bcc93b15bd79
bb3a3d4fbcfebdb0
bda23d62bc9fbd54
3d3dbd403dc7bc63
3989bd67bacd3d94
3caf3cac3db8bce0
3ab93d2b3cbfbd6b
bc143c6dbbd8bdaa
bc223c86bdc2bcee
bcfa3d4e3dc7bdb2
3c7f3d13bd153d2c
3d25bc2f3d203df4
3cd9bbd33d33bde0
bd473c163d61bc80
bc433d903d203c25
bdaf3bedbd88bacc
bc0a3c23bd673d26
bcc2bce7bcefbdf9
3d733e2abd1cbd13
3d85bd443cfd3cc2
0000000000000000
bc51bd1f3db83de8
bc6b3dad3da2bd4c
bb7b3c8c3d143d42
3bfabd15bd9f3c90
3c69bd06bbc33d9b
bca2bc823be5bbf4
bcf53d3f3c8ebc59
3ca63a9abc953d81
bbbbbb813cce3bb0
bd0ebbc0bc753d0d
bc92bca7bd2d3dbc
3d173bfdbd813af5
3d113d023d5ebc78
3c94bd4b3c54bce4
3b91ba68bdcf3d31
bc9d3d19bd51bd2b
3ce83c23bd46bb6a
3cd8bdb1bdb03d45
3d34bb273d933d86
3dbb3c9d3adf3c7d
0000000000000000
3d1c3d2f3ca93d47
bce4bd043d143db6
bc45bd973d893d49
3d1bbc89bd7f3c2d
3c933d61b9bfbdab
3c073c323b143b0a
bcafbb9b3beb3cad
bc063cd83c003c5c
bc03bcc4baa3bcc5
bca33c35bd333d02
3d29bb433d8bbc3c
3d153d2bbd70bc6f
3cf33cacbd373d41
3d1dbc50bd35bd47
3c4abd953dd43ce5
bcfcbc573cb8bca4
bd803ca03d36bd46
3d7c3d4fbcd6bd80
bbfb3cc13d59bcbe
3d173d4b3a493d17
0000000000000000
3c97bc58bd313d28
3ce23b15bc75bd03
3dbbbc003d38bcb2
bc5bbce1bcff3c7d
3bc9bd66bd0d3de7
bc8e3d753cb8bca2
3dacbc18bd86bc50
bc8ebb8f3c083b0d
bd4fbba2bcbabcb2
bc843d003ba7bdbf
bdd6bd1fbd5e3d48
bdc03d5cbb9c3d5c
3ce23e1b3c8dbb1b
3d2bbd3b3b123c93
3d32bcf7bc9b3cdc
bd75bb8f3c2e3ce6
bc80bd8bbb803c8b
3c90bcd9bd2a3d47
bc073cb7bcc5bc76
bb183d563cb63cba
0000000000000000
bc7f3d0c3d92bcbb
3c323d6fbd783d20
3bd8bdbbbd54bcc5
bc87bc923cbebd26
bc62bda8bc53bd25
bd053c84bca83d97
bd443cff3d65bd1e
baa5bc94bd22bd9d
bc9dbe053d82bc9f
3d903d1fbd223ccc
bcbc3c553d38bd2d
bccf3d6c3cb1b9c1
3da53e013c7c3c38
bd8ebc87bc2f3d26
3d2bbc95bc3cbcb1
bc0d3c4bbc95bc99
bd3bbd47bcab3c8e
bd58bc493ceabcfe
bd78bbb33d2ebd8c
3ccb3bc83d3cbd0a
0000000000000000
bcc53cb73c7a3d99
3cedbd23bc09bc1d
3cad3cbdbb603cdf
bbd03d49bd0f3c84
bcf93d253bb63b46
3cc8bc08bd2c3cdb
bd5c3b8fbc02bd51
bce93b523d873b15
3bfc3d1cba6a3d5a
3c0bbdb73c94bd92
bbb4bd0f3cdfbc49
3b433cf6bc44bc43
3cc8bd2e3bcfbbbb
3bfebce1bcb63d2e
bc213bd4bd88bd95
3d1dbc78bcd3bd49
bcdb3c623caebc9f
bcc03dbe3d193d8d
bb9a3c453d363d12
bd673c37bd043d0a
0000000000000000
bda63bbabca43c17
bd4d3d1dbc3ebc84
ba50bd863c353d81
bca1bcd23c473ce9
3d30bcdab9993d89
bd55bcb23d223d62
3ca53cd9bd3c3d01
bcb83c9b3d773bd1
3d27bc8a3ca139a2
3bf63d433d5ebbcb
3d503cd3bc05bd9c
bca1bd10bd71bd1f
3cc33a73bbecba0e
bd8e3c403b813d31
3cce3d953d473d5d
3d903c403cfdbc31
3cabbd8e3d33bd5c
3d46bd96bd7ebafd
3d11bd11bccbbd44
3d1dbc443ac93cdb
0000000000000000
bbe7b9223cc53cd2
bbf7bd15bc463c39
bb8d3c24bbd4bc83
bc483d3e3cc2b9ba
bbdfbc5ebd01bd0f
3c083d3e3d2d3ab9
3c723c26bc123cbf
bc8a3d72bcbb3d2a
baa0bd3abd073d35
bd893cefbc8abcc0
3cd1bcb6be0abd0c
3cfdbc203d383d39
bd41bc9fbd5d3d0f
bc4abd2c3deabc85
3c3abdaebd0dbd1a
bb81bcc6bb81bce0
3cff3d26bce7bca2
3d943bac3d4f3b85
3b9b3cf2bd363c67
3d5d3db13c893b83
0000000000000000
3cd8bc85bc543b7c
bd4c3d3bbd533bf3
3caa3cc3bc67bd87
3d30bd9c3c71bcd4
bc883ceb3b853da0
3d41bdb43c86bd77
bbdf3baa3d133d07
bd723d443d3abd8d
3d6f3bba3d093aac
bd8f3cee3dddbccc
bb8abc923c933d38
3db6bd39bcbb3d14
bcd13d5bbc4cbdf6
bd2cbc91bcac3d5a
3ccdbcacbd2fbc63
3d22bd60bb6c3c8c
3cbe3cab3c853d7e
3cd1bd743d533c18
3c8f3c86bca53d86
3d463d3a3d84bd55
0000000000000000
3c173b9cbc7d3c1c
3cd83d3c3d643d26
3cf33cf8bd2bbc26
bd2ebc24bc7f3cb5
bd28bc3abd4bbca8
bd273d213d8e3ad7
3c7fbd703bc53bd9
bd1cbd04bcf2bd05
3c9fbcbbbd5abcdc
3d573d313cd73d1a
3c763cbe3cadbce1
3b2dbc98bcc73a97
3c94bd39bc0b3d6b
bca1bcbbbd98bd0c
bc31bcf2bd49bd2b
3d06bacc3d51bc76
bba33d13bb24bd86
bd5bbcccbc01bccc
3d56bd243d22ba95
bb82bcd73cebbd90
0000000000000000
bcd0bda03cb5bd47
bcac3bedbbc7bdc0
3c053c93bbfdbb35
3d55bc993c933d89
bc97bd963ce93bc9
3c783d5e3c23bd02
3d283d9ebcd0bd1c
bc713db33d513d85
3d06bce23c0bbd83
bc9e3d39bc363d2a
3ae0bd89bb91bd64
bcabbd4e3cebbd85
bd363be83d87bce4
3b48bd56bcd53d0c
3cbbbc90bd783d77
bc84bd46bda13d84
3cb13baf3c03bdba
3c013d6d3d67bd04
bc85bdd03b0dbdfe
bca53de73d083d0e
0000000000000000
bcecbbc8bcb63d26
3da93d213cc8bd6f
3c78bc9c3d1abcaf
bd2a3d133cacbc0e
bd1dbdcabd3abcc3
bd913ce33d3b3cab
3a27bd2cbd8abc86
bd003cb13cc43c99
bd39bd4fbc31bc5d
bcde3ce23cadbc65
bc97bb1dbd263da8
3c97ba8ebd0f3bdc
3d12bcd6bd34bb37
bd89bbe43d123c63
3c973cccbb40bc5c
3d10bc37bd37bd23
bcb93d493c1e3d95
bd22bcf4bd213db7
bbb3bcbbbd803ca9
bc46bc123d313d2f
0000000000000000
3d6a3c22baabbbcc
3c42bc9f3c403d50
3ce4bc48b8d13cf2
bdd0bc52bbb8bd4e
bd5e3ce03c8e3b71
bdf4bc7abc4c3c34
3c813d7dbd1f3c2f
bd0c3d143d22bc20
bd50bd08bcb43d49
39c1bd5bbd163b65
3d26bd1cbd343cea
3b643d153c10bd41
bc92bc96bd453d0a
bd173db83c31bd7b
bd8abd66bbe23d5e
3dd9bc56bc853aa4
3ca03ce83cc03b80
bd723c763d99bcd9
3c82bd523bf53d27
bd90bbf83d2abc47
0000000000000000
bc33bbaf3cd73c1f
bb7ebd43bda5bcde
3cf03c46bc1bbd0f
3c3a3c7e3d183bfb
bcc53d713ae93d23
3d783b22bb123cf1
3df9bcc93acd3d01
bb1f3d153b0f3d8e
bb573d1e3d213c03
bc9dbd63bc413ca0
3c003bb33c263bbe
bd2f3c863d52bbf2
bcdebd9cbd00bd21
3d853c27bc023d5f
3d91bd36bbdc3c18
bd66bc9e3c68bc1b
3bfdbba93d47bc41
bd893d2dbc9c3dcc
bcf8bc4a3c75bd90
bb2d3d853d603cbd
0000000000000000
3d713d1dbd9cbcfd
bcdebd353bab3add
bcfabd003cc9bb99
bd413c06bbe9bc03
3c4d3d2abd20bcb2
3d1e3c6abd08bd60
3db0bcab3c843d62
3d4c3ccdbbbbbc39
3c853cd83cbdbce5
bd023d173c7dba55
3cb3bd103d8a3d32
3d8c3d743ca0bd34
bcd6bcc33aff3cac
3d7b3d46bd84bc83
3cfb3c543e133cd3
bd64bc4a3c8d3d81
bd0f3d22bceb3c1f
bd353c69bd22bd61
3d49bc9a3c9a3d07
bba3bd2cbc673c14
0000000000000000
bbe5bbbbbc3a3d26
bd483c553ca1bbc0
3cf6bcb73caabd1d
3d28bd933d2c3cfc
3cc23cc1bcfebc1d
bd23bd9e3d30bc9a
bc8a3d6f3c083d23
bc4c3d6bbd08bca0
3df1bc56bd123cfc
bcccbd2a3cbebd03
bc9d3c82bcc13c35
bd963d0fbc77bc81
bd63bd143d3ebd21
3c883aae3d663c06
3d0b3c903d9cbd34
bc0b3cf8bd7abcfc
3d743d95bbe83d04
3d0ab9c7bcf33dad
bca13d24bd0b3cd9
bb903ce63b993d31
0000000000000000
bce9bc343c9cbc6c
3c8dbd8d3da5bd25
3d06bcebbd52bd22
3d76bbc8bc593cf7
3bd1bca5bd1b3c2c
bc353cd53d45bc4b
bc0a3d54bd253c94
bc9c3dd7bc303d42
bce53d92bbf83d8b
3b92bd4d3ccfbd2d
3b9e3d5dbd2bbc15
bd02bdc43bc3bd91
bd36bc493d883cd2
3c223dc8bd1f3d38
3d5a3d0fbd2dbc0c
3b2e3c4fbd0ebc55
bcdf3d5ebb133d66
3caa3b8bbd0c3c43
bd86bd0fbc053cdc
3c4dbb133d6a3ba5
0000000000000000
3d703d6b3cd8bc50
bcadbc28bc52bd03
bcd0bca73c9f3d3d
bc82bd31bd2bbd42
3db53c40bd063d05
bd38bc83bc9bbb3c
bd3b3dddbd1f3c95
3c6ebc953d4c3bb2
3d33bc133cc0bd51
3d0ebca13d35bc04
3d593d2bbc943cd8
3da6bc91bc66bcf9
bdacbc93bcf13d9b
bc1b3c5d3cbfbd1e
bcdbbd083d823d25
bc0a3d7c3bae3d37
3d21bc223d3ebcaa
3c503b65bc58bcce
3c673cec3d053ca7
bd023b78bcc2bd6a
0000000000000000
3d813cb73af6bd2a
3a913cf7bb6e3cf5
3d3f3d183ce8bcf9
bccbbce0bc9cbd30
bbf33cbdbcc6bd09
bcb0bc47bb953d25
3d403d123d62bc44
bcc5ba8abb8bbc0d
3d0e3d563cabbd04
bb9cbd44bc9f3d64
bd8ebcda3caebc1f
bd92bda6bd113bb4
3afabdd0bc693cc4
3cfe3d453d2b3bc5
3b8dbc973d403c42
bba2bd90bcda3d1c
3c2f3caebd5ebc8d
bcb03c68bcfcbd33
bd593d4bbc6ebd1a
3b60ba2abd20bd6a
0000000000000000
3d053c56bc673c61
3cc7bcafbd2fbd5b
3d6cba66bc24bb18
bc123da53d3e3d87
bcd93ce33cb2bc8c
3ca73daf3c05bc36
bbd03d69bcbcbd17
3c983d8a3a91bd38
bd2fbc5d3d19bc52
bc75bcc3bdacbc1b
bc68bd2f3ca13b9b
bcb2bcdd3c4f3ce8
3cef3c8cbc75bc95
3cafbc8d3d153d94
3d4a3dc7bcf6bcc2
bc37bd95bd26bba7
bca4bd5ebc1c3dcc
bd6bbd273ccc3d02
bc5bbd92bd1a3da4
bd223d2e3d813d1b
0000000000000000
3d8dbd933cf43cb4
bd313d473c64bd64
3bbb3da7b9773c08
bb78bda23cf4bc2a
3caf3c06bcd53ce9
3ce9be08bd3fbd0f
bc8d3d3f3be2bc82
3b863ba13d573cf2
3c91bcf4bd133d3e
bcb8bcc4bcfd3c0d
bcfd3c873b56bc43
3c86bc893dd53c0b
bcdbbd79bc9a3c04
bbdfbc123cdb3c3a
3cfd3c093ce43bec
3b2f3d0dbd7bbb05
3d29bd253d563d16
3d8abc283d443d99
3a463cf53d013d0b
3c85bd763c7d3d4b
0000000000000000
3c61bcf23d1dbcd5
3d27bc38bcadbd48
bd52bbbd3dba3bb2
bbb0bd243cf53d67
bb47bdd13d573cf9
3d52bd72bd31bb5b
3c2c3c08bd0b3d3e
bd013c4a3d60bd0d
bd4abc383cf8bd44
3d1e3d4b3c57bd3c
bd113ce2bcdbbd0d
3d873ad8bcdb3d5b
3d023c1fbc99bc7c
3d2fbd223cd13d5a
3b293d1c3b7ebcde
bd7abba8bd8f3d62
bd923d46bc3a3d00
bbe7bd2c3bdb3b3b
bd74bc46bbea3cb9
3b52bdadbc013c80
0000000000000000
3d22bc10bc76bae2
3c7e3bf4bd2b3c20
bbc73d343d893bde
bca7bc7e3d973d6d
3d733bcf3ce0bcce
bd55bcef3c853deb
bd6fbcb3bcb53d27
bd0bbd1e3d183c8d
bd5bba183dd73d39
3c87bc7ebb6a3ce4
3da53c9fbc1abd00
bd423cc1bd093cd3
3cba3bc73b19bc18
bcf3bcfb3d49bccc
bc363d1b3c9f3c06
3ce0bc86bdaabd9f
3d1abc7ebc6ebc01
3d7dbc713caf3c96
3b6bbce7bc82bd6f
bda4bc393d073d8c
0000000000000000
3cf83cef3bbcbcee
bc08bc7b3d19bd55
3d083b323d59bdd1
bcfc3d49bd5e3d67
3cdb3d91bd063d01
3dbf3d593ce2bce9
bd27bd6a3d58bd3a
3c463d403c83bce8
3d8a3cd33d12bd8f
bbaabc083cecba42
bda3bce1bd143d18
3d07bd08bcc83d22
bc273c4c3d76bcec
bc823d81bc24bd5d
bbfd3cb73d0abc8b
bd4cbc58bda5ba95
3bdfbbdebae13da2
bc253d43bd8cbd23
bc18bc2ebd2abc65
3ba03addbba23c33
0000000000000000
3a8fbc16bcad3cc0
bd193b41bc85bbee
3d823d1d3d0fbd31
3d503bcd3bfdbbc1
bb913cd2bc913d28
3b833d293c493cdd
bceb3c383c1fbac5
bc14ba853c75bcb5
bbb1bc20bcbd3bce
bc3bba05bcf43bd8
bd77bd633d91bd12
bb5f3d03bbb63c8a
3ca0bbfc3d13bbbe
3d39bce3bd01bda5
bc8bbc673c7e3c36
bc5abbb43be2bbc5
bd013c10bda53c1f
3b583c7dbcc33ca4
bc8abb6a3c5e3c74
3c4cbd8a3c86bd3b
3c6c3c993c5e3c89
3b023be53bbdba02
bc9dbcaf3cab3c82
bcbc3d1cbd0abcb2
3bb03cee3d0bba81
3bb13c333b1539f1
bd07bc563b8dbc9d
3bc33cf13c503d51
bcf6bb713a2e3c5b
bc8abb313d453c94
bca6bd5ebd3c3c08
bc93bc90bb773be5
bb22bc133c46bc62
3a463c5fbd973bac
3c4d3d913d12bd5d
bb763cb93c2bbc79
bc3d3bafbb7e3b3e
bb8bbcecbb83bb09
3afa3cc2bc483d0b
bd70bcdf3a633bd2
bcb1ba26bcb8bc34
bd26bd113d223c55
bd623a0e3c69bb95
bbc5bd05bd89bd1b
bccf3b113bce3aaa
3ca2bc943c50bc30
3c2fbc9dbda33c8a
3b953cdb3c1bbc04
bd4abd2eb9cb3cd8
3d02bbe6bd79bc83
bc053caabc14bcbd
3ac73ca1bab7bc0f
bd003c0cbcf83d20
bb973bb5bbbbbcda
3b453c8c3b0bbc02
bbff3bf43ba2baad
3d0d3d283cd33d12
bca2bc76bcaabb39
bb29bcdcbb93bcb6
bb2e3c57bc96bc13
bc26bce83d06bc1f
bc733c80bd1d3d04
bb593ad6bc833d06
bc86bd813c2fbd35
bd1d3b37bbf6bcaf
bcadbc7a3c083bb3
bc85bc28bb7339aa
3bb93d1dbcfa3acb
3cf8bababc76bca9
bca23c26bc183afe
bbaf3c833c60bc52
bc52bd04bd0e3c51
3c943ab6bcf7bcbb
3ced3cd63c8cbd07
3ceebc893c51bcc8
3c79bd02bc64bd3e
bcc4bb783bebbb82
3c5d3c9e3d283c2b
bbfe3ccb3d61bceb
bc4f3cb0bd8e3d26
3d9b3b94bce0bd67
bd3abd02bd3c3b7f
bb6e3d2bbccabc7b
bccebd383d08bca0
bcc83c73bd4d3c7e
bd80bac3bcb6b9e8
bce4bc72bd223aad
bce6bcaabdaf3a67
bbce3d36bc7dbcfa
bb34bcec3c91bd1e
ba913d643d5ebd4b
3b313c4f3d1e3c54
bc9c38833c6eba95
3d1bbca43bdabb8f
3b10bcfb3d02bc70
3b343bdb3d27bcbd
3cb6bd823cfdbd92
bcccbca13b743c60
3c63bbeebb9abc85
3bda3c5c3c87bbc6
bcb4bc593ca3bb01
3c98bc6c3cc6bcf1
bd4e3c91bd58bce6
bcaebccfbc823d1c
3ccc3c18bd37bd2b
bca43bde3ba63c4c
bcb1bd383c46bc60
bc3d3c143c81bb1f
3cd6bc62bc23bcb5
bd1f3c59bd213d1f
bd3fbcde3d56bca5
bd01bc7e3c4d3d00
3a30bbff3c9ebba1
bd11bd223c453bda
bc92bcc43b8c3c0f
bbc4bd16bbcebcc0
bc7bbc9cbd24bd0c
bc8bbd0ebcb13cf8
bbb93b7bbccb3d41
bc7fbd10bd14bc30
bd21bca5bd283d3e
bc4f3b533d10bce7
3c863c3f3d10bd01
bb1b3c86bd5c3c45
bcf4bcfebb4c3c80
3b253c103c483b22
bb913d3dbc88bc32
3af73c84bcb8bd26
bc5f3d1dbb84bd0b
bdacbd893d99bd39
bd0ebcbfbb873c88
3bc2bc48bca03bae
3c38bd51bd3dbd20
bcbd3ca43cdcbc3c
3b4d3c773bdebb54
3ba63c8dbd2bbc96
3c05bd253d47bd3d
3ccd3d363d2d3c3d
bcec3bdc3bff3bd9
3c5ebc99bb67bcb1
bb643ca6bb6d3c11
3abfbcb7bca93c56
bc923c133d073bac
baf3bb81bbbebca2
ba9d3c233c1a3c18
3c2c3b2e3bb2bb7e
3bf3bc883bf63ce8
bd11bcd9bc4e3d67
bcc9bda23cbdbc83
bd583ca13cc9bad1
bd203c3f3d03bc4e
3d8abd4cbbccbd9a
bc673d8ebcd6bd05
bce03baa3b8f3d42
bae13c2b3b87bbaa
bcc03b82bb26bc24
3c97bd723caabd1a
bc5cbb353c57bb93
3ad23c73bbd0bcd3
bbd03c573ca7bbae
3c373c8f3bbdbc0d
3bc1bbd2bce8bcab
3c683c0fbc763d47
bd15bbb9bc9d3ba3
bd00bd1b3c0e3c7c
3c063d12bd3ebc1e
bc8cbaf6bc74bc14
3ca83c8f3bb33c3e
3d0bbd2bbb44bcef
3c5dbc24bd163c3a
bbc13db4bd12bd24
bc92bd403d18bd1a
3cb2bd04bc0fbcfb
bc3bbb173b7dba51
3cac3ae33d7abce6
3b18bd3cbd56bccc
3c863b9abd86bb22
3c66bd10bb3cbcdb
bc3a3ab1bcb13d29
3c883c3639c83cae
3c353cf8bd7abc77
3b623c18bd6f3d22
bb9abc3cbb54bcc0
bb65bbafbb46bbe6
bd10bcb73cc639ba
bc0c3c843ad0bcbc
3c653d4d3b1abd06
baec3c86bb1bbb76
bb533c9f3bc13c01
3d4abb10bdc53c36
bd383c963c053baa
3c56bbc73be5bd17
bb9abd6cbd55bc92
3d023c3fb74ebcf6
bd4dbd153d013ca8
bc833c1cbb9f3b29
bc9dbd5ebd083cfe
bd1ebbbf3ceabca1
3c8c3cbd3cf83b98
bc0ebc643d313c24
ba613c3b3b8fbc93
bcb1bc823c673c9c
bc583c5c3c943bfa
3c593cd13d513c98
3c213b8f3d81bd93
3ce3bd6fbcabbcda
3d2d3c30bb85bce3
3cf1bd06bc4bbda1
bd223ccdbc35bcaf
bd493c273cca396e
bc2abc063ce3bce6
bcf8bd233cd33bb5
bd4abd05bcd43ca5
bd29bd173cabbbac
bc21ba713c62bbf3
bd05bd04bc9bbd0d
3ce8bcf5bd783a8c
bd1cbd3b3c4a3bde
3c283b94bce3bc9b
bca5bcfabd3f3d70
bc2cbbfe3c42bd29
bcefbbd0bc4f3bbd
bca83c0d3cc43c08
bc503c9b3d133b4d
3b0abcbd3c94bc14
bc0d3bc63d333bb7
bcb83c3fbda9b95f
3d283c90bceebd1d
bd2ebc70bcb5bb16
3c9b3b88bd29bb7c
3cd0bc653c36bc41
bbb83b793a823c15
3c0a3c10bce13cf2
bb9c3bde3b8a3c0d
3cc6bd8fbd35bd83
3d1b3ce9bd05bd08
bc0a3cc1bd5f3cb9
3bcdbc853c3fbc35
bc883c7f3c64bcb0
bd3bbc8dbbcebc71
384cbbe33c85bcc7
3be83d663d08bc30
bd0abcb9bd303be8
3c433cc2bceabc97
bbb8bbe63b823d27
3ca9bc82bca83ba2
bd2abb60bc19bbbc
bb783ca4bd0d3c0c
3bd9bc4f3b853d09
bbde3cb13acdbca9
3bd93ccc3cd8bc21
3c17bd923d12bdbd
3bc2bc383d0fbaad
3c263cb83c75bc61
3c043c1f3c0f3beb
3c06bcdcbd913c91
bc47bba6bd943ced
bcb4bdd73b693d52
bc783cc9bc0fbc85
ba9bbce43a793c51
bca83b70bc06bceb
3ce23d02bbf6bc0b
3b2f3d38bd823d1b
bcd83ab9bd49bbe2
3cc0bc3c3ba3bba3
3cadbd25bc81bd17
3b233b96bcdf3c0b
bc6f3c01bd723be5
3b96bb5e3c233b7a
3cfe3d4bba9c389b
bce8bc1ebd2f3d17
bc7dbc753ba63c1c
bc983bb7bafabbf6
bc563b8d3b483c0a
bc52bce5bd703c92
3ca5bc3dbc15bcbf
3cd23d3a3d063b49
3ac53c21bd25bc8f
3d153c9fbdf5bb1f
3c893ba13c4ebad3
3c433ca93c8fbcc7
bc5e3d393c96bc95
3d093c19bb89bc76
3cd83d253d0f3c1f
bbdcbcaebd45bca4
3bd03d23bc903d25
bc1fbc83bd753d45
bcf43cb23cd7bb5e
3bbb3c143c24bcc1
3c473d813cf33bcf
bb6abd453cf0bd12
3c50bbec3c8ebb0a
3d97bb263c92bb2c
bbc03b93bc24bcb8
bcecbd633c9abca9
3d15bbc6bcab3c56
bc55bd143c9c3d97
bbd8bbf8bceabbd9
3c923cbd3c89bc9e
3c2c3d613d57bd0a
3ca73d203c83bb9f
bbc9bbb9bb3bbc44
bc7bbc683cc93c91
3d66bb963d11bd0c
bc94bc3ebd55bb13
3c193c63bd84bcdc
bdcdbb8d3d55bd50
3d203c133cc1bd39
bc39bd193c09bc38
bccd3c1c3ab73bbe
3cfabc8cbc2dbb94
bb87bcd9bb773c23
bd80bd263d0dbc95
3d01bd993c82bd56
bd64bd4fbd8338ac
bcb83c5e3d99bc4c
bd02bd93bc9d3d34
baccbcdebd0fbb32
bc56bc2e3a3d3cdf
bd0e3bf6bbcfbb5b
0000000000000000
3bc5bca13bf8bc4e
3d1bbca6bc963d14
bdb3bc1c3d08be04
3c92bccdbc69bc8f
baa1b9c83bec3b1e
38a13cbcbc8bbaf4
bb5d3d82bbee3c3c
bd003bf23c9abbed
bcac3c92bbb93cdd
bda63caabb273bf8
3c92bcc7bcbe3ce9
bd133d63bc253c94
3c86bcc83b2c3c99
bd2fbd863d19bd16
bbb53bc5bbf4bc09
bc993c153b71bc86
3d28bd55bc943bab
3c89bcb1bba5bd14
bc1a3a4abcb0b9dc
3c2abd68bc4b3ca3
bca13c9b3ba93c07
3c73bb9cbc07bc37
bb833c80bc383c46
bc9abce0bcd23cde
3bfabc0ebc74bc29
3aa9bbb43c28bc7a
bb9d3c643c583b1e
bd5dbc8ebd3dbcd7
bd0b3d193c543bae
3c37bcc9bc21bc4e
3a8d3bf03d5ebd7f
3c05bc98bca53d23
bac5bc0bbc573cdb
3d56bd62bc64bcbb
3cd9bd89bcf4bd07
3cabb4cabc8e3c6b
3b913c13bc6d38ec
baee3c863c3abbe6
ba19bc99bc79bd6a
bc623d163cc7ba17
ba0fb948bc673b93
388cbc59bca43bc8
bcaf3d143ba43c1c
bc4b3c0d3d6ebbb0
bc903d033a2dba22
bc6bbd0abc003bc5
bd7c3d0e3d21bd14
bc653c82bc613c4a
bb9b3bfebbb13c4d
bdc2bbc93d0cbd65
3d04bd05bd103cbe
bd82bad63c56bd8f
3c8fbcf7bc56bb99
ba513bd1bc8c3afe
3c10bc82bbd4b6f3
3be03c93bb893c35
bc20bd4c3d1cbde3
bd353da23d4cbc5b
3c38bd24bb823cae
3d4abd643a843bf1
3c7cbd0dbc893c11
3b93bbc5bc85bcb0
bccf3bfebac4baa8
bb09bd3abd0f3d86
bc423bdd3a9fbca1
3b19bcf5ba1c3c18
bbac3b893ac3bc61
3c8cbbaebb823abb
3c57bc833cf03a60
bca53c3fbcc33bfe
bcae3c25bb813b99
3aa2bc4a3d30bd86
3d65bcfe3cd2bcf8
b988bc033b06bc10
3c89bc0bbc99bc38
3cc9bd51bbbf3cb4
3c8dbcd8ba4c3c4b
bcc73b24bc1bbc1b
3bfebc13bb7dbd0d
3bc2bc04bc993b8e
3b06bdaa3ad1bd79
bce03d943b343c8d
3d06bcf7bcc43cc7
3ccfbcf4bc4a3b92
3ba5bd2cbcddbc21
bcee3cf7bd313d63
bc3bbd0e3cb6bd3e
bd3e3ce8bca83d5c
bc1abcaebd033c1f
3aa5bd52bd3f3cf8
bd0c3bcfbbb4bdab
bd013ca2bc6ebc01
3b753c173bfc3c15
bbbabc353d05bc62
3cf1bcb1bbf0bcd0
bd123c8abc3e3b16
3bcdbc233d1c3c8d
bc913d32bbf3bc31
bc0dbcd93a8bbc36
3c3fbc9cbbcbbbd1
bb86bb19bcaaba1b
3c6cbc98bcb2bbf8
bd1f3c31bbf13d49
bd443d22bd02bc6f
bdb13d023d13bd6a
bc663c29ba2cbd0e
bc79bce4bb543cb2
bc903c47bc373c04
3cbfbcd2bc22bab3
bcc2bd3abd7b3ce7
3b67bbd0bd3b3c9f
bc183d4fb9a03bc8
3c673c093c70bcd8
3b1e3ba3bc503cc8
3ad83c26bc45bc26
3ba9bcb1bc8dbc32
bbf23c8a3c3b3c62
3c8f3c043cb43abc
bcd43c6a3b23bc51
3a903d063cb83c49
bd943d5dbcf13cc5
bc15bce9bd2b3b95
3c76bcbf3c353c5b
3c42bca63c94bd9c
bc453ce33c25bbbb
3bec3c0c3cb63bb3
bd923d0fbc83bba6
bcb1babe3bdcba0c
3c703d04bc453d02
bc903d03bbff3c7b
bca83c96bc193c10
390b3bebbbc23b05
bd3dbd14bd103c6c
bd193cf9bb8a3c89
ba0f3c503c2bbc0f
bb343b36bb223c98
3d1bbd2bbd253d1e
bdb83b203ba6bd8b
bccf3cf7bd0f3cba
3ccebccc3bdb3bb3
bca43cf2bc02bc9a
bc7d3d223c9bbd0e
bc0b3b24bcaebb10
3d20bd59bcfe3cb9
3c483bdabbdd3b07
3c0cbc323c70bcee
bc333d1bbd063d1d
3bd43c0e3b9cbd08
3bcfbd7ebd2e3c3f
3c2bbcafbc8f3c0f
3b883c8bbc8a3c92
bc24bd483addbcb8
bcddbc85bcd43bbf
3c923bfbbc863c1c
ba2a3c9bba8e3a3d
3c2dbb77bb7bbc0d
3c8cbca8bc4f3c93
bc433c24bc953a9a
bd113b2b3c34bcdb
bca93caebc0a3c1f
bc353c473b24bb9b
bc803c503ca53c85
bce6bc3ebaf5bd0e
3b8abce5bd4a3d4e
3c413af03c173a93
3cd0bc0dbbbb3c9a
3bfabb10bb393c8b
3a113c1a3c933c4b
bc9d3c673cb83c73
bc42bc68bcc6bc01
3d34bc03bc283d34
3c90bd373c173c09
3c58bd303c4bbb0a
bb523b63bc863c40
3d0ebd58bd8e3cb4
bcc03d263d76bc83
3cf6bd32bbbbbb9c
3c883c283c4bbc92
bb4bbc453b9bbc17
3c98bc1a3cffbce1
3d44bcd4bcbfbb8c
bb99bcb3bb9fbd3c
bcf63d4c3d06bd3f
3c3b3c043b1f3bd4
3c76bd18bc05bccf
3ac43c4fbb923c54
3d5abd3ebc4d3d1c
bbba3a13bc18bb12
bb4c3ce4bbae3cce
3c50bd703b53bdab
bcc63cb3bb713c96
3d35bd7e3c3f3bc2
bc90bbdb3da5bd89
bda9bca03cf3bdb0
3c8e3aa1bcc9bb4d
bb553d06bcec3c87
ba3c3c3d3d40bd22
bbd63cf2bc653cab
bd853caebc933ae1
3b3a3b89bccbbbb6
3c853bc5bc593bac
bc723cd9b9a43b8c
bc773c8abc863c38
bda6bc5bbcfebd52
3cdcbb81bca4bc46
3c9dbcc23d5ebb3c
bc96bcc23c9ebc59
3cb3bda53ab0bc44
bc52bc71bc9a3d16
bc963d1bbbe4bb4b
bc3c3d5cbb983d14
3b30bc63bc5e3b2f
3ca5bc26bc013c8d
3c7cbd3cbd003d30
3bb93becba7e3c67
bc3a3d333d2bbcf9
bd66bb313d63bd62
bb943bf2bc2f3ce8
bbe03c1c3d37bcc8
bd053d12bc0e3c81
bcb33c383bc2bbca
bd263d623b89bd00
bb8e3c8fbc5a3c4e
3c543c38bc8b3b82
3ccebc0ebc373cd0
bd113bf8bcff3c27
3c303c57b8883cb4
3cdfbda9bd7bbcac
bd4bbabdbd3b3d22
3caabd7bbca7bd15
3c8bbc8dbc5abc55
bcc23be8bc41bc57
bd68bc67bc69bce4
3b91bc343a6c3bdd
bcc3bd573d8bbc97
3d44bd87bdaa3c71
3c83bd0fbd053b70
bbe8ba5b3a343c46
3c853c14bc203c41
bd373b05bcec3cce
3cb2bc47bd153c83
3d0cbdd7bd4abd76
3d16bdaa3c39bca6
bcf0bd26bcd53c49
bcffb9e63c94bcd1
bdb03d2c3d1cbd2b
3c5abcd3bd293d49
3c3bbcfbbb80bccb
bc863d04baac3c37
bd373cc03c4ebcd5
bc373c3ebb793a80
3bfcbceb3d75bd64
3c01bcca3b56bc07
bd45bc80bb25bcd0
bcb93c6c3c10bd06
bd5c3d593cf23ce4
bc753d6cbd053d05
3c27bbb53c37bbcd
3c9cbcbbbbbc3d78
ba493c653c013c27
bd04bbabbca43d17
3c97bcc5bc7bbadb
3b97bd80bd55bcbc
bc2d3c54bc1b3d05
bc43bc163b62bbda
bd3dbc9e3cfbbd4c
bd183cde3ae53c07
3ccdbd41bbf6bb46
3a68ba97ba8a3a8b
bbc0bc7cbce5bc6b
bd473c7e3b92bb84
bb803d113cadbc37
3c36bab1baf23b4c
bb68bcabbbdcbc05
3c10bca03d1abd86
3c8dbd17bcc8bcc7
bd74bc4ebc7dbcc8
3cb6bd693cafbd1b
3c8cbd5c3bcdbcc3
bd51bc373ce3bd9a
3bb4bb0838db3c4b
3d61bcf0bcc9bbd8
3c2cbd373c7abd37
bcbcbc7abad7bdc9
bac7bb8e3d97bd18
bc1dbd23bc34bd29
bdad3c863c15bba4
b9fcbbbcbc79ba97
bbe43ca0bc003b12
bbaa3ab13baebca1
3c8abd573caf3c50
baf2bc96bbb73c9e
3c41bd373bf9bdb1
39eb3b563a2f3c46
bc353c3fbc943d11
3cfcbd673cb4bcb0
bd593c01bcdcbc5a
bab03a903d10bd72
bd223c093c8fbcfc
3c09bc963d2fbda3
3d58bd873bf9bc87
bbb639afbc8d3cf0
3b053c0e3c80bd24
bdf4bca23cf7bdbd
bcc33d813d37bc3a
3d0ebdbcbd40bc4f
bcfb3c203c9abc18
3d1fbda53bf8bd1f
3c0dbd2cbcb43c41
bcc73d02bc0e3c86
3cd9bc88bc863cc3
bc823cd5bc9dba87
bc0b3c8c3ca83b90
3c9ebd993c0cbc17
bc383ca4bcd23d86
bcfc3bd6bcd6ba5e
3bcd3d00bb50bae5
bd8f3c8e3d72bd91
3b893cb93bcd3c31
bc953cdcbc2b3cc2
0000000000000000
000000003c2f3ce9
000000003c0d3b2e
00000000bc383c70
00000000bb6e3cdc
00000000bb66bca3
00000000b884bd9c
000000003c2cbd0c
00000000bbe93ce9
000000003c84bd4e
000000003b033ccd
000000003bcd3cfe
00000000bd0abd28
00000000b9d23b9e
000000003d703d70
0000000036f93bdd
00000000bc05bbae
000000003d0ebc8c
00000000bcd1bca7
000000003b21bbdc
000000003d223c55
00000000bc683aa6
000000003c0fbbe9
00000000bb06bc59
000000003b8fbc88
00000000bcb03c00
00000000bb0abbd0
00000000bc333c91
00000000bd1b3c96
00000000bcdb3cc8
00000000bc413a9b
000000003d27bd52
000000003d403a15
000000003c03bc31
000000003cb23bb9
00000000bd443c35
00000000bbe8bc36
00000000bbe0bb91
00000000bc983cd2
00000000bc9bbc26
00000000bc063d37
00000000bc2dbb7e
00000000bc8a3c7d
00000000bd043ce8
000000003d213cbf
00000000bcd93cb3
000000003c5bbc17
00000000bca0bc2f
00000000bd09bcf8
000000003d073ceb
000000003c093cfd
00000000bc983c39
00000000bd593d2a
000000003c353ba6
00000000bbd6ba38
00000000bce1bd34
00000000bbaabb35
00000000bd51bd35
00000000bcf9bc20
000000003cffbbef
00000000bc47bcca
000000003cabbc21
000000003aa5bce8
00000000bae0bc99
000000003d033c93
00000000bb2dbb66
000000003c92bc11
000000003b463bef
00000000bcd5bba6
000000003a4abd0e
00000000bd123c8b
00000000bcb3bc88
000000003cf33d4d
00000000bcae3ba6
00000000bc36bd40
000000003c7bbcbf
000000003ca1bd6a
000000003c23ba00
00000000bbcfbccb
00000000bd2f3d9c
00000000bb87bc8d
00000000bc203c58
00000000bcde3a11
000000003c463afb
000000003caa3c82
000000003bcdbc1f
000000003baabcc1
000000003d513d60
000000003d22bc96
00000000bc083d8f
000000003dc4bd77
00000000bdc53d5b
00000000bbccbb96
00000000bb413b8c
000000003d253ccf
000000003cb63ca6
00000000bba4bc51
000000003d293c0f
00000000bcaebb83
00000000bc713b6b
00000000bb42bc24
000000003bdfbaf4
000000003c4ebc80
000000003c7a3c1b
00000000bc16bd33
00000000bc003d36
00000000bd483cc6
000000003d83bc5e
00000000bcd5bb65
000000003c8abd27
000000003cc83c18
000000003c543bb8
00000000bc63bc30
000000003bc43c4b
000000003c423ae4
00000000bbb13c2d
000000003ca53c78
000000003bef3d0c
000000003c60bc03
00000000381fbc86
000000003a713cd0
00000000bc7d3b94
000000003c9b3c8c
00000000bc77bbaa
000000003c4d3ca5
000000003bcf3c36
00000000bba03c34
00000000bd49baa7
00000000bab43dbe
00000000bcb7bd40
00000000bbe33ce5
00000000bc8d3c35
00000000b9e3bc0e
000000003cc03d89
00000000bc803c91
00000000bc323c2d
000000003c98bc34
000000003c77bd52
00000000bd88bbfb
00000000bd5e3cdc
000000003cbdb8ee
00000000bcf53d24
00000000bc2a3ca0
000000003c84bcb5
000000003c223c03
000000003b3abb7e
00000000bc583ad5
00000000bc7abce8
000000003c8d3c28
000000003dc2bca3
000000003c45bb58
000000003764bc63
000000003d853cb5
00000000bbb53c89
000000003ab7bd16
00000000bbad3c33
00000000bb9b392a
000000003c8bbd0f
00000000bbc5bd04
000000003a2a3d7a
00000000bc643c96
00000000bc233c44
000000003ca9bb9e
000000003b543bd4
000000003ce4bbd1
000000003ad6bb85
00000000bcd2bb2f
000000003b11baa5
000000003b903c80
000000003d2fbd0c
000000003c013d34
00000000bcb2bd43
000000003d84bcb6
000000003c71bc37
000000003c403a40
00000000bca23c81
00000000bb883ca3
000000003cb2bbe0
000000003bcf3c8c
000000003bbebcb9
00000000bceebce0
00000000bcc6bc76
000000003c4abb57
00000000bd483c8a
000000003b7a3af4
000000003b933c57
00000000bbfb3c86
00000000bce6bd0b
000000003c523c0d
00000000bc90bca8
000000003cd93d0c
00000000bd103c96
000000003bd3bd68
000000003d0a3cbb
00000000bc823b7c
00000000bb333b67
00000000bd2bbd0c
000000003c163c2b
000000003c9f3c1b
00000000bd0bbd0b
000000003c4b3c0c
00000000b893bbac
00000000ba783c9b
00000000bcd5bcaf
00000000bd4c3ce2
00000000bc773cb7
000000003c56bd91
000000003c933cf7
000000003d333bb3
000000003c94baa2
00000000bd013aba
00000000bd43bd6b
000000003c813c44
000000003cf2bce4
000000003d623b18
000000003b4abb6c
000000003b933d5d
000000003bdf3ce2
000000003c9b3cd5
000000003be33c13
000000003be7bd13
000000003c323d1c
00000000bd6cbc01
000000003a943cb8
000000003bcabc6c
000000003cbfbcd2
00000000bd2c3d5a
000000003c24bb1d
000000003bb63d1a
000000003c09bc6f
000000003c433c85
000000003bcb3c98
00000000bd09bbad
000000003af73d0d
000000003bb23c08
000000003d2a399f
000000003cb93ce0
00000000bb0dbd5f
000000003c3abc91
000000003bb9ba7e
000000003c4a3c83
000000003c92bbcd
00000000bd6b3d0b
000000003d1dbcb3
000000003cd63d06
00000000bca13cce
00000000bd0fbc78
000000003cd3bd14
000000003ba53cec
00000000bbdfbcba
00000000bd133c7f
00000000bc18bd13
000000003d343d5e
000000003ba5bcf4
00000000bd193ca0
00000000bc913cb6
00000000bc06bcc4
000000003c80bd91
00000000bc2cbc2b
000000003bb93bc1
000000003c193ba7
000000003c5cbce3
00000000bd233c23
00000000b7fd3d16
000000003c9fbc4b
000000003bb53b7d
000000003bb43d9a
00000000bc72bc36
000000003c883a96
00000000bbccbcae
00000000bd083ab5
000000003c593d83
00000000bc713d31
00000000bb063bc2
00000000bb003be8
000000003ce4bcec
00000000bb793c4c
00000000bd533bb3
000000003b9a3ca0
000000003c8f3b43
00000000bd883cf4
000000003c69bd12
00000000bd09bc87
00000000bc8ebd7b
00000000bd913bfd
0000000039dbbd2e
00000000bb4abac7
000000003bac3bb4
000000003bf4bca0
000000003a833c05
00000000bd3bbd32
000000003cb43b99
000000003c97bc97
00000000bd35bcfd
00000000bcbb3a89
000000003cf43ca0
000000003cb2bd26
00000000bc03baa9
00000000ba2cbc68
00000000bcbfbc85
00000000bd6bbd71
00000000bca1bd4c
000000003ca93b21
00000000bc9cbb6a
00000000bb8f3d13
00000000bba3bbbd
000000003d303c7a
000000003c443cbe
000000003b933c71
000000003bb4bbe3
00000000bbd43cec
000000003bed3c8e
00000000bcc9bb5d
000000003c9f3d04
000000003d54bd86
000000003d8cbcdd
00000000bce73c28
00000000bb47bc80
00000000bd0c3a23
000000003ba8bb87
00000000bcec3c63
0000000000000000
