3f99bf87bf36bfd2
3fa5c0093ee63d86
00000000bec83f46
3cdbbf1f3f10be11
3f93be01bfa0bead
00000000bedc3f8a
3d74bf073e0f3e63
3ebf3e163e843e77
bcd63eec3e7f3e7a
befd3b5dbf9ebf38
3ee03d703eeb3fa5
bf27bf0f3e95be80
bf8f3ee4bbea3e23
0000000000003f34
be54bf3abe303f02
3ee13f183e4bbeeb
000000000000bf11
be86be75be9a3e3c
bc94be943e163da8
0000000000003ded
3eccbb953d143c84
be23be5e3d213e57
0000000000003dec
bdfd3e0f3e4a3d6f
bed63ee13ead3e38
000000000000bdbc
3ba83e2c3ef4bf2b
3e90bd0e3d8fbd61
000000000000bdc1
bd15bea1befabeb0
3c23bcb83e843e20
0000000000003d4f
3d94bba93dc23e74
be8dbe983ddf3daf
000000000000bda5
3e03be5b3cd93db0
3f013e29bd31bd41
000000000000be21
be243ecb3e533ef9
be593c9d3f103f00
0000000000003eb2
be2bbec93ee13e9b
3e883e85beee3de3
0000000000003e64
be99bdba3e8a3dff
3e893e76be02be0f
0000000000003e9b
3d0a3f03bdc63f0f
bf13bd25bd04be85
000000000000bd5e
3e43bea83e4bbb5d
3ea23d953eb03d09
0000000000003dd2
3df03e9fbe9f3e6a
3ee8c010befa3e12
3dd6bf5bbf8a3ef4
3ead3d6abfa23f24
bd873e84bf90befd
3cffbd51bf7abf11
3e9bbe99bf97be7e
3e613ee03e3a3f18
befe3dddbee03e88
bdc9bfaa3e3f3f1c
bec5bcb23e20bf35
3ebd3fc53edabf0b
bc5d3f6fbdbbbef2
bf14be973d07bfd3
3e2dbea43ea63f01
be583d653dff3f86
3e733ee63ec6bf16
bf383d783e23bf46
3e923e88be44be09
3f213ee5bec23e10
3e163e9bbed9be82
be75bf29bee53e38
3f5cbeaf3e40bf7b
3f16bf0f3d5b3c86
3ee8bfc43eb53e5e
3f12bf6b3f09bf52
be1f3f713da33f6e
3e1ebfa3bc953f07
3e9fbf2f3f15bd5f
3f203fcdbe5a3f43
bddcbdcc3e87bcb4
bcda3d053e84bca7
be02bea03dbabda0
0000000000003e5f
bdb93d2e3d41bceb
3dd4bd15bd7b3b6e
3d563c993e753dd5
be44be05bdba3dd5
be2c3daebe053e83
bd543e2ebdb8bd6e
bda4bdd93df83d89
bd2abc81bcd8bdde
be68be2f3e92be4b
3c5bbe1abe013d20
bcd6bc2c3da5be5f
bd6b3ca4bd88be74
000000000000beaa
3d3ebdbbbc213ec6
3dc43c8cbd40bedf
bc34bec0bcd73dad
3ebebc91bda03dd6
3dac3d5e3e1ebe4f
bd053e21bdcc3d86
3e523e4e3eb8bdfc
3e4a3d81bd5d3e14
be003e143d903e11
3f16bcadbdf7bcc9
3e21bd2cbd52bcac
0000000000003dfe
3e7bbdf8be533d43
3f47bee4be17be19
000000000000bdad
be34be1b3ec33dc2
bee03ed83f003eab
000000000000bd72
3e853dd4bedebec1
3f1cbf0cbeb23f42
000000000000bd01
beb53f17be09be10
bea3bd003ec03f1a
0000000000003dbe
3f01be3d3e823d8c
3f01bf173f0d3dc3
0000000000003d75
be44bb2f3e47bd49
3dd43e623df53dbe
0000000000003d97
3eacbe88be3fbde2
3b78bdf53f273f02
0000000000003dbb
befdbea23f0cbe20
3d233e81bda63eb2
0000000000003de1
bebcbd813e5bbef8
3edf3de5bf3dbe9c
000000000000bdfe
3daa3ea53e7e3e9d
3e043d343e9b3ea1
0000000000003d30
3ec13f28bc5bbec0
3f343e7e3e97bf3d
0000000000003dbf
bf04be89bff93f43
bf91beaa3f14bd79
3eea3ef63fd0be85
bfbb3f2b3fb0be07
bf753fd0bf0fbe7d
bf483defbe803d3a
be9cbea2be02bf48
bf41bf71bdcf3ed3
3e9c3e693edcbec9
bed1bf413e13beb5
bf173fc33ecbbd08
bf0f3f9ebcb53ec0
3e653f673ec8be10
be4b3efb3f213f30
be81be03bed43f05
bea7bec83f30bd5c
3bd53ee5befc3e70
3e5b3d8dbed03e97
bef83fb1be6e3f4c
beebbe3ebec4be12
becfbe40bf15be52
bed23de7be943e85
3f2bbebbbe8abe2b
bea3be6d3f883e9e
3f66bea2bf3d3ec8
be573dcf3e81bf81
bf0fbecabeadbd62
3e2d3ee7bf26be3e
bede3f65be35bda7
bf76bf8d3ddebde2
3e2e3eae3d5d3e6b
3dbf3e6a3dab3db4
3d3e3da33ea73d13
000000000000bf9b
3d903df43bcc3dae
3e91bdbb3eaf3e2c
bd4fbdadbd05be47
bcfe3e5ebeaa3e39
be783dc83e51bda9
3eacbd833e5ebdf6
3e61be0abc1bbdbb
be303dabbe183d85
be073e913e523d74
bca2bd3abd8d3e2a
be343e1dbe1dbe35
bcf03ea9bd10bd41
000000000000bebc
bd70bd133e22bcfe
bd83be493e313edf
3e9c3ead3e9e3e8e
bd913d0c3da3be24
be823d293e38bcb0
be113ee23cfdbe0d
3c8e3b9dbe1d3eec
3e5a3e4a3cb83d16
3c58bd133c47be29
3e633e433e05be73
be903e17be33bdaf
0000000000003ce0
3ea83e85be143df3
3e173e433dc9beeb
0000000000003e04
bec8bdd8be5fbe7d
bda9becdbe78bed1
0000000000003e5b
3ea5bef33e623d9e
bd5f3e483def3e05
000000000000bcb9
3d4abea0beb6beaf
3d6dbe823e91bed8
000000000000bca6
3df83e9e3d1c3e16
3df13d8f3e9fbd79
0000000000003e32
3ec33da7be2bbe6b
be3ebec13d7b3e82
0000000000003e0f
bdaabd4b3e7ebe8a
becc3d3ebdee3e8c
000000000000be06
3eab3c793c263e8c
bd8abe9cbe98be28
000000000000bd30
3db83ebd3e923e5d
be373dfb3e55bea6
0000000000003d03
3dbabded3edd3e5c
3e9b3d963bf4bd7d
0000000000003d91
3e3f3e9c3d89bf00
bec2be92be3cbee5
0000000000003c1e
3f3cbe3b3d09bf23
bec9bfb13d233e51
3ebbbf303fa1be01
bfcdbdcf3e033ef8
bfc33e143f16be16
bf3f3e923e9a3c2d
bf92bf923f9f3c53
3fc1bf54bdb53eac
be83be9b3f0cbebc
be0bbf803d84bee8
3f393f483f193e94
3ebc3f94bede3f21
beaf3f1f3da63ef5
3e1d3e35b8e5beb9
3dfe3f343eaebe95
3fb73eafbdf0bebd
3d8dbe6bbfc0bf93
be81bfb73f493efc
3df3400cbf6a3f3d
3ebf4042bfb43e1a
3f3e3e90bdb93e83
3f093dc6bbfa3f75
bf033e5cbf39be13
bf1ebf193e6fbe7e
3eb23f5bbf193f35
be29be4d3f4bbe1e
bf8b3f37bf173d8a
3e7b3f953d07be47
bf563f183f0cbe7e
bf69be8fbf163d96
3e173dbdbe45bbcd
3e0abb19bcd2bc31
be04be293c81bdb2
0000000000003f1b
3d72be9cbe65be19
3e013d82be163e86
be31be363de23e3b
3e123d03bd2dbd7d
3d97bf07be0b3e2e
3e9abc35bd993d8b
3dd63d403e0fbe91
bf0b3d863dac3c86
be36be07be8f3ea9
be83be973dcfbdd1
be55bd9fbe8e3c9b
bd1dbe193cf0bda0
0000000000003f7d
be64bdf2bdd2bdc8
bdebbde9bd94bc06
3d9ebd97bcf0be70
3d8d3cebbdeabe67
be39be9c3e463e2b
3cbbbead3d1cbe5b
bdd13da9bd8c3d2a
bd8f3e29bd843e15
3e403e1cbdcbbd08
be3e3e82be3cbec3
bea33e0ebbb1bdf2
000000000000bd68
bf103e003d933e4e
3d28bea13f123e86
0000000000003e15
3e193e47be983c08
3dcf3e413e833eac
0000000000003c92
be32bdd13da83f07
3ec2be77bf05bc6d
0000000000003cec
3eba3ea4bdfabc93
3e96bec33dc13f17
000000000000be2c
be363e293d873c0b
bcae3e583f2a3dfb
000000000000bd6b
3ea63e633f10bef8
3d84be9abe3abec2
0000000000003dc2
3da23db83f073db6
3b9bbf18be31be8d
0000000000003c6f
3e74bdef3dacbe29
3ea2be893dc6bb54
0000000000003d21
beabbc41be23bea4
bf4c3e81bf1b3e16
0000000000003dff
3b78bd3c3e56bda1
bf473dfbbe093df3
000000000000bd15
3e3f3cf4bd053f46
bda13e013defbc07
000000000000bcfb
3f09bdf23ebdbf04
3ed9bd60be893e45
400e3f94bceb3d9f
3f3e3ed23d88bf3f
3fb9bf0fbe84be5b
bcc83e6b3f8ebc8f
3edbbd983f5a3f3c
3ea33e2cbf75bfdb
3e083ccb3eb1bdbb
bebfbf2f3c643e49
3dec3f78bf1d3e69
bf4c3f1abef83ea0
3e353d833fab3e1c
be5f3ed03f933f13
bfe4bcbbbf203df3
3f55bd9dbe6dbf88
3f3fbefd3deb3da2
be593ebd3f2f3f1f
3eda3f463e6c3ee6
3eecbf20bea13e8c
be4c3e1c3f823c45
3c423cb13f82bec5
3d8a3f0bbe86beef
3f4a3d913ea53ea0
be27bd9bbf1a3e2d
bf3e3d773f8dbe71
3f223f383f7e3ee4
bf8abe873bcc3f15
be4b3ca5befcbdb1
3f89bef53e48bef5
3d54bcbdbe85be52
be50be32bc223c9b
3eaf3df6bd223ea4
0000000000003d27
3de93ebebba93e05
3db6bcde3ebd3de4
be1abe563e023dc4
be3cbd37bd8f3e91
be243dae3ea1bca1
bde63e893e3abbaa
3e2f3ca6bc0f3e03
3d0e3ecb3d0bbe51
3e3a3da6be863ce4
3e2f3d9c3cf3bc57
3ab93e5b3eb33d81
bd613d583d6bbd16
000000000000bf60
bc923e24be57bd8c
3ebd3eff3e103e68
3e573ea3bd253dd7
beab3e32be053e8f
be2d3d8fbe10bd87
389e3cd5bd92bc30
3e0e3e613e2d3dbf
bd7b3e043ecc3d0a
3eb13db8be74be45
be223d8a3e5d3e1b
3e4f3e8cbdd43e95
000000000000bdd2
bc7abe11bdd83dc4
be82be3d3e683da1
000000000000bb4c
3e5bbdc6bd3bbe33
3d17bca4be4cbd20
000000000000393d
3df0bb893e47bef6
3e023e76bd313d75
0000000000003e39
3ea43c96be2d3df0
bf1c3df03d46bec0
000000000000bcdf
3e3cbf073e573a7f
3e883d8b3d4d3d8b
000000000000bae7
bd48bc943eb3be92
3e10bece3e5dbcf2
0000000000003dca
bb333de83dedbda9
bdd1bee63d653dbd
0000000000003cfc
3e163cb1bd79be70
bda33e2fbe39bea0
000000000000bd58
bd8abe853cfc3dec
bed1be83bee23deb
0000000000003cfa
bc76be5c3d00be53
3e493d1abe47be4c
0000000000003d64
be8e3e2f3d313e66
3e79be53be22bc27
0000000000003d84
bf1cbe643e9b3e52
3e0bbf5d3ef63f70
bee13e20becdbf03
3e65bf2a3f2b3f43
bcaa3dc5bf3cbe20
3ee73dbabf723f1a
be91bf3e3f8ebed1
3f173e423f5e3f49
bd19be0e3f393df4
3f2ebd8d3e203ede
3df83fe7bf093eb7
3e2a3f46beb73f31
bedc3fcbbf363e85
bd7abf6cbf3d3f13
bf8c3eedbf25bf75
bd0dbf353e98bf5b
3f77bf20bf5bbfa4
3c9dbedd3f713ee1
3dee3e6c3f29be67
3f423f82beadbc93
3e14bfa6bf033f6a
bedcbf54be713efd
bf593e27be833d88
be793f513f46bf0a
3dd7bda4bfa53f3d
3e5cbef3bf19bf0d
3e593ebebee9bd53
bd473eeb3d69be19
beb8bdb4bf413f4d
bee73f3e3e9fbf12
bdb43d3cbd0fbdae
bd56bd7dbd963daf
3d003da1ba723df3
0000000000003f1e
3e963dcbbe77bd9c
3dc03ecc3eb33dc5
3d923cf3bd56bbdb
3e8dbe31bd61be3e
3ceabe883d8a3eb7
3e673eae3d73bd61
3e9fbd193d613e21
3c0ebe3ebe0b3d56
be56bedb3ed3bd95
bc85bd1d3e9c3dad
bd4e3e6abd7dbeb5
be06be50be19bda3
000000000000bf12
3d50bd843e3fbe33
bdeabe63be3d3e92
bc20be12be39be49
bebc3dbe3d803de8
bdae3e36bd7abe11
bd803e063c6bbd07
beaebd9b3eebbe45
3eea3e5fbc273dfc
bcc7be4bbd353e12
be94be663e1b3e1a
3d413d7a3d2ebec5
0000000000003cac
be2d3e23bd323ded
3d843c833dd5bd01
0000000000003d78
3e693db6bd263e22
beac3e513cf03deb
0000000000003d6d
3ea6be123e2d3c36
3e31be253e6b3d9d
0000000000003df9
bcc7bdb5be98be5c
bd073c4b3d303e27
0000000000003d2d
3dc6bde0be80be8c
3e353e753dd93de4
000000000000bc22
bd1b3e023daabe4a
3e2e3e12beae3e6d
0000000000003d9d
beafbe433ded3cd6
3dd33e083e09be7e
0000000000003cf0
3d8abda3be17bd9f
3e35be1dbe46bdc1
0000000000003e2d
be8fbd973cdb3d42
3cdd3e98bd95bd86
0000000000003dae
bd19be333e1dbbe2
bd013cf2be61bd91
0000000000003dcc
3e523b353d2cbdeb
bdf4baec3de33dec
000000000000bb22
bf093d9dbe06bef6
3e173f63bea5bf3e
beee3e513f333e25
3ee2be18bf3d3eae
be76beb33f74bebb
bd893f133e07beb7
3f163ea1bf213d93
be51bea0bf4e3f37
bd753e663ebe3f6a
3d253e6abcff3e3b
bb893ff8bea23e87
bedb3ee6bf2abea0
bd403fd6bef6bde7
3e903e91bf3bbd8c
bf42bea6bf1bbf09
bf313f7c3d233f5d
be433e3b3d403f1f
bf6ebedebea8bf0d
3f95bec43f4fbf4e
bf0fbe98beae3cfa
bf113e0bbd50be76
3f7bbf96bec03cf8
3f0c3de43fadbc7f
3f553f2e3e203e14
3f3b3e5a3ef83e2f
3ed5bf04becbbef6
3fa4bebb3f6abefc
bf7dbfc8bdedbf52
bece3eefbe013e9e
bf053edc3d093f57
3e0d3e0e3ea43e94
3db4be3ebe45be1c
bd7bbe1e3db33ec9
000000000000bd17
be273c95bcdc3dc9
be1abe5abddfbd8b
3dc2bdfe3c4a3e93
be353dc0beb7be04
bf3fbdcbbe70bd0f
be0abdb13dd6be3c
bd44bc8c3e20bd43
3e35be883d5b3e83
3ef63e1bbd89bec8
be03be393e843d89
3d8f3df2bed238b1
be023d303ea73e38
000000000000bf14
bd04be3a3dad3cb9
3d9f3c7dbef4be6f
bda6be69bdf4be4c
bdef3d9d3e2a3e09
bdd9be383ddc3e68
bdc13d993c51be89
bd0ebe1b3d70be74
bda6be3cbe863e8c
bdbbbc123e473e29
3d673d65bd803ea9
3e3fbed73c94bd5a
be00bc80be5bbe4a
0000000000003f1b
3eb8bd9cbf0c3e7a
be31be95bc1f3ee1
3e9fbdc2bcc43d92
beb83cc83e1ebcdc
3e76bdf33e40be04
be7dbdb3beb73e69
3e173dacbe283e26
3d353ec73deb3d0c
3c3d3e9e3c1d3e5d
be1fbd8e3eb43ea2
bdb6bd7f3e22be8a
3ce6be093dd93e5f
000000000000be87
3e12be803e87bd08
3e36bd5e3d86be6c
be40be7e3e413edd
bacabd6bbe0cbeb9
3eb2bd8fbd6ebe94
3ec3be9dbc10be91
3d553b4c3b893d52
3e25bec73dacbd84
bd883d43bd833e19
beaa3cc93ebbbddc
0000000000003e1f
bcd33e1ebe8dbe7c
3c02bf363e913e8a
3b01bdbc3d42bd92
bea4be253e533d72
0000000000003cf6
3ea93d54bd2ebd83
be83bea9be00be1c
3e6cbd82bc97bce1
3d073d193db7be86
0000000000003d59
be8fbeb03bca3e57
3e773da6be9f3d81
3e98beb33d8fbe9b
be0fbe7abe05bdfb
0000000000003dfb
be663c1c3eb3bd6f
3cacbebabd123dbc
bd98bed9bd463e5b
3dbc3dadbdf7baef
000000000000bbf4
3d293e5ebd3bbef8
bc3a3e59be4bbdbb
be643dd6bd13bcd6
3dcb3e39be3e3e4f
0000000000003c0d
3dfebc133dfe3e61
bc963e43be713d00
bdd4be58be0b3edc
3e1a3ea03d13bf0e
000000000000bab6
3bbe3c63beb6bde4
3e17bdc3bbdbbe4f
3e6cbddfbc37be51
3daabeb3bd603d09
0000000000003e03
bd403e81be30bec9
3db43e5c3d23bd85
be49be59be9fbd3c
bcfdbee3bec83e5d
000000000000bcfe
3e88beb13e1d3ddf
bedfbc363dc1be87
3dbe3e9b3e36beb1
bd963e91be8cbe53
0000000000003c39
be65be183cf93e8d
3ca5be8a3e543db9
3d2abdd7be1cbda5
3e4a3d5fbddf3e80
0000000000003c97
3e7d3f06bc22bdf2
bd10bd383e7e3ecd
be05be9d3e00be06
3ebcbce6bec23c8a
000000000000bc51
3dbb3e29be0dbe01
bf1b3e563dfb3ec5
bcd93d9fbe223e91
3a80bd64bdeebe73
000000000000bd7b
3eccbe4f3ea33ecf
be26beb3bd33be11
3e1d3c46bd62bd99
be8c3e953ce23e79
000000000000bca9
3e88be77bd60bec8
3f31b9e5bd6e3dd5
bdc73dbebc60bd0d
bdcebe52bda2bcc9
000000000000bccb
3ea8be01bdbbbda2
be46bd1bbd90be24
3ecebe41be3c3c96
3f133e483e2fbdb7
0000000000003c7b
3d8e3edcbe8dbdca
3e39be2bbdf3be02
be4f3e63be113d5b
3e51be9ebe0abe03
000000000000bc88
3d5d3b933e923e65
3d333c823cdabd12
3e603eb63e853e70
be023e803d343e74
0000000000003c1b
bd46be973efebdb2
3da53e2dbbb6bc51
bea23d7cbe8fbb81
3d813e873d893de4
0000000000003d91
be323e633d10be92
bea63d0cbd0cbde7
bea4bddf3ed63e97
be78bdc53e053e03
0000000000003dcc
be0f3ee9bdb2bd68
bde1bf1f3ec43d22
bd013e323da5bd93
3e90bcc63e29bdf8
0000000000003d83
3efa3de2bcfcbe90
3e7b3e873ea43e75
3eb53cf13f00beed
3d523d89bce5bb74
0000000000003c32
be10bdb13d1b3dfb
bda53e88bdadbd31
3e233da83e3c3e83
3d30bca4be0c3c2e
0000000000003d83
3e043e833e6cbd77
3e5e3d8cbeeabeab
3e383e56bdf8bcd8
be893e03be0d3d4c
000000000000bd04
bcf7be233b7d3e8a
be0e3e3a3d963e89
3c613d8f3da23e92
3f88bea9bd57bf6a
3f75bf88be66bf4e
3f0f3eb1bfd73e66
bf12bf933f153ffa
3e46bf173ea1400b
3f8e3dcd3ec83e58
3f46bf40bf283f85
3f90be7d3d853f14
bf2ebebc3f84bed2
3e1ebf753f9bbef1
bf88bfafbf383ec4
3f463eeabf36bebb
bce4bdb6bea3bfc0
3e573f1d3e203eec
3f3cbf8abf36be41
bf2bbedabfa8bf4e
3f063e16bf573f02
bf393f9b3f6bbf64
3f453ee3bf06bea0
bef8bea53e4fbfb7
3f97bfabbef83eb0
bf363fa4be343e4b
3faa3f67beb6bf59
3f953ee23cb93f29
3e463f093f14be9e
3ed23f623d23be57
bf783f82bf19bf53
bf07be8dbf8dbeda
bf3bbec0bf303e3a
bd303f59bf67bf88
3f913e6d3e57beb0
bfa6bfabbf9a3fae
be31be913ecf3eed
be1b3f38bfcf3ea7
bf2ebfb5bfb93ee2
bf5dbfbd3d5cbf12
be39bf8bbf58bea8
be623c76bf953fa8
3d59bf09beec3e41
3d7e3f913e463f57
c0123f833e133ec7
bf92bf6abe2dbf33
c00bbf443cf0be92
bfbebef6bef7bebe
bd063e2e3e5b3e02
bf82bf3a3f8a3e9c
bf913f373f893eb0
be03bfe53f68bdae
3f0dbf2f3e323ef5
3fbebeef3fe43f42
bda0be02bea2beb7
3f10bdc9bf43bf09
3ecabda2bf283fa9
be85bebd3f063fb3
3e82bed83e44bf89
bf233e243f7bbefd
3f99beac3f80bcd5
bf973f973dc0bf33
3e0fbf03402bbf0e
bf303e2e3f1d3f8a
bd613e353d6f3db8
be0bbe98bd1ebc01
be363d3fbce4be5b
bda1bc07bdf73d19
be9dbdb6bea0be70
be0b3daa3e50bdad
0000000000003ed4
3ccebd5f3dabbd0f
be1a3e51bd633e3b
3c533e493dab3d08
bc88bdb0bd513cf0
be533e0abdf13ceb
bd2a3c84bd17bdd4
bebc3ddd3ca9bdd6
bd9cbd7b3d93bc83
bda5bda0bd41be52
3d413e1e3c4b3df3
be483d8e3dc13cbf
3da13e1bbd043da1
3e753ea63e803da7
3e41be10bb303e3f
bcb7be19bd063e65
bb95bd84bde1bdda
3d103e94be31bd59
3d22be123d413e71
3dd93a66be173e2b
bdaabd97bdfd3dc4
3d98bca73dfbbe0d
bbb53da5bd6f3c9f
3d2abd22bdb2bb83
3df73cc2bde03e30
0000000000003ea5
bcd03e443d2cbd07
3d973d98be39be25
3e18be0f3cc73e4a
bde13e4ebda8bd10
bd023db2bdd8bc7f
bc953e263e643e08
3e3cbe923db63e89
bea83ea33cb43dd3
3ea3be3b3e183d42
3d343d013daabc75
be91be16bd5a3e55
3e543df1be253e62
3c28bd243cd4be22
bd3e3ddebea53db2
3cefbdbd3b903e2f
3da5bdb13e77be82
bdb3bcc13dbd3dd6
3db43e2b3ba2bdf9
3e2ebbc53dfdbd51
3e04bdaabce03c98
3c50bd713d953e21
bcda3e313dfabce8
3dff3e173e34bbea
bd053d253e093c9d
000000000000bf79
be4ebe11bda43d8e
bdbabd853e91bc13
bd9a3e43bcb33bc6
be023e313e4cbdff
3c0bbd893c98bc76
3e19bcd23bcfbe1c
be1fbd853d283e43
3d1abca0be413cb2
bdd83d643ceebd96
3bbc3e183e4bbafe
3d1db9e0bdbebe04
bdcc3de73e2bbaf7
be753def3d87be5a
be20bddcbe823ca7
bdc43da33e5c3de9
be53be7abd4f3db7
3e34bd9e3d24bd3c
3d983df8bcc83c9d
be79bd34bd1e3e21
bd843d75bd463e46
bdf93e503d6cbe84
be33bda63e07be32
3ecd3e423c9abd5a
3d333d9a3d93bcf6
000000000000bf60
bd56bdf03e10bdcb
bd9d3e3abcf63d8e
3dda3e253e333e25
bd83bdd8bcfcbd27
bd74bbc83dfcbdaf
bdb8bd16bdd0bda0
3e22be0d3cb5be39
3ca33e20bd6e3a39
3dc33d55bcbebe8a
bd793ae6bd89bd10
3cdf3d593bf3be8a
3d3dbe1d3d01bdb9
be3bbe393d9abdfb
be9b3e123e623c95
3cec3e5f3d943d39
be5fbd813dbbbdcd
3dd13cd63d323df8
be0d3d63bc733d87
bda73df13dc73d5c
0000000000003dac
bd43be08be0dbdad
bcf33e0fbcb9be06
bc803de53d233e8d
3e4e3e323dabbde9
0000000000003d66
3df33d14bda7bdbf
bd8a3e013e68bd5b
bd9a3cfa3d53be70
bde8bae13cd13e30
0000000000003bab
3dab3e32bdb0bddb
3d40bc883e8dbdee
bd433d2cbda9be0f
3d343d6b3e01be32
0000000000003dec
3defbd5e3d5b3e88
bd26bdb0bce6bde3
3eaf3c44bd4f3d27
be263d9cbd5c3e83
0000000000003c9a
3d1abd983dc3bdff
bdff3e9cbdca3e84
beaf3e32bd553d5d
bdc33cbdbe463d1d
000000000000bd15
be143cd2be80bdf1
3e533e223c17bc5e
3df9be18be86bd01
3e0bbdb6be833ddd
0000000000003d9d
bec0be153d30be06
3d28be2ebcd33e1b
bdd33e053e3cbdb1
bda53dc0bd563d19
0000000000003dc0
bc77be033e07bdcd
3dc63daf3df03e07
3e703e3b3d98bde2
3c653c593dc13d30
0000000000003d9e
3d3f3cfabeb43d65
bdd03ed6be1bbe92
3e47be05bdaebe38
3dab3e053dd4beb0
0000000000003db5
3e1cbd653e39bd4d
3acc3ef0be493e33
be223e58bc7c3e95
bc64be573ddcbd90
000000000000bd90
3d6c3e09be24bd44
3e0abcb2bd013dbd
be19be07bdeabdd2
bd10bd12be033d50
000000000000bde8
bd9d3e7c3ee53da0
bd73be76bd843d30
bdbfbcc6be9a3e8b
3db4be6ebe47be5b
000000000000bd8b
3e2bbd993d843d88
3dcd3ddbbd8fbc3e
3dad3dc5be833e37
bdd9bcd5bd5b3e14
0000000000003bf3
bcc53e3b3bc93e71
3e42bc103d0ebe91
3e81be883d1ebe73
3e96be563e003e25
0000000000003d77
bdf73e69bdacbdb8
3c70be2ebd8b3e24
3dccbd493e29be86
3e0a3e28bd97bdc3
0000000000003e1e
3d853e893c45be31
3e33be75be19be46
bd9ebe6f3e473e79
3e5d3e983e9bbe40
000000000000bc78
bd6a3cab3e243ce9
3d38bbfd3c5a3d8c
3ba63c933d643cef
bd09be6a3e643e8e
0000000000003e06
3c9ebe0a3e9cbea0
bed33dd03e1e3d98
3e08be383bfd3dab
bcdd3df7bd083d9e
0000000000003d3d
3debbaad3c8bbde3
3da0be5ebde5be31
3dc6bd0d3e52bbf1
3d8abd97bd463e21
0000000000003d9c
bc49beb13d8f3e9e
3d853c4f3db93ec9
bd06bd623d60be71
3d163d0c3dea3e92
000000000000bc83
bc473e753dbb3b60
3e3f3dfb3e323daa
3d0d3db1be233d62
bc113e2cbe933e1d
0000000000003d03
be013e323d98bb69
bcabbbe2bd173eba
3da33e843d48bdc6
3d453e0fbe3b3b17
000000000000bced
3dd03e4c3d51be8b
bdfdbce0bedc3d15
be61bdecba60bdf0
bdc03e60be243e1b
0000000000003c3d
3e5fbe47bd86bb28
bd0a3dac3dd0be84
3d92bd54bdbf3ddf
bf8abf8cbea03e6e
bf24bf6b3f1cbe86
bf5ebf40be523ed4
bf1f3fa3bdf53e04
3e453dcabeadbf1e
3d3bbd0bbeba3f4c
3e04bef03e6a3efb
bf27bfb13ef0be1e
3e893eab3d38bf4c
bf343d983f56bf5b
bf7bbfcabf55bc5d
bf80bf93bda7bf06
beaf3d84bf75bdfa
3fd33f03bf5dbf0d
bf14bf25bf7dbfaa
3fa83e603edcbfa0
bfd5bf92be553f0a
3f7bbef7bf4c3e87
3f59bf9bbe73bf26
3e87bf90bbe7be7b
3dbc3ee0bf36bf86
be3a3e25bd4d3f60
3edb3fb5bd8cbf17
3e9bbdd6bf413eb8
be5a3fb3bf873fa4
3e5cbff63e173e44
3f65be83bf63bf16
be8bbdd13f53bf85
bf6bbe2cbf17bdce
bd19bf1ebfd83ecf
bf8bbf0bbbd5bd8e
bda33fd4bf6ebd0d
bf10bed2bf09bdcb
bf53be90bf233f10
bf2e3e793eab3e3e
3f57bef5bee1bf25
beda3eb43d8a3efd
bd87bf70bf25bf1c
3e93bd3a3d6a3c15
beb3bf39becdbe0c
be9b3f0e3ed6bf82
3f393ec03dbf3f0f
bf24be81be9cbf66
bebcbf3b3fd43f46
3f3abf48bf2bbdf7
bfaa3f3b3ee33dc4
3f31bdd7becc3fbe
3f6cbfbf3e11be73
be81bf88bf383f44
3b893ef0becb3d9f
3e9a3e723e7b3f7c
3f763dac3f8dbf5f
bea83f9e3e85bc1a
beb33f263f5fbea8
bfba3fa23b933ff8
3f0e3d513ee0402c
bea43f003f60be98
3de43ff03f0f3f92
3e68bf313d21bf92
3f5e3f42bf863fa8
3da1b952be2abd9c
bdd5bd9d3bfe3d99
3da93c50bba7bd03
3dd8bd7abdb6be86
bdd63da83d053e09
3d913cbdbe22bdf6
0000000000003f1b
be233c87bddebbd0
bcf5ba4fbd9c3dc6
bc80be1fbdf43db1
3d75bd6fbd943d18
3e0d3e0bbd85bd18
3dc43e02bd943e28
3d7f3d20bda63df5
3dac3dbebd533e42
3ce1be83be1c3e48
3d75be4f3db63e22
3b8cbdb73d673dc0
bdc3be18bdb6be34
bddabd88bd4d3e29
be2cbcebbc0d3de8
bc75be753dd13d2a
bc983d103d113df7
3e09bcdc3d733b13
3d90bdd93b29bcc4
3daebddebe5f3cfc
39d73db3be07bda2
bdab3cb33d88bd13
bca83cb63dc7bca2
3e48bcd03df03cd8
3e38bcce3d5ebc5b
000000000000bf12
be013dbcbd423e4e
bd653e1cbba8be06
3d5e3dbfbe87bd99
be38bcc8bb80be15
bd95bdf1bda5be0f
3e333d81bde73d54
bd973de0be093d3d
3cb23e6c3cff3e3f
3dba3cce3d773d65
3debbddcbe2c3c89
3d4a3cfe3dce3d25
bda63bc63d28bdb8
3c293d5cbd8c3ce9
bcfa3d923dfe3ce3
bc393bb8bce8bce4
3c973d403e073d5e
be413dcebe5b3e19
3ddbbd6ebcd4bdb9
3e0d3da8be0b3d77
3e02be603c873e80
bd983b94bc8ebd3f
3e0539fabd6abd4c
be17be0a3e55be07
3ab3bdcf3e213ec6
000000000000be92
3da33e01bcb63e18
be4ebc3f3e213d30
3dd33ed23d12bd83
bbf83e87bdf9be69
becb3e3f3db4bda5
bd393d5dbd6e3db8
bdb93e0ebc08be04
bdfabdc43d5cbdc4
3c9dbd23be14be68
3e4b3e53bdcb3cca
3dc4bda2bcdabe2d
bdbbbe68be0fbd7d
bdb3be08bd273e14
be123cf7be3e3db5
3e2e3e113da1be9e
bd013b303e083e06
3d173e86bdf83dcc
3d7cbd053d8abe16
bd7c3d6abcc73e53
3da13dadbdac3da4
3cd13d2f3cc63d82
bd4bbe8bbe2ebcf7
bd71be583dad3c25
3e943d563e503aab
000000000000bf2f
3dc63d9abdb8be39
bdacbd7e3e2c3e0f
3e3e3e1cbb58bdbf
3e533d293d03be76
bcc5be7fbd953e5a
3e003ddd3e2dbe36
39ff3e0cbd823d36
be3abe563e703d0d
3d8cbe063d34bdd3
3e51bdf53d503e02
bdb9bd663d88bb3d
3d3bbd823e5f3e0f
bda3bbe53d88be0d
3cb7bd913c77bda7
3da0bdc53d84bbf5
bdfdbd6d3da6bc65
3d5fbd6cbcc2bd0b
3dbcbdf43d95bdab
3db7bd813e55be89
0000000000003c80
3de8be4f3e28be1d
3e60be82bd873dab
be153da3bb373e0e
3ca83c053a983d46
000000000000bd3f
3da1be05be03bdd3
3da2be0cbcb7bdc7
3d913db5bcaebe55
bd9ebd933d28bdbd
0000000000003be2
3bf0b9bc3d6f3d11
3c2c3c5b3d4b3da8
bdcabe3b3c49be03
be1bbe753dd03d1f
0000000000003b21
be04be73bb87bd83
be03be113d13bd5d
bd503e47bd6a3dad
3dc63e293eb6bd1f
0000000000003cd6
bb98be523d1dbda4
be02be263e7d3dd3
bbbbbda5bcdcbd1f
bbe03e13bd2c3df9
0000000000003c11
3df3be383e13bdda
be203e40bd343d03
3ccdbe83bd9fbd70
3c923dd83cbe3ca3
0000000000003c8b
3d273d5dbe11be3e
bcd6bd81bda2bd77
bd98bd0f3c9abc8d
bd59be243db4bde6
0000000000003c90
bc903d993db3be3f
3e04bd523dde3e4d
bd5cbe18bcf0bc5c
bdcdbc5cbd25be14
000000000000bccc
3cbc3e3b3e0b3b97
3d343dccbdf2bd9b
be13be293dadbe3d
3d10bc313dc73c28
0000000000003ddc
3d43bc553d483d26
bd9abc013ca6bd22
bd9dbe81be1b3d67
3d813d41bd393e20
0000000000003db1
bd26bdf13dc93d30
3ead3dfcbdb1bdbb
3d91bcae3c9cbe31
bd2d3c563c6c3e0e
0000000000003d0d
3e42bdce3d893e22
bdc33e2fbb6fbcac
3dcfbe41bd83bc6c
3dc83e2c3d533df5
0000000000003e2b
3cff3d21bd943d36
3dfa3ded3dcc3e02
bd4ebdb13e143d34
3b9f3e16bd073da8
000000000000bdb6
bd893d4dbce23da4
bc863ca0bd6a3db7
3d2dbdadbd9dbd12
3e0cbe053d433d81
000000000000bc94
bddb3e41be45b9cf
3d37bcd93d233e33
3d56be85bb9a3dbb
3e453b5ebd73be45
000000000000bd4d
3d17bcf4bd81bdbd
bd9fbbc83df2bd77
3d933c933d8b3e0a
bc593ddd3d843d0d
000000000000bd51
bdc83c02bd09bc31
bd9f3e733cf83c99
bca1bcaf3d253dde
bdba3e153e263daf
0000000000003dd0
3eabbca43e1b3cdf
be213ac63e0c3d8c
3df53cfebd17be19
3deebd2dbda23d57
0000000000003dbd
3e81bdbdbce5be52
bda33e6b3e0f3d89
bd8f3d8e3d933c8b
bd32be28be273df2
000000000000bce0
3b05be12bccfbe16
3e1b3d9fbcb9bced
3d603d8ebdc5bc2a
bdad3d02bd91bdd7
000000000000bd69
3de83c18bcbdbdd9
3df1bc8d3d1bbd69
3d7a3da6be2a3ce0
bdfebd43bdde3d4f
000000000000be0f
3e25b9c9bc913e2a
be4ebcbbbea0bd56
bd563e483e173d3e
be0abe173e32be12
000000000000bb85
bea4bda0be3dbd0c
be3a3d6a3e41bd55
be613d433e8b3bc5
bd51bd8c3e1cbc94
000000000000bd4c
3dec3d8b3bd43d25
bd093d40be2bbb20
bd9fbe183d88bdfd
3ed43f15bf88bebf
bf163d5b3f1b3eb5
3edbbe6ebf783f60
3dc4be72be213f26
bf4fbeb6be92be91
be313f313f42bd1d
3fa1bf82bf30bfa3
bf273f61be313fce
bf853f11bfb4be28
3daf3f14bf8cbf82
bfd23eebbfab3f61
3ed9bf8b3f4e3f93
3f90be97bfad3c70
bfa53e88be9ebeb8
be20bce1beae3f9e
bf11bf373fb6bf88
3eb34024beb43cb4
3edabde1bf033f12
bf91bd8bbe8a3ddf
bf343f8fbe783ea1
3e36bff33ea43ee9
3fad3c0ebf763d33
3e533d02be73bfb7
be35be92be623f2f
be6e4003bf663f07
3fbf3d74becebfe0
bf95bf683d99be25
bec2bee83fb3be8e
3ebebe893d093f6a
be193e9e3e8c3f41
bf01beef3e27bece
bef3bef23e50bf19
3d553efe3e26bea0
bf863fbc3dfc3ed8
bf863f513e87bfe5
3ef7bf85bf8a3e23
3ecf3f00bea53eaf
bf923db3bedcbed3
3eec3f653ff33ec0
bf48bdb43ed1bf3d
3d8f3fad3f25bec5
3f25befe3fa6beed
be563e823de53ec9
be98bf94bef63f0d
be82bf37bf76bdf3
3ddf3ec03f80be05
bf97bf02bcc53ea8
bf5abe14be0dbf92
bf16beb6bd48bfa3
bf65bd083f8ebf15
be4d3ebbbe9fbe00
bf35be95bf923f9a
3fb440083f203e1d
3c093ec8be83bf3b
bed33f033ee53ec2
bf66bf733f893d15
3f4f3e583e703e2c
bf10bec4bdbebef4
bfd03fe4c00c3f98
3f1b3e67bf9dbef1
3dc93d37be25bd89
3bf3bcd93c6bbdd4
3b31bd8ebd8b3d04
3e5dbd643d2f3de2
3d0ebdcf3daebe2f
bd563daabce1bc9e
0000000000003be5
3ad33cda3d833d41
3de63dff3e0ebe0f
3d5ebe43bde93c0d
bad13de23d153ddf
bd293cb6be12bcc3
3db9bd72bcf8bc69
bd913d32bc643d17
bc65bde5bc8cbdbf
bcbc3e083aaebcd3
3dbbbd5c3e30bdfd
3d863d95bda1be69
3dfabe87bd42be2a
be533ca0be983d3b
bb06bdc73e19bd4c
bcc6be233e883d9a
3e353e153ddbbe3e
be2dbe043cc3bd88
3d463d073dff3df2
3e27bd9ebcfebd8d
bdd8bdba3d2abd2c
3e1bbd95bc053ccd
be0dbe4bbadabd6b
3e383dd5bd873e09
3dccbd1c3dd83d00
0000000000003ec5
3cfcbe083dd63e3b
3e10bdefbd0ebdeb
bddbbe0cbe48be01
3c313d993cccbcba
3e36bda33c663df9
be14bd3d3cd63ddb
3d2ebe57bdab3e05
bad8bd993ca93d7c
bd4b3d86be503dcf
bd5a3d23bd80bd66
bd67bd2c3b913d6c
bcfd3e223df53c38
bc5d3dca3d5b3cb5
3e83bc1b3dab3dd3
3d7cbd8a3e1abde4
3d7bbe0cbb2fbe28
bdc73d94bddb3da6
3d493df1be643e4a
be31ba9ebdd83e3d
bd99bdc7bdbfbe94
be35bd863c93bdd1
3e18bd6ebde23e4a
3d4c3b8dbd64bdb9
3df1bda4bdd0be69
0000000000003f84
3d11bc843de5bcad
bdc93e0c3decbdb5
be0c3c933cc83d80
bdabbde93b9a3d14
be0c3d86bcc43d20
3d16be1abe153e28
bd5b3d1dbdafbd9f
3dea3c7d3d2abd35
3d063e07bcfe3da4
3d24bdb1bd00bdb8
be26bdf4bd4bbc7d
baccbd013d223d86
3d89bdcebe69be0b
3e9b3e36bde53e7c
3d68bd88bd3bbe2c
3dd7bdf4bd3f3d53
3d3cbde4bda4be53
bd6f3dffbd453cd8
3aa3bd55bd023da3
3e533e133cf7bb54
bd9fbd0cbded3e05
3c573d683cb3bd96
bdc9be7c3e55bd76
3d55bd0ebdca3d8c
000000000000bbae
3df63c7ebde1be15
3cd13e293a09be81
bd3ebe14bd9b3d82
3db53e3c3e8abd34
bd6cbe18bcc6bd09
3ccf3ce3bdb53e8d
3dc43e07be65be01
bd643d823e5c3cd0
bdbf3c83bda73d13
be0bbe74bb513e57
bdac3c103dcd3cd5
bd773d8abdbabe13
3d5c3da5bde1bc84
3e0c3e41bd10bdfe
3d8ebd90be19bd84
3c213e733ba0be16
3df83e273dc6bd98
3d333d803d6dbd2b
bd58bd64bca93cc2
0000000000003ce9
3d233d89bd46bd9f
bd41bdb5be3b3e01
3e303e4fbc4a3e4d
3e173db13d933e0b
0000000000003de8
3d56bcf93d14be12
3df9bdcabdd8bc17
be693d41bdf23c37
3e153e28bd10bc6b
000000000000bcd2
3e40bcce3d693d90
3e1c3d923c8fbd04
bddabcb2be423b80
bd7c3df03e0cbd06
0000000000003d86
3e813dcc3d483db1
be193dbabd3dbd64
3dae3d8f3cdfbc44
3b2b3cc03e82be20
0000000000003d78
3ec23c66bd323e4e
bcd73db8bdeabd06
be083d1ebe103ca9
3c88bc713dc2be7e
0000000000003bcb
bd153d04bb173dd8
bd45bde3bd573df5
be4e3e3d3d18bd1e
bd5f3d8dbe303dae
0000000000003d16
3d9bbddbbd513df6
3d18bca23e2c3dea
3dae3e6b3d86be0a
3ca9bca63d61bdb5
0000000000003d8e
3dac3dd53e1ebde4
bc763d923e28bdb3
3d21be15bc79bcbf
3d453e02bdd7bd03
0000000000003d96
3db73e50bc263cca
bda33e78bd92be22
3b89bd913d96bd96
3d893d9ebda73aae
0000000000003db4
be0c3b49bdc6bb4d
3cd93d6b3b9c3e63
bde23dee3e2d3d0c
3d3cbd82bdf03ae9
000000000000bc22
bd053daabc603d95
3bb03d873b1e3d47
3bfebe02be0ebdbc
bdd0bcc2bc80bd5b
000000000000bd89
bd0cbccfbd9cbd9a
bdcf3d893d87bdbc
bb703da23d523d8d
3e083d8d3d3b3d63
0000000000003cec
bcd8bd843de23cfd
bd43bd833d79bdbe
bda3bd833d44bd05
bd5b3e07be2fbacb
000000000000bd85
3d1f3e79bd903dcc
bddebdb23db9bd8d
3e34bd663da13c39
3da33caebd9cbcb8
0000000000003d5d
be3a3d2c3d4cbd96
3bdfbd0a3c2d3cfc
bd8bbc6dbca9be16
bce83c67be05bd24
0000000000003d53
bc853d663b85be1b
be073ccd3da1bd5d
3d3ebda3be643c02
be17bdfe3c943dc7
000000000000bcd5
bcc7bc76bd34be63
3cfbbda1bd5d3de9
3e0abd87bd963e2e
bd3e3d43bca7bd3b
0000000000003dbc
3ccfbd8cbe21bd78
3d8ebd4e3d77bd18
3d913defbd25bd88
3d173d6c3dd63d4f
0000000000003c4c
bcabbdae3d4cbe15
3c4d3e3bbe2dbd86
bbc23ca9bddebdec
bc45bc803e443e0e
0000000000003d4e
bd09bd7cbd983d1b
3dc93d44bdf1be06
bcd4be473de6bdca
bcc1bd9dbdc63b9b
0000000000003e04
3d99bdfbbe093e2b
3dd53d65bdbdbe28
be913cea3dbabda5
3decbe3b3db4bded
000000000000bc01
bdc6bc123e30bdfb
3e293c4b3d0bbd3c
3e183df23e0bbd2a
bde43d3e3d963c88
0000000000003c0d
be15bd9fbd55bdd5
bd1d3db63c7f3e07
bcb03b8f3de0bdb2
bdc53dfebc133c8f
000000000000bc2a
3d4c3db0bddebc6e
3e293c43baca3de5
3d113e5abc31be18
3ec13cacbf02bf70
beab3f4abf22bf05
bf483e793eadbfe3
3f55befa3f0a3fc7
beebbd3abe863f8e
3d1e3eed3eda3e93
bf5bbe8c3ec9bf12
bdb73ef33f6b3e38
3f123d38bf433f52
bfe4bfeabe81be38
3ebe3e3abf22bea3
bf9cbe32be8cbeeb
3c4e3f183f103f2d
bf6b3e643fb83f34
bef2be94bf8ebe7b
bfa13e9d3f223f7c
3ee6ba2a3c403e6d
bed3be9b3c4b3c02
bee6bf31bf8fbf35
3e77bf0cbeecbecd
3eaabf853d54be54
be25bef8bf533e11
3fbdbf023f323e83
bd86be073f7cbfbb
bf0e3f77bf1a3f32
3ed13db6bf393f27
3f073ec23e793ec9
3e0d3f803f65bd52
bf293edbbf103f0d
bf53bf443f103e34
3be0bf85bf323f93
bf0d3f0fbd1e3e1e
3d39bf69beb03f38
3e92bf063fa4be25
bf2e3eecbf22bf34
bdffbfa43eb23db6
3f1c3f213f61beb8
bdf6bf66bee6bfa0
bc94bf12bf193fc4
bf903f00bdbabf48
bed13e9a3f2bbf55
beef3dd33d96bf93
bfb1bf523f9fbf39
bd66bf123d26bd27
be803dddbf473eb5
bead3f77becabce1
be97bf123e853f7c
3f2b3ef5be31beb8
beff3eafbe123fb2
3d963e0b3f1e3f91
3ef5bf8d400f3f28
3f84bca7bda23e38
be72be533de1be08
bf143f103ebabeb5
3e90befd3fbfbe9a
bf87befabfe5bf35
bf123f28bf423e4e
3ca83d4a3e68be9a
3f5a3fd6be683cd5
3f373faabf503d71
3d0e3cb1be0e3d3d
bcccbc76bd96be17
3e2dbdfb3df33e24
3e8fbe003e47bc1a
be293cd9be7e3df0
be0b3d5abd7fbeac
0000000000003efb
3d99bc78be593b59
be19bd8dbd9d3d9b
3d21bcc93dd2baa1
bc9abda4bd183e40
be903d8f3d043bf4
bd3dbc9e3e0ebd84
be143cd93dd03df1
3e07be653e28bc9d
3e56bc5d3e1f3e80
3dd4bced3e0dbb3f
bc8e3d8f3d9f3db1
3d43bc0c3e2ebd7a
3e2fbe52be45bc9d
bdb2bd743e39be46
3e43bdadbd6a3d8b
be133d953e253d70
bd023b8abdae3dc4
bd66be06bd9bbcd1
bc96be49be063dd9
3dcbbd1d3cad3cb6
3cbabea5bd903ce7
3cddbe4cbde9be6c
3ddf3ea0bd4dbe66
bc9f3dd53df73d30
000000000000bd85
be3fbd88bdcabbae
bd933dc6bd1b3de1
3dab3ceb3d123d7b
3b473e223e233d46
bda3bd0bbe5dbddf
be27bd5e3cc13c97
3e3bbe263d8abe79
3e043dfbbd60bdc8
be6d3e033e2fbd89
3d7dbd9cbe173e3d
bda03d41bdb43e4d
bce33d82bd933d76
3d563d43bd4f3d3a
3e0c3c863e233d7d
3d633e15bde33cd2
be4b3d523e12bce8
be623de23d82bd7e
3e08bdc73d9c3dda
bd233e093e35be1a
be3dbbe3bdbebe3b
3c9b3eb4bdf8be37
3c233d76bd80be01
be4dbcd1be4e3ce4
3d32bd0fbe313de4
0000000000003e75
3e083d83bd5c3de5
bdbe3c673e913d1b
bdf4bcfc3dd6bcdd
bc4e3dc93d833ce6
3dad3e153e39be3b
3db63da2bdefbd03
bd903e853dcfbcf1
3b97be3e3d20bd3f
bd2ebe33bceabc8f
3d173dd53c933d99
be303d8ebdb43e02
be07bd0bbe16bdfc
3e0c3e04be91bc75
bc15bc933dcabe38
3e3bbdfd3df1bd7e
bdbe3dd9be053ce6
be463e18bcbabdee
be14bcb53dfbbc24
3e8abe2fba92be1c
be4f3d153da9bd2a
3dcdbc95be73be19
3dfabe2dbd0e3c2a
bd733d973e533dc1
bdd83df63d8c3e2d
000000000000bf45
3e023d513e38be14
bdf6becf3d68bb92
3dddbda63dea3d2a
3d693e943aabbd1b
be243c7cbd46bc44
3e4e3d43bdc6be21
be283d78bdaebbfc
3d5abdd4bdb1bca3
bc56b92a3df53da4
3cd13c7abe2e3ca0
3d34bd8bbd123e75
be123e1b3dc1be01
3da03e01bc28bcc9
bce9bd2bbe443c83
bdbd3e09bddebe89
bbebbd2bbd823d2b
3e033e733b27bdcd
3e8fbd913d0bbdb0
3d563db1bd203bf4
3e53bddb3e6e3e9c
3e433e2ebc01bdd2
bddfbd4ebd743e5a
3eb43ded3d25be4f
bd2cbd163e3dbaff
000000000000be1e
3aa8be753e0c3d31
bd9ebd23bcfe3d60
bd443d613e83be0d
bd2fbe4b3edabdfb
3e163e02bcd73d4b
bddf3db23f25be6e
be5a3d92bc51bd73
bd51bc1cbcaabe0b
beb9bdd8be373de5
bd8a3d40be63bdc0
bad0bd303e173e0f
be67be363bf83e54
bcdcbd58be3c3e2e
3dfd3cd53e00be12
3e933d85bd123b8e
3e113cbebe24bd97
3df8be1a3e1abe76
3dc1be073da13def
bd6a3d2cbdd03e2f
bcfbbb68bdeabcc6
bd5abda4bd3fbdfb
3e2b3db63d5a3d1f
bdc4bc35bd9cbd3c
bea23e8dbe1cbe00
0000000000003e41
bdb83d94bd3d3e42
be5a3ea53d55bd68
3dfcbe52bd5cbda1
bdd2be76bdbb3cf0
3e2b3e05be553e3d
be5ebd9cbe46bd4a
3d933e553df73d0c
bcc73e55bded3ce8
bd533e843e0f3dc1
3dfdbe58bd993ce4
3d03bcaa3d6dbe1c
3d06bdf6bd73bd9c
3e233e363e32bd4b
bda8be053e29bd93
3ddd3d053dfa3c01
3cb4be8ebd963e25
3da2bdffbe11bcff
3d40bd1bbd033e30
be193d98be51be5f
bd8d3c05be8c3eb1
3c82be14be873e2c
beabbdd1be2d3e93
beb13de5ba1cbd9a
000000000000bd08
3e3a3e59bdd73dda
3eb93ecb3e9b3e23
bdd8bd9abe493db4
3dedbda0bb933cf5
bcb0be3b3cb8bd87
bbb83e51be343e38
0000000000003d8f
bd5ebc213ee5bdaa
3db6be4bbe5fbd63
bcffbe9bbd86bca8
3e563e1dbdbdbe73
be1dbdbf3e8d3e69
bd7cbd753d2d3ec5
0000000000003baa
beb1bda8bda13eac
bd053d81bd183e2e
3bd73e2cbdeb3e6f
bc45bc99bea63cc3
3efe3d97bcd4be69
be883d703e243e05
0000000000003c30
be793ea73e41be54
bd74be65bd8dbd8a
bdf1baa0bd013d38
be97bc613e1d3c72
bec2bd86ba5cbea4
3d8ebea03dbcbea2
0000000000003c4e
be47bdf23e10bdef
3b613e723e09be67
be4c3d16bd7b3bf0
3e8dbda83d913e55
3ccf3e4f3e86bd9a
3cb53c443e493e54
0000000000003d60
3d8f3e34be43bec7
3df0bd503ed9be84
be1d3daa3de4be46
3dcebebbbe1bbdb5
3da83aa3bb6ebe08
3df53d34bd2c3e7a
0000000000003c92
3e0ebdff3df6be9f
3d5bbe77bdcb3ca3
be16be103d86be99
be60bddebcc73e18
bcdc3e173d68be4e
bede3e1abd31bb56
0000000000003d60
3d4c3e633c00bc6f
3d43beebbd4c3e99
3e7b3e5fb90e3da3
3dd03dc83e1a3d1c
3ddcbe02be0e3ec3
3e03be32be53be60
0000000000003d19
bea53d973d603e25
3d0b3e0abe863da4
3dd63d05bd82be87
3df7bda83e843baf
be27be953de93d0b
3e19bebf3de13dc9
0000000000003d37
bddb3d6abe50bc5c
be303e313d0b3ddf
3df43e77bc97be69
3e1b3e3bbe6b3c9d
bdb03d453e753e8b
be05be783e823e21
0000000000003c44
be6e3dc83d6cbd85
3be33db0bd0dbed4
bd47bdbbbcb5bc05
bd0cbe8ebe7f3e62
3eaa3e923e873d39
3d913dc13ea4bd3f
000000000000bce2
be0e3e44be303e28
bdc7bd1c3ebfbe23
bf003ec93db53ded
3cef3d8bbe5cbd7b
be633e65be0ebe7f
bdc3babc3d003d4b
000000000000bb8f
bdcabe393dc5bed5
3dfa3e2abeb63d6e
3dc63b473dc6bda4
be9ebe063e8abd9b
3d08be433e24be5f
3d1e3e78bdecbddb
000000000000bb6a
3d4b3e2b3c9fbd8f
bd66be55be8c3ebb
3dd5bde8be3c3e0e
3da7bd4a3d853ddf
3d493d703e133e53
bd87beac3c883d9c
000000000000bae9
bce5bd95bd3c3e24
3eabbd393d40be85
3d333dfdbd26bc08
3e12be3bbeb03e37
3e2a3d733e71bd83
bd69bcc53e2e3e25
000000000000bda6
be8cbdcabddc3cd3
bd93be58bd5c3e23
be853d61be003b8e
bd75be003e90be3d
be0bbec2bc593bcd
be29be2abd683e68
0000000000003cc8
be6abd9dbcb23e95
be9abe2e3db63dd1
be883cdd3d1abeb1
bd943c36be25be0e
3e66be9c3e753eab
bde13d4bbdcfbde8
0000000000003db3
bde4bda2be34beb3
be27bd813eedbe1d
3cd3be403caf3c8e
3ce83ea6bd89bdc2
be2cbdbc3a6f3c18
bd093e0dbea43e6e
0000000000003d32
bdc93e3fbd8fbe36
bd5a3ea33da8bccc
3df7bdedbea73e33
3d033e06bd3f3db3
be603e743e8abcf7
3ed3bee6beafbd71
0000000000003dbb
3e8fbd04bdc5be45
3db1be753dd2be57
be863e2bbde93e9b
be2f3e43bd76beb6
3e51bd843e713ead
3e8b3e1cbc043d98
000000000000bcf4
bd3abd3dbe403ebd
beafbe203a413d83
be7c3e85bd8ebe2c
be83bda93eacbe39
be873e8cbd493d4b
bd103d05bd21bd92
000000000000be04
be51bdd83e033da2
3cfdbe4b3e44bb8f
bddc3e1f3e0e3e8c
3b5e3ee03da9bd8f
beb6bd5dbdcfbce9
beb0be79bd033d29
0000000000003d38
3e4dbd1ebe42bcbd
3de33e4c3e8e3e0f
3e48bd5fbebbbf06
3ecbbe74bea43e8b
bdcb3dc43e123cd4
3d673e09be47be43
000000000000bcd4
3d4c3e9dbe4f3d95
3e23be66be8abd94
3e4e3e50be9cbea3
3d083d0cbdea3e8b
3e073ddabe13bc93
bdf5bd463d21bcb0
000000000000bcf6
bd92be693d7a3e98
3e23beafbcd13bd6
3e9d3daf3da8bdeb
bc323d8b3e7c3d93
3ea2be4c3e98bd86
bd60befebe6cbe0b
0000000000003ceb
3e513e50bea9bdb6
3dbebe103e61be51
be5bbe26bd093e89
3e8dbe69bc92bee2
be29be6a3da63e3e
bcaf3e0b3efe3dc8
000000000000bc92
be66be70be47bcb7
ba2f3e733e6abeac
bd31bc0cbe59be49
be6ebe353d0c3dd7
bedabc6f3d873caa
3de83daebe503e3f
0000000000003ca5
3d03be4b3ea5bdbd
bceb3e04be093e1b
bd4dbd233e81beb3
be443e7dbeacbd45
bca0beb6becb3e1d
3d8cbe9cbe4dbdaf
000000000000bd3a
3d16bbf0be83be0d
3e25bdaabd463e70
3e42bdefbe333e02
be09beaebcd1bde3
3ed53e8dbcd03eac
be693db1bebe3e87
0000000000003c9d
be52bcdabe90be30
befe3de93e6d3ec4
bcfe3dcdbed33e8d
be2cbd913d3dbead
3f0d3eac3dd53ea6
3e02bed5be6ebb67
0000000000003d4b
bdc0bedc3e273e48
3cc73d813d4f39be
be043e0ebdef3e95
3eae3de23f45be2c
3ea63ea7bc8bbea5
3ec7bde93dbfbd0b
000000000000bcb9
bda8bcd23e51bd02
bc673e2cbe633ea4
bbc4be1cbd8cbdb6
bca6be77bdf33e46
3eb73e07bd2cbe91
3e393c2abe6f3be0
0000000000003d09
bdf53cb7bd093e1a
3e7b3d6f3c08bd8b
bd5dbed03e863d48
be9a3e873e4c3e60
bdafbe62bbfcbe15
bebabe24be553e4f
0000000000003c34
3da9bdc53d823e33
bdd33d53bdfb3dfa
3e663e6c3d87bdf0
3dedbe24bdaabe57
be9d3e42bdbfbaee
3da0bcf5bd713b79
0000000000003e23
bdacbd973da1be1d
3e3ebccdbb59be30
3dcabe13bd743e17
bcea3de93bafbd90
3ebdbc693d8fbec1
be93bd443e89be3b
0000000000003d7a
3da5bccabd6fbe59
3e1bbf083f0c3f7c
be8f3f8c3f05be9f
bf173f5fbd97bf45
3efabf113e92bf18
3edc3f3e3e0b3f51
3f3d3fabbebfbfc0
3f433ec23ca33e63
bf0e3eb33e8cbea5
bdcebe923f883dc3
3fc33f2cbed3bf74
bf6abed6bef7bcdb
bd9b3f6cbf06bf08
3d9ebf7d3f2dbe6b
3d5e3f4a3f69bedc
3f1e3d523fa1be93
bed8bd053fbe3d76
bf19bf753ee7bf66
bef8bf813f81beea
beb3bf793e703ea9
3f433f183d20befa
3f473e6cbf2c3eef
bf17be53bf27bf03
3fcb3df4bfa5bcd8
3e743f023edabe86
bdddbdf0bdef3efa
be4c3faebe933dfb
bf10bf253c47be05
3f183faa3d2b3df8
bf593e96be933f94
bf833e81bf823f90
bee23e7e3f4dbdd3
3e5e3efc3e853f3b
bf2bbfc1be8ebeaf
3e1bbf033e8b3f13
bf403d693eb0bf56
bfa63ed03f7a3e83
bf33bf013dafbf4c
bf5cbe1b3c8cbe1c
bf03bedb3fb5bec6
bf5d3f46bf31bf1f
bddc3f1f3f24bf4e
bef0bf2a3f6ebf9e
bef5bed23ec53f2d
3d55be96bebb3eb2
bfc33f1b3f05bf22
bb8ebb50bedd3f27
3d11bf03bef2be90
3f283eb03f9bbc18
bf793edcbf023edb
bea53c3cbea73e60
befabe993e12bf91
3f043ee4bee23ce5
bf41bf6cbe05bef4
3fbcbf043f7cbe32
bec93ec83f01bf5c
bd813f5dbf89bf95
3e9b3e15bee23dab
be713f27bd7a3ea2
3f4ebebd3f0b3f3b
3f8f3e19bf2f3fb1
bf21bd9bbf32bf04
bea7be7cbee13e19
3fd13e4c3f98bf8f
3ed5bf6bbf44bf22
bf3b3f74be45beb3
be20bea5be653e0d
3cacbf053e08bdc9
3f94bf503e92bf56
3c8f3d17be18be48
3ec03f413e10bf41
3d99bf5d3f383ee4
bfa43f7fbe623e0c
bf583f06be093f61
bdc93ed3bf69be2e
bf14bf96bdd2bf96
3f133ea13f703db3
be1ebeb13f363f19
bebdbf893ea7bedf
3f09befd3f5fbf42
bf27bdde3f9ebe75
bf7abef53e18be94
3f87bf29bd493f97
be02bfd5bf10bdc6
3ed73ea23f85bcfe
bf623eb33ea7bf3a
3ecfbe073e3f3e5f
bfaabf203d9abf7f
3e6f3f99be49beb1
3e883e1b3f253faa
bef7bddd3ee8bdab
3d6a3dbb3c7abde2
be24bd913d8ebdac
3e20be043d7b3b8d
be5a3d343df0bb15
3de13c44bd86bd0e
3e10bbd33e2cbd9d
bdda3e0bbcfe3d14
be02bc253dfdbb55
bc48bcd73e08bd4e
0000000000003e8c
be083d003d873e4d
bd4c3deb3c353d99
3b9ebd18bd943e10
bd823d0ebce13bd0
bd8e3d09be743e36
bde7be13be2ebca7
be18bd9cbe273c69
3b3abdae3d93bd57
bdb1be8bbd1f3cb1
3d733cafbd69bdf5
bd003d453db53cb3
3d02be0c3c7dbd82
bccc3c3dbd233d28
3c9d3db33df7be31
bd10be55bd8f3c71
bd3f3c75bda33bdd
3dcd3e053c9fbd74
bd17be143ca23ce1
3d2fbcf1bd873bf6
3e733d043e2bbcf7
bd883d02bd84be06
3e1cbd76bc653de2
bcb53cb73d883e36
bdc4bdce3ce83d1c
bdbe3df1bcc93cc9
bd96bc893e15bdaf
bda03a75bd7fbd34
bdedbc35bd3dbb25
3d2f3c813bfc3d77
3e3abd58bdd5bd85
bd41bc423d1cbc12
bdb9be003c413dc4
3ce9bd4fbd343c68
be043d453d4ebd7f
bd5f3e0db9aabd51
bdd13dae3db1bb19
0000000000003ead
bd93bc833cb9b9e7
3dab3dadbdb1bc97
bda4bdc3bea53ddf
bd313e093d963cec
bdc73e083e13be00
bd363d343e4e3e11
bdd7be0f3c2cbd32
3ddebc153d973dcf
ba0abdd13cbc3d22
3dcebb41be223e06
be14be193e3ebe46
3dd63da63e0f3e4c
be3dbe48bdd03ce6
bd62bcdfbdb53d58
bd9c3d4bbda6be65
bcc03cebbdd8bd88
bd193e103da0bd76
3d07bca3bb6fbb65
3c293decbe813e31
bbadbbbd3d50bde2
bc9ebbe4bba43e50
3df83e2bbcac3cda
be2c3c89bd94be13
3dc0bd2b3d26bb1d
3d813defbd30bd0b
bc3139643c183dd8
3d7fbe85bcfabe11
3d623cabbc933d92
3c56bcabbd963d1a
3d213c663c80be0b
bc8cbe203dc2bd96
bd35be103e2e3db1
3bec3dcfbdabbdfd
bdd6bd5dbd5abe01
3d6ebdc03e2dbe17
bd873df63c843d62
0000000000003df7
3cce3dba3dc6bdbd
3e21bdda3ce3bd4c
bcb9be8cbde1bc96
3c743c373df13e0b
bde33dfe3d50bd18
3cbd3c883eaa3dc3
bc413d2d3d8cbd31
bd67bcb1bd5cbe1f
be1cbd5bbd24bd8c
3e5c3e12be4bbe2f
3b80bd4f3e8bbc98
3d473e2f3c3fbe16
3d883e50bcba3dd3
bdb7bcdb3e113e02
3b24bc2d3cbbbc9e
bc923de03da93dc8
bc91bd013e0f3d0a
bd9ebe02bd1e3d13
3e2c3df23c073b6c
bd143d3d3cefbd87
3c553d27bc513e04
3d24bdbf3dac3d50
bd62be353d123d33
bd22bd8f3d943d8e
be0ebc43baddbdc1
3d92bd593d25bd52
3dcc3e00bd4ebde2
bcc53cd73dc23c36
bdd93e573e153d59
bd8e3e24bd1b3c89
bd3a3decbdd43d89
bda2bb3c3be63e08
3ddabdeebdf43dc1
3e02bdbb3d743c04
bd5bbce9bd24bdf0
3e27baabbd31bdb7
000000000000be9b
bd1f3d423cc03d72
3db0bcc9bdc4bd39
bc743e283d663d0e
bdf33d70bc1f3e32
bd6ebdaa3df63de1
bccc3ad6bda9bc98
3d50bdacbdb0bd22
bd843d663d9cbd4b
bcc73dc1bcc43e4d
3d573e043c84bd41
bd5d3d843d9cbd54
bdecbd873de73dc1
3c4cbc0c3d5cbbaa
3d913d393e45bde9
bdfe3c213d033de8
bd323dc0be19bd96
bc84bdc03d4cbcce
3d2c398fbd0dbe01
bd143d3ebd0abe0f
bc023cfdbd413c1a
3de73c193d623db2
bb1c3d4d3d923d16
bd053e0bbe2bbe16
3d36be06bc3fbdf6
3d01be203d0f3bc9
3d3ebe1bbcb639ab
be57bcfcbe4a3c87
3d1c3ce93cda3d99
3c1e3e1cbe20bd24
3b3d3d66bcbb3d93
bd93bd0a3d2b3e0d
bc1f3d833d013d09
3a103e183d26bd2f
bd1d3d16b9f23e14
be443da1be5e3d3e
3c8cbe343d7c3de8
000000000000bee6
3cebbd103e1a3d3a
be433db83c843de1
3e0e39863cb1bbe6
3cb2bd6b3e0c3ba1
3d6f3c4ebd883cf2
3d36bb1fbe0dbe0a
3dd8b911be26bda3
bd033d55bca53d10
be46bde8bc50bda3
bcbb3d913cb2bdec
b9f3bdb6bcdfbd85
bd803cef3e033a2c
bc023dab3db53dd9
3c813c873dec3d01
3c5fbdaf3d3ebe27
be023d4cba283d34
3dd83cb93d34bdda
3dd43d903de3bd1e
3c5bbd85bc73bc9d
3dc0bd943c8d3e08
3c2bbd92bbafbe21
3ca6bcdbbc14be47
bca0bc95bdec3c9d
bd1abe063da2bcf2
bb563d8e3cb33d6a
3dc83da43d51bc81
bcd43e043d613d98
be013d51bc82bc8c
bd5abba7bdeebd94
be2ebdf6bd0c3d8a
bddf3c773c8f3d61
bda33e24bc2e3ce2
3dc63d78bd70bd93
be10bdeebda7bcc3
3dac3d183dcfbd9f
3e07bd943d48bdab
0000000000003ef8
bb0abbb73abd3c6a
3d82bcb03d903b38
3de6bd19bd2d3d14
3da03d193cbb3d97
3c983c8c3dc53d53
3d1cbe14bd22be3a
bad3bda93df63d9d
3c14bd83bd2a3d2e
3e003c6cbe8fbcad
be083ac83dddbe0a
3d81bdebbdeaba9b
bc003e47bdce3dab
be1ebe09bdf23d31
be0ebdc53e29be17
be95bd9d3dd73d38
bcafbcac3dbc3d81
bc84bd333e0bb99f
3cd23cadbe8c3e05
3b83be2f3d953dcb
3e1f3e1fbd7d3e09
3d08bd01be8cbd3b
bde03e20bd4cbdfa
3d863d2ebc57be3a
bdac3c0f3d7d3e1b
bcaebe063da43e2b
3d093cd53db53d42
be54bd0e3dfebd9c
3d263d303d9dbd00
3dbdbde23df03d3e
3d843e193e3abcc1
3cd33e2cbd2f3da5
3db4be2bbbf93da5
000000000000bdd9
bd093d8abc7abe13
3df8bcf33db03c0b
3ce53e7a3e753daf
be4e3d2dbda83d86
3d763dd5bd8c3d11
be563e12bd3bbe82
000000000000bd0c
3dfa3c04bdbcbe36
3dbe3cac3e243e0e
3c02bcba3e62bdc4
be43be36bd3e3d8f
be02bc7e3e203df6
3cc5be0a3d4dbda1
0000000000003dee
3dfc3e0cbd8d3cc7
bd3cbd833d223e05
bd8fbdae3e673e64
3e64be5cbd043db4
3cae3d52be14bdd1
be403b39bbc53e43
000000000000bcda
bd4abd823c953e17
3d74be59bd3cbd96
bd473dda3c87be21
3de93e26bd033e8c
3e1c3e10bd4abd81
3e453ec9bd6ebd6e
000000000000bca6
3e49be363d9ebe0c
bde23d1dbd86be79
bc89be76be82bdc0
bd58be5d3d753e47
bdc13ca03e60bbfd
3c83bdd7bd623dd3
000000000000bcf7
3c8f3da3bc213e14
3e2f3bccbe8dbe1b
be35be523dbe3d91
be08be453d9a3d6d
3d3c3d1b3c073de7
ba18bd863d6ebe88
000000000000bc9b
3bc6bd2abcfe3e44
3d07bcb5be073e83
bdf5bea5be8c3e0b
bd313d77bcbb3e36
3e69bca33d93bd17
bd59bd663d39be5f
000000000000bc94
bd013cd73c25bd94
bc08bd94bdd2bd7a
3e173e283e5c3c24
3d423e723e2fbd28
3def3c58be2abcaa
bcb63ceebdd43dab
0000000000003c41
bda4bba1bd813ceb
3c2a3cd13e0fbdc2
3d853d403db6bd38
3cab3dc83d463ca4
3d25be0b3d21bccf
3dcebe64be723e02
000000000000bcdf
bc7d3d9ebe4ebdf2
3d3fbcebbd413d0a
3e29bdc4bdb83a8d
bdc93dd33e013e29
be6fbd653e18bd61
3e7e3deebe663e0b
0000000000003cc1
be6abc9dbddfbc04
bd10bac1bdc63d21
3dbc3dd43b473cfd
be043dac3df1be94
3cc03e133e383e46
bda23e18be1bbeb6
0000000000003d70
3df3bb663dad3d95
bbc53e1bbe60bdb1
3db13d823e68be0b
3dc6bd013cf03c37
3ca83d87be4b3df3
be5dbc60bbc4bde4
0000000000003c8f
be5e3e263cdfbe27
3df5bd9c3d04be3b
bd8abea6bea7bdb2
3e013e2fbd323c69
bb1a3dcf3d30bdbe
3ddcbca6be133e04
0000000000003d26
be1c3d103c6ebe30
bd43bd90bdbfbe1d
3d49bd13bd62be68
3a333d943d15bce0
be4fbc323e66bdf4
3dcbbde83d353e77
000000000000be15
3df03e51be553c83
3e46bdd2bdcdbdc7
bd263e39bda23d41
bd75be073d323d98
bcc53d6fbcf93daa
bd2bbcd2be6abe12
000000000000bd51
bdcb3e14bd56bcec
3d683c643e19bd9c
3d663e19be493d99
bdf73e263b84bd4c
3e00bc41bd0f3bfb
bd603d91bdab3d7e
0000000000003dc1
bcb03ddc3ca3bdb3
bd98bdf93d29bde5
3d98bc13be26bd90
3d78baaa3e1d3e59
3d06bdf6bde6bea1
3dc5bd963e43bd08
000000000000bc33
bd9e3b5dbbff3cbd
3e06bdc2bccf3dbb
be60bd0b3d813cee
3d22be38bce33caf
be1d3d85bd833c9c
3cf13c04bd283dbc
000000000000bbac
3e7e3e05bd4fbcee
3e283d7dbc40bd60
3d5b3d93bd973e2b
bd9abd70bee73dbd
bd8d3c2f3c8cbcbd
3e2e3da0bdae3c2d
000000000000bd5a
bde9bd6a3bc33de8
3e2bbd8bbe2e3e17
bdcfbe193df3bcfd
3e5d3e5abd0c3be9
3e13bcc53e413d09
3dad3e1e3d33bd3e
0000000000003d84
3d21bc613e5bbd22
bd853d6c3ddcbe3b
bd263d7b3d6cbe00
39883e2ebe38bcf6
3da43e0d3deb3cd8
3d3d3e2d3ce2be0e
0000000000003d44
be35bc2dbdb83d24
bda1bdb83e1abd3d
bd84bd3e3e0ebe14
bb00bdb6bd6cbe09
bdc5be153e9abe8f
bdd83d293d8ebcdc
0000000000003d20
be673d87be2e3dd9
3d3cbd84bda33da2
be82bc253e81bcc7
3d23bdf23c9c3daa
3e14bd7bbe2abe0b
be103dffbe6e3d17
0000000000003c1f
3dc0bdc5bd8b3e90
be74be083d3b3c54
3e2dbd003e9ebe68
3d83be1f3d1f3d89
bd97ba9bbe52bbd4
3d7bbe21bd843dd4
000000000000bd39
39b03e2d3c89bda9
be6a3d92bd80be06
3de1be24bdf7bce6
3d11bd53bdd83d41
3d5b3d3fbd53bdba
3d933b5b3c443e45
000000000000bd77
3e9f3d9fbdbe3cca
3cbabdf43c4c3d8d
be003ddd3db23ce7
3d24be01be383e30
bdb73e48be243c90
be5fbe053e35bcb9
000000000000ba9c
bd8f3d9ebdc33ae0
3e363e3fbda13dbe
bd81bd7b3e20bdca
be143daf3db63d31
bdd23e1b3de43e03
be0a3d633e233d9a
000000000000bd91
3d753e1d3daa3d81
3e10bda23dfbbe6d
3e213dc63deabdb6
be2b3d75bdaabc3d
bde2bdcfbe49be0e
bd92bd0c3e12bdbe
0000000000003d44
bd7d3be7be0c3e40
bdc5be33bcbebd42
3dbe3d1b3dbb3d58
bd75be35bdf3bd37
3dc23c68be5d3d99
bd92bc863eb53db5
000000000000bc7c
3e383e04be203e1f
bd9b3df5be38bb5f
3e073cf7bda6be34
3d17be303bd53c6f
3ea3bde1bdd3bdd9
3bf8bd673dea3d45
000000000000bcfe
bd953dddbdfbbd91
bb9c3c95bdc9bc7d
bdec3e35be2b3e0b
3e5b3dfabbb43e03
3e90bd05bdefbc1a
3d79be4cbe09bd12
000000000000bbaa
3daf3dacbd2d3dfd
bdaa3d6d3da2bd30
3c823ca33bf03e7b
3d3d3e3abde33d56
be843dff3cd7bd8d
3d283e70bb73be05
000000000000bcf4
3dd63d70bdb6bd58
3daebd953e58bdc5
3e123d95bd893df2
3e0cbd6fbe2e3d94
be693c2e3e1e3e2b
3d1ebcf23d513d2d
000000000000bc91
3ddfbc453dfbbdc7
3df2bd2e3dd13e25
be1d3e45bdf1bdb7
be8bbb38bddb3dee
3daabd1b3e9cbdfc
be17be89bca2be00
0000000000003d06
3e02bd253ddfbd75
be2c3d8e3e893ab3
bcb23e243eacbe8a
3dc9be783d33be57
3df2bd153e38bdbc
bd79be96be133e0c
0000000000003d76
bd0cbe713e70bdfc
beacbf33be6cbf55
3fdd3e893fd0bf87
3dbd3ef5be0fbc2d
bf03bf83bf9b3d61
be9d3f473e983cb3
bf39bf8abe52bfd4
bf56bebc3e48bf70
bf1d3fc33f103ef4
3dcabf71bf3f3ec9
3f983f4b3efc3f69
bed7bee0bee4bd66
3ec83f2fbeed3f5d
be8c3eea3f8fbd84
3f20be6a3cd13f0b
3efd3f92be4ebc84
beb23fb8bf10bf0a
bfb6bf37bed5bef9
3e10bbcc3efcbe4c
3f53be8abfc1bf84
befd3d953f2e3f61
3e0b3f6d3fef3ef4
3ec0bf243f1a3e95
becb3f68be29bfe8
bff83d0dbe4b3d31
3e813efdbf6cbf9e
be9abe8dbe0fbdf5
3e363f49be97bf8a
3f303e57bebebe8f
beb33e7f3e8dbfc0
3e643e0fbf45beae
3e6f3f8dbeb7bed5
3f8dbea93f8fbf5d
becebed13f233f7b
be353fb4bdb0be0b
be82bf073d26bf0e
40073f1ebe04bf33
3de03fdf3fbbbda5
be833dc7be7e3e75
be4f3fcd3f8cbde6
3f413f15be983f41
3f2a3fdebf1abf03
bf333e8abf8ebf31
3e46bf4abdd43eea
3efd3f603ec43eb5
bf293fd33d9abe10
bf15bf313f83bf64
3e60beaabebc3f66
be2e3fcbbe843d43
3f53bcb0bcfc3f19
be9dbd853ecabfa8
3f85bf873ee3be51
3f54bf273f753f86
3f8abf2abd12bc16
3ef3bebabfaf3edc
bf9abe7ebf4f3fb2
3dbbbf2d3e633f28
3f10be11bfa6bf5b
bf4a3f343f123cdd
3d5ebee9beb5be87
bde83e6cbf03400e
3f0d3f27bea13fad
3f343f233ddb3d00
bee8bf69be94bf09
3f123e113f16bf3e
3f703f583f903c16
bf1abf413fb4bdc6
3f9ebaaf3e803d71
3ee83f57be39bf1a
3d10be393dc03fb4
bf00bf8fbecf3f61
bd893e56be3f3f2d
be17beee3f4bbf66
3f8ebeaabed6beb5
3e6ebc78bf11be6b
3ee73f4c3ef2bf22
3d3dbe2bbe34be82
bed3bf033dd9bfd1
bf8d3efc3e5c3ea7
3e55bfba3e60bf04
bf02bf453d8d3dbd
3e9e3f69bcba3f93
bd363fba3ca0be07
3e803ca73f503f7d
3e2c3e04bd703e64
3e28bcc23f2c3d8a
3ec7be853de43e59
3f513efbbf543e58
be8c3f773eda3f3c
3feb3f0fbdabbf96
bea3bfa4beab3dc1
bc533c00bd8abd4d
bcb93bd43dbebc47
3c3c3ccfbd90bd74
be003e14bc873e00
3b47bd3b3c98bd81
bc4ebd903d81bd70
3d99bbadbcb53e01
3c2f3dd23db03dfc
bdce3df93d6dbc34
000000000000bebf
bd97be173d00bd3d
3da13d43bba63bb2
bda13d46bd0b3d41
3e0abca73d87bc38
3d6f3d1c3c38bc2b
bcea3baa3c94bd09
bdc1bcc3bc933cdc
3d6bbdfcbdd1b9ee
3e093dd03cc83da8
bdef3bdf3ca4bda6
bc47bcf8bdda3d15
3d7cbbd03ac9bd95
3dc7bd103d1b3db1
3d3abc493e19bc3b
3e62bd683d12bdbf
bcea3cb0bd2cbd2d
bb4a3d1f3e14bc39
bddf3c51bde53dfb
3d30bd57bb36be1a
3e493d20bdf7be86
3d14bd133dcf3cd1
3dc23d7e3d9d3ce2
3e10bd1bbd4d3d5c
bcb7bddbbc973d07
3d44bd17bd83bdde
bdb7bd95bd8b3e19
bddc3d913d7ebc26
3dd93d1fbcf8bdc1
3cbd3c77bba4bd31
bd183c0a3db93d5e
3d2a3cbc3dd6bd07
3d6e3d8b3dffbdf6
bd263dcabc99bd75
bbb33d84bcf4bab9
3db93d2e3c26397b
3d173e033d4c3d59
000000000000bea5
3e28bd993a7e3d65
3d873dd9bd7cbd21
3dcabd633c0a3d7c
3e0a3df73c9bbd32
bd83bccebd5d3c09
bccabe1abd923d29
bd8dbae4bc85bc39
bd2a3d31bb13bdc2
3e563de03c6f3df0
bdb2bc9a3bcf3db0
3d22bd25be3dbdc9
3e29bd853de3bd97
bc50bd9cbd7fbd7c
bc663bd23c8a3d97
bc27bd9ebd063c1f
3e2abd3c3d223e17
bd9ebe3fbb453d1a
be31bdd6bd1cbda6
3e463d5b3b9abdbe
3d3dbcd0bcaf3dd0
3d5fbdd3be173e4c
3d7cbd5ebd793d8c
bb29bd7c3b60bce2
3dc13cd23a4fbdb5
be2c3ce7bd253e42
bd4fbe0e3d243d7f
3d91bdb33caf3d15
bccdbd4d3d36bddc
3ab83c203e363d6e
bd84bd07bdb83dad
bdacbe203dc93c55
3b67bbcfbd70bd2f
bcaf3c8c3cb73c7a
be453daa3d403da2
bd173df3bdfabd56
3c7a3c58be063cea
000000000000bbbf
be44bdfabcbbbc53
be04bdb0bda5bd11
bd9e3d61bd753e1f
bcd9bd3a3dd0bd85
3ccf3d3abc7a3c37
3d363d893e06bd3d
3e123b5bbd03bd13
3d4cbd5cbc9a3d29
3cd3bcedbc923ddb
3d23bccd3ce43d3d
bc7d3d4ebde3bda6
3d9dbd0a3c2ebdaa
bc14bd95be0bbde2
bdc23d9b3ca4bd83
3d003d65bca33d81
bd13bda3bdac3dba
bd423d9ebd3bbd66
bdd63d0bbd383e03
3db03d363da9bd5a
bd27bdacbd253d48
bda6bd70be083d8c
bc2fbdc53d413cd2
bc203dabbc883df3
3d563d9e3e1ebc24
3cd23e013e14bdaa
bc4a3c903e40bd88
3deebe24be2ebd56
3d78bc0b3db2bcd5
be54bd28bd883e02
bca13ca73d143e12
bdd2bd943cd63d32
bde5bdfb3dc13d7e
be323dd43cd8bcc2
3d2d3cea3d8ebd45
bcc2be39bd693c90
3dc83d3f3c413d9a
0000000000003d74
bc943d02be12bd9e
bb8fbc07bd8b3d27
3c27be0abd233e70
bcc5bd743d7ebd44
bcc63e013d5c3e13
3dc13dc0bc453c9c
bd4fbd57be363e1b
bd03be04bd4e3d58
3c78bc903d493bef
bd82bcbbbe74bce6
3d423c9d3ce23d73
bdb13d923dcdbb04
bdb6bc9c3c17bdea
bd5abbbc3d283dfb
bd533b9ebd9c3d0d
bccc3d5fbdf23db1
3b1fbe343e263ddb
3e27bd193ddfbe08
bde03ccebdf73d77
3cdd3da63acb3dcb
3dd13ca1bc063c96
3da9bdf2be383d1f
bd633d6d3d613d4e
3dd5be153d373dc9
3d7e3d06bd79bd2f
bd6abd803cba3d92
3d883c5dbc7abdb7
3e3ebd4dbcd23b4f
3daabdbf3d00bdac
bd45bcf7bc0b3e29
3d87bda1bc1c3d49
bcb7bc813c2abc57
bd483d3ebbd93d6a
3d43bd96bd98bd1e
3c9bbc343d3dba68
bad53cc4bd0bbc89
000000000000be9e
3da83cf2bcfe3d95
bbc4bd73bdd23c97
bdebbd9bbd833e07
3d743c91bc843c0b
3d2a3daa3da5be35
bc5dbdb83d933d21
bc633d393cdbbd21
3c833d753cb1bd81
bc9cbd123dd93da4
be1fbd29bce2bc18
bc443b1a3e073d76
3dbe3e323db1bda8
be04bdebbdf03db3
3cf5bde93ddb3da2
bdd6bd1abde13cce
bccb3cfdbd74bc24
bd6ebd853e3c3d55
bcc6bd083e16be0b
3d363cd2bcecbd45
3dd53d0b3bc83be0
be053aa7bd34bd4f
3dc83cddbc6e3cd9
bde2bcc1bd17bdf2
bdd7be423d543d70
3b753dbcbe0fbbcf
3d623d71bdbf3d19
3cadbde8bd4d3de4
bd93bde3bcb53c6d
3c9e3bebbe06bd40
bda8bd803bfa3d88
bc423d953d7ebd48
3a94bd073be83ce9
3c69bd603e50bc64
3cb83df43d843ccf
3dd2bda3b9c13c9c
3a9abc283d16bdff
0000000000003e32
3d9fbde9bd87bd10
3dedbbc4bce1bc2f
bd02bdfebb28bd22
bd20bd9dbc473eaf
3de7bd823cac3e1d
be423c31bce53d94
3dbe3d0b3d46bd36
bdebbe20bcf83d5b
3d2dbd12bd17be23
bdc5bd74bcb73dc3
bd3d3c89be1dbe2f
bdb9bdabbdef3d57
3db7bcef3d963d07
3d03bdc73e0f3da9
3defbd2fbe1f3ada
3dc23dea3d45be28
bc2abd1abb823e1d
bcdb3e15be2cbdc0
bdb03d333d663dc4
3cd5be41bdc53dfa
bc8b3e35bd93bd9f
bcb13d25bdaebe0e
bdb5bdc7bd6bbc86
3d9cbd1bbdcd3dca
3d473df63e07bd8e
3e34bda83c833c94
3d69bd16bdd33c03
bdd2bcb2bd973e1a
be023cb2bd92bd4a
3c073cd13dc33d22
3d6c3e013d55bdb3
3d443dc03daebe46
0000000000003d44
bd06bd2e3d9ebc86
3de23e55bd9d3cbc
be0c3d2a3d8c3cb0
bd0d3de4be3cbd97
3e47bd56bd95be16
bdbe3d28bdf93cac
0000000000003ddc
bc843d5a3d5abd36
bcafbd933df03de8
bcae3bafbd90bd66
3d8a3c2cbd013d19
bc59bd1f3e1d3c52
3da3bdb83e1f3ca0
0000000000003d23
3c3dbc9a3c04bdb1
3c9dbc4abd873d12
3e79bd89bbd1be18
be273cc93d7c3e46
3da4bb373d233e26
3e37bccb3cb43d12
0000000000003d3d
bdec3d5abe023deb
bd773e0fbcb9bc2a
3e1a3e053da03d65
bd343ce6bc33bdbf
3ca8be103e143dd5
bd803dd73e16bccd
0000000000003d13
bd42bd9e3ce43cb4
3dc5bd31bd2b3c51
b9d4bc203d61bdff
be3c3c56bc0abdae
bd913e43bd39be29
3da8bdf0bd45bd76
0000000000003c64
3c833c9abd9cbc87
3d81bcf7bdf13dab
bdabbd4abcd93cea
bd8f3e023e263da6
3e27bdbabde3bc7c
3d473df7bd5a3e18
0000000000003cb0
bd03bd54bcdf3b3f
bd84be0d3d1ebe14
3de7be2fbd3bbcc6
bd21bdc9bd823d50
bd9abe2fbdeb3e56
3e263e0b3e1e3da1
0000000000003d5f
3ca6bb8fbda03d66
3d483d893c12bcbd
be0ebe2dbddbbd71
3d31bdb8bbae3d8d
3e043c833e003e00
bcad3c98be753d0c
000000000000bd00
ba11bda5bd993df2
3cfcbc1cbd053dea
bd10bd2a3d813e28
3e02b9afbe4f3e59
bdba3dd4bdc0bc3d
3d093d25bbe6bdb6
0000000000003e2f
3dd3bdbb3e1d3e11
3e52bc1dbbc9bdfc
bdfd3e253d9e3ded
bd3e3e793d85bd8d
bd113ccdbdc53dfc
3cebbda43e51bc5d
000000000000bd5a
be2f3c51bd583baf
3d62be8d3de03bed
bc30bcc8bd073c2a
bda1bc54bdbf3db6
bd813d9d3d9e3d33
3df43c9dbe21bd32
000000000000ba60
3d033d283e06be04
bde83deebd1b3eb3
bda2bc07bddabcbd
bd453db13d79bda1
be2d3debbdd93c4b
bb6bbd76bc8ebcba
0000000000003d4b
3d873db33c44bd17
bd113a9c3dd53c58
3c8ebe1bbd213aa0
3dd63a40bdaabd5d
be3e3dc8bcc0bd8d
3e03bd1cbdc6be1e
0000000000003d59
bdf6bde8bd98bdd0
be8dbde1bdcebe27
3e5b3b5abd07bd82
bc6c3d133d913d70
bbfd3d413d18bcf7
bcba3dfbbd0cbdae
0000000000003ce3
be093db5bd5b3db4
bdacbda73d7a3d33
bd18be3dbdb1bdec
bda33dc43ce93cef
be01bda53b54bd3a
3dab3d46bd953d45
000000000000bca9
3d42bdb4be223dcf
3e01bd283c32be02
3da2be0b3dae3d98
bdc63e053d843c2f
3d233beebe153bd8
bdf53d833d6abcb9
0000000000003a89
3df6badb3dd8bd46
3cb0bc9dbd6d3d80
3baabd6dbdcfbc75
bd903daebd923cb6
3da2bc34bd6bbe10
bd4d3d7cbdb4bd6b
0000000000003d83
3cd93c873d75be11
3d823de6bde33bcd
3cf1bd5ebdb73e26
bb893c9c3d11bd14
bdd93d21bdeabd01
bd36bd343a893bfd
000000000000bd94
bd2fbce0bdec3e05
bcf73dde3da3bc3f
be383c3bbd3ebe02
3dbf3dfebd49bdb5
3d8bbe06bd8bbd81
3e043c96bd553df5
0000000000003b9d
bd323dc93dc03c9a
bd80bc80be553cc3
bc40bd85be273d52
3d7f3e49b7c43d53
3cc03d973d7fbcbc
bd8f3d32bdc63d6f
0000000000003dac
3dec3d03bd82bdca
bceabdf33c0a3dee
bd203da83d56bd34
bc9b3da53cdd3c9e
3ce7bce13db8bbe9
3d8ebd55bd683e12
000000000000bd8b
be2b3e1dbd4bbe0e
3c5a3d8bbe1ebc9d
3d9abc0abbdc3d5d
be34bda23e5f3da2
bd6c3d96bcde3e19
3d913d30bd9a3de1
0000000000003d16
bcff3d413da33d6d
3ca3bd98bd71bd8b
3d46bc073de93df9
3d91bd853c233e4f
be2a3e573de0bc6a
3d35bd6e3bdd3dd2
0000000000003d23
3dfabd8a3d7ebddb
3d153c16be343c11
3dba3e123d5cbd10
3dcfbd813d183cea
be32bca5bc5dbd53
bbb5bc20bd3f3d93
0000000000003dce
bc88bd333d1abd22
bccbbd7c3d5abcbb
3d6db9aebccabe00
3df13e1fbe423e12
be0d3bc8bd7b3de3
bc8bbd513c09bd88
000000000000bd3e
bd553e15bd00bd7b
bd93bdc5bd7e3d69
bcb23dd1bda93d56
3d833dd1bd1ebcc9
3c3fbdcc3e0ebd0a
bc633cdbbdd9bd0a
0000000000003dc0
bdccbc88bd593d0c
bde13d3e3dcabde6
3e0cbcfcbd18bc95
3c66bcf63d93bdfa
3da53e253ca3bce3
3d8a3d1c3c8ebdd6
000000000000bcf9
be16bbe7bda2bd2e
3e4e3e1c3d673b06
bdf6bdf43dcd3e1f
bdc43de33d093dce
bd5bbdad3d4ebc03
3d1a3d933c3fbd94
000000000000bd17
3d0cbdc8be17bcc2
3c0fbde13d163c92
bc82bce53d49be12
3d58bd373da5bd87
bdc73de03e473db3
3c913dda3dadbd59
0000000000003da2
be18bc853d873d8a
3e1f3def3c503d60
3d3e3dd03d9b3ad0
3d98bbd1be023b1d
bcba3e123c9f3d9d
3d1bbc77bd9abe23
0000000000003c37
be09be26be51be0c
be503ca13d743dac
bd893c963d93bb51
3cdabcf0be24bdca
bd083d4c3b89bc2e
bda93d70bcd83d26
0000000000003d60
bd693d0a3df93bc9
bb91bd173cb0bd2b
3d89bc4fbc7f3d26
bbea3dc7bddc3d2b
3de83e0f3cb2bb93
3ded3d73bccabd79
0000000000003dce
bde13d883e2e3dcd
3db0bd2a3e50bd6f
3d883db7bd953d46
bdd73d68bdebbc07
3e153c233dde3da8
3ce63d213c6e3d85
0000000000003d0a
bb6cbe2a3ccebe12
3db6ba93bc5bbb93
bc8e3d823dce3d80
be1f3c993a27be12
3c9dbdf43d68bd9a
3d3e3e18bb6ebcf0
0000000000003d01
bd7ebd293df0bd8c
bd48bd9e3e47bd9d
3d99bdbc3e073dd1
3d5cbc4fbde03da6
bc9f3e29bc85bdf7
bd803df8bd17bcbf
0000000000003d95
bce63d4dbe0a3e07
bda8be873e453d41
3f4d3f883f453e97
befa3d26bf3d3f8f
3e3e3db8bf1dbc51
bedfbf99bebf3f01
beb33cce3ef5bf97
bf52bf8d3f933f2d
be763d7c3e00bf9d
3f0b3ecc3f393d70
3df6bed83e56bea2
bf69bd243e24bee5
bdcc3f583fa5bec3
3f72be593ed53f02
bc91bf3e3cc5bf16
bc703dc0bdc1be05
be02bea1be9dbeb2
be673faa3ef43ed2
bf823e95bf44be9a
3f053e70bd4cbe07
3effbec23e97bcc9
bf70bd01bf1dbf16
3f28bddcbe053d8b
3f94bf4c3e3b3f2b
bf2cbdbf3e62bf0f
bf28bdd3be6dbdcb
3e2c3dc13e95bf4a
bde9bd84be2bbd91
3f143bdfbf023f03
bd46bd2dbe3ebf5d
3e25bf2bbd0cbf52
be0cbe4c3f7bbe82
3f7ebe933df3bee1
be883fa8bf02bf4f
bf21be02bd36befb
bf373edfbe82be77
bf473d553f313f33
3db1bdfcbfe43f72
bfa03f593f063eb6
beaf3f0e3e903eed
3f16bf043ec93e0e
3f15bf6b3e433eb0
3f4cbed23ecf3f80
bd9e3f743f84bf1f
bda43f0d3e1bbf00
bde43f14beacbf42
be95be91be133ed2
3f0c3e26bdc33edb
3f143f103e613e2a
3eafbd563e33bf4c
beb13f57be193e31
3e5d3f25be6fbe72
3de7bd8fbf9ebeb4
3f76bfa13f253cff
bc94be2dbf033f1a
3e34bebcbd0bbe8d
3edabd893e8b3efe
3ee43f1ebdcfbe0e
bfcebf3f3e793ea5
3d81be3b3e17bf34
3eb7bebd3e423ea2
befcbe37beb03e88
3f183f4fbe15bef5
bf423e9b3f293f7a
3f40bdb73e08bec4
3f313e94be80bf20
3d5cbf2c3e3bbea6
bfa2be9e3ecc3f7d
bd0bbe9abf1ebd21
3e7dbd353fb43f0e
3e863ecebeba3d9f
bef1be7cbe0ebd8b
3f0f3e37bee0bf6a
3d7e3ed7bd11bcdf
3e0b3eb7be8f3edf
3eae3c87beacbeb5
bec03f223f1b3abc
be83bf83bef0be97
bf863e2e3f22bf48
be37bf4f3eefbf25
bf18bd1bbe9b3e9b
3baa3d9e3d89bc80
bf83be48bfa33e26
3ec53d24bf513f81
3e42bdefbed2bec7
3fa43f603f20be09
be27bf073f083f86
3ead3da0bd8b3ec6
3ec13e17bf21bd67
be9bbd9a3ed8be2b
bc21bf323ef7beea
3d67bbe13e0fbca8
bd233d853da93cd2
bd8dbd6e3cbfbd24
3d5e3d123c5bbd87
3d933cfdbd5c3daf
3c523c243d18b9ce
bcacbc85bca2be0d
bcd3bd7ebdc73c7f
39c53c3c3d92bda2
bd6fbdb0bd503dba
bcc6bc903c2c3dac
bd63bcdd3d9d3d13
bd46bd13be12bdfd
3c633d50be1e3d06
bdb43d6cbdf4bca1
bd02bd07bdcfbcfa
3b813daf3d3cbd21
bd213d43bd993ce9
3d8b3b8c3e033d11
bcd1bbe43c4f3d6c
3daabc98bdeebcc5
3df13d32bcb6bcea
bcfd3dbb3dc83d11
bd2abdf1bd7fbd0d
3bc4bd103d6ebce9
bd97bc533d5d3bb8
bc1bbde63d9abd40
3cc8bdbd3df1bd49
bc673d07be20bda5
3d37be14bd42bbe3
bd84bda53e1e3e0a
3e0d3e5abd2abd69
bde6bd783d8ebd86
3d62be1c3d66bc85
bd983c8fbd53bda4
bdd83aaf3d05bce0
3e45be473e5d3e59
bc3abe38bc633a3c
bd6f3d9bbd0f3d40
3d5c3d06bbc5bd89
bd613d8d3dd4bcbc
3da9bd593dcdbce0
3d403eb8bcc73d84
3d173dd33e27bd28
3df33bc73c053db0
bc8cbdbabc863d18
3c6abe293d72bdb7
bddfbdafbdfdbc39
bd2e3d503da8bcc8
3d04bdb53b263dbe
bcc53dfbbd283df8
bcf23e1cbdbb3d20
badd3dc43d2dbbd9
bd623e153ddf3d8b
bcc8bdad3cf5bd15
bca9bd4b3b8bbe14
bcf13d20bcd23d5f
bc5d3db93d61bdb7
bc3fbd613e1cbd52
bcba3e2f3de33cbd
bd1b3db23c22bd89
3dc63d1f3d4cbcd4
3d0e3ba5bda93dbb
bde3be053d9a3acf
3d243ddcbddb3c41
3dab3e02bcb8bd61
3cab3e61bca93c58
3d563e0dbd62bd82
bc0c3ce33bcabc04
3e1c3dc33dc63d0d
3d07bd9c3daabc90
bd703d05bda3bcea
3b92be4dbc82bd92
3ec2befe3e863f0e
be1ebdbf3d0abd33
3c1ebd82bde6bca0
3e003ccd3e37bd35
bc7f3c073b6e3c2a
bd97bdaebd07bbb7
3c623e333e083cda
bda13a46bd18bddb
bd063e303d05bd2d
3e183d693c15bd5e
bddcbd82be0bbd00
bd64bd2dbd163df5
3ded3d19be25bd40
3d5d3cae3b973d9d
bdbdbd133dc23ce8
bc53bd27bd0ebd7b
be053dabbbc13d91
bdcabb95bdd9bcfd
3d9b3de2bc103b92
3de0bd273d95bdaf
3ceabdae3dde3e04
bac33d00baec38b6
3d60ba963dc8bd2a
bc98bc513d8abc0a
bbf03d8ebc793d66
bb9dbd183cd23d26
3c9d3d68bd10bcb4
be2dbde63c5b3cd3
baf0bd12be53bd0d
3d9a3d213e003d45
bd963dff3d7bbc84
3cf53d3cbdb2bb7a
3d66bc49bd483d2c
bc373d8abd1d3d5f
3e06bd6dbd97bc7f
3d3d3d203b833d9a
3d2a3d493ceebcd0
3ee1bedc3e44bea8
3df3bd803dac3e09
bce63cf5bdbebe23
3cff3dc03d43bd8e
3b9bbd713db7bdde
bd243d97bbd33cf8
bd3abd043c8d3e54
bd0abc0dbcc63d3c
3cde3d3cbd2d3d0c
3cc93c963d92bd7b
b842bdca3d0abd37
3ded3c173c04be3c
3a6d3c4cbbb43da5
bdbebdbfbd9d3e0b
be03bdc13ca1bdfd
3e1c3dfb3d41bd2d
bd9a3dc7bc9cbbd5
bc35bdd2bd763d9c
3e2f3e26bd47bd8a
3db03d233d223d80
3df3bd2fbd7dbc0b
bd923d933de2bd9a
bd9b3d62bd233d10
bb7fbd3e3de3bc07
3dc23e2fbbf6bdcb
bcbc3dbbbdc9bdb9
be173c8cbcffbd02
3b623db03bc43e09
bdbb3c6f3ca0bba6
bc90bde5bdb73ca3
3d36bd09bce5bd8e
bc5d3d8d3d173d91
bd1b3e073bda3cc2
3ce03c803e49be3a
bdad3e1cbd97bd2b
3d203b57bc12bd2b
bdd1be29be0f3d7a
3c3ebe6bbed43f23
bddfbd07bd743df6
bd713d40bcd03db9
3d9f3cf33cb2bd6e
3d6b3e0f3dc13d85
3c813db6bd54bda5
bdd8be22bd8a3c98
3c393b063c59bbde
3b9c3d2c3e31bdc4
bd76bd6dbd133d2a
3d7b3db8bdcdbd3b
bde8bca13d81bc4d
bdac3d253c90bc9a
bc8abd723d19bd18
bd7fbd0dbd303b81
bdd03d84bd183d0d
3d8a3e4fbc3ebda3
bdc2be22bdccbc7c
3cb23caf3d913d25
bc443d2cbd3fbc4e
bcd23e0d3dc03d8a
3b56bdae3d34bcd2
3db1bc99bd923e1d
be133d063c5cbd69
3d8e3b513d953d27
bda73e09bdb2bd92
bd033d153e12bd84
bc343d403ca13a10
bda8bdadbc923c3a
bd453cae3d1d3d28
3cfc3e70bd53be01
3dd43d68bd1f3c51
3dbcbdb9bd08be15
bd9a3d803cf63dcd
bddcbcb83ca43cd8
3e313e113cc63d4e
3d513c813e14bd93
be57bd393d91bd6b
3e08bd073dde3e5b
bde9bd963db03e3a
bd023d5a3d9b3de7
3e083d393ca7bca3
bd0b3d28bdc0bde8
be44bd06bdd8bcff
3da2be02bd5ebd0a
bd293e0b3c4bbd06
bd8ebdb1bd243deb
bd4bbcba3e123d3e
3d76be32bdc23d3f
bdb4bd103d933da3
3dbe3cb63d33bd0c
3e0f3d1bbde23d8f
3e333d02baf3bd14
bc95bdb7bc8bbca7
3b58bcb3be073dfd
bcad3c163c003ce6
bdb8bd3e3d4b3dce
3e1c3d263e06bd80
bcff3d44bd9cbd18
bd98bc213c273de9
bd95bb96be203d46
bd58bd9f3d39bc0e
bd283dae3e0d3d35
3ccbbcc53da83cc8
bdddbda6bdcd3d6f
3cbb3d22bc77bda6
3c34bd03bd0d3e2b
3de63cb9bdbe3d71
bda33ceebd5fbd35
3d383d73bd3b3dd6
bce0bd913e053d3f
3d743c323da63cd3
3d5bbe10bd26bca1
3e213dd03d05bd01
bee43e743e5dbd45
3da4bd663dbb3e17
bdf7bc933b893d48
3c57bc0fbc983bf7
3df53d44bd483c9a
3cbc3c183d033ce1
bccfbe0f3dbebca0
bc25bbab3dddbd50
3cc93d89bd9f3e2f
3d26bdabbc7cbcee
bd423d413e14bccb
be203d4f3dd5bd05
bd213d0cbc9b3e49
3d88bb0e3c5fbd52
bdabbdefbe353d52
bc533c7c3c3dbc7f
3a3d3d1f3d263bf7
bd98bbeabdc03d44
bdad3dc6bdd0bd73
ba31ba603caa3e44
3e64be0e3e323e89
bdc63df4bb633da5
3d853da33d213a9d
3e1e3cdcbda5bdd8
bd323ca23e283e0d
bda9bccbbd57bcf2
3d583d763c4fbcf0
3dabbd283d663b8c
bd463cb03d4abe02
3d8fbc843dc6bd2d
bdcc3bf63d87bd58
bd20bd1d3cf4bd2a
bd443dc43da3bdfb
3cfdbd873d2bbcf0
bcd53e13ba9b3c72
bc65bd55bd8fbdf8
bd633b523dca3df5
3e52be183d8cbf3c
bd4a3cf4bdcbbe12
bd513dc1bd42bd7c
bc48bcac3c7b3d4d
bdc2bd79be1fbdbc
bd9bbcbcbd55be0a
be2b3d96bdaebe01
3dcebcbf3dc3bcd4
3cf73da73d393ce6
bd2ebdbd3d5a3c5c
bc04bbf83d433c8f
be613caebd30bd08
bd563c663e053d44
bda4bd33bb3abd80
3b5c3d80bcf03da2
3e143dc33e183d11
3c113d9539f13de2
bdadbd083bbdbda3
bd9cbe2bbd573d09
3e14be343ca1bca9
bd5e3dc8bb2a3e1a
3e28bd933cb0bdb5
bd90bc4dbd85be35
bcd8bdd43c9b3e2f
3db63daa3d8cbd2a
bddf3c30bd6b3dc4
3e103d483d18bca3
bd85bc07bc5c3e25
3c62bc813e09bc42
3e07bc233d9bbda5
3e38bd883c543d01
bba53cd53d413db0
3cd03d6cbc79bde1
bdd2bd443dd53d04
bda43d713db63d44
3e1a3dec3d3abcf7
bcaebbacbd543ded
3c393c29be3f3ee8
bdf0bd4cbd893d37
3dc0bd353ce13d99
3ce9bdb23ce6bcfa
bc7b3ce13e373d46
bd82bdf6be11bd17
bd25bc3e3e183e04
bb06bd8abd3cbd87
bdd73cf93d20bbde
bd213d1f3c9c3ce1
3d1cbc983ded3e01
3d05bc2c3c2e3d91
3cebbd05bd4b3d7e
3d81be1fbd5dbe38
3d37bd48bddd3dca
bc5d3d423d1a3d7b
3c563d6c3dc3bb52
bde0bdb5bacb3d86
3dd9bd42bdcebe0f
3dbfbc7b3b803d81
be143cde3d02bcd7
bdb2bc72bd1c3da4
3dd7bd91bd4f3d9a
bce73be73c573d64
3cca3d1b3dd83d3e
3dbf3da53b94bd2b
bd2e3d4fbc393dd7
bd163dc5bd06bd9e
bd7dbc45bdd03d39
3c12bbf53d4bbc59
bdc2bd4dbd8abdec
3d22bc72bd3bbdba
be00bc573d5c3d72
3d383db73c49bbfd
bc9e3de33d33bd34
bcb2bd1cbd22bd62
3d83bddbbd75bd0b
3ea93e21beb4be82
3c4abab4bda83d6c
bdbd3d1cbb90bdbd
bce5bc83bdfd3cc2
bbec3d06bdedbe05
bc1f3ceebe2dbd18
3b473e08bdb2bd8c
bcc23d0bbc1cbd84
bda9bde33db7be0b
bcc5bd763e333d5b
3df13ddfba5c3d14
3ccc3d55bd503c92
bd213cbf3e40bad3
3c05bd97bc96bd9a
3dbc3cf5bdccbbb8
bd223dd13d303c29
bcd8bc97bdaf3d54
3d45bc603d9bbd91
bcdebdd53e43bda8
3e063decbd98bd70
bbe73df9be13bd2f
3d5fbdf4bde0bd15
bd88bd8a3da0bb43
3c97be1e3dc63e19
bc65bbe8bdfc3b2d
3c8abd14bd10bda1
bc97bd23be003d3f
ba87bcce3e01bd70
3e09bd863debbd8f
bcf2be1abd843d2a
3d803d9c3d343881
3c073d9c3cf0bd81
3c45bc69bc823a9d
bdcdbda9bd9abc90
3c4abd573e7a3d28
be093d57bdcabd18
3e323e2cbddb3ca8
3dca3ccb3edc3f36
bd4b3d8d3e423e14
3e3cbbd1bd23be17
bd943de6bbabbe6d
bd69bdb33d17be8c
3e2d3dda3e0cbe62
3e4e3dc4bdfa3b90
bd883cfc3d063e60
bdc33dab3dd8bb34
bdae3cbcbcaf3d8e
3e10bd22bcf1bd7f
3d9ebe16bd3f3c66
3e3fbdacbe3d3dcf
bdedb93e3aea3d8a
bd913c543d10be1c
bdaebc603bf03d51
3dd8bdaebcbc3dd8
3c943d0fbacebca7
3d1cbbc03da23ccb
3dc9bda13d9cbb3c
be0bbd95bcf7bc62
bca13dabbda4bd3b
bcffbd2dbdf23d1a
bda3bc243ce43eb8
be823d4abcbb3d84
3d47bdc5be373e06
be58bcca3e2dbe7b
bd8fbd663e523d90
be7e3cf7bd9d3bec
3d78bdb2bcd0bcf8
bd62bd1639da3da9
3e0a3e433e443d3f
3e8f3e02bd6a3e48
bd323dc5be183df9
bda4bda43c883e09
bc1ebcd2bd9d3d93
3d613adf3dafbdf7
bdc93db33d88bd93
3d933c4d3c333d7f
3da8bd383d1bbc0d
3d6fbc1b3c88bdd9
3e0b3eba3e3bbcae
3e2cbcd9bd623dba
be7e3c0cbd5e3e21
bc3bbe17bd493d12
3e203cadbda93e10
bebfbd803cd83db0
be493df13db4be29
3e5b3d6c3dfb3d32
bc993c16bdf03cd2
3cdfbdaf3cb9bc14
bd4a3d91bda2be55
3e6bbd493d613de4
3e1d3dabbe823c92
3e023cb53d813d61
3d7f3d893db0bace
bda9be7f3e0e3d98
bddebde5bdce3cea
3d753db4bdd4bcbb
bc58bdb8bdf23dd3
3c99be5e3d5ebe89
bd24bd91bcc4bd02
bd63bd33bd723cc3
bcb1be1cbe18bd4c
3e14bc153e3a3e56
bd30bd0a3d743e0b
bdd8bde03ca03cd1
be2cbe58bd1ebdb6
3d2e3db03d33bd38
3e773ce7be1cbdbe
3e2a3d8abd2bbd71
bdbb3e113e223db1
bdaa3de2bcb13d10
be353e0dbbbe3d99
bc4bbd043dc43e16
3d453cb13d28bd6a
3d063d3abda2bd04
3d3abd42bd203b44
3e36bd083e32bcc5
3e133e333dfc3e76
bdf63d6a3da63b3a
bd58bcfdbe083bf6
be9bbd843e293cc6
3b943df33dfbbe02
be9dbddabe31bdd9
3e3ebd793de73af1
bd833d033debbd26
3e0d3d47bd093cb9
3ca53d803cccbce6
bd2a3d5ebd293d69
3d89be243d4fbc7c
3cd13d7f3da83d05
3bd7be0cbc19be0b
3ddbbd8dbd0d3d9b
bddcbdcdbbe73e20
3e2cbc72bdd2bd44
be26bea4bd49bd6a
3d26bb6ebe433c8a
bd86b8b63d67bc9a
bd05bce5bd7ebde9
bc143e3a3e403d1a
be693981bc7f3d74
3e033cebbcde3d99
3e3abd5bbd163d2c
bd1fbd833deebcec
3e54bddcbdee3d92
be36bd2dbe693d47
be0fbda63dc7bd93
bb1bbd043ca2bc6e
3db53dffbd33bd25
3d283e243d85bc88
3dc1bdd7bdeabd60
bd833dafbe3e3e0c
bcb53d023e863c1a
3d6d3dafbbb83d07
3d9fbd86be66be21
bdf43db9bd16be40
3d7abd7dbe333bb9
bc8a3dc13e91bd67
bd94bdfcbdf43d77
bdd8be47bcb0bc03
bd55bd19bdb8bcda
3d1d3cf53d24bb7c
3c66bd8b3e0cbd84
bd5bbd3b3d3abe02
3c41bd49bdeebcfd
be113ddc3e313c9f
be783d513c9e3dd7
3d043d59be073e30
bdcebd933d7c3cad
3c783df13dcabe11
bdbcbd21bc953d93
3c51bd243ccabd1c
bc253e53bc10bccc
3c953dd8bd68bd14
bd383c25bd6abe29
bd31bd5ebe01be40
bd743dc9bca13ee7
bd26bd833d0c3d45
3b83bb94bd273d7f
3de8bd94be61be0b
3df63d7dbad7be22
bb7b3de9be363db0
3db1bd34ba19bd9b
3de53d74be3a3e0a
bddb3e243cd9bc41
bda0bc99be083db7
3ce4bd1eb9a93cd5
be85bc1d3d05be5f
bde53d733d7f3ce1
bd55bcaa3c2c3cf5
bd3d3dd53e35be11
bdba3e38bc46be30
bdc43cac3e373b4d
3d233dbfbc7f3d44
be073d77bbbfbc11
bd94bd0d3d663dd6
3c59bd81bdec3dbf
3c42be3e3dc8be48
bd3abb02bd57bcf1
bdce3e5f3dff3c81
3d87bdfcbd4cbe20
be06bca1bd22be23
3e1fbca63dff3d69
3cb6bce13dfc3d91
bd723dba3df5bd4b
be40bd843c003d69
bcfbbdba3d813d70
3d093d26be3b3d8d
3d50be6cbde5bdcf
3df73af43de63d82
bcc23cc33ddabde8
bdadbdd63d2abc08
3de2bd8b3e213d3a
3d8cbde4bde8bc59
be37be6e3c8f3e64
bd96bde33c2f3d10
be0d3dbd3da1bdbb
3d37bdd33bd93cfb
3da2be313d42be23
3e5d3b9c3d82be69
3e1b3d43bc2a3de0
bdbf3d8e3d513cf2
bdedbd4c3e713d71
3e023dc9be81bd5c
bd9abd5dbdc0bda3
bd623d22bd2e3db2
b983bbce3da9bdee
bd9d3ddc3cbc3e32
bd50be203b8e3da2
3e283dd2bcde3c57
3d7fbe15bd673e6c
bdc3bda5be383e5f
3d8c3e3abbe93d53
bd793e25bd8b3dcf
be2d3def3d74bb07
bdadbd11bdfc3c32
be703e3d3dc2bd39
3d04bdb9bdc5bdc8
3de03cbebd92bd7c
bd6cbd253e44bddb
bd803e0b3db73e21
3d9fbe35bd6fbda5
bd1c3d3fbd873ceb
3decbcd13c0cbd83
3d9f3e2fbd973d92
3ccbbe32ba9a3d4d
bd95bc263db23e4b
bd85bb843db23e44
3aaabc833d3c3dbd
be0bbdbebd803d8f
be0b3e47bd5bbd90
bec03e01be08be19
bc183dd9bb84bdcf
3e37be35bd8f3dc9
3e7d3e2b3dadbe0a
be6f3dd33dabbdbd
bbce3db2bcef3b3a
3e9cbd103d1ebd72
3e3bbdffbdf5bd43
3b603da6bdb1bda7
3c60be503d0f3d0a
bdc5bdabbe11bc48
bd013e74be083ac0
3d97be35bdacbc40
3e46bdaebe6bbdae
3d34bc9b3d83bd96
bda0bdc93e07bd22
3e88bd3ebe6e3974
3cbabcea3dafbd3f
3e45bea53e20bbd9
bb01bd7abc9bbb08
3e7c3c53bec8bd61
3e5c3d5abe27bdca
3d9bbcabbdaa3de4
3c873e4a3e253ce0
bdd33d67bd673e09
bea5be723d8cbd25
bd183dd03e163dce
3ca03e03bd6b3e92
3d79bb92be2bbe0e
be0dbd2abe07be8b
bcc9bcebbdbc3c94
3e26bc8fbd603e2e
bdac3e4fbe013df5
bdcf3d1abe053c9e
3deb3e91be033d0c
bcd6bdf7bba53ca7
3dd23cb83a15bdc4
3e133c1ebd303c53
bdcebd303e393d31
3df5bd233df43d27
3d7cbd8dbcf73c74
bda63c87bc71bc72
bd0ebd9cbddb3dcd
bdd6bd9f3d75bdb4
3de6bd14be0b3cbc
bda2bd1fbcc1bc9e
3e403cc33dc63da9
bddf3e13bcdebad3
3caf3e26bdd3bd40
3d0e3d6e3d16bd93
be0b3e033d4b3dbd
3e223d4ebd0dbe14
3e2dbcb03e0abc2a
bdabbd46be57be15
be043d973d713d7e
3df43c983e2ebb96
3e21be303e463de6
bd82bc95bdf4bca2
bc403e48bdb13ce5
3e6dbe1f3dbdbd6a
bd56bdc53d6cbddd
3db5be503dd83dd1
be84bd013de63e58
bcda3d8b3b8ebccf
ba663dadbe233df3
3dbbbc77bd093dfa
3d4b3c54bcf9bce1
bd333b16bd61bdd1
3e18bd8b3d9e3e32
3e0e3d8c3a83be75
bdcb3e893e5bbc62
3e28bd70bdf03dbf
3d3abd05bd563e88
3dbe3e17be03bd5d
3d913d7ebd6a3d7d
3d1f3d3abe073d94
3e23bded3e1dbc1e
3e1b3e443d9dbd8b
3e953dd1bd39bdde
3e87bdef3d6d3cc6
3e2e3d9cbe063e7e
3cc9bb42bc833dd4
3d2cbbca3d0bbc98
3df2bd86bd433ccb
be47bc25bdc33e35
3e103d82bd2c3c70
bc883c55bc5e3cea
bdd0be40bd42bd68
bd333dd93e363d71
bda0be27bcac3e1e
3d2a3dac3da53e21
bdba3e02be4ebdfb
3dcc3d633da9bdbd
3d36bd97bd8f3e20
bd9fbd53bc9abc16
be26b9f63c273d3d
bdc2be4c3d323d23
3e313c633c69bbd6
be113d19bdacbdba
bdee3e563c75be70
bd86bcc1bd183b8f
bd2e3d33bd7d3d70
3dadbe44be0fbdef
be133d8a3e08bda0
3e4e3cf8be353e33
be2abd19bdb9be01
bda83c58bd9abcd6
3b5e3d04bd88bd52
bdccbe733e01bc3b
bd4e3daa3da13b92
bd973e41bdc53e03
be0fbc163d99bd2c
3d00be0d3d59bd6a
3d4d3d1ebdddbe35
3e09bc533d1f3e12
bdb9bdcebd50be00
3d813e19bd40bc3d
3d8abcb0bd023df7
3d36bd2e3cc13c88
be4a3de03de1bd7c
bcda3e083e8fbd80
3c993e363e2ebca9
3d493dc83e1ebdbc
bd5fbd9dbdb83d5a
3d623c96bd41bd03
3dcabd873c8abd9a
bdd73c883d283d84
be163bb1be313be3
bdca3d8a3d223d2f
3d343d05ba5e3d8c
3d58be033d91bd77
3e323db1bde23e06
3e053e863d25be1a
bdb0bd2cbd1abd95
bd85bd5b3d8e3dde
3c3ebd3cbc1a3cd5
3e5cbda23d88bcdc
bea6bb75bac13d85
bcbabdfabd843e14
bd9c3dc3bba2bde6
bd103df0bde5bcb0
bc9abd543d22bbd7
be033ce33cf53dd0
bd9abd43bc8e3cf2
3df83cd73c46bdb3
be07bd083c7e3e56
3e80be1dbd493d10
3cd3bc15bdcabdae
3d4d3e36bdccbd92
3d1b3cfe3daabda6
3d0c3c3cbcc33d4a
3d483d8a3d263d98
3d633e13be2cbd5c
3cd23d22bcbebeaf
bc6bbd76391e3e58
b90dbdef3e873eb8
bc953cabba7f3dc1
3dd4be543dc7be9e
be1fbe44bd07bed9
bd89be8f3e653d2d
be523cb1bd86be7a
be14be8d3d77bd98
bd42bd8fbcf3bb6e
bd033e403dad3e1a
be48be063e51bd22
3d863e57be2d3d42
bdd03cba3c5ebd4e
3ce13d48bdde3d43
3da23dc23d74bd2b
bda03dfcbd27be75
3e21bd833e99bc91
3dc5be1d3cb2bd51
bd6abe6d3e6bbce8
bd10bbaf3c5cbda4
3aef3da63d8d3d15
3e26bd223cc73d35
bd0c3d653c89bd91
3e4d3d923da7bd0d
b938be10bb923dcc
bde33d48bd5bbd41
bc663db8be0d3ba3
3c353dfc3e103e06
3db13df6bd68bc95
3d193e993da43cb9
3dc13bbf3d9b3d89
bbc03da93e6e3e31
be1bbe103d6d3d4f
bc0f3d92be0bbe92
3df8bd9ebd48bd14
bcefbd37bcc33de7
bdaa3e1abdbfbd9f
3deb3e503cedbdb0
3dab3e1c3d133d8d
3d533d513daf3d95
bc86bde83d583cc7
bdafbd87bc5f3b3a
3d2d3d0ebd793d69
bc7d3cf73d90bd82
3df93dc5bd823df8
bcb53dc23dbc3d18
3c4ebc773d963de4
be103ccfbe61bb0c
bde7bdddbce7be64
bb8b3e17be96bd83
3da23d083dd8be2f
3d9bbd7cbe2cbd2f
bb35bd43bd0fbde1
bc923e07bd87bc0b
bd59be39bdb1be00
bc88bd933e273db0
bcca3e78bd3c3e9b
bceebe49be7ebdb2
3da6be693c7bbde9
3d953de93e1e3e6e
be0c3d983cfc3e28
be0cbe023cd13d86
3c273da4be32bd36
3cc1bd4dbc86bcc8
be98bbebbddbbe60
3cbabd073d78be16
3d3c3ca63dd0bcb0
3dabbea9be373c4c
bdec3e513d25bd93
3dcebe97bdd2bd4f
3d1e3d25bdf03c2f
bcc9bda7bcb83db0
3dabbd6bbe3abdd4
3dcb3d323dfdbd19
bd0ebdb83d00bccb
be72bbeabd2bbd85
3df43cda3d893df1
3ad53e37bdb93cba
3d4bbe22bc03bd98
3d8fbbb93d8a3db5
bd32bcadbdebbe19
3da23c37bd3a3ea4
be3d3ddabc4c3e1a
3dbebd2c3d5e3d8a
3d4e3d203e13be7d
bd5bbd193d5e3a72
3d42bd243e04bd1b
bd6e3d18bcdebde7
bd6b3dffbcdbbe18
3ce5bcb23d4f3df3
be933d6abe063ac8
3db7bdcb3e00bdd8
bd01bdc0bdbb3e19
3e57bdeb3d833e20
398a3c41bd52bcc7
3b82bde1be12bdc7
3d073d273d333d8c
3e053d24bcd83d1f
bda7bdb93d1abe53
be4b3dad3df23bd3
bba23b903cbebdbc
be423d6a3c9b3e09
3bc9be0bbd703d66
bd9abc8bbcb13e1a
bd113adc3dc4bca9
3e3dbe1f3b6abdb0
3e1ebcc03d3ebdb7
3dbabc4abdf0be02
3d40bca0bd39bd2b
bd923cbf3da6bdd9
bc78bdf43dd13e37
bd7dbdfd3d1fbdfc
3e9d3e05be54bc65
3d853ca2bd5a3c4c
3cc3bda23dd23d0c
3dbebe39bce73dd1
3d4b3deebddfbdba
3dbcbdb4bdd33e2a
bdd63d53bb55bdbc
bc373e1a3d403d88
be353dbabdf13c03
bd92bc04be2e3d01
3e143dbe3d2c3d93
ba3d3c013dc93d96
3d5e3df03e423c0a
bd33bdf9be60be05
bd103d2ebe5c3c39
be043dda3c89be03
bdd2bda63e48be23
bce73b883d513d6c
be2e3c6c3dcc3c56
bd85bd41be05be25
3967bdf2be18bdbe
3e083db3be1dbc2d
bc47bd123e463dbc
3dce3e6bbdc53d8b
3c9f3d91be56bcb6
be143de0be163bf8
bd203df33e56be5b
bdf5bd703dea3dab
bd26be043d48bd89
bc243b9ebd763d24
3c6dbe113db8be6d
3d6c3c7cbc2bbd88
bdbd3e56be44bd8f
3e45bc28bad9bdab
3d17bc7a3e693e4a
3dbdbdcf3df53e0b
bdb43e103c853ddb
be4abd25bad9bd46
3e87bd29bd28be61
3b9dbdb2bcdebdcd
bda93d7d3d083d76
bcab3d7cbd513e07
bd713d96be293bcb
3dc93cedbcc73d6c
bdbd3e03bc5ebe07
3d05bdec3c99bdce
3ec8be603bfdbdfc
be8c3e353dc23db3
bc8ebd7cbd173dfb
bd99bcf73d1fbe8b
3bebbd923c8fbcf2
bd72bd733d713dcd
be47be953d14be5d
bde33df1bd723d97
3b943db8bdd93e12
bdf7bd7fbddbbe0f
3e203ebbbc9bbdde
be0d3eafbe9f3dd9
3dac3e1ebc7d3d07
3bbc3c85bd17bc81
3cfc3e323e43bd83
3cdbbcb73d1abca7
bcb7bd27bd263c60
3d03bdd2bcc0bdc3
3db8bb9cbe1abe9d
bce53e0bbcacbd6f
3dadbdfdbe7a3e17
bca5bdbebd3dbda7
3d9a3de03da6bcc6
bdb5be173cf4bcb5
3bf7bcdf3d353d5f
3e283d263d4d3d95
3d44bd853df13cb4
bdb33e4bbe2ebded
bb1cbc01be4cbe2d
bcdb3df13dd03c10
3d88bde13d3cbd08
bca33e79be173d57
bda73e0fbcc93e03
3e5c3d893d023d99
be8e3d18bde53dd8
3d9e3e3f3dc2bc44
3e0cbcd23e873c7f
bde33d9cbcd8bd6a
3aca3d19bd0a3d89
bd41be773c6fbe07
3db8bd633e06bdb2
3e2b3d8e3d123e54
bdb4bccebda83d9c
3c6cbe8c3d74bdc6
be0cbe4fbd3dbdc7
3dc53d273e943ac5
3e003da5bd533e83
3de5be21bbed3e07
3d2f3d5d3c82bd4a
3d903e953e2bbd56
3d1dbc993e513d50
3c30bd79bdf83dc8
3e483d96bd52be49
bd4b3ddf3d49bd62
3d7ebdb7bdcf3cc7
3d5bbdbcbd56be37
3d243c81bd923e08
3cbabe1ebd1ebd78
bd17be07be623d29
3db13bbebcc63c71
3d9e3d72bde1be05
bb95be103d42bc8b
bd163d293e063e48
be413c23bc96be09
bc3639f2bd663e50
bdc13bc43d443d87
be67be2dbd11bd4e
be533c763d3dbe7d
bd863d74bd913e7a
3e0d3bf7be0cbdd3
bcc63d703c9dbc97
3e66bc77bd983c94
3e143db9bd9bbe1c
3d073e363e05bdf3
3d2f3d873d813e2f
bdfebd6fbd92bdb1
3c7f3e1e3ca83ba4
be03bd12be41be7a
bdc43d903e423dbc
bd32be583da2ba24
bd233cba3bb4bdb3
bc6a3c37be033da6
bda33c57bb92bd58
3d7b3d91bd5d3df9
3db8bdc23c5fbd6a
bd823e073d81bdf4
bdb63d78bcc2bd21
3d61bd65bdd93d71
3dc7bdd83c853ddc
3e2dbbb83d7e3d1f
be0b3d733e7e3cdb
bdd5bda2be373e24
bc1bbe26bd123b98
3d0dbc9ebd613e0e
3de6bdd5be313d3d
3d9fbd4e3e57bc4d
3d6c3b003e24bcf2
be17bc27be653c7b
3c16bd4bbd993d4a
bdce3cfa3e10bdc6
bca4bd873dc33caf
3cf9be01bd673c9f
bdae3e55be073cd1
3d9b3c5b3ce5bda4
bda5bbb13ce2bdd0
bdb03d05bdacbdaf
bd4f3d2e3d213d8f
3cef3dfa3d393df6
3e243da5be02bc11
3dc8bd9dbdccbc51
be363e3abd68bd72
3d1abd973de0be07
3cd83d7d3dfe3b9f
bddcbdccbe273d5d
3d243d09bcf53d7e
be143c163da5be8c
bbebbde73d1e3cb2
3e873df5be6d3c52
3cd13d3e3e67be25
bc623d60bdb9bdb5
3da6bda4be5d3e0f
bb423cbbbc14bbc9
3decbd2abcadbd8c
3dd43e25bd893e66
bde63e3b3e423e04
bd05bd4c3d413d92
3d9abd3d3c5abdda
3d5ebe93bbcfbc67
3d32391d3dcf3db2
3d703d6bbe01bd26
3caa3cee3db6be49
3d1f3c293dd9bd31
bdac3d973beb3de9
3ddb3d713ca13dec
be40be07bdbd3c9b
bdf5be023d233e25
3c2b3ce3bdbe3da2
3fba3f78c003be31
40033faebfca3fba
bf9640823fe5be84
bfac3ff53f643f79
bfa03ef43fbc3f97
3ef8c0b83ea64058
bfbf3fd8c0043fbd
bde13fdb3fde408a
bf8d3f95402b3ef1
3e68bf863f9a3ffa
bcb8bee33e7dbec3
3fc63fd23fb93fdc
bf65bf114014bf14
3fdd405cbd28bebb
3e593e06bfe9beaf
3ecbbfa33fd1beeb
3fb93fbdbfd1bf9d
3fd7bff4c00bbd9d
be9a3f943f8fc020
bf39bf8b3fcd401b
be74bf9bbfef402a
3fba3fedbfd93fc9
be2a400cbe7cbfc9
be57c0adbec13ee7
bed93ec4c007c018
3fccbf73bf1cbe19
bfcd3fa03fd8bfbc
c0223f20be4b3fe3
3e0f3f8dbdd5bf6b
3e463f86bdabbf5b
3df43ee8bfe13f85
bfb53fdc3fa03fb8
3f13bf11bfd7401f
befa407fbd8abfd2
412e3fa53f69bf1f
3ea43f20bf4f3fbf
3fc2bfc93fccbfcd
3f91bf19bedabf3e
3f913e61bedfbe8a
bec53eb63e3fbe60
bd8f402d3ef04094
3fbcbfae3fabbfc7
3f70bee63f84c0fe
3f423fdb3e573f5d
c0123f9cc00bbfea
bd46be7e4026bf9e
bfa5bfd2c036bfc6
bf433f46c08cbed5
3f2abec43f933ebf
bf8fbf703f563d35
408cc0383f4c3f1e
bf9c3fbf3fbcbfae
40173f8abf17400e
3e6bc0a23e913fdf
3e8b4013bfed4011
c103c090bf603f53
bfa9bfd93fadbfc7
3fdf3ffdbe8a3ffc
3f8cbf5b3d90bf16
bf203e523f70bf61
bdebbf00bf823f50
bfb83fd1bfc73ffa
bf0a3f57bea7bda1
3ffc3f0a4046bee7
3efa401740aabed3
bfe5bffc40053cc5
bfe73fc9bfb2bfb3
be41bf84bebebfc7
3efc3f383e993f08
3e8a4015be8a3f1b
3ffb3e7b3ff03fe9
bfbdbfc6bfccbfc0
3ef03fad3fb03f3e
3dfa3faf3fdfbf96
3f843f783dba4016
be9c3fa83f2ec06a
bfcdbfbd3fbf3fbd
bda440073f56c01b
bf4e405fbf0cbf9c
bedf3f953e8e3fc2
be56c01b3eb63f16
3fd5bfab3fb5bffd
3fa340843e613f92
be05bf15bf353fab
bf88c02f3e7f3f00
c00740833f4dbf26
bfb63fa23fb5bfd2
bf71bec6bea9c083
3f573f0c3fbe3f8e
3e393cee3e933ec1
be703ece3e7c4097
3fbc3fc6bfa8bfd6
3ebfbf163ea7c0e6
4012bffb3b743f33
beaac0923e7c4003
3e253e8ac002bf6f
bfc5bfd03fd6bfe8
bf1dc02040553de9
be97bf8e3ee53f23
bf343caabee13f1d
3fb24022bc78bed5
bfe7bfd43fd6bfc8
befc3e8c3f24bfa5
3f89be90c027be90
bfbcbf2cc040bf74
3eec40123fbc3f4c
bfc03fa0bfc33fab
c00dc0473f464011
3fb03fb3bd8d3f14
3f8abf6dbe4b3dcf
3f243d4d3fa5405c
bfabbfbebfd73fba
3fc43f5240053fe3
4025bfda3fe3ba1a
3edcbf963ffabcd3
3f07c00c3f0bc0b0
bfc7bfb6bfb7bf9a
3eefbedebe7bbfd3
3f7040113f8e3e85
bf8b4045bf3cbf97
be7ebee93ecfbf6e
3fa93fb5bfbabfcd
3faabd6d3f6dbd78
3fd340033f82bd83
c004bd483fd3bef3
bf91400d3f0ec05c
c00a3fca3fb3bfb6
3ecc3f623ed63f55
c080bf79bf1fbea3
bf72bfdd408bc002
bfa43f243f353f95
c0083fcd3fcb3fd4
bb8f3ffbbe823f01
3e4b3f214004bf10
c05bbe8ebee63f1f
3fbfbf9f404c3ceb
bfacbfbabfe93fc0
bdffbeb840d2c01e
3f78bf37bed2c022
3f13bf8d3fd8bf9c
3d9e3f3ec0da3f5e
3ffe4006bfc83ffa
bf66bf43c0083f24
c0373faf3c99bf08
3f8fc007bffec02a
3f0c3eabbf163e01
3fb63fd0bfb73ff5
bec8be1abdf8be87
3cdcbf0d406ebfec
be8a3e01401cbfd5
3d3abd8cbca9bd7c
bcfd3ddb3d6a3d42
3d6fbd26bc77bcbb
3cdabda93c743c61
3d3b3d253c28bb4d
bdc9bda03c9fbcf8
3d99bcd9bcc03daf
bcc53ca3bcb8bd17
bcf7bc2c3dd33bdd
bdfebc833c95bd67
bce03c8a3e06bce9
bd483d7bbd42bc63
3d87bc8ebc14bcb3
bd103d98bcfd3d4e
3cf13d0e3cadbd87
000000000000bbf6
bd1f3d1c3c8e3bcf
3dbcbda53d5a3cbf
3cd4b961bd67bc85
3caf3dd03cde3bed
bcaabd8c3d00bd12
3bb43d2dbc29bd2d
3d8bbc31bc36bc51
3cbbbc18b8ee3c7e
bca4bccbbd57bdc9
bbedb972ba7b3cdf
3ca53d133d11bc57
3d13bd343d443d34
3d893c723cb83bdf
3d173d103ca03da4
bd0c3d36bd4b3b72
bc8a3a4e3cadbd1a
bcccbd75bd5abdb4
bd0e3a4f3bf23d3b
bc8bbd9ebd4bbcbd
bcf23d49bdab3d20
3d8ebccfbda73d07
bd3c3d923d29bd6a
bbbc3b80bd523c95
3c1abd2dbc66bdf7
bb03bdbcbda5b991
3cf5ba693d04b98b
3d66bd083d5cbcdd
bc46bdc23d293d4d
bdd13bdcbd053d47
bd9bbd16bd86bce2
bcb5bcdebdcc3d9b
3d873b6f3d4f3d66
bd2b3cc33b22bda9
bac5bc5bbdd73ccc
3ccebc9abd00bca9
3cd0bd413d523bfa
3cc1bda03d3dbd3d
bb853e06bccabce4
3b493ca9ba6a3d97
3d6a3da03da8bc7d
bdc13d4ebdcd3d99
bc903dadbdc83d74
3e04bb73bd693ca6
bdebb9a83be0be03
bd28bbd4bd043c20
3d75bcc13db0bdce
bcc43dc4bdedbdcb
3d193ce1bd3cbced
bd58bca0bd24ba87
bb633d16bcd2bda9
bc1dbd703bc7bb73
3dc8bd873c9e3d4e
bc77bdee3dbabc91
3ca3bd6cbe0a3d55
bd5a3c633c16bcaa
bd333cb23c0ebc4b
bd0e3d873ce1bd51
bca53d763b90bc36
bda1bd1dbcfe3d8e
3da53d363d2fbc0e
000000000000be2f
bcd8bd31bdd4bcc6
bcf43c9e3c1dbd75
3db83d5abda83c50
3da8bd9abd7e3d82
3e013d02bd06bc9f
bcb93cf63d223da9
bd83bc653c0fbe3b
3d613d6dbd13bd98
3d4fbd74bd11bd84
bd533be9bddbbbb0
be0dbd3d3c21bd57
3cde3cf2bdbb3df7
3ddcbd133db8bc48
3c97bcc93dd53d3d
bc3f3d2d3c61bd06
3d9dbc583cb0bcc5
bc57bda93c593d95
3ce9bd183dc93c3b
3d95bc6d3d733aff
3cdf3abbbcd2bcd4
bc92bc03bd32bb1f
3c833c8e3d973d66
3c053d37bc0cbd55
bc2f3c2c3d10bcb4
3db5bc693b25bd09
bc9ebbc2bbdabd17
bb92bb90bcc03bc0
ba1abc4bbbfc3da8
bd4a3be33c543b2d
3cc7bd383c673c9c
bca4bd6c3da33b34
3c70bd983ce03bc4
bbe03c94bcc5bdee
bd763c9d3d36bca1
bd013bb03c2d3db6
3c82bb573d5ebcbd
3cc8bcafbc65bc8a
bc98bd10bdc2bdb3
bc92bccbbc3abc7c
bcf63c98bd7dbd00
3d4abd04bdabbe06
3c383d943d0dbbdf
bc973dbcbd3bbd22
bcd53d823c3ebbcf
3d12bad23a8f3cfe
3d273cda3bc9bd13
3d0dbdcf3d223d05
3d95bccd3b23bcab
bd2d3cbfbda7bd06
bc393d2abc9e3cf5
3daf3d4d398abc48
bd4d3c8c3c78bb24
bbc53da8bca63ce9
3cc4bd5f3c1a3da2
bd14bd893d213d45
3b7c3c8c3d44bd0a
bd01bbbdbd4ebca0
3da6bd8d3c083d42
3cf43cc1bd303d9c
bc2e3b473d11bc01
000000000000bda0
3ddabc60bc983d08
bd1ebdaebc5fbd01
bc15bd92bb273c9a
3cfc3d083d36bd8e
bdbc3cea3dd33d2d
3d24bd30bc023e1a
bd5d3d36bd1c3da3
bccc3bc23d543c66
3d653cbfbd97bd4b
3a833b753d49bd83
bcfcbcb8bdbe3c13
3c83bbe1bcd3bd92
3db43d2ebc03bcff
3d5c3cc639713c16
3db83dcabd41bd29
bb8d3c4d3dd2b9a5
ba88bc663c233dd6
bbd93e21bd623d6b
3d14bca9bd9c3db9
3cedbcad3cb5bd40
bc8dbd0bbd22bd39
3c653d23bc573cc4
3c733ba63bea3c2a
bd2cbd6a3c3ebd6f
bdb23d4cbd943bea
bc9ebd88bd37bd14
3d6cbc343d3e3cce
bdcd3db4bac2bcb6
3cd93de0bc0bbbf9
be2a3ddf3db9bdd9
3c89bcce3d7abd8b
3cf0bdce3cecbd64
bddc3cc83c9dbca9
3b58bd6ebb473cc5
3c71bdb7bd973d52
3d973d33bc0abe1e
bdb3bd1bbd1fbd33
3da6bc963d7e3cd9
3daabd60bdccbd0c
bcb43ca63d593d25
bdd13d95bd93bd6c
3d21be2cbd203df5
bdbcbda6bdbdbd38
ba8bbd3d3d21bd97
3da13c4ebd903e34
bdb5bd6f3b38bca5
3ca33e063ce33d07
3c08bd73bc3f3da6
3d11bd32bb463cc2
bdc8bbccbca73b3a
3e05bde6bc4d3d42
bcbfbd82bcf9bd94
3c8fbd033ab23de6
3d9fbd61bd153ce3
3cfd3cecbd6fbd8a
3caabd3c3d00bd14
bbb53dc93de4bdd6
3c2bbd1b3dcbbda1
bd913c8abca33e03
3d683d9bbd3cbe07
0000000000003dfe
3c0abd2bbd73ba52
3caa3b86bdb73cb8
3c143d5a3c61bba7
3ce83d7c3d483d2c
3c483d903dc7bc80
bd183c67bd5a3caa
bd4e3d463dabbdcc
3c1e3b043bdf3d37
3b99bc82bb95bc39
3d1bbc783cc23b01
bd0dbb1fbc9b3bd0
3d0e3d233d9dbd05
3d603da23ce33cbf
3d083dd43ca03bf9
3d5c3d8b3c86bd0b
3d4a3c45bd62bdb4
3dd2bdcfbd90bb11
3e103e61bc453ca0
3cb0bd983de73d8c
bda9bd603cef3da9
3d23bd46bd2f3d02
3d4cbd78bd333ce5
3bd23c583d393c87
bdfebd983d913cc2
3ce6bd5f3cc43e08
bbc53caebd49bd38
3e0ebd4c3d2a3c3a
3d5bbba7bde5bc63
3c193d91bd5cbcda
3d0ebdacbd343d7e
3d00bd63bd873cb0
bc943daabd28bc0e
3c863d7bbdbb3c2f
bcd33cd53df4bcc6
bd9bbcad3d6d3b67
bc673c2fbd8e3cfb
bc9cbc6c3c2f3d32
baafbd243d363d27
bcc7bddc3d07bd0f
3ce7bcedbd3dbd8c
3dc7bd61bc923da5
bdccbd153db7bd9b
3d6bbdb6bd88b908
bd9ebd7f3cce3cc4
bb963c563dc33ba9
3d433d9e3e05bce7
bd59bd21bc473dd9
3d293e11bda93dc8
3bc73ce8be033d76
bd1bbd8a3a78bcd9
bd4d3d1d3e2bbe02
bcb4bd3cbdc9bd1b
3e11bdc2bcee3e05
3bb13d4e3bab3ccd
bc31bda4bd1dbd20
3da6be05bdf2bc78
bceabc123d15be03
3ca4bd68bd3bbcd9
3d943dadbc013c8c
3cad3cf6be27bdbe
000000000000be8d
bd8a3d5fbd0fbd58
3d1c3d7fbb843cab
3c173d0dbdaf3d8e
bbc43c7e3d15bd19
bc86bc37bde3bcff
bca33d833d3b3ced
3d8ebd14bce13d6b
bd30bd0bbd673dd9
bd95bc483d1d3d9c
bc52bd97bcbabc24
bc8fbdbabd3abd04
bc9abc3abcf23d07
bcfbbd29bd073d0b
3d56bd6e3cfc3d4d
3cecbc153ddcbc26
bca6bbe6bdb13d5b
bdcfbd41bc48bd4c
3c823c9f3c143c98
3c85bcc33d8cbcc8
3d26bd933d28bdc2
3d4f3cc6bcecbc94
3da0bdd0bbe83c8e
3d513d2dbc553d04
bd35bd09bdbcbcf6
3bd53d01bb8cbd17
bdbabb323d93bdca
bc533d5cbd0fbd22
bc153d9fbcd33ca6
3d8dbd773c4abcc9
b9dabcbfbcc73d68
3d553b5abb6d3ca0
3d6b3d55bd903da2
3d3abd4bbc0a3de2
3bf6bcdebd47bd0f
3c20bdaebe073cc5
bb9dbca13d133d45
be0c3d4abd4bbd62
bd9e3da43d11bd89
bd6ebb6abcf3bdda
3d01bc88bc85baf4
bd3d3d533d89bdb9
3d5abd183cc0bdb8
3d30bc143d313d98
3d4f3d8fbd60bc30
bdeb3b9dbd5e3dcf
bdb13d33bda93c87
3d733d48bdac3c5c
3bb53d34bd703cc8
bb913c5b3d69bd81
3dafbdcc3d23bd9f
3c0a3d1e3cecbd5c
bcc73d133d913d64
bc73bcd33d83bcc7
bdc53be9baa23d1f
3dbbbb0abbb7bd7b
3c99bce23b813d67
bda5bbb2bc233da4
3d063d943b9c3de7
3dc33df53dbdbbab
bc093d7139053ba7
000000000000be82
bd083d1fbc63bb12
3d203d96bd90bdab
bc133d063c573caa
3d413afd3cde3bd5
bd163d203d6dbc16
bdc13c9d3c133d83
3cba3ca03d24bda3
bc2e3d78bc76bc7f
bcce3bacbafb3cb1
3d83bd383d2fbd37
bc9ebd04bd2c3d90
3c4ebd093d61bcdb
bb3bbb9b3ca7bd50
bdc93c8f3cbfbbde
bc483d28bbb0bd84
bcfb3d2abca4bdf0
bbb4bdabbc3f3cbd
3d21bca3bcb6bd0b
3d0ebd5cbd883d4b
bd7c3d013bf5bd12
bb15bc22bb41bd86
3db43d34bd9d3cb3
bd3fbc1dbd28bd87
bd483b96bc8cbd47
3d2bbd7fbd483d5f
bdf3bd833d223d0d
3d39bb7ebd5b3cfa
b88dbd043c9dbdb6
3dc33c4e3de33d0b
bbfc3d453d59bda3
3c883bf2bd67bb52
bd33bd83bcebbd8f
3d093ca53e0ebd85
bc2abccebdec3d91
3e0b3d7bbd1c3cee
3d25bdb13c1abc29
3d3ebdb93d03bda0
be1a3c0abda33ded
bd80bd33bd2dbd12
bd253d8f3aa8bdb5
bc80bbb3bd603de7
bd7cbd99bc9c3d99
3d29bd95bc333c81
3d903ac73d54bd12
3de23b963dc3bb14
3bea3d94bbeebd4d
bc43bdb33bec3dcb
bc843d38bd5dbb81
bc84bcdfbb813d54
3d96bcce3c3abc65
bd51b9173ca8bd1d
bd2abdac3d66bd07
bde4bd87bce73d29
bd963cf43ccdbd97
3bc43d1dbdd33c74
3d86be023daebd54
3d703d90bd58be32
3d37bc30bc8f3d76
3de0bb6b3c16be05
3e013db63cacbda5
0000000000003eab
3d19bba2bd89bd87
bc35bdc43e19bd62
3d0abc783d30bc95
bb2fbc893da23ca5
3c2d3dc4bbea3d69
bd47bb7fbdd9bd8d
3d6fbdf2bd31bda7
3ca3bda5bc473c5d
3d453cc43d41bd2e
3ccfbcaf3b863bf3
be11bca1bd613d8f
3d6d3d70bd793d6d
bd5ebd893d8c3c1a
3c25bb1dbd92bcfe
b93f3dbabca53d2a
bc8c3c8c3d2ebcd4
bc65bc3abcd9bab3
bbbcbd04bd0eb994
3d963bde3de1bd90
bce8bd04bd8c3cb6
bdc13d9dbdca3dc4
3c533abf3d9f3d2f
bb83bd6ebcdb3d3c
3d5e3bf93cb73d46
3d8b3d333c4e3d4e
3cd53d0f3d6e3d17
bca4bbcdbc343d3f
3d7e3d203d073c33
bd923dd13c4e3d43
bd473d143b4b3b8b
3dc5bddcbd223d3e
3cf2bdc23dabb9f4
bd853c8dbccabc85
3d1a3da1bd08bd91
bc633c233c933b05
3b92bdb73babbd62
bc093cfa3d843d68
bc8dbd5d3cf83cb5
3ca8bd283d97bd10
bbd03cd63d8d3c8b
bc9fbd19bd283d25
3d74bcf5bc653b87
3db13d673c4bbd61
bdb8bc85bc8f3c92
3d7b3d53bdafbc21
bd28bc73bc9abbf0
3cfcbd7b3d783d92
3cd9bd37bb413cc1
3c3abcfd3c39bc70
3b193d3eba063d04
bd613d9db774bd11
bd3b3d58bb87bc9e
bda9bc1b3d2dbc8e
3bb9bcc63d26bd0c
bd883cae3cbd3c39
bd6f3ca23cd43d93
bd303cddbc30bd50
ba903d983e063d04
3d0a3d6cbbfbbc3e
bcfebd2d3c353b52
000000000000be82
3d843d75bd833c70
bd7a3b193d633b81
bd643df23e12bbb2
3cccbd833d4c3c78
bd03bd4f3cc1bb76
bcf53c2ebd31bd04
3d8a3d79bc89bd46
3d7ebd09bd0fbd2d
3d203d693bcfbca4
3c75ba90bb63bcec
bc6a3bd3bcf5bc58
3d813cddbd8dbdc8
bd51bd03bc053bc5
bd07bc9e3cfdbda1
bc04bd123c59bd37
b9793c863c6fbc93
bd80bdaf3ce43d0b
bd673cba3d1b3d3c
3dab3c73bcf23bcc
3d36bbb3bd2a3d19
3d99bcfbbd1dbd51
3d923ce4ba843ca3
3d24bda9bc06bd7d
3d50bd313cb73dcb
3da8bd78bcae3d2a
bc07bd32bd20bd53
bd07bc9ebc7bbcdb
bcd93d0e3d27bc76
bc143dedbd283d48
3d2cba41bc6e3db0
3cc2bb26bbc0bd48
bc50bdb53d7ebd16
bdbcbe2f3d8c3df0
bd93bdacbdb13c1f
3d073c823d8b3d1e
3e9bbd523d3c3daf
3b92bdce3c7dbd6a
bde4bd0b3d78bcad
3dbdbd6bbd8dbcc7
bc8b3e43bd343cc5
3db8bc653d9e3da3
3cfe3d8dba9abd81
bd51bdb4bc26bc2a
3c7d3d343d4fbd4e
3d343e2cbc0abdf1
bd97bdab3c2dbd15
bd553d763d1c392a
3cc4bbd9bcc63c52
bc663cc7bd2d3ca8
3c963c9bbc67bc30
bd10bcb1bc81bbcb
bd373b653bc83db7
3d40bd37bd973d84
bd2ebc3c3d0ebd69
bc143d27bdc53c4a
3cd63ce3bd843c93
3d07bbca3b91ba9a
bd70388ebdc33d9c
3bab3bb0bdaa3cdc
bd3b3e34bb333b09
000000000000be82
bde63b82bcc63d8d
3d30bd2dbb423d1a
3c10bd90bcb1bd3e
bdf03d943d9f3d1a
3dcb3b8bbbb93b93
3d2ebc8cbc5dbdc7
bb85bc9dbd82bd65
3cb7bd393bfa3cd8
3bcf3d953ccbbcca
3dd13ce63dbebce0
3d2ebbf0bd783d74
3df5bc34bd383c54
3cbc3ca43d793d9c
3d70bdd1bceb3ac4
bccebcea3cb93d3a
3df7bd3739f9bcd1
3b993d54bcf73d32
3d483c4eba523bf8
bcbe3cd83d8fbd03
bcca3d083c5dbd08
3cdcbd82bd60bd09
3c40bca0bdbdb908
3dd83d72be233c77
be163bfbbc12bcb7
3c1abdaa3d0c3dae
bc35bb84bd13bc34
bd26bccdbd893cb6
3db33c45be48bd94
3bd1bd05bd18bc2e
3c49be133c4ebd6b
bd133d0b3d303cb5
bd75bd5a3de53d40
bdf1bced3c2bbcae
3d7f3ddc3d6a3d14
bd173da6bad4bc41
bdb9be01bc8bb996
3d843d483d0fbdef
3dbabc5e3c5e3e4a
be00bc1e3d2cbe02
bda6bdc93cb4bc63
3d23bbb63d80bd88
bc37bd90bd7e3d82
bc26be083d8bbc18
bcb3bd553dacbc92
be26bcfdbda1bd1a
bb693b94bb3abd20
3d7fbcf8bca53d31
bdafbcf73d703cf8
bd843d15bc2f3bd7
bca2bd33bd5bbac6
3d05bd873d9cbcc8
3dad3bb0bd48b90b
3de23c243d43bb18
3d693e0b3d803d5b
3d34bdafbd23bdcb
bd1f3d1d3e02bd9c
3d903d3c3c2dbca5
3dd23d44b893bd24
3db7bb98bd06bcf4
3d993db83c0cbd7a
000000000000bf19
bb893d2a3cfb3d31
3c4d3c19bd143d6c
3d71bc9c3ce7bcc8
bb9bbd2ebd5cbdaa
3ddf3cd7bd103dd3
bc083cf5bcc4bcfc
3be9bd40bdb1bd80
bd9dbd1dbd2abcbd
3c8f3cf8bd5a3c8a
bcbd3d703c0e3d5c
3d253be2bdb2bc17
bbeebd9c3d35bd93
bd123d3bbdac3bea
3c02bd203d0ebb23
3d25bca33d9bbd57
bcf63d22bdc53c3d
bdfdbd2cbcbebc04
3d7dbd10bd7dbd42
3d5bbd2f3cadbdbc
3ba43bfe3d6dbbf3
3cb93d503c303d25
3cbebc92bcb7bb2b
3dadbdb3bd163cd4
bd44bb9cbca43d40
bd873d80bd64b9c6
3c9a3aee3d30bd9c
3de63d54bc2dbd3b
bd45bd313d903b00
bcfc3d203cf33dda
bd573c7d3d213d77
bc263b11bcd0bdd4
bcf8bc1abd103d86
3d383c23bc853d0e
3d9b3d03bd133d22
3c443d18bd3dbc64
bd813dbfbce2bd5e
bcb5bd45bbec3d8c
bccc3e183ddf3b97
ba94bd9d3d5e3d08
3c9a3d1fbd59bb01
bcf03c5abd4e3b74
bd1c3c813c953d1f
bd91baa53d59bd8e
3d47bd713c91bccc
3bedbcf43db9bd12
be25bbc3bd57bd74
bd5dbd4b3ca9bd5e
3d77bdd1be25bc5b
3d97bb4cbd1dbd1f
bd903db1bd0a3de8
3d6bbdce3dd83d8f
3d243de5bd3b3d33
bd3ebd7dbcc9bd9a
3dd9bdcf3dc3bcb8
bdd9bdfebd83be07
3bc5bda43d9bbd3e
bd49bd0abdfc3dba
3d813d28bd503db4
3d5dbc9b3d14bd93
3d71bd3fbddb3d76
3d87be343dbbbc45
be1dbc1ebcd93d48
3ccd3d58bd3dbe0e
bdd6bdbbbbbd3d28
bd0e3d2ebdc23d8d
ba3d3c0bbd0ebc97
3ddf3ca3bd96bd3f
bde03d08bdb3bd88
3d72bd99bd833c5e
bbccbda7bd313e01
3e0a3d4fbe06bd6f
3e0abdbd3d13bbaf
3cb23d77bbd33da8
3e13bd403d853c2d
3d143d483d953d28
3d523de13d6a3d09
be09bd71bdc3bba5
3c323d2bbd6d3d50
3ccbbd73bd90bdab
bc9d3e4ebcc2be1f
3d3a3bde3c433c0c
bd393c8bbdabbd50
bd0d3e273dbe3c28
bb443d083c0cbd05
3d9fbd7f3d3f3d3c
bdadbc4b3d4e3d1e
3befbe1f3c00be03
3dad3c15bd39bcbb
3cc93da23dc3bc65
bc1b3d183dfabca3
3db9be36bb7f3cf8
bd2ebc873d1a3cc4
bd09bd2b3bf6bb88
3dd33d173d97bc4d
3e03ba943d123d8c
bc913d2a3e03bcbc
3c3dbcbabd863d6f
3d33bd943d3f3d65
3dc93e11bd2fbcdc
bd523d43b9fcbd80
bdb5bc1fbd8fbd11
bd783d29ba303dbd
3dbf3e093d64bd89
bd363df83c8c3cd7
3e3b3d64bd233ce3
3d87bd89bcf73da6
3d0a3e3b3d32bc2a
bda53d43bc34bdaa
bca1bbe9bcae3d19
3d85bdb2bd4e3d99
bb423b1cba8bbcfc
bcf1bdd9bcfebccb
bdd93c023e083d1e
bdae3d99bc9dbc84
3e03bc88bccc3b13
3dffbd393da5bdc6
3d34bd813ca1ba92
3e00be98bce13c9b
3c063d213dd6bd83
3d263cf53b943d4c
bdae3d5a3dae3cd3
bdcebb993d143d39
3c6e3dcf3d2bbdf7
3c683d193d87bd26
bd883d623ba0bbf1
3be5be32bc9e3ce7
bd903df33e03bde4
bdfc3d12bd44bd99
3c093ca7bd05bd90
3d0ebdb63df53dbd
bce5bd3b3e05bda7
bdf5bc943d0dbd9a
bce13cdcbd47bd81
bc693db03d71bd14
3e473d19bd90bc8c
3d983c21bd63bd3f
3bc9bc6ebcf6bd58
bb92bc943d9e3dac
bc94bc96bd93bce1
bd913e043cdd3d5d
bd81bd6abd51bbd4
3dd13dce3bdebc68
3bef3ddd3d0cbd5a
bd1ebc2bbd71bdd9
bc463c4abd92bc0b
bdb23dc33b303dd4
bd2cbbdebcdebb91
bda2bd48bd46bdbf
3e1bbc39bd593df5
bd923cf73c4b3e08
bcc33b95bbaebe2d
bc943db63d2e3d94
bb54bd56be0e3d62
bd0e3d6b3dc93de1
be21bd58bc1c3b85
bccabd213d9f3d7d
3db13d6d3d50bc97
3ce5baffbca9bdd7
bd8bbc21bd88bca7
3d9cbc2bbc84bdf2
3d493d3fbbf5bde9
be03bdfe3d15bc84
bd2bbe293ca2bd24
3dd23d543d893d44
3cc83dcbbd0c3c17
3d003d1cbc1cbd37
3d82bd9fbb133d4c
bdb93ba53c9c3d6d
bc12bdd63d8ebd30
3d3b3d733e0b3c03
3e623d00bd0d3d8a
3db23d7e3d123b9a
bdb7bd3a3dc43c90
bce4bd1cbd383d96
3e0dbcd2bd0ebcfd
bd5bbd75bdaebd57
bdd8bda43df13b06
3e23bd1f3c9f3c67
3cc43ce6bd8c3db2
bd2a3d31bd3e3dcf
be21bdc8bdb9be17
3d953e0c3e113cc3
3db13dc03db6bc7b
bd9d3d04bd3bbeb0
bb8f3c383e2fbdb4
3d1ebddc3dc83e03
bd033c973d65bc85
bcd03c7b3cc43b9f
bda93cfabd7d3c09
3ccfbd8dbca93cf4
3d67bd01bda83d81
bdb6bd773a86bd2e
bdd2bda3bc76bcd9
3dbabd1b3d1abc3c
babf3d863bb3bdcf
3c153d913cef3b17
be183e38bd953d52
bcdb3dc23c5f3d5a
3d5bbd4ebde63d02
bd323aadbc3dbe11
bbebbd823d5abda0
3d9fbd87bd6bbdc8
bcb2bd2b3def3dbb
bc953bd1bda6bc6a
3cc8bda0bd453c65
3c79bc133d85bd96
bca33cd93d46bccd
bc683ccb3cd8bc7d
3cdabdbb3dd73b8b
bdf4bd453dbcbe09
3dcb3c28bd353cd6
bd80bd14bd5cbd80
bde83b9bbdc2bd3d
3c7d3d183d893db7
bbfd3dc13d2abcb3
be003da93c35bd41
bd8c3d0cbdcb3c4a
3d133d593c2d3ca0
bc263bac3ca23d8c
3d2a3d3ebde5bd96
bd23bddf3d5dbd92
bda33d9ebdc1bd0a
be08bda9bd943d5d
3d08bd0fbda93d87
bcbf3d8e3e6c3c4f
bd8abccd3d3c3c9e
bba43ad1bd99bd9a
bbc53d453da9bcd7
3c513d63bd97bb5e
bd4ebd22bd12bd51
bd373a61bd213d65
bd623d723d23bd11
bc973ccc3cf13e45
3cf6bdfa3d7fbd1a
3db23dbebcab3c85
bb54bda5bd74bd34
3c9c3ca73cf63ad7
bd01bd55ba233cfc
3c873e1d3d533df8
bdddbda93d38bd10
3d6ebd50bd883c8b
bcab3b8ebd403d77
bc883e1cbb5e3d85
bd56bdb13d7c3dde
bae5bd9c3ce93d10
bd6dbc81bbf3bccc
bc533d753c6c3c55
3e213d31bcc4bd2f
be153d48bd08be01
3d943cf83e2a3d01
3c18bc173d86bce6
bb0fbc013db53d14
3b0bbda33ce1bd8b
bd98bd643d013db2
bd9cbc833d583d6b
3d0dbd1abd7f3dc6
be0a3d933b99bbe7
bcb7be0d3bc83ca1
3d293d75bcccbcf4
bce73d19bb853c83
3d8d3e033b0a3c93
bd853d983da13dde
3d093da43de63dc3
bcc33db7bdc93ca2
bcfbbbafbd2ebdd2
3db93ae03d893dae
3d833d02bd13bd8b
3c8f3d9dbdb9bc9f
3d9abdb63cdb3c93
3cce3da0bceabd4b
3cac3d7fbd613e12
bd04bdd5bd293dfb
3c40bc32bd9e3c1d
3c7a3ce83dbc3dba
ba493d053d843d86
bd2f3d103dd23c26
bcf2bd0abe253da7
bddfbd4b3d60bded
3d04be36bd453d51
3cde3ddb3da5be08
3ce93d983cf63d85
3cc8bd093d00bda2
3c61bc97bdc5bc6c
bd1fbdbd3d4dbd81
bd4dbdc63cbabdc3
3c96be0dbd43bd15
bcb3bbd5bcd9bd1b
bdbdbc3e3c9cbcdb
3dd2bce7bc9cbd56
3c06bdb4bdd93d54
3ca8bcb83b6b3cdf
bc393c15bb1ebdb7
be173cb6bb26399f
bd0b3c24bce93dd8
bd883afabe1dbd36
3d3bbdf93c2a3c93
3b42bc823c6f3d38
bd08bd463d3e3dd9
3c313d2abddebc2a
bda33b0d3e243d6b
3cdabcc83d76bdfa
3cc13cb4bd893b71
bcf23ca63cb5bd01
bdbabc683a6bbd21
3d883c4e3db53d32
bcc93cfc3cf03cb1
bde839e13d463d02
bd75bd2a3b663d1f
bd7fbd0cbd903c44
bd8e3cabbe4e3c5e
bbbfbd5dbb583c93
3d943d8cbd76bce5
3ce1bb703d7d3d5b
3d8ebe0abc1ebd0e
3a5bbd7a3d1e3e0d
3cb1bcfe3cc03dad
3e293c173a323c76
3b41bc1abe3ebbc6
bd743bb8bdb43e0c
3c1b3e03bcd2ba74
3da53da63dba3bf3
3d8c3deabd343bf9
3c3cbdbebdd23d22
3d7cbd323d83bd45
bd143e0ebd6dbae2
3c153d6b3c59bd92
bdd3bd7f3c27be0e
bc683d4dbe483da9
3d303dd23de5bcb1
3d173e493dbcbd20
bd9fbdee3d883d5e
bdc83dbfbd24bc36
bd76bd01bd1fbbc4
ba89bc213ac13d22
bd41bb0bbda83dae
bd2fbd703c77bccc
bd70bc9ebd27bdc4
3d50bceabd3c3c23
3e1c3e19bd8d3d34
bda43d71bd323b8b
3ce1bdf73d083ca0
bdba3ce23c9c3cd7
bca7bd04bd6a3e0a
bc123dc13dd4bd95
bc15bdb03e633db4
bd1c3bb5bdaebc0f
3e193d373d82bdac
bce73c3dbd91bd87
3d4dbb9abd273da7
3d4b3d0cbd893ca4
3dfbbe04bd07be0d
3b85bcc63d073c2d
bbb0bd1e3d3f3d0a
bd58bd5abd9f3c5f
bc753d69bb253c74
3dc9bc0a3d9abd32
bdcb3d33bd1bbd02
3ce23d7fbcca3cd2
3d0b3cb23dbfbd01
bd86bd9d3d89b77e
bc483d783d623c97
bb59bd843d28bd92
bd1dbd083c03bd3d
bda7be403ccfbe37
3decbdf8bdae3cc3
bc643c693b9a3d14
bdccbc273c833bcf
3c9e3a233d273d29
bd2abda83bdebd21
3c02bd143da5bdb5
bd55baa0bd41bc96
bc2e3d9d3dbcbd94
3d353dbabc8dbd83
be463c9c3d653db3
3c2c3da33ce93c87
be1abd92bd8abd2c
3e26be0abb9ebb9d
bd103d2a3d13bca1
3db5bd44bd7b3d3d
3d5f3ca5bda5bd99
be17bdc73d60bd7f
bda0bda63d3ebba3
bd3d3aa5bdb0bbc0
3c3b3e053db7bdaa
bd0cbdd33d0a3d9a
3d0abc30bd0a3d4c
bc24bbbc3bc83d4a
bd8f3d8cbceb3d70
bcf5bc5fbc43bd08
bb533db3be083d80
bc99bd0fbd133a35
bd9abd5c3dd8bdc2
bcbfbc33bbcd3bcc
3d22bd2d3d60bc95
3d39bcff3d9a3d10
bda73d59bd583d27
bd833d753cb23d6d
bdf5bdcf3d7d3ce9
bd05bddcbde63cfa
3d4a3d7c3c8abd3a
bb2b3cadbd64bd40
3ca4bdc83dd73d38
3cd3bdb5bce6bbcf
bd3ebd8abd7f3c77
bb45bcb93c44bdc5
3cc13d26bd1a3d0a
3c8f3c253d42bb52
bd94bbeabd77bdd0
bd8dbde4bd0c3d64
bd013d9bbdd2bd98
ba8a3da43da1b95e
be173d743d05bc2a
bc13bcc7bbfebe05
3c9cbcedbda5bcd3
bddf3c76bd0bbd07
bd79bb353cbb3d9c
bddd3da73d2c3d97
3dafbd603df33e21
3c61bd05bcbdbd15
bdf53ce9bcfebcb7
3d4abda13e2d3d53
3c3cbc04bdccbd0e
3db2bce83bd03da4
3defbd993c8abd9b
3c7d3dd13e463a19
3d2f3d86be1e3d92
b908bd0ebc8fbdb1
3cb9be49be0f3cf9
bc1a3c923d8a3d76
3d0abd043c813d52
3c7b3bb9bcd23d6b
3d1bbe08bdcd3d05
3e2d3c0fbd4c3d23
bce4bd063d2b3cff
be023de6bd67bc8d
bd9dbd913d533e23
3e03bd81bdacbd13
3d713d7d3e273d47
3b5ebdac3b493d6a
bd8d3da8bbe5bbb7
bd72bd673cb6bb78
bdf5bc153d833e13
bd1a3da23d8ebd3a
be0dbce0bd6fbddb
3c883bd23c0f3db2
3d113c43bd11bd6b
3a4fbd3c3e303cc3
3d88bd123d473d1b
3dc1bdb73db7bcb8
bd0b3cd73e193e46
bd49bd1e3e33bd26
bd533b28bc9f3d4b
bcdc3d563da53cbf
bd97bd55bd1f3cd7
bd84bd8abb6fbcff
bc393d9bbbe2bc13
bc883d7d3c9b3de3
bd97bdbf3e0cbb6c
bc5e3cce3c2abd92
3cffbd613c003d9d
bd9ebd0a3d5bbd31
bd97bca9bcc63d43
3cc03c7b3de4bbb2
3c3cbd5a3a2e3c5a
3d963c62bd38bcd5
bd11bdbc3d49bc73
3d193d503d3ebd4f
3b2c3de9bc143d76
3d7b3d95bd623cf8
3b913d82bd6d3daa
bb963d333d563d47
3d383cda3dab3e06
3d54bdad3c903d59
3dc5be1f3d6cbd7a
3d803c92bd8e3e11
bcf53bfc3e463c56
bc163dd6bbb13ad2
bd14bd52bc123d0b
bd8cbe06bdcbbdd3
3d59bc26bd583d42
bc593ccabe0f3d07
3d6e3b17bce33cc4
bdfb3dd2bdc83da3
39a03d353c323a97
3cbbbc14bd563e36
bce73cd13dc7bd03
bcd23d013d64bc03
bb54bd173d463d37
bd873dfabd7c3d9c
3ded3dafbe0d3bf9
3d70bb863dd43cef
bc073e0a3d5bbc98
3c66bd633d9f3bee
bd42bdbdbc33bd3c
bcb8bd903d393d74
be26bd2bbd6f3bb5
3dd13d923ccebd8f
bd643c11bc573c18
bdab3db13e273db7
3d01bb14bcc93cc9
bd73bd6dbd5a3c3d
3c9f3c1fbd02bc8f
bcf83cb83da2bdc8
3d06bd22bdbebe26
bdcfbc1d3d103ca5
3d1a3d383afcbcf5
bc973b313d87bd36
3cd8be003d033d9c
3d9bbcfebd063e05
3e853db2bdba3d5b
bda7bbdc3cd6bc1c
3ddf3d86bdddbbc9
bb18ba033da23db0
39b7bd8fbe28bd35
3de63e1cbd8a3cf7
bd53bdac3c3e3bf3
bcbebd843e363e38
3bbfbdc5bd323c4f
bd813df6be033bb7
bc1abcd4bdef3cc6
bd2abb36bd9a3dc0
3c373b8d3d6a3db9
3d04bc953d0cbcd4
3dd63d96bd843d97
bdec3c753d40bd98
3d7b3ca13db8bd92
bd1a3d4c3d69bcb4
3de23d21bcfeb9c6
3c49bc03bc02bd92
bdd2bbdabdbbbd4d
bdecbdd9bd773da0
3d69bd093d05bdf7
bd6e3c3a3a02bdc1
3e403d86bcbd3cde
bd723bde3db6bc81
bd47bd313de4bcb7
3dec3d0dbc513cf0
3d48bc0c3ce93d81
bce73d20bdefbd8d
bd8c3d5cbd80bc72
3cf1bda33da73d1a
bc303d8fbd2a3cd1
3dafbd303b19be10
bdfdbcbabe253de1
3d0b3cd7bcff3d99
3cc43bda3da3bb10
bd043d483d3b3e03
3dc5bde9bd793d58
3baf3d4d3d79bd8b
bc803d8b3d9fbda1
3d883d6e3c21bde0
bc1abd45be803dc0
3d6ebd67bcbbbd2c
3d90bc9fbd59bddc
3db03c76bd05bd75
3c99bcd53d27bd92
3bf33cafbd233d8a
bd963cccbc8bbde4
be023d7a3e1f3d62
bd73bd1cbcacbe04
3cb5bd0ebd6ebe04
3dd1bae03c893cb4
3d4dbe053b8fbcae
3caf3d04bcbabd14
bd863d463daebba5
3d1a3d013bb73c7a
bbb7baf5bd8d3d45
3a05ba463bc5bc01
bde33d24bdcf3d64
3bd9bdb03d0e3c6c
3d65bdbfbdc2be11
3e193d6ebcd53bb2
3cb53d29bd3e3d61
3d283e13bd2ebd43
bdd83d3c3d8dbe5a
bd9ebdb4bdb33e08
bc113ca3be24bd96
3ca2bd0cbd323dfc
3d0c3c8abdd2be17
bd4fbdc43d333e28
3d9bbd51bebb3d69
3d343dcabdc03d8c
3dbdbd663cc6be4a
3cc5bd0cbd36bccc
3d7bbc89bdb9bd19
3d05bd463dbc3c69
bcaebd263c353dd1
bc93bdfe3db8bde6
bdc53cba3cb43d37
bc2e3d433daa3de3
3afb3b9c3d87bc2f
3c8dbc963db5bd9a
3d86bd11bcaa3d60
bcb0bc5bbd15bd04
bd593da1bdddbbcf
3d9bbdf6bdd3bd4d
bce1bd2c3da9bda3
3d523d33be033d53
bc26bda1bd473dbc
3c8cbd8abce7bb1d
3dc1bcf03cc2bdbf
bd86bddd3ca03d32
3cfe3d59be31bdf5
bde3bdb03d4abd62
be04bcea3dab3c5b
bce4bc08bc8dbca9
3cfabd6abd2e3db6
3d9f3d9bbdbdbd8c
3c873d7cbd963be7
bd083c8e3d273ca5
bbfbbd47bdb93ac9
3c21be483c2f3d82
bd9f3c91bca0bdb4
bd73be26bd4c3d92
bb73be19bd123d6c
3c843e16bdc0bd24
bd733b813d833d97
3c8f3bb03d81bd84
3d31bb5abdd2bd85
3d553cce3ce6bbbc
bdefbd353baa3db9
be043d89bd7fbc99
3d94bd64bbd63bd1
bd0a3dd0bd8fbd26
bd593df9bd453ce2
3dc63df63dc5bc86
bd85be3c3d9ebd6b
3d11bd8b3c263da0
bd67bd17bb2e3d9e
bd94bdd13cce3b3a
3c593d7abcda3d40
bd0ebd093cf2bc9f
bdac3ce13be3bd04
bb3f3c2e3d2c3df2
bce6bb61ba543d02
be093da63ddcbd83
bb2f3d2f3c14bda1
3c8d3c17bcf6bd8b
bb3bbceabdb73ca0
3ab6bcce3d863cc3
bdfdbd763c943dc1
3da3bc863d933d03
3af0be0abd9abc3b
3d8d3d8a3e2ebe01
3bc33c19bc963d79
bcd2bcfa3d2cbd46
bd623d82bc1f3c9c
3b0c3db7bda3bdc9
bdc9be24bda4bdb2
bda4bd6dbdd9bdcc
3d003d59bda63d07
3db2bc5ebdf93bdd
bd57bd473ca1bcbc
3e0bbdaabda53cb7
3ce2bc95bd75bbd0
3be33d8e3d13bb45
bdbe3c6b3d15bdc9
be2abc9d3d1a3d1f
3c9cbd7c3d72be01
bd0ebdc13d33bcbe
3d01bce73e05bcc4
bb24bcf9be07bd02
bbffbd9dbc72bd09
3c9d3da53bd73a0f
bdf8bd803d18bd57
3dbcbd5f3d5fbd40
bb273ba5bcc03d8f
bd43bdd13dc2bd81
3b6ebdb6bcf23db2
bc793b45bdbdba56
3d3d3d0bbc073dce
bdf33ce2bca6bc9c
bd383c8bbda23ccc
bd8fbdd6bd283b6b
3d8a3da7bb83bc80
bba63d2abcf3bdad
bcd4bc9e3c743d4e
3e213d88be29bd4d
bc0abcca3d5dbcb7
be0fbc633da93c8b
bd8abbeabcfa3caa
bc47bce2bd28bc57
3b4a3c483bc0bd73
bba13d7d3e3c3c47
bd003d6e3e073d85
be14bdf6bdb73c9d
3d1b3d21bb1d3bc3
3d893cb2bd35bcfd
3e20bd213c963dd8
bd423dbb3d4f3d30
3d5f3e4bbd84bdf0
bdaebd4fbdc7bcbc
bd453d2a3dcc3d2a
3c993b9e3dbc3e24
bc8fbe21bdde3de7
3cc6ba8c3d903de4
bd823d19bd893b77
bae93df4bdb73e0c
3d01bda33d243c84
3d003d6e3dba3c0f
3c963d0b3d12bdaa
3dd53d773d333d35
3d24bd8ebe1f3b9c
3cd3bdf73d0a3ce8
3c8fbd8abc08bb73
bf87be813fe43f0d
bfbb3fc13fc8bf9b
3deabef23f3f3eb8
405dbf06bfb63dd0
3fa93eacc011c00b
3fa340d1402b3e5e
bfaebfac3fc7bfa2
c03bbfc44079bef8
40393f503da03e47
40113f743def3e7f
be4ebfc0bebe4090
3ff5bfa5bfd1bfed
bf54c02ebe5ac090
be21c05c3f4ebe56
3d51bf6ebf5d3fe5
3f693f47bf11bdac
3fc1bfb23fcbbfd6
3e043f80beb73e82
40ec3f053f8c3ebf
c00c3ed1bf7cbf84
40ea3f93bf003f68
bdee3fafbfce3fc7
c0253fc5bfc63f59
bf7240f93f833fa9
3dca3fa93f3a3f7d
3f933e7dbf54bf4e
3fe0bfabbfbebf9a
3e0cbe57bf9cbf40
c0874008bf4cbf01
bf5c3f2d4004bec7
c03640363d9e3f46
bfdfbfb5bfa7bf9a
bf2cc0003f7d3f19
3e08c043bfbabcd9
bf8bbfa23ff53f7a
bfa6401d3f5dc007
3fa7bf9bbfc53fb9
bf8abfa33eacbed7
3eda3f78bf79bf8a
3ef8bee33e3bbedb
bfb93fe2be954006
bfaf3fcbbfa3bfc6
bf784020bf5f3f9d
bfb9bf22bfdcc01a
3fdfbeb03eeb3db1
bf27bfbdbfb33fce
3ffbbf9a3fc7bfe6
bd9abf1ebfae409d
bf47be86bfcabdb2
c07fbea240103fe7
3f6bc0793e93bde2
bfcf3fde3ff9bfc2
40364035bf3fbec5
bfaf3f77bf94bf6f
3fb23e8a4008bfc6
bf96be0a401d3e4d
bfc9bf973fc83fe9
3fbcbfadbda13eac
3e20c0babf373dd0
3fec3d85bf2e3ec7
bf3abfc9bf30bf03
3fbdc0023fcfbfae
3f04be853e4b3f15
bf1a3fccbf1c3e29
bfd3408dc010bed1
3f763f953ef5bf10
3fc9bfb8bfaa3fc4
3e623faa3e21bfb1
bfe340b7c01cbfe9
3eff4060401ebeb7
bf97be68c03f3f31
bfb43fc0bfac3fe5
bedd4041c0673eae
bdabbf81bf914020
3e8dbe183f6dbd9d
3ec73f8a3ef43f4a
3fb53fa33fe13fcd
3e9ec0503f533f9b
be3abf00beaa3d4b
3f9340133f3e3fbe
3eba3fa03eef404a
bfcb3fe0bfd1c024
3f413f953f96be85
3eff3e063db43ea3
3f61bf59bf663ec8
bfa2be83be773fa9
3fb83fb9bfcabfef
bee13ded3f8d3f53
3fb3bf13be4f3fad
3f813f6e3e8c3fd5
bf1fbf5b3f99bf17
bf96bfd1bfd43fb0
3fc03e863f36bf99
bfc73fd1c02abfcd
bf343efcc0d1bfa4
c0a4bf92bf63bcac
c0033fc23f96bfcd
3f223fab3e473f25
3eb2bf4bbee9bece
3ee5c0033f2c400b
bea3be43bf3d3e06
3fe9bfdebfcabfc4
3e603ff6bf9b3f5d
3f37bf15bff33ed4
bedf3f0cbfb73eec
3f41bf04bf51bf0c
bfb43fb6bfc1bfd3
3f5a3d623fa53e79
bf92c042bfabc019
bf2a3e9b3e1a4066
411cbfedbcd5bdb8
bfd3bfc1bfdabfcf
3f6cbd00bf513f85
3f1dbedebfa93ed0
c06dbefac0003f4d
40253f5d3f4fbf6f
3fb23fbc3faa3fc5
3d313e753f67be02
3e5dbd9bbf543feb
3ed4bb93bf4bbf1b
bed33f85be9b3f98
3fd33fe5bfebbfb7
bf04c02ac008be9e
bfb73f61bf54bf5f
4049bedcc04ebec7
3fa43fcebe6ebe71
bfdabfb43fd43fc4
bf65bef5be333ea5
beab3f2cbed8bdd6
c06d3fdbbdad3de0
3fcb3d55bfa43f93
bfcabfcdbfbcbfc6
c019c08dbf2fbd3d
bec13eb43e304001
3f3c3cd2be3c3ed2
be223fdc3e233df3
bfc73fd43fea3fcc
3f5bbfc6bf26be1c
3e773fc940a33fc3
4008bf47c06a3f4a
3f52403a3f233fd2
3fc9bfb43fbfbfc8
3fa0c06b3e333f92
bf1a3f8f3f8fbf16
3f96bf89bda4bf44
c008bf95c07fbfeb
3fb4bfbabfee3fc3
3f8d3e8cc0ad3f7a
4013c0a6c0643ee4
bf8c3f93bf5bc021
bd8ebd783da53e01
3a7dbd6a3c643cab
3a673b473c283de1
bc9c3c983daebd11
3da3bd183c853c89
bd8c3e063d393d78
bcb0b9043cfd3c4a
3cb7bc3c3d8dba61
bd403b163c10bd38
bd2bbd1e3da93d05
3c043cb6bd243d72
bcc8bcc63cc2bd5f
3d233d4d3d3fbc42
bc3b3b91bd26bc1d
bd583d1ebbb13d3c
000000000000be89
bc7abbea3cb83dab
3c98bd62bd233d9a
3c6bbcff3d5ebd32
bd28bae7bda93d15
bdebbcb4bcec3d20
3cd73dde3d183c1d
bd6fbcc7bc0dbc91
bcb9bdb9bc64bd89
bd9abccebc09bccf
bdd43d213cf6bd3d
bda03cd6bd173dae
bd383d973e173d0e
bd1ebd35bd9abc97
bcd4bdc53c4d3cca
3c11bc62bcc33d09
bd81bc96bc353d53
3c2cbce0bdd53b95
bd71bc6f3b383a54
bd563cbf3cd43c97
baf03d07bb8c3d88
3c493d003c56bc7d
3cbdbd013c5f3c9f
3c95bcf6bd3a3db7
3bf33df7bc553cf1
bc0fbbd2bd003d30
bd31bc60bab13da6
3cb93c14bd01bd0c
bd65bcf8bba53d52
bcc03d8a3cb73c78
bd25bd70bc72bcaf
3ca6bd14bce93ccd
ba4fbd373cd8bb9b
3c3dbcddbd10b851
3d8c3d63bc873d09
3d72bd233c783d9b
3ce03cd7bccdbd3d
bd283c6f3c1c3cea
bdc2bdffbd1abd36
3c493d08bd393dc1
bd16bcddbc8dbd19
3ccf3d2b3cb8bc6a
bd01bc4e3d093d77
bd38bd893d57bdb0
3d49bd53bd533d3e
bd03bc7e3c113d3a
bd6fbb313d88bd29
bdf7b9c9bd93bcaa
3d0d3d64bd34bc04
bc883b3dbbc7bc70
bd9b3d3c3c433ba1
3d923d5fbcf23c9a
3b7fbc9b3b33bcae
bcb33d1dbd27bd8b
3c84bcae3c773d70
bd0cbc93bd86bc07
3d2b3cda3d123c45
3da63d843d8ab92b
bbd23da9bcab3a3e
bd893d9bbc21bcc3
3c5b3d843c7fbd4c
000000000000bd45
bc933d943db73d4f
3b44bd67bd833c9a
3d56bd7dbb1d3dae
3dbebdec3d073b80
3d91bd983bfbbdd1
bdc03cb03d86bc47
3c6c3d163c95bd3b
3b8a3d30bb63bc6b
3d443d2bbd67bda5
3d07bdb4bd1c3ca5
3da03cddbc3ebc85
bd9c3dd5bc0f3baa
3b5e3c5e3c83bd0c
bdb93d30bc963d9a
bc143d783d7ebe03
bc83bd3cbc7c3bde
bdc8bcc53dbeba2a
bda7bd243da53d81
3b543c73bd0dbdc9
3d183d3a3d47bd42
3c8d3b723c89bcba
bc6fbd08bcde3bda
3d29bbf5bd76bcd0
3d5ebc39bd4abcb5
3d6ebd313d0abd52
3c503d483b753bc4
3ca73ce6bd96bd60
bd15bcca3d3bbd90
3d06bcf1bd84bd21
bbeabcfabcfcbd93
bd3cbdbcbdf73c87
3d923be0be12ba5d
3e1abd54bc0d3c8d
3da43d7cbd5b3d83
bc833cf4bba93cbb
3df2bd833d4c3dd2
bc623c81bcc63c58
be11bc23bd503cf4
bd8b3c8fbdae3d82
3cecbcff3c463d04
be1f3c333d0abda2
3d093d653d043dfe
bd0bbcc23d03bdb4
bdcbbdbbbcc93d99
baca3b7abdf4bdc7
bca4bbb0bc1f3d05
3cca3d05bd10bd4b
bb24bcf1bcc5bd78
bcc7bd013d893d9b
3d58bcf3bd09bcd6
bcc13d72bc833d5b
bb1abd153c87bcfd
bb22bd123d14bd18
bcd23d3a3cffbc00
bd4d3cf5bb433b19
bd043bd93d9d3d4d
3ced3a2dbcdc3c25
3d183b2fbb43bc11
3c99bc25bc6dbd41
bd783b84bc313ab2
000000000000bb5b
bd68bc9f3becbcd3
3d503d483d82bc8d
3c10bd783bc33bb8
bd0ebd86bbebbdb8
3d15bc92bda63db1
3ce73db13d41bb22
bdd63d1c3dd6bdd9
bd72bc4abbafbd6d
3c45bc9c3bb53b3c
3c04bd4bbd2abcdf
bd20bcebbc753d14
3db13d22bd193d9e
3c3a3d0c3c093d8f
bd3e3c8dbd473d9a
bd4f3d033dc63961
bd79bbb1bd303c49
3b753b30bd963cae
bcb1bda43ca43d86
bd5c3c283d6fbd80
3d793a393d97bd0e
3dc7bc1dbcd6bc86
bae7bc36bd1b3ba3
bceebd3cbd223d3e
bd0e3d723ce83c59
bcf5bccdbd04bd84
bc193d433caabd42
3d32bcf8bcc7bc8c
b8cb3b213d8b3c96
3d50bb6c3e083d1b
3c993c6bbd833d6e
bb87bc48bd6f3d92
bd51bd85bcd8bd22
3d5abcfe3d7fbd28
bc86bc213ddcbe15
3cfb3ace3cac3c94
bc713c023d2abca4
3c8b3cdbbd713cb8
bde2bd3ebb873d1c
bcc73d8d3d2a3d63
bc83bd88bccbbb93
3ddcbbc33cbcbbad
bbfdbda13bfbbd98
3c27bda83d87bcae
bd6abb2a3d8eba9d
bdf13d503b803dec
bb00bc9ebd0d3d31
bdc33d19bd8bbb8b
3d07bc75bd72bda0
bd413cd33c6abb41
3d0dbd253996bdad
bd6c3b5e3c4b3cdd
bd2dbd95bda83da5
bd83bd3f3d5d3aee
bcaebd4fbd8e3d33
bd2d3d5bbd933daa
bd88bd46bd0fbda4
3d27bd54bcdcbca2
bd323c423d0e3d26
3d9a3d2a3c35bb46
bdaebc1ebd9b3d45
0000000000003e02
3ce0bcd33d623cc5
bb7a3cc43d84bdb2
bc07bd2c3d5bbbe7
bccc3d263b1f3c8b
3d143cc43c3bbc60
bc593cac3d093c06
bd183c16bd3d3c32
3c76bad2bd66bd26
bd19bcae3bc63d3c
bc29bcd33c8b3ca1
bc463cf83c89bd7c
bd2d3d03b98fbd77
3d0e3d34bd0e3ba0
3c7c3db7bd453d08
bc90bd01bd55bd4f
3cdb3d2d38d63c65
3cc93d583ad3bdd4
bd5f3dd9bca7bd08
3d023c133d143d6b
3c893d8b3cba3d19
bd693ca3bcd0bd84
3de4bd283d223c1b
3c7d3bbb3d5e3d65
3d653d2ebddf3d4a
bd5abc92bdafbcff
bd873d28bccebd9c
3ccebcff3de33d6b
3d79bd05bc883d5e
3b883d283dcebcf1
3d913c933cb6bd15
bdb1bcfcbd0f3d14
bd703cf0bcad3df5
bd9ebdf13ca9bc6a
bc25bc2bbe013d19
3e083dccbce2bd7d
3d49bd423d943d1e
bd943db13cb83b93
3d1d3c78bd0fbdf6
bd353ca33c4dbdc2
3d533e113cbbbd83
3d34bd70bce4bde2
bcda3d993da2bafe
3c86bbda3deb3dac
be0d3c683d81be3a
bd333cb0bde4bd8b
3d85bcadbc1e3dc6
3ca43d89bb70bcc6
bbe4bddf3ca23d44
3c6e3d88bd8c3d0a
bc02bd37bd8f3cce
3d83bdb0bc03bc45
bd22bb2e3cc1bcb6
3d2d3df63df03da5
baa43d1739013e0d
3d0abd923d45bcee
3e0cbcf9bdeabc3f
3d71bca43d0dbd15
3d0abcc93d47bb47
bd9c3c9dbc163b3e
bd4d3db3be14bbc6
000000000000be47
bdac3cf8bd95bd0e
3c97bde1bdadbca7
3d88bc48be10bd0a
bc8d3da7bd1abd07
bd843bfcbcebbda2
bc9c3c303d323dd3
bd46bd6fbd36bd83
3d43bc8dbc49bdab
bcf5bbcf3c3cbdc4
3c85bc49bdaebcf7
bd1c3cff3dc63d20
3caabd8a3d2d3d14
bd83bbfebe013cf6
3d113df6bca4bd9b
bd193d443d9a3c70
bd13bd06bbbebdd3
bc903c913baa3db0
bbf4bc41bd933b6b
3c7b3d563d2b3c75
bd21bda03cfdbd88
bbdbbd893d3bbbfd
bb4bbcefbc663d6f
3caf3c833c3dbcd8
3d813d263d3c3dc1
3e003cfa3d703d90
bcf83b10bd34bc89
3d763dc0bc53bca3
bdddbca6bc54bd00
3c273d893c44bd91
bdb2bd03bd72bdaf
bcb93c903da3bd66
3cb33deabd6e3dc6
bd8f3de2bb73bbc7
bd85bcd23d843cf6
3c9d3d6fbcff3dfb
3d393d463dc5bb8f
bd083d5bbcfdbdc8
bc09bdaebdd4bd29
bdbebd0c3e11bd3d
bd0dbd7dbaa33d95
bd8dbc93bd103cc5
3d8e3caabd043dc2
bde4bdbbbd8fbdc3
bdd13d9c3ce7bd6a
bda43da03dc13d23
3dd73d673daebd87
bc9b3ca1bdd1bbd0
bc80bd763d16bda3
bd90bd03bcfe3ce7
3c7b3b41bc04bd1b
be123a93bcf03c8f
bd883d4dbd4e3d02
3da9bd94bad13b87
bca43d1abd563ca5
bd04bd9d3d8b3d40
3a143d113d3d3e47
bdc43c92bde83d0d
bd11bb6bbd493c42
bd793d883dbc3d97
bdb83d9bbd3cbd70
000000000000be4b
bde33c563d013d0f
bd663cbcbdfc3dc6
bc903d31bd503c5d
bd9cbcf9bcc53d37
3b28bd5b3c383dbb
3da8bda1bd53bd2f
bba4bd57bd873d7a
bdccbc743d13bd30
3cc8bdc4bd913d65
bdb7bd503bf6bd5a
bcc63dd1bcddbd4b
bc3bbc173b253cc9
bb19bd9b3c02bc82
bca8bcb5bd0ebbfa
3d543bd13d78bd8e
3ce13c54bc493d96
3b82bd4f3d87bb9f
3ca43d07bca0bd11
baf6bd3a3d18bc8c
3baa3c74bc23bd11
bd5bbc023cddbc36
bc053d883d8ebac0
3b133ce73c6cbb3a
3dd2bd513d3b3c46
3cea3af23ae4bd8d
3d90bcc63d4bbd77
3d0f3d08bcc6bc61
bbb33d11bb62bc9b
3c8fbdf0bd843ca7
bd34bc163b343c38
bca93dd73b213b49
bc37b8aabc873ce9
3befbd6f3d0bbdde
3c9bbd193d853cfb
bd84bd2f3d0e3d61
3d2bbce0bd873d5d
3d3bbcaa3cb7bd0c
bdc73d7e3d883ccb
3b5f3ca0bac03cc2
bd8f3cd93cf0bd82
bbe8bd46bdbebd42
3d4f3d8b3bf53d1f
3cc43c79bcdd3dcf
bda73c613cf73b93
3e163b8b3cecbcdf
3bb0bbd5bd1a3d5a
bdd53d6a3dbabc98
3d29bcf3bcfebd22
3c42bdb9bd85bd66
3cc5bd1ebd1abe0c
bd9ebcb33d77bc8b
bcdf3d54bb9f3a44
3d38bd823cfabd59
3d853b60bc2c3dde
3d8cba9cbcd8bdea
bcd33d38bcef3da0
bc93bd4fbb0d3c17
bd783d213cddbdb4
3ce53e313b9ebe15
be02bc023cc53d79
0000000000003e9a
bc6abd273dbcbb59
3d4bbd51bcd53cec
bbe7bb21bcd63c3b
3ad23d75bc603d44
bddcbd60bd22bdcb
bd8b3d5ebd2a3d88
bc24bc0abc2dbdaf
3c10bcfe3b44bd31
bd1ebd95bb9d3d46
bd2ebc823bac3d32
3d19bd7b3bbc3c8b
bd593d07bd0ebd57
bd6cbd53bc2abcdc
bc883d383d0f3ca5
3c0f3cfa3d4a3d9a
3c503af9bb313d28
3d8abcd03d24bcc4
bd023d49bba93c55
bd123ca1bdc4bc23
3c8b3d573cb8bd37
3cc53bc23bebbcf7
3c96bd303d54bd17
bd213b9abd1bbd8c
ba9abe013c443aa7
bca6bce53d81bcc7
3d06bdd0bd0f3c80
3c993cfcbd80bda9
3dbbbda43d463d09
3d23bd633bbbbc8b
3d973d41bbd6ba58
bd0d3cbebc8c3d28
bcde3baf3bfd3b99
3c88bcc1bc753d77
bd2e3c0f3c6c3c23
bd333be83c76bcb2
bcb93cbebd11bb8d
3b5dbc763c50bba3
3dab3d693d2b3d4f
bcbd3cc13cfd3d5f
bc8139f73d133d5c
bba4bd3ebbafbd6f
bba0bc40bc943d68
bc98bd45bd1e3d27
bdd7bbf3bcad3bc6
3c2cbb533d79bce0
bc47bc543bbabc8e
bd453cd93ca7bd03
bcd8bd463d3dbb37
3bc53d1c3b75bc44
3ce8bbb4bca43d7d
bcd93c6ebc433ce1
3ce23c073d523b8a
3cae3cd93d13baea
bd8dbd623b1c3d05
3c913cbebb09bd11
3d183a013cf73de5
bda83d723b21bcc8
bb88bd813d743bf4
bb123c913d9e3b41
bb8c3c993cdd3d2c
0000000000003d02
bd353d2dbdeabb95
3ce4bda33d3f3cf2
bd743d73bd423cb9
3d143d8f3cd53dcb
3d3fbd8a3d44bd4d
3d1abd073c52bc93
3d39bcadbd2e3d58
3cd13da8bb993d95
3daa3cb73d1d3cb4
bab93cb2bc0f3cf5
bc203c86bd473d2b
3b80bd013d7e3d93
bcc7bcf83db43c3e
bd623c783c7f3d2f
3d88bb60bd73bd12
bc16bd80bd40bd10
bdae3c03bd54bd66
3d7a3ae8bcf73d2c
3d703d903cdb3bd6
3c8a3cc83d8d3cd6
bb483cc8bbcc3d8d
3c9a3c8bbccd3ded
ba6dbd2f3d64bd83
3da1ba733db3bd77
bcaf3d3abca2bd38
3c833d08b99dbd59
3c1e3d423cccbd07
3d213d47bc953d9a
3cd0bd18bd6dbd35
3b4bbdaf3d353d90
3dd4bcdd3e15bd12
3dadbb5d3d313d54
be37bd71bda1bd27
3d34bc413dd1bdaf
3dd03d103c8fbcd6
3b6ebd96bdc1bc9a
bd1a3b1abae23c3c
3b1e3c71bbf7bd58
bde33dc9bda53cfa
3d933d983baa3d73
bd413c563dd3bd9e
bab6bccf3d19bca6
3df23d223df7bda4
bdbe3daf3de4bd47
bc933d89bc6f3d94
3da8bd803ce8bc61
3d793c5bbd63bcd5
3d303e0b3d48bcd2
3d83bd913b0b3d77
39933d363c68bc6c
3d9a3a573d3a3da9
3da8bcb43cb3bdaf
3cb5bd8fbd623cc7
bd00bb8dbc54be02
bdb7bd1a3d9dbd98
bd15bd75bd863d0b
bc5bbcb5bd0dbc92
bc37be24bc513d57
bc053a943d00bdaa
3bb73d833d083cfa
000000000000bdc2
3d303d5b3ba33cc6
bd643d2f3c3cbd4d
bbc0bcfdbd5f3beb
3cca3c4fbcee3c73
3d04baaf3c83ba35
bbd6bca13c343d62
bb3cbcbbbd18bc6c
bc9dbd11bd5b3b81
3ae0bd343befbcef
3c693bd6bc533d15
3b06bd16bd92bb1c
3ca83cffbc9ebb85
3c6e3da0bdaf3cf6
3c9bbbad3da8bca8
bc6fbc2c3d69bd35
bd9c3d513d9a3d68
3d8cbd233a8c3ca6
bd37bc53bd99bd1e
3c89bca0bdb23d1f
3cda3d0d3c883d36
bd573c52bcb8bd48
3c2c3d24b8c4bd23
be013b42bbf3bd35
bd3c3c37bca3bdba
bce93d43bd733c85
bdb0bbe4bd003b91
bd9ebddf3b98bbde
3c7bbc053c81bda9
3daa3d9a3d533da2
3dcabcf7bc83bd55
bc683dae3bc13cd7
bd5c3ca7bcaebd2a
3cefbd8d3cd93c34
bd16bc3cbd68bc1a
bd45bcaa394ebc92
3d333bd13b5c3b80
bd653cc23d673d91
bcb93d3b3d70bd3b
bb343c17bc013d84
3cebbd573cb73c8a
3c8c3ce8bd8bbc6e
bc2c3da5bca0bc7f
3c643c79bd70bba5
3cb2bda33b003d0d
3bdd3ce23ccf3d5f
3c5c3c773c2d3d24
3da23d30bd7c3cbb
3cb1bc8a3dca3c8c
bdbfbdb3bc0a3c77
bd813cbb3dac3a52
bcc03db0be0cbdb3
bd793d473d75bd65
bce63d2d3c493d24
bdb13b9e3ca33d75
3d263d28bcf43da5
3db3bcefbd533d1d
bda7bd443d17bd73
3da93d20bcb33c26
3d08bd48bd89bd10
3dd0ba9f3d01bd67
000000000000be53
bd233cd4bbd43d62
3d1a3d5ebb60bdb6
bd2fbbf5bc373cec
ba383d3f3d35bc1e
bb2abc1fbd53bbb2
bd3e3cdd3cb93d4b
3daebc4abd73bd09
3d29bd343d0b3a25
bd97bb733ceb3d7a
3d35bda33ca63d12
3b1c3cf3bc8bbc85
bcbe3df4bbda3c9c
bd2d3d203cc53bed
3d223c443d8e3d59
bd1c3d04bd1dbcb9
3c42bc653d013d6c
3d3ebcc2bc9cbd45
bca83c77bbe3bb8b
bc603c79bd11bdfd
bd8f3c28bcf73d04
3b373b943da33d35
bb843c083d2d3d5f
3ca1bd503d41bd1b
3d2fbcd23ccdbcca
bababcf43c653b28
3cedbd033cf0bc88
bc8f3d52bd48bd12
bc8f3c9bbdbbbce1
bc0ebd23bcd4bd9a
bd32bb4fbb93bcec
3cd23cb4bc11bcb7
3d5f3d09bc8abdda
3a413d6fbcc43b25
bd853c343ca53c96
ba533c2b3d7a3daa
bd32bbca3dce3b33
3b943d013db5bd91
3d9e3d18bd133d2b
3d1c3d853d693d86
bda2bce43dbfbd02
badcbd79bcf3bc9f
3d7d3c6b3d2bbcf2
3cccbb373b4b3c39
3d0cbce03cf2bcc3
bd94ba6cbd4b3c42
bbb3bd26bcc23c9f
3cf7bda43d47bc95
3df9bc363ca6bca6
3e1f3ae53d143ab3
bc373c87bcbe3d3e
3dbcbd4abd063d5e
be003d4bbabebe12
bdcabcccbc6e3d38
bc0e3c713cdebd13
3dcebc1a3d5f3dee
bc303d753cc8bd04
3d53bc8f3d8bbdce
3d823d283beebd2e
bc8cbd3e3d6eba55
3c96bc993d893d16
3d66bdd4bc283c8d
3dbcbd303cf83d80
3d1cbd703d0dbc0a
bd573a01bbc53ce6
bca83dce3db3bd9a
bd403d90bd543d0e
3dd73dc23c773d90
3c4bbcc83d0d3c86
3dea3c823ba53ca0
3ccb3d3f3ce7bdbd
bc973be63d2f3d18
3d97bbf03c993cb9
3d23bc813b683c72
3db4bd0ebb64bc3e
3c063d39bdbc3d01
3d933cd53a57bdbe
bb56bca23b47bc9e
3d19bd9d3d913cef
bd393d6a3c283c01
3d8dbcfdbc233db4
bc5fbc8dbd833c95
3c9dbc983d333d2e
3c083d4ebd013c79
3d733c943c08bd92
bcbdbd1abcd93d0e
3da63ca2bd06bcef
3ca8bdd23c3a3d87
bd4dbbccbd0abbea
3df8bc8a3d8f3d42
3cc93d87bc44bd8d
bcd7bce63daabbc1
3c7a3c393cb4bb03
bcc9bcfa3cc4bd23
bd97bbc0bd483c91
3b5e3d403bb3bcba
bd40bdbdbc903b18
3da0bce13d5ebd73
bd9b3dbcbce3bc7f
bd38bc33bd8a3d9c
3ce73d93bdcd3b43
3cce3d77bc0bbd5c
bbd23cce3c92bc63
3d943dae3def3c48
baecbd2bbe01bdbe
3d02bce03e173c57
bd2a3c28bce63d20
bd273d723a793d1d
bca0bcc23c3a3d40
bcb03c93bd533ca0
3d8bbc773c9bbc2d
bbba3e053c133db4
3d44bd173cb6bcd5
3dbd3c9bbb5cbcbf
bca53d45bd45bc83
3d1a3b503d70bc7b
bd10bbcbbd46bd56
bd23bd9f3d893d87
bd1c3c8a3c6b3c65
3d54bd573dea3cda
3d6e3cb8bd0a3c7f
3d523c913cf0bc9d
3d753dfcbd6fbd2c
3d88bd5dbc75bc80
bdb03da03b25bb81
3c4dbca63afc3d70
3d893bcebcc7bd98
3da53c973daabc9f
3d6ebcf9bd82bd03
bc873d0b3cf7bd68
3dac3ca7bdb53d04
bc33bcccbd823ca1
3dba3bdcbdba3b46
3cbc3e2a3d4d3b44
3bb9bcc63bab3d9d
be1d3d9c3cbe3d66
bd4a3d25bc83bd54
3d363d7bbc9cbbcb
3c0eb9f53daf3d77
bc7abcd23d85bdb5
3a9a3ce7bd08bd8e
bd8a3cfbbd053d1d
bdb23d993c103d82
bdb5bd1c3da2bb90
3d4b3c3bbce4bd2f
3df4bd8a3d283c89
3d2fbd5cbd9d3cdc
bcae3c4f3c823c9a
bb05bb143d99bccc
bd22bda4ba143a44
3d563d9f3cd23d01
3b8f3d26bbc4bd88
bc203c623da13c16
bcb0bbc73aa5bc9e
bd84bb043d023da4
3d25bcaabe38bd41
badcbb9f3accbb28
bd47bdda3d43bc9d
3d93bcb0bcdabc65
bd88bc9a3c6fbbf8
3dcf3bab3dc4bd0d
3d37bd923c4ebd06
3e093d993ccbbbe1
3ce7bd853ce6bd0a
3d96bdd13cdc3bd0
bcf6bb3dbd8f3cea
bd2e3d3e3da0bd02
bd883d213cc1bd32
bbd73c023c473d96
bc7dbd453d5fbcd9
3c683b6a3d8a3c49
3cd63d253cfb3a17
bc9a3d2bbc2bbda3
bd923c703d0ebd3b
3ca1bc89b8f73d2a
3d203bcbbccc3c9f
3ceabcdcbcc53e3b
bc61bd7e3e073cd4
bd3dbcfebbc23dc4
bd64bc6dbd193b44
3db0bc78bd653bd8
bd97bcd03e1abcd8
bcbe3c89bc0cbd88
3dbc3ce43cc53d35
bd0ebd8e3ce3bd95
bd2d3e07bd74bcc6
3d8a3d413d61bd2a
3d223d1cbd8ebd28
3c9cbc41bd333d52
bd3bbcda3d723d41
3d393cb2bd7dbd6b
bd1abd833ccfbc44
3d01bd5dbd8ebd0c
bc583d8c3c0bbd5e
bd1d3d183ce43dbc
bce5bce73d7cbd4e
3a403d363d363c0a
3d873d503cebbccb
bc35bdc13e04bab0
bc893dd5be1c3d24
3d3c3b32bcfbbd06
3d15bd9d3c74bd01
3dd9bd343c0cbd62
3d113c8d3daabc54
3cf53d523d86bc3b
bd28bd6b3bae3d93
3cc03c7f3b583cad
bd18bb18bd8cbc47
bcd6bd8a3d97bdbb
bcacbddfbcd3bd73
bd163dc4bdba3ca3
bc32bc64bd943ce2
3c60bd513d023c0a
3da63c8d3d003c22
3c9abd07bce5bcf4
bcc83d243d23bcf5
bcb73bf5bd8fbb7e
3d4a3c95bc083b9a
3a453d033cbbbc0d
bd05bce3be1a3b35
3c4b3c603d09bda6
3d333d05be0c3daf
bd20bd0ebd103dba
bd4f3d36bd483ca5
3dad3d43bdcabcd5
bd5fbd39bc483d1b
3ca4bce33d2cbd8e
3d14bb1f3a373c05
bd743d2bbd1c3d04
3c9b3d033c113c92
3ceeba14bd58bc82
bd323ca03b683dbb
3c6a3d743ba13d2d
3ababd39bd51bcbc
3cbf3d67bc94bd8c
bdc8bd9abd22bd0a
3bbcbd02bd53bd3b
bdaa3d343c1dbd50
bd683d4e3de7bce2
bc0fbce63cf7bc5d
bd12bc98bdd43da9
bd313c973c38bd67
bca03d7a3da33d29
3ce23db33d38bc66
bdc0baf33d263c1b
3d973d04bd71bd20
bcf33c0fbd35bd55
3e0cbd443d14bc96
3dcc3cc2bd82bcb3
bdb53c393d08bc0e
3d45bdb3bd623d83
3d8fbca13cae3d6a
3d3dbca3bd43bc12
3d843d013d8bbc5e
3cbbbe5cbc223dae
3d313ceebd5fbdcf
bcb43c9fbdf5bc52
bd8fbcc93cc6bcb9
bcc1bc363cf5bc73
bc9b3b623dc63d66
3d51bbcabcd1ba2c
bd18bd60be1dbca4
3dbebd29bcd23db1
3da33d20bd223d32
3c723dd33c2dbc8f
3d683dbabdc7be59
3d6c3c97bcc5bd83
bcf2bdacbd0e3cf9
bc6abca5bc8b3cbd
bcf73e0fbbed3ce5
bc1dbc873d403c55
3dc4bc01bd88bdf8
bd55bd97bd2e3cd3
3cc83d9fbcc9bd41
3cfbbe24bdd1b9af
bc403dcebbb0bb93
bd8a3b04bd6c3dcd
bcccbdc83c2e3c81
bce7bd653a57badb
3d70bd753caa3d8d
3dec3cf3bc77bc81
3daebc463c90bdb7
bd773c13bb203cea
bc843cbd3c0d3d85
bcb63d993d073d89
be16bc903d9abd88
bc8d3c473b7cbe00
3c343d79bcd23ded
3cef3cd43dbbbcf5
3c773d23bd1ebd6d
bbcbbd41bda73d29
bc9ebd0c3d873daa
bd8d3d50be113be4
3d09be0dbdaebd3a
bd46bd053c7d3cc9
3cafbd53bdd1bd3e
3cfdbd833cb23d48
3d27bcb03daa3d79
3df3bd553d6d3d8b
bda73cfcbd3e3d70
3d2dbdd93d5b3b0c
3d50bd8abb02bd0f
3d35bd06bd8d3d73
bc6bbc6bbd71bd12
bd343d1dbd61bd07
bbc7bba9bc893d05
bd573c27bc45bd41
bd5cbd363d0dbb36
bc323ca63d3e3bb9
3d8ebcbe3de93e1a
3d06bcf63bdebb29
bdcebc51bd94bd9f
bcc1bdb1bd423d50
bbd2bca93c8abd3a
3d033c803b3e3c93
bd113d8abc363cd0
3dcdbcf83bb1bbe5
3d3dbd173c153cf7
bd2dbc6ebe10bd7a
be123c633c40bd7d
3bb0bda9bc2d3d86
3db1bb873d82bc00
3d13bd93bda0bc54
3d1ebc653a74bc8f
be633b843c72bde8
3e113d96bc6abc4d
3d1a3d883d763d3a
bc97bca2bd393b86
be053cdebd9abbe4
3cc0bd18bd12bc22
3ccfbcaabca2bc3f
3c0ebbfdbd163d90
3d85bc563dbdbbe6
3bc73dc6bd4abdc8
bd1abdd8bcf53c69
bdd6bcb53cf7bcfe
be05bca43be2bcc5
bbbfbd20bd8fbd0a
bde2bd7bbda9bcef
bcddbb2fbd4dbc79
3d13baf93c87bdc1
3d74bb87bde73df8
bd103d773cc0bb3a
bc8fbc463cee3c80
3c00bda8bcc3bce8
bbec3df3bc253c9c
3d89bd973d58bb8a
bd21bd90bb9fbaad
bc093c83bd24bcdb
3d1e3dee3c983d9b
bd73bc8dbd69bd4c
3cb73d30bca03cfc
3cb03d14bd56bd0b
3e253d6f3da8bd9e
3bfa3c753d98bd93
bd753d513d08bca1
3d863d1abdb63dfb
bbe3bd423dbe3c22
3cb2bd7e3c9dbc9b
bd683dc33e03bd95
3d93bb7a3e0d3d1e
bb11bb8c3c903c84
bda1bd573982bdfd
3ca23df63dc83d66
bd2fbcc43db3bd3d
bd93bdeb3cb5bd48
bd32bd363d863da3
3cca3c21bd07bc0c
3bbd3d26bcffbd93
bd2fbd78bc813db1
3d193d343c63bbba
3d0f3aed3ccdbd52
3d543ddfbda43d5a
3c0f3a473d173d38
3d54bc6ebd3e3cdb
3dedbce23c40bd94
3b403d3b3c11bce2
3d02bda9bd113d8c
3d91bd9bbd443d6c
bcfb3db5bd73bc7c
bcee3d0a3d903a0b
3cd23c323cbebce3
bc113e313c92baa3
bb52bcefbcebbc98
3c553b2fbc45bd24
3a6b3d76bd6e3d92
3de0bc89bd973d4c
bb16bc91bdf03d13
bd5e3b08bc263d06
3d1e3cab3d753ccb
3985bd2cbd0cbcbe
bc2dbc11bd60bc8c
3d413cc93cd8babb
bd2e3ce73dad3c7b
bd8bbccc3d45bd5b
bcb7bda2bd773c7d
bdf9bd36bd7ababc
3cf93e413e293d92
bd623c873c82bd35
be0cbcbf3b99bc12
bd54bbdebd873c43
bdbabcbebd673d36
3d163c23bd32bd06
3d2e3db73da0bd15
3d3fbd70bd27bd78
bdc7bd0cbda53d2f
bd363ce23d34bcd7
3c3b3cec3cb43cd2
3cc63cf83dd23e2d
bcdb3dd33cebbd1e
3df33ca23dd13d65
bd913d99bd86bdb1
bd5f3ce83cdd3d02
bc923cb43b3f3dec
3b713d49bd81bd70
bd0bbda73d7e3d54
3ae9bd9b3ca63d30
3de33d2e3c55bd0d
3d353d94bcaa3c26
3e043b0a3e0a3abb
bc9bbc57bd493d34
bcb23bb63d8f3d00
bd023c503d9abcd5
bdfc3b663ca03ce6
3c0a3cab3c22bd85
3c4e3d8fbda7bcac
3d073ced3ca33d47
3cac3d4d3b13bb6a
3d92bcadbd353ddb
3d14bcb73ca13d84
3cc23d113deb3daf
bcb7bd423c093d46
bbfdbd46bcb4bc9e
3d283cff3d1a3d1e
bc10bc6ebd313c84
3d8238803e043d2d
bc713b393d243ceb
3cf1bd61bd273d3a
3af7bd583d1cbd2a
3cf43d19be0dbbdb
3c4f3abe3da0bd69
3b58bdc93d9dbb95
3d3d3da13dac3e01
bca1bd953ca9bc28
bc1ebd9bbd8b37a5
3b963a593d01bd84
bb113d19bc4f3d95
3d3abd0b3d1a3cba
3c4c3c433d98bd80
bd0bbb16bc653ced
3aae3cc4bbeb3d65
bcd23d36bcdabd26
3c9b3d6c3d953d8a
3c0a3b35bd303d51
bcaebd40bda1bdab
bc9c39e03dd0bda4
3c1fbd83bdcd3d12
3cce3e20bde83d8c
bcd03d633daebc63
bd863d47bcb7bd3f
bd19bd90bc9b3d17
3c9c3d533c253d8d
3be03d8abcdf3d14
3ddbbd0ebda9bdda
bdbbbda5bd143dad
3d9a3d7bbc73ba6a
bd873cd63ce73c99
bd843c86bd2f3a2c
bc92bd3c3d1839e2
bccabd02bd3fbbd1
3cc8bc1ebd6ebdc2
3db73c173d8c3d20
bd4e3ceebd173d67
bd903c4fbbde3d7f
3c263deabd35bc80
bda13c0c3bddbd31
bc17bd1b3d4f3d22
bd85bc313d933d24
3d4dbcabbd0f3bb0
3de3bb02bcb0bda3
bd8b3c173dcfbd04
ba083d413dcd3d45
3b343d84bd503c76
bd3dbd9b3c7e3bf8
3d5ebd6fbda2bd5b
bd633d923d863c1e
bc05bc2d3cacbce3
3d07bcb53d6cbd6b
3d76bccfbaabbcf6
bd063dabbaf93dbd
bd89bd49bd323c18
bbb1bd3bbcbabdd1
bcf63cfb3d803dca
bc993daa3d8fbc89
3d273badbd3e3b80
3cc0bd4abd953d9b
3de73dd43daf3db1
3d66bdccbd783dac
3d6abcd8bd26bd2c
bde23d64bb58bc8e
3d7abd82bd85bd42
bd10bca43b6a3ccb
bd783d63bd103c42
3c31bcf13c50bcb5
3d70bcc13b2c3d75
bcc0bd73bd6abde5
3d5e3d023ca2bd55
3cb23b493d9d3da0
bd51bceebce33d07
bdb6bcc53d3d3cea
bc52bc613d0cbddc
bc883b3b3c423d59
bdf73b9dbd013d3b
bd51bc063d223e38
bd03bd673c093d46
bd0b3d43bd64bcdd
bdc2bd443c81bd3e
3b003a4b3a34bd5c
bc8cbe133dfc3d90
bcc23d44bdc6bdad
3c53bd923db6bd95
3cdcbe093d48be38
bbb93d623c643bec
bd9f3d873d903d68
bd523cc23d363d10
3d00bbd23d53bcb4
bd3c39bfbc24bcae
bc98b9643daabd4f
3cb6bd603d01bd70
3db7bd9d3c7abdaa
3d683d3bbd38be26
3b613d653c613c16
3cdd3cc3bb77bd94
bdde3c84bce8bc2d
3ca63caabce3bc36
3c4abcf33cf6bd22
3ca13db2bb85bcd0
3cba3d1c3c273c81
3cff3d84bd72bd18
3d973d1e3d043b97
3cb23d59bb903c0c
3c433c06bc7eba1d
bb56bd12bd133bda
bd983d54bd5dbc73
bc29bd92bc96bd81
bccebcc73ca0bbd3
3d883d43bd09bd91
b9ba3d3f3d93bd7f
bccc3d47bde0bd7a
ba87bd09bb103d73
3be1bccebd943db4
3df9be3cbbca3d96
3ddc3b02bd47bc09
bdaebb763d873ce3
bd2fbb523dddbb3d
3d793d96be153c18
bce23caabd093dae
bb51bb49bd2f3dcd
bd0dbcf1bd55bc94
3bd3bcbcbc39bd50
bdd73dc3bd313cc8
3d053c4e3b973dc8
3d53b8b13cddbdb2
bcc5bdb43d2bbca3
3d64bda4bbdf3cff
3d8f3cfc3d233d29
bd603c063d0dbc21
bd253d15bd90bcbb
3b16bdc53d30bd3d
bd11bbed3d1e3b45
bd49bc33ba88bc8f
3cb1bc83bb02bcbc
3dc5bd89bd723b8e
3bcfbb883d0f3da4
bca9bd84bca4bcda
be0bbda83dbd3b79
3c8f3ba93d353c09
3cb6bd3fbbcbbd74
be11bd81bb7f3d0a
bdea3db2bce5bc06
3d0fbd343c88bd17
3ce33e153c2ebcb7
3cc5bcd83d13bcf8
bba93d9bbc0bbccd
bb543c8fbbb2bdb5
bd86bd4dbd653e07
3cd9bd5bbc84bd99
3d06bd4ebcae3c85
3d3f3d29bd233bf0
3bc43dd53c30bb3e
bcbdbccfbd3c3bad
bd4dbd833c793b6b
bd763d92bd703d11
3b143cacbd9ebaaf
3d523d563d833c68
3e5bbe1f3d4e3d1b
3c9d3d35bd3fbd70
bd843cfd3c9d3cd0
bcb3bdb8bd17bda8
3d99bb24bda5bd12
bd443d69bc973bad
bd973d1fbc8d3c7e
3ce9be19bd0ebd01
bc433a9fbdb33dbf
bd1cbd923cfd3dc1
bd043c67bbc1bd5a
3d8abdf03a623c95
bd2ebd183d3d3bb9
bcb33c243c70bc0b
bd413ca13d97bcc9
3b033cbfbd973b87
3d6a3b6e3d4e3dac
3c843b9d3d223b1d
bd0b3bdf3b8c3d72
3d223d923c8abbe6
bd213ceebc94bd96
bc9fbd7b3d5cbcba
be1c3c2e3e16bd1a
bd69bcbebdc2bd48
bc253bb1bcfabd2c
3d10bdb93d5f3d56
3d2abdd13b173bad
bd8e3cd4bbb03d78
bd14bd8b3d8bba19
3d923d623d293d1c
bd0c3c9b3d343c49
3ca0be213c623c99
3ab5bd6b3bc03d57
3e1f3bdf3d663e1a
bcb8bd17bccd3d6b
bc51bda13d013bd5
bccabc9d3d11bde9
bb90bd4bbd5a3d4c
3ccdbd043a693d97
3d39bd75bc46be0a
bd0d3b153cf03d9b
bcbc3d76bd0abdae
3d073d193d0c3dc9
3d32bcb6bd0fbcbd
3b933d3d3d9c3d81
bbe7bd88bc5a3e18
3d8d3cddbd8fbbc3
3cc63ccfbe2d3ad0
bd973b9c3ca83d53
3caabd46bd5b3d18
3daabd09bd9abd4f
bcf3bdf8bca9bd2e
3c72bd493d32bb9d
3caa3d1dbc49bd59
3cd03d3d3d363d90
3ca5bcaabcf1bc46
bd903de4bc26bcb6
bc9c3ccebd55bd0e
bd51bcc23cabbd0f
3d0a3c9b3bc5bd33
bd0a3bfbbca1bd0f
3ccf3dacbcbfbd96
3d07bda0bd213d34
bd993d06bd8bbd1d
3c983c8dbd2ebcd5
bd333abe3d203d32
3e403d7cbd78bd05
bc34be0fbb1c3d5e
bd7e3871bdd1bdd7
bcd9bd363cdc3d4e
bd713d303ceabd1f
bd8d3c95bc273ccd
3c21bd5dbc52bcf4
bd40bc5b3d193d94
3c4b3d9e3ccc3ca3
3cc3bc883c0b3e07
3da93d14bcb73d8f
bc433d953d0d3cff
3d9b3c8abd0cbd1e
bc8ebca13ca83dda
bd373d12bda53bae
3d4c3d8ebd403d25
3c2bbd273c98bcc6
bcf0bcb43c6dba9e
bcbb3d9ebc8abd30
bda6bcc53cfc3ba6
3d283c9fbc073cf4
bb02bcd3bccd3da6
3d713da8bcefbd34
3d51bca2bcdfbc9b
3d1d3b293ded3c72
3c2abd253cde3c09
3cc1bd223dd63d40
bc2a3cafbd15bced
bc993d04bdf9bd12
3b1e3d91bbb23d0e
bd6abcd9bd9d3dba
3be83b533a313c81
bc9c3c1abc523ccd
3d37bd3e3b4f3c40
3b843d153cfb3bef
bd4c3c403d4e3bd0
3d17bc913ac5bbcb
bc783d873c8a3c84
3a7d3c40bd08bbd0
bd44bd8dbc3ebd9c
bd83bafcbc1e3d4a
3e163b9fbd2c3c85
bc8f3c623c453dd9
3c383d4bbc813cd4
bd813c76bc253d7d
3d1cbf1ec066be4e
bfa93fbbc01e3fd7
bee9be41c03f3e76
bfd1c0013fe0bfae
3f0c400e3f743da0
bf06bfb8bdb4bf6a
bfef3fbe3fc43fde
bf433f5fbfb7bf19
407c3fbf3e023eb1
bf693f893f543f19
bf1fbf4a40163f83
3fa73fcbbfe2bfa9
3f33bf7abd96be25
be8b3f223e0b3e5c
bfc23ef3beb0bf66
3fe43f86409ebdc2
bfb83fc93fa5bfa5
bf873f5dbf02bd99
3f5c3fb03f88c02f
3c2a3db0bfe83ea4
bc23bf19c01fbe95
bf9d3fb63fd93fcf
3eaf3ff93f943f35
bdfbc00dc00fbf1d
be4cbf8e40023f7c
3e54bef0bf2fc07c
bfac3fa6bfac4002
3e0dbebc3f15c05f
4011c05cbead4001
c025bfa5beaebf51
c012bf87405a3f0b
3fc2bfacbf97bfce
bfa6bf23405fbeab
408d3f14c00c3d58
bfccbc813f653dfd
bf63c04ebe5cbf08
bfb73facbfbebfa2
3f1a40303d87be05
bf25bfaebfdd3f7b
3eb73f7d3fbfbf85
3d8e3f553e19bf92
bfac3fdabf83bfb2
3fb43e183e9a3e1a
bfb1bf93bf293ed9
be9d3fecc0023e61
bd1abf6bbeae4005
bfaf400f3fd43fb6
bfdf3fc4402ac027
3fd83f94bd663f20
bfa4bf6abfcfbfd5
bec2bfa7bebbbe56
bfe63fccbfac3ff1
3f8fbf813f24c01d
3eaf4036bf553ede
bf383fb8bd05bfa8
bf82bf37401f3fa7
bfd73fc5bfc3bfd3
bec0bf4ac035bfb6
3f89bf033f32c02d
3f08beeb3f4abfa3
bfca3f8dbfb03e76
bf95bfcebf9f3fac
3ef4bf2fbfd9bddb
be83bfbcbe993e55
bf1a3dc0bfc6bea7
3ff0be233f26bf45
3fbb3fb9bfb23f84
401c407d3e95bfa4
4051c0a240864082
3e3f3fbcc0513f88
beac3fa23f8ebf1b
3f8b3fc2bfd8bfce
3e87be943f0abe52
3f7fbeb33f873dcb
40b73f50bf6abf2e
c007bf4e40133f84
3fecbfba3fd1bfe7
bf7cc04fc082bffa
3ee3bf073f9a3f3d
3cd1bef03f1dbdfb
bc553f053eba4007
bf90bfb8bfee3ff2
befe3f66400f3e4b
3eba3fa1bebb3ebf
bf2bbfdc3e5dbf04
be13c013be39be99
3fc23fcc3fc33fef
3eefbf9a3f97bf01
3d99bfbabfb73fc3
c0063fd23f88bff1
bf80bf22bd3d402f
3fa93fb43fe83fc1
404e3f0c3f0bbe86
bf563f94bf133f67
3f3f40193f97bf79
3edf40483e943f04
3fa5c0003fa1bfcb
3f5b3fd83f48bedb
beffbeb53f9d3e58
bf44bf993fb53ede
bec2406e3fb93f28
3fc43fcebfbe3ff2
3e6dbfe73e92bf9f
4057bf12be1f3f3b
3f14be983edfbd73
3ec73f263f0b3fdc
3f9a3fc3bfec3fc5
3f063f26bf52be2a
3fa63e263f2fbf61
bf143eb13fa0c027
bec8bf0b3e17beda
bfb3bfe8bfc13fd7
3f48be483e8f3fb9
bf45bf973e92bf46
bd43c0363e7a3e22
bea13f0dbf784024
bf963fd03fd5bfd6
3f1c3fa7beb3bffb
be92be313eba3f93
bf723f9b3f07bfbe
bdaebf383fc13e85
bf9cbfac3fed3fae
be23bfc4bf863f51
3f61befd3bc8bfd0
c0283fc23faebfce
3fcf3f61bec53dcf
bfc240013ff5bfa0
bf683f693f83bec8
baec407ebe8d3e4b
be15c0103f6dbea6
bf34c02d3d44befb
bfdfbfa0bfb0bfd3
3f6ebd57bece3f55
bfc44013c026bed0
bfa640273f893e8d
bfa6bec3bf0d3f2d
3fefbfb43fe6bfa1
beedbd3cbe713e80
3ea93ddd3ecfbe69
bfa43f0fbfb14027
4013bfa13d8a3ec6
bfde3fa2bfc6bfa8
3ea9bf9f3f91bfb2
bf5bbf63beab3fef
3f0ebf9cbe313cd3
c034be54bf153fe1
bfbb3fb1bfef3fc7
3f31bf123f26bec4
bdeabe1ebf7ac032
bf0e3f393f593f74
3de03d8a3ba43d91
bb9d3dbdbdb53d17
3d12bd87bcf03d63
3c313d09bc8ebd5d
3ccbbd8dbd3c3cd6
bc5ebd813d10bb0c
bd56bc363bf6ba1c
bce53be6bb30bd3e
bd613cfb3cfd3ccc
3d91bd9dbc88bc11
3bc73d38bd11bdbc
3c1f3de8bd043dea
bc0b3d84bb8b3c4f
3ceb3d2b3d6f3d97
bb0e3be9bd293d57
3d153c853d1f3d03
3d4abcb0bca339b0
bbb5bcdb3d17bd38
3dd3bc11bd9ebd38
3cc2bc89bd36bd8b
bd393cc03db7bb44
bcae3e1b3c5f3bd3
bb453cd53c2f3d53
3cb8bd95bcb43c1e
bdc9bda03d5c3da7
3d543dcfbcb93d97
bd4f3d783dcebd80
bb3abdd73d04bb7f
3d883e203a303daa
bda03b99bc783ca9
3c99bcf2bd81bd2d
3dfcbe05bdc23cb1
3a3ebd383b59bd43
3deebc52bc8d3aa1
3d06bd9fbd923d81
3cbe3982bd5a3adb
3d243ba4bbd63c38
bdcabcf53cb4bd12
bc7f3d43bd04be05
3d433bcd3c42bbbc
3cf1bb19b887bd9f
3c0d3c82bdc0bd63
3be53cf2bda7bd71
bd1d3d9bbaa7bd6e
bd1a3dbcbb593d67
bcae3d713c8a3dc3
3d9ebb12bcf03cba
3d30bcdbbcbd3d0a
bdc53cabbd223d57
3b95bd9b3c8fbc99
3cc2bc883c683ce6
bc95bbb3bbb0bb1c
bd063d4abd69bc54
3c5ebd90bb953d17
bce1bde5bc363db1
bcbbbda7bd6a3c42
3caebcdcbcd3bc7c
bd773c0fbc65bc82
3dc1be18bd033c8a
3d523c7f3cc33d5c
bd1e3e0c3e343ca5
bc52bd48bd3cbd15
bc98bca03d9fbd02
b9f83d593d2ebd33
bd653d103c933ce9
3c853d26bc7abdaf
3c8e3d74bdb53ccd
bd14bd523d9c3d2c
3c433ce63c82bc81
bd393cb4bd67bd38
bc703d0bbcbdbb94
3b08bd773d063d3f
3da53c443cf6bd6a
bb833d02bd113d60
bd803c963b923dc6
3a93bc0ebcb63d17
bc433da23c1b3ad4
bc16bd033d0cbd00
bdbe3dd83cff3d7f
bd343cd4bc87bcb7
bc153d31bc2ebcbe
3cbe3d4c3ccc3cb1
bb39bd733cb13c3d
3bcd3c71bd683cd1
3c69bcf0bd863db3
bdffbdb6bd2a3d4f
3d95bc05bd393d9c
bd16bd1dbb51bd0d
bd21bcc9bc4cbd88
3d3fbc44bb68bd8e
bd1abac83b8abc82
3d7bbd6bbb1dbd41
bd983c543d80bd02
3daa3c1abbb13da5
3cb73d11bc3dbd89
3d273d3dbd113b5c
3c90bcf6bcbcbd60
bc9a3d56bce1bd26
3ae83c5a3c8b3d5c
bd30bcb83ca8bda0
bd69bd783c023d34
bcaa3d853dd03d2c
3c8bbb033db23c1a
bca2bd5fbc8c3a95
bc4dbacd3ca83ca2
bcd6bd7dbd313c97
bcd23d863c39bcab
bd013d3a3d813c98
bd30bda9bba6bdca
bd42bcf23d633c48
3dadbd1abd2a3cd8
3dbbbc9d3d4c3dab
bd963b9d3ca3bc23
bcb63cd9bdf1bda0
3cd0bcc3bca33cec
bd18bb923d28bd28
3d6f3c64bccc3d91
bdb1bc313c38bd3b
bd8ebd3bbc1ebce4
3c48bc863d493c41
bc233d70bd27bcff
3ee0bc7e3dcabe1b
3d223d16bd6d3d4d
bd80bd41bcedbcf1
3d303cd9bc8239c1
3dbf3adfbd01bdb4
3cb9bd8cbdb7bcbf
3cfd3d293ccd3d37
bd24bd8b3da2bd6f
3cf3bd0dbd913a0a
3cb63ad8bd4b3bf8
bd87bcc7bdd43cd7
bcc2bc883dbbbdc2
3d833cc23d663d38
bd8bbd823b033d8f
3cffbce3bd6b3b3e
bcc2bc4a3d9cbce8
3cfdbcfc3c4c3c29
3d783ce7bdae3c0f
bd2fbd8a3d31bd8b
3cfcbd76bc693d20
bd8cbbea3d253c73
3b02bc4fbd003d37
bdf03c7fbcc13cbf
bc293d9fbc8a3c77
3d013d753d64bc23
3c8b3d8c3cc7bb0d
bd553d843c9bbc84
3d0dbd7abda33db0
3bc23c453c633cf7
3d4bbdb83d4dbc6f
bc94bcea3ce0bce0
3d54bc97bd48bd18
3ad2bc113d40bd64
bcef3ba63e01bcf3
bd25bcd1bd773cf2
3b21bdaabd493d71
3bd0bd36bcba3d6b
3dca3d3abcb9bc92
bdc43cc6bd4cbd7e
bbd9bd98bc6bbdce
3d953cd03d573cd3
bc51bd00be1dbd65
3c653d8c3d0bbc7a
bc2fbccebd8abd2f
3c07bd243c183d57
3b85bd11bd773ce1
3bb93d3c3c49bca2
bca13ca53d253cbe
bace3d833cd9bc76
bda6bd9f3d8b3d10
bc733d2d3d7f3cc3
bd85bd25bc02bd86
bda2bc71bbc93a87
bda2bd803d2fbcac
bd843dab3cc9bc9d
bcc0bd7dbd513d1f
3c683d7f3d89bd7c
bbfebd69bd2e3d37
be01bd44bcba3db7
3d943c043b1abd9c
bccabc75bd413dd5
3f233cacbdf83dea
3d74bd74bd39bd4b
bd98bd5f3ddcbd40
bb89bd8abe243dca
3be1bd4d3d15bd58
3cfd3ce9bb173da3
3bb03cbabc3ebd31
3d0b3bcabc283b3c
3d903d9cbc793cf2
3d45bd86bd6e3dd0
bd283be93d4b3b65
bcbcbd343d8fbdb9
3c55bd4a3d533c1a
3c8dbdfcbd9a3d8a
3cac3d92bdc9bc81
3bd3bd96bd283c8f
bc433ca13bfebc84
bd87bc4ebd7d3d18
3c783da3be09bda9
3d043d733cc73d6e
3d83bd67bd21bcba
3c74bd99bc683bfb
bcb1bc8b3d763b61
3d0bbd66bbef3d23
bcbf3baabcc03c6a
bc823d4b3be93c79
bd333c863d20bd51
3c67bb953d88bdb0
bd7fbacf3c52bd28
bd6cbdf4bc153d6b
3cb73d303ce73c51
bda23d95bbf3bd1a
bd49bcd93cb4bc98
3d91bda6bc67bc8f
b963bacdbca93d9f
bdcebcbbbc49b883
3c8e3da43d443d6c
3da6bdeabd723cd7
bc66bd153b55bd9b
3d40bb793d193d79
bd31bd053acf3cda
3cb93ce83d283cd3
bcabbd6ebc513c7b
bd11bcee3cde3d00
bd84bd2bbe043c75
bd4e3c79bd993d4b
bd00bd993d8b3cc5
bc923d163c4abdf6
bc993d15bc4f3d63
3c3c3d433d24bd51
3d4d3d9ebd8f3d21
bd503bf8bd90bccd
3cb1bb3cbd9cbdbd
bcc33c303d92bd4b
bda83c88bd33bdf7
bbefbc7bbca13be9
3beabc0a3d32be24
bc143d383d42bc55
3d30b97f3cf8bd10
3bcabd513da4bbd7
3d80bd33bd3e3e09
3d893eb83d90bd5d
3da23dc13d22bdef
3a0b3c953ca2bd43
3d6a3b403d9abce0
bd393cbf3d6abd61
3d263c6c3c98bd4d
3d53bd0a3d9ebd5a
3c393d9ebc99bcee
3d793d123c263d16
bd0ebdce3ce0bd82
3b3ebc96bdb9bced
3dc8bb11bc813ca1
bdd9bda43d8e3cf0
3b553b503b9e3d17
3d51bb43bd25bdb9
bcb13c7c3d05bd35
3cfb3bc73db23c16
bd173cb2bd21bd65
3cc83c843c23bd2e
bd22bd6b3d093dd7
bdd63d083b63bd0b
bc13bc57bd093d97
bd043a81bcf3bd8a
39193d36bd71bc95
3d80bc46bcaf3d2d
3df03d463c9fbda1
3ca2bd2abc1ebc0e
bd6b3ca6bd2b3dae
bd233d93bca13c1e
bd343cfabc8dbe00
bd9b3c88bd863cf2
3e083d77bcd33d49
bbc7bd0cbcaa3ab7
3d06bd83bc9a3d25
bd633c5cbbdabd74
3d4b3d32bda43d36
3b673c923d2a3d92
bd0f3da43c42bd8f
3d973d7e3d93bbf3
bdc13c96bd4f3c7d
bceabd54bd15bdaf
3b45bde33ddb3d09
3b163c823b023cef
3db93d023ca13d52
bd373d8a3cbfbc61
3c0b3c28bcfdbd5d
bcfc3d403debbd42
3c473d683d1fbc19
bc3e3d4f3bec3c2e
be2d3d813d433d4c
bd1a3b76bd46bd82
3cdb3dbd3c983d06
3e033c92bcf43c8b
bc663ce5bdb03da6
3d073d65bd083d82
3c8e3cef3c20bc48
bd0cbbff3a573df6
bcae39a5be09bb34
3ac13d3ebbad3bc0
bdc3bd5bbdc0bdc8
39ed3cabbdc9bc1f
bd0cbd803e313e77
baffbcd4bd24bc15
bbd8bd2ebd4dbc97
bdaa3d6d3d6abd4a
bd1d3df23c87bd2c
bd9b3d5bbd9e3d3e
3cb2bdd9bd34bd6f
bd753cd1bd85bd26
bd3f3c443d563c7d
bc93bc793d5b3da0
bc293dc7bd9f3d63
bc243caebc0d3b55
3cacbd1bbcb6bcb6
bd0abd32bcfcbb1a
bcf53d823d0ebd59
bd02bd10bdb8bcc3
bd11bd48bd67bd48
3cfebbc83d7cbc8a
3d8abd06bd803d25
bd19bd043dbc3d95
bce8bd773d243d0c
bdadbd2e3cd23c8b
3d91bc383d393cdf
3dab3d183ca8bd6b
3c843d293d153d7b
bd093df93d3f3d6d
3d113d97bccf3ca0
bdb23d04bd723c3d
bcaf3b40bc4ebc2a
bc19bd67bd35bd21
bd3f3ce4bc99bd23
3d2dbcc33d9f3c53
bd6ebd5d3cccbd3f
bca13dbcbd8abcfa
bd8dbcd43d003d8a
bd793ca83d08bcba
3ca63c87bbde3c55
3ce5bd72bd9e3c13
3d82bc47bd363a8d
bd9dbcee3b943c8f
bd993c21bd46bd55
3b20bd363c9e3cd1
3d293cdcbcd93cd7
3d253bb4bc853d1c
3d11bd75bcf53d20
3cb03c8fbccfbcf1
3db23975bc32bd29
bce83cc43d4ebc10
3bad3d04bd7abd1c
bc08bd6f3bdcbcea
3b4aba7bbcd6bccf
3d933d8dbc9a3caf
bdcebd2f3af63d20
3b89bc393d673ddc
3d0b3ddebdcfbdd6
bc9e3d20bc9f3cc2
bd9cbd253cacbddb
3e08bd89bd053d9e
3d1dbc81bce5bd68
bccf3af8bd65bb4d
3d1d3b3cbcdabc98
3cab3ef63e87bd5c
bb86bd6c3d9c3d4e
3d4fbc72bdbc3d56
bd05bd603bd63c3d
bd953d6a3d11bda6
3b723bd93b47bb5c
bae2ba783c97bd4d
bd94bce33c16bbe2
bbd33d6bbc273c4d
3d563d4f3cfbbd82
3d393cdf3d1bbdb3
3e00bb98bd1fbd48
3d33bcdfbd7bbc58
3badbde03d4a3d29
3dc7bd5ebd94bc90
3d5dbdd1ba1abd2f
bc41bd96bc92bd31
bda1bd033dda3de8
3cc5be15bdc8bda0
3d433b9b3db0bd18
bc67bcfd3d4bbda3
bbe73a1b3cb23d7e
3badbc913dc53c6b
3b00bcf7bb08bd79
bd883d263cdbbc99
bce3bc083dc73b18
bb903d32bd3b3c9a
3b5c3d183d01bd19
bd043da8bc52bd20
3c2d3d233d3abc2f
3d203bb93cc2bcad
bcf03d72bd673ccd
3c3d3a6dbd20bd87
3d173dddbc903cbf
3d0e3c80bce9bdbc
3d853b463caa3dea
bdc4bd8b3d48bcbf
3d963de33c84bdd8
bd40bbc8bd543d7a
ba6e3ddcbcf1bdaa
3d9f3da0bd95bcb1
3d0abd1fbc20bc16
bd75be23bd523dab
bc0639cd3cb7bb80
bd573d0a3d043c96
3cc63d5ebd1f3d43
bd11be0b3c7b3c44
3d0c3cddbd9dbd5f
3ab6bc55b9c8bd40
bc8d3d623d47bcfd
3d11bccfbdc1bd63
bd543d7f3cc1bd3a
bd363b8b3d08bced
bcc9bde63ca73cd8
3d21bc873cf2bdbf
bdc8bcb43d10bdae
bd223cb0bcaabdd5
bbdabdcf3ce23da7
3cc0bd45bd813d6e
bd06bdc7bdcebd15
3d1bbdbcbd793b15
bd893f09bdc63e62
bda13d073d0dbdbf
bdb23c913cc1bde5
3d36bc18b9ecbc2c
bd653dae3c22bd9a
bcdfbda63d293d3e
3bbc3d11bd41be05
3c243ca9bd3e3b80
3dd5bc863d57bcec
bd923a51bd583d9f
3d42bda13d443d69
bd01bd92bd803c5d
bd893ab3bd3a3d87
3d92bd733d23bc6a
bd8bbd773d843de3
bdab3d943c653c2f
3da5bc69bd653d94
3ce7bc15bccb3d79
3c38bde13d7bbcfe
3cb239ea3bf03d02
bda53d9abd263e06
3d87bc073cae3dde
3c0c3d8a3cbebdaf
bcb53d99bcb03ca8
bd7a3cce3cf9bd7e
3d473c043ac63d65
bd503c17bde83aa1
bcf83d02bcf73da5
3a8d3d7c3cfbbc43
bd23bdab3d3c3b1f
3bb03d3fbcd0bc9d
bd463e08be143c46
bcfebb933cc4bb8c
3dd6be2d3d123d7a
3d053d943d22bdcc
3bac3c7b3c943d69
3cb9bc36bb2ebbfd
3cf9bd2f3d75bd55
bb86bdb53d273cf8
3b043d02bd223b1f
bd90bd9fbb57bbb2
3bd63cefbcf5bcef
3d27bcb03d26bd86
bd6a3deabc79bd0b
bc183d1db9123d62
bcbfbc583c37bdc6
3cc2bd4d3d423c18
bd1f3bcb3d8dbb6e
bdbfbcb6bcc63d20
3cc13d6bbd5e3d0a
bdec3d163d14bd56
3cbb3cab3d8dbdf2
bcc13c663cfc3d44
3c353d85bd9dbcf9
bcaa3d38bd92bd85
bc3fbd813ddabd09
3d9e3bc1bc7b3dbd
bcdabc98bd2d3daf
bd5c3e1b3ca0bccd
bc923bc73ce7bc9f
3cbe3d51bb8abddf
3ed3beb1bed53f01
3d4b3c193da13cec
3b71bbdcbb4bbd8b
bba03e05bba33d34
bd7e3dcc3d123dfc
3d193c153c1a3c97
bd183d8f3d3bbcea
3d883d1f3d5b3cc3
3cdabc0cbadb3d3a
3ce8bd8c3ca6bd40
bd283d13bdb33e01
bd11bdb23cf8bd71
3c73bcfe3c9abd91
bd71bcdf3d7dbd66
3c33bd683d023c64
ba63bd7b3ad4bc92
bc8cbd4ebceb3c03
bdc73bf6bcb83d2a
3cabbbb8bcf93d8e
3db6bd663b70bd5d
3d3b3c12bcbebd04
3d82bd1fbc9dbd01
3b043be6bb5cbdae
3d1b3db1bd33bb97
3d643bf4bd91bd23
ba563d123cfb3ccd
bc9fbb4bbd363c7c
bd9ebcef3ccabd29
3d903cb03d15bcd4
3c7d3db23d033c0c
bd1abda1bb90bd49
3d743c8bbd0e3dd8
bd37bb473c19bdbb
bd41bd9d3d0e3d67
3d57bd6e3d26bd25
bbbf3d4bbd36bdeb
3d8d3b4abd66bdcb
bbe13c85bc193d10
bd8dbda63dba3d15
bd3a3d933c96bd63
bd73bd053d2cbdd9
bbeebdb9bc03bdc2
bd06bd093cac3cf1
3cde3d343d043d09
3bf53cd6bd7b3c36
3ce73d1c3df9bd2b
3d203d2dbc80bd56
bd81bdcdbd90bd64
3de8be0bbd10bdaa
3d81bdaa3dcdbd37
bb52bd55bd3c3c93
bb73bd193d43bc23
3d47bc943c803be1
3d24bd9dbdbf3c1a
bc863d033d933cdc
bb42bd83bdee3e1b
3d113dd2bc3f3d4a
3db2bbcfbc4b3d86
bd053d303d35bd98
bd30bd58bd5bbd86
bd94bc6dbd82bd43
3e86bda5be973f07
3d0a3d33bd923bba
bce43d633cdf3ce8
3db6bd823c9dbd7b
3d573b4cbe1fbd33
3cfa3d8e3d5dbca1
bddebcd6bd0b3d8c
3d9b3d2e3d00bdbf
bda1bccf3dd33cbf
3ceabc7bbdacbd58
bc433c52bd84bc0d
bab33c06bcbdbd4e
3bdabbd3bd913da0
bd91bd70bd233c52
bc7f3ce93d2a3c61
3bcebc25be2c3d98
3ccf3cfebd323cf1
bd673bb4bc0c3d0f
3d0fbd5abd83bc82
bd543d013ccbbba2
3b79bd43bdd13d92
3d6abd143c5abd90
3cd93c17bc973d4a
be043d7abd553d19
bc16bdcd3dd23d80
3d36bdd1bdacbd26
bd793c29bc91bc8f
bde73d033c8abc0f
bd213d6f3d71bc81
3d0f3b6ebcdd3c5f
bc433c263d953c70
bcc9bce43cb0bd79
3d153d3ebe08bd0f
bd1f3de53abe3d58
3d4a3cc73b6d3cf2
bd583d613cc73dfe
bd3e3d72bcaebd48
bbf9bd5abd9a3dc5
bcb4bca53c683cda
3dddbd3f37723d50
bd523db13cf53dad
bd033b2ebb4f3dea
3d023af83d26bd3f
bd61bba53e14bd34
bce5bd883dafbcc4
bdf4bd1b3ca0bd85
bcfcbc153d0f3db1
bd7ebc513c093b83
bd67bda8bd523d4d
bda33d833da8bd3e
3d5ebc5ebc6f3cde
3d7d3d843ce73c33
bbc8bd5fbdc1bd94
bd173d403dab3cc2
bd17bcf0bccab983
bddfbdd83dd23ac9
ba453d01bde13c84
3cd13cee3c74bd05
bc2ebd973cb6bcb8
bd4f3d09bda83abd
bdce3d0b3d463cc0
3e573e8c3f11be4b
3d67bca4bbbfbd02
3d25bda03e19bd82
bc923c8c3c723e29
3d88bd953d87be15
bb143bcd3d2cbc8e
bc773c8e3b613c82
bc8d3d833d6fbcd6
bcc9bce23d45bd5b
bc543c3b3d44bd46
bb6f3d473d93be4b
bd25bbb8bdfbbd5f
bd87bd26bd343d97
3bb33ce7bbddbb9e
bc8a3dc83d1e3d06
bd1cbe0abd003ccb
3c643d403d17be13
3d19bc813d23bc39
3d44be053b2f3d14
bd16bde2bdb33deb
3c883dadbd1abc1d
3b3fbaba3cf03dab
bc353b7bbdf4bc85
bb17bd523d583d81
3d06bcabb8813d16
bcb3bd5c3c8cbc40
bc55bd35bc883c17
bc67bc05bc24be1b
bd6e3be73b913e21
3d7b3dcf3e21be01
bd65bda7bd09bd97
bd3f3dad3d003d52
bd463da03d2fbd48
3d313c52be13bd3e
bd273d8a3ccabdc0
bd653e2abd4dbb21
bca2bd633c9c3dba
3be3bd4dbceebd89
bd55bc0fbdbfbc56
3d81be2d3b933bf4
3d13bdffbd383bc2
3d203ccd3bbdbdbe
bd053e143aaabd74
3c6bbdeabd183c65
bc683919bc5c3d8a
3c84bd7abd403c1f
3bfd3d96bcbfbc84
bd4cbcda3d3a3dbf
ba5c3ddd3d403d4f
bcd53d84bd8dbb37
3c853db1bd803cc2
bd1d3c923d8abdd2
bc683d923d98bbd3
3c933d1cbc79bdc7
3d8d3d93bc023c5b
3d34bc583d383da7
3d2d3cfbbd29be10
3d733c5abc44bd8c
bd613d34bc3c3d2e
bc593d27bc283c0d
3c85bce33cca3d7a
be65befb3e673e55
bd95bd163d063d76
3d38bd28bc803c14
bcf93d04bd40bc9f
3df3bd083c9f3d05
bc17bd943c5bbc14
3cd0bb93bd4c3c8f
bd51bd77bd9039e1
bdad3c1b3c92bcce
bd353df53d69bd0e
bcd03d033cf4bb8d
3da5bd893c793d28
bbc7bca7bd62bbb5
bd513b4b3d8a3cce
3deabd5cbd033d15
bd013b1cbdef3d2b
be05bdafbcc63b1e
bdc6bd5fbcc4bc9d
bd6bbd0abd1c3aba
3d0e3d1bbdbbbd3b
bdcf3da6bd0f3d11
3e163d053c26bdb1
bd3e3c5bbd8a3c2f
3ca2bcccbd0c3d0c
bd4fbd003b963d50
bcc53d213cfebc42
3d743c823abb3b9b
3d633c713dba3d27
3d2b3cde3da7bcb3
3d603d4a3d523d00
3cfcbdaa3d123b9c
3bac3cd0bd32bd78
3d73bd29bd8c3caf
bc0f3de5ba973ca0
3d9f3d16bc80bd02
bdcbbd25bdbbbd42
bb603c143c4a3caa
3d41bce0bd43bc8f
3c2bbc2b3d3dbc78
bb93bb96bc693c91
bc943bb73bc7bd8c
3cc33c433d59bd38
3d11bc2dbc7fbd36
3d10bcce3d33bd04
bc863d7a3d5f3da1
3d353d3e3d82b98f
bd5ebd42bd283d53
3cedbda5bd8fbc25
3cf1bd253c54bca4
bd253d1a3be4bb88
bcefbd6dbdaa3cc2
3c743d823c433d83
3bd239e13d3d3d0c
bd96bdc63c95bd91
bd18bd453e03bc0d
bbd93d7a3b3abd15
3d8e3b413d3bbc72
3cf53dccbc1bbc06
bde73c1dbdc4bc77
bcf1bd5bbdae3a48
3c7b3d7dbd81bda2
be5fbe6e3e633e93
3d613c023dda3d17
3d4a3d863cb53c35
bd903cfe3c5b3cd2
3d36bc28bd25bcd0
3891bd643cc83d9d
3de5bd893d78bdae
bdd3bd423d0c3c60
bdd6bbd03c793d68
3c5abda03d443d53
bd16bc223c193d2d
bc6e3d223d153dbe
3c0fbc76bc94bbdc
bc903c6abcd63bde
bc8c3dad3d8c3d02
bdf1bc8e3d16bcce
bd06bd4ebd18bd50
bcd43d0dbe28bd59
bd79bbbebcfe3b0b
3c613dd03b7e3d90
3c853bf73d1e3cfe
3cb83dbf3d373d01
3d813dae3c82bce9
3c30bd06bd383cc5
3c88bbd53d2a3e0f
bd5abbb93c523c37
3d37bca13c773cd0
bb30bd13bcbb3c1b
3dc4bc6d3b97b8cb
bc863d29bd77bd42
ba0b3d023d0e3d88
3bc3bd39bd243d34
bcde3befbd8cbd44
3ca53d3d3d7a3c38
bd57bd623d983d69
3d3f3dc5bc8dbd77
bd653da33c853da1
3d913c98bd65bbed
3a8cbc853d49bc49
3d4f3e05bd373ca7
3cddbc32bd0bbd1e
3d893d973da83c28
bcef3d85bd663c04
3c88bda5bd99bd5d
bd8bbd7a3d43bc77
3d1e3c6a3c653d2e
ba443c1e3dccbbc5
bb5b3c67be1abcd2
37b3bbc73cbcbba9
bd57bd443cdf3db4
bdbf3c093d80bda0
bd4e3cba3ca8bc39
3d453da03d88bd7f
bd013b23bd9dbc19
3d573cc03d6ebd16
3e11bcf1bc6abd65
3d97bd1b3b6a3c3e
bd6fbd06bd65bca6
3bfcbd27bd94bccd
bdd43d55bdefbc6f
bca53d11bde2bc4f
3dc4be413e74bdd3
3d853cfc3c923b22
3d3b3c5b3ae8bca1
3d1f3c80bdb73c9b
bce93dc43d03bd44
bd9ebb3bbb533d18
3c6a3b0e3d98be07
3b96bd4abcfcbd2c
bc99bdddbd32bb8c
3ca53cc7bd843d84
bd7dbdd33d87bd10
3c1cbcd93d1e3b69
3bf2be01bcbf3c71
bd37b9b9bde03df2
bd47be39bd243d5c
3ddebdc73bbabcd3
3c10be11bdccbd42
3d93bc6abe163da6
3cd43c7cbc723acb
b9533cd6bdbf3da2
3cb5bd6a3ae83d52
3d8cbd3cbd813da0
3e043cf23c6f3d1a
bcf83d96bdc4bcdb
3b233d87bc6d3db3
bd43bd383cb33ca8
bd623e333d4ebdc8
bd183d083bdc3b90
bc90bc85bda43d7b
3ce13caabd3e3c66
bd903cf33d4d3d11
bd30bb29bd263d5a
3d88bd7c3c1bbd5f
3dac3cadbe08bd4e
bc993c8b3c093b8d
3deebda33d873d6f
be0fbd6cbcfe3d28
3d5b3ca9ba7abddc
bd22bdcdbc47bcf4
bba83d0d3d3a3d41
bc913e053c38bdc9
3bc8bc903d683c8e
bd10bc613d59bd30
3d113e21bb78bc07
bc96bda83d4d3d10
bd223c0f3cc43d81
3cbebd0d3d4bbdd0
bba53cb93cb8bd30
3d423dfbbc7bbad8
bd3ebd08bb023d45
bbfa3de43ccd3d89
bc3d3ddf3d273ce0
bd88bcd4bc523e0c
3db63cb63d943c89
bdd0bdfabc4e3cbb
bdfbbd7e3c0fbc86
bd6a3d893d23bd63
bae03dc13d9a3c92
bd363c9c3d28bd57
bd9abccebad93d47
3d80bd5ebe34bd11
bec83e253e34bc7a
3ca33d9c3d69bc41
bbb83b0f3bdbbad3
be39bdb13d14bca5
3ce03d0abc9cbcdb
bdcebc23bd0dbd2e
3d2bbd983d693d6d
3d91bc0139f8bbc5
3d113d1bbddc3dd9
bced3c9a3d93bdd1
3cba3d46bb5cbd32
bd663cefbce9bd37
3c093d95bd8f3b8f
3a50bdee3c27bbf8
bd96bc103d47bd05
bd4abd1abda4bdc2
bc9fbce13d5dbd32
3c58be37bc5d39ca
3d923a3c3c99bc25
3c4d3d9dbbb73d6f
bae7bd4d3d4ebc9a
bd02b9b43d4dbd30
bc753da83d78bdb8
bd543c3dbcfcbe19
bcf43bff3d51bc2c
3d45bd383cdb3d75
bcc13c82bc1b3cdb
bd95bc0f3dd8be14
3c6d3d4f3c86bd98
3c3bbd2e3c3f3cc6
3b28bd2a3e003d5f
3b533d223dc23c37
3d9abcf5bb3a3ca8
3d6abc433c443b34
bd213d943c873be5
bdcf3ce93da7bd94
bce83d7d3d063d81
bcb93cb4bc99bb6e
3d4d3d29bd973d7e
3c0a3d1f3da3bc4e
bc83bbe0bb32bca3
bd51bc87bc05bc9a
3cf33d093d98bc49
bb8dbc0abdb43c79
3c7fbd02bc95bd30
3d00bd17b9be3cea
3d003b563ccfbd03
bcfe3d03bd503c03
3c86bd47bd8d3d27
3dbdbd8abba53c82
bcaebd553e1fbc77
3cb0bd973b403c33
bc4ebda5bbb8bd44
bcc83d8a3c7e3d8f
bc33bc5fbd013d60
38b43b59bc1d3df6
3d1abc0f3c773cc5
bc81bdce3d033d85
3cd5bd0a3d233cd7
3d97bd2c3ca83d24
bd2cbd90bd7d3b9a
be3a3ebbbf413e54
3d7bbbf33aa9bc62
3cad3da0bc8ebc6b
bd12bde23c9b3b2f
bb83bc8c3c6c3d93
3c943c883c1d3db1
bd33bd1e3cc6bdc9
bd193e05bd4c3c4d
bd90bdea3de53cd2
3c893d9dbd243d6b
bd853c6ebc1d395f
3ced3cef3c28bd74
bccebd2fbad7bcdb
bd82bcb73cc1bc89
3dedbb99bbf6bdd6
3db63d943bd2bd38
bd843dae3d19bd9b
ba5cbd6ebd54bc83
babfbcabbd7e3cbb
3bc0bdfa3b6cbd68
3d7cbcbebd15bc55
3d293db13d10bdd9
bc213c733ca2bd5e
3d10bd8c3d69bc56
bc6abe04bd783ab3
bd6bbdbbbdd23da7
3cba3b663d09bdb0
3c673bb63c0f3c90
3ac0bdd13bad3cbe
bcc73d3cbcc3bdbd
bd9c3d99bd36bc7a
bcb5bd2abd85b9cf
3cd33e43bc873d81
3d3ebd043dabbd00
bd95bd54be0fbdd9
3dc9bc973d6b3d13
bc6f3c6ebcbebdab
3d4abcb7bc29bb9f
bd793d5bbc47bd95
bb59bc8c3cb33c37
bc873e063cd6bd74
3d0fbb603d19399a
3d95bcaf3c5bbc78
3d963cc4bc8f3d74
3d9a39413c32bceb
bd813b1c3cffbde5
3c42bc3d3d373c68
bc8abcf3ba20bc99
3cc3bdf3bd623d91
bd193d30bd0abd36
3cb23d53bd18bcf5
bd7e3d55bd38bc99
bc2e3dbfbe283d0f
bd6f3d7bbd0b3d0c
bd2d3ab83d0f3c75
bdb4be403d42bda1
3c98bbadbd2ebd1f
bbee3d1b3d63bd08
3d6dbcadbd48bcd0
bd86bda03d65bdcb
3cbfbd603d50bd53
3e35bee13e293f11
bdbe3dd43d773d36
3d3b3d12bc83bde8
3e083c283d92bd95
bdeb3d53bcd23d92
bd0d3c02bcb73b58
3d8a3c75bdae3c6f
3b2abd093df8bd76
3ca5bc65bc98bd94
bcdd3de83d95bd5c
3c79bd273d07bb23
bd393d29bcf1bd60
bdbebd52bcf63d8b
3b9d3d02bddfbd0d
3c373d2d3ce3bce9
3cee3d65bbdebdb5
3d0ebd92bcecbade
bd9e3d92bd0b3b43
3d153deebca7baee
3bb7bd9b3d6c3c62
3d94bb823d683b46
bd833a873da5bd60
bd833d60bdbf3dc6
bc113da73df0bd2f
3d6a3c503c85bc0a
bd55bd8d3d933d24
3d31bcaabd56bd5b
3d073d923d16bb7a
3d4e3bc3bdc2bd85
3d853ceabda43c4e
bcde3d52bd6b3d85
3c8f3d2ebd013d4a
ba193e11bc86bc3e
3d2abdb63d083d8e
3d893d5a3decb999
bcb53cfebd39bde8
3d15bd53bc97be01
bd453db03cdcbc96
3c4e3d10bdaebd19
3b89bdafbc393e00
bc56bbcbbccf3dae
bcb5bd493c3d3ba6
bd3fbd9f3d80bd3e
3c1abd013ca03cca
bd553c5a3e263d06
3d88bd753d68bcd2
bd8a3d0b3c98bd23
3c04bdd53da2bd5c
bcc03c043c91bcf5
3c363d5a3b483cc5
bd83bd2bbdedbd3f
3d453e133c60bd88
3d813d51bdbfbc82
3ceabb3d3d863d94
bbeeba8a3cc9bcd9
3ce93de93db93daf
bbebbdfbbd883b9b
3db6bcaf3ddabc69
3c893d58bda13d2a
3d43bd39bc8a3dfe
bd9b3d7c3d633ceb
bd8d3cb43e5bbe45
bcfe3bd2bd233d29
3d373cdb3da33da3
3d563c09bcc13ccc
3cda3cd3bd9ebd37
bd2a3d88bbe6bdc8
bd453c6a3a2bbcdd
3ba83c0cbd8d3ba2
bc69bdb03d693d89
3da13c2abde33c2b
3d783c9b3d5d3c69
bd31bd5fbd02bca9
3c0dbd3b3d763cf7
bd893dd0bd8ebc52
bd253ccc3cd63df8
bb13bd053d463c81
bc03bd3abd8a3d23
3d0dbca2bd983de8
3cdbbc4dbd503de4
bcf73c98bc913d25
bcdb3d53bdc83d28
bc763bf13d8cbd04
3c84bcc1bdf53d22
3c86bd87bb05bc4e
3d293bf63cc53dc2
bd1a3caf3cf8bd5f
bd163d1e3d033d2f
3cda3cca3dd1bd3d
bd323cbd3c83bd37
bd56bc103d82bd6f
bd43bd4e3d283dd5
3d593d453d76bd93
3d1ebcc43bd93c4a
bcafbda3bc67bda0
3d173c61bd94bbd8
3bccbb98bc2839e5
bce2bd863d0cbe1b
3b3f3c823cf9bcb8
3c013cd7bce53dd4
ba833d683cbebd94
bd2d3d223b973d8b
3ca7bcfd3dc13d1c
bd66bd4bbd603d20
3b153d5b3cb53d76
3d013dccbd5f3d9b
3c8a3d8f3c81bd79
bc523ca93d273d4e
b9b9bdbb3d89bd67
bd973ddabd14bd9b
3db03c05bd28bd98
bd353d613bba3ae3
3be3bd3abd3d3c9f
3daa3ca73c0fbd96
3d84bd61bc95bc12
3cba3d813d53bdb8
3d373c70bce6bd92
bc08bc383c913c65
bb84bda7bd89bc73
3d7a3cffbd6cbdbc
bd343cdabcf93d36
bd09bcd33dedbdc1
bd2b3d25bd243dac
3ccb3d18bca43bf2
3d8a3d0fbdbc3c6b
bd09bc30bde43cb2
3d8c3c7fbd863d8e
bc43bcd53cdc3da4
bdad3da4bde13d96
bc2e3c8ebd72bda1
bdf3bc2ebb44bb69
3b9d3ddfbce43cd3
bd843aaebd9abcac
3d06bd353dd8bd19
bd503c933d54bd87
3d6a3d4bbd393cc5
bdcdbcf43d2d3d51
bcb93cacbd4e3d02
bd6ebd78bd91bd85
3c9b3d1b3d1cbcbd
bd5b3d363d43b9ff
3c77bcc43c9abc79
bd683d6ebdb73d93
bce23915bdc0bd87
3d223d51bd93bd40
3cc5bdc63d983d34
bdbfbd953d97be06
3d4cbc013bdfbd26
3d703c953dbfbd04
bcb63caa3aad3ca8
3d373ddf3e07bd9b
bce53e2ebd913d16
3c70bca43d713cf8
3cdbbce1bbb5bb9e
3b9e3d70bd343cfe
bcb43ca5bc41bc56
3cf53d5ebcb23d9c
3d4dbc25bdb1bceb
3d1ebd9f3d9dbc83
3d3a3e13bdb4bc42
3cda3b3b3b6e3cc1
bd42bd063c603d34
bd703d653d883cd9
bd29bd9c3d8bbafc
3d8abdc2bd813ba3
3c7fbd633db93d11
3d243caf3da33cf8
3d27bc3e3cd1bd99
bcc53cf9be1c3c8a
bd74bc603d4639db
3da4bca13cf73c40
bdc0bce3bdaa3c0a
3e1a3c13ba023cdd
bb3ebdb2bbbabc69
3ce33e043cb6bbf5
3be4bd64bd84bd28
bd253bfebd153dbb
3bf6bd273c5a3d3e
bcc33c693d3c3cde
bce7bd86bdb83d09
3bfdbd1c3d2d3d18
3c2fbd14bc8b3d05
3c49bd25bc75bcf1
3e82bdda3ca8bc46
39283cf6bd95bdc6
3cba3d113dc33c78
bd423ccc3d2cbc5a
bb7f3d4dbd42bd95
3b863cdb3c713c0e
3d07bc8a3d943d3d
3c843da63c4e3ca1
bd583c14bd32bd2d
3c4c3bd1bd7fbd49
bd963d393d22bcf4
3ccb3d793c4c3cde
3ce2bcdd3c6f3cee
3c513d093d213d81
3d263cea3d9abd06
3d9a3d6a3b663bc3
bc50bd5fbc0fbd32
bccd3d133d15bd56
bb843cea3d99bccd
3c8cbc5b3c0a3d78
3d4c3d02bc46bb53
3d20bd5c3e053db2
3b7dbd813be9bdb7
bade3dd4bd13bc30
3d053db3bc2ebd21
bd93bd17bd86bd54
3d513ca5bdabbd07
3d163cae3d94bd28
bcabbc24bd453cea
3bec3d343d2c3d8b
bb96bd43bd1b3d84
bbf9bc9cbd20bdf3
bcb93a963d113c35
bd71bda6bcc5b7f8
3bcdbc2c39bcbbbe
3c433c11bd683bd1
bd5d3d523c233d46
3c7b3b983d013e14
bde4bdc03cb1bc8e
bd31bca3bd5b3d4b
bb3abd6bbc9d3c56
bb433bccbd4ebd56
3c8ebda53c723d26
3bf9bcd23b66bd9c
bc523d91bbb43d73
bceb3d0b3bf8bcbf
3d6fbc573bea3c9a
bd1abb95bcf8bd9d
bcd73c3dbce63d45
bd883c1ebd6cbc4f
3d0ebd19bd8c3c47
3d853bc73cd8bc8c
bd8dbac7bda9bd6e
bcb4bc87bd61bd4a
bc7bbcb93c89bd69
bc893d073c9d3c87
3d3b3d563bafbcb2
bc63bdbabcc93c9b
bce13da3bd55bd2a
bd243c38bca1bb1d
3d933dd53d7fbc2c
3dbb3e54beec3ec1
3da13bf2bd42bc51
3d493be8bc46bd22
3defbd483c7b3d8d
3d49bd033b853d30
3cc13d7abd94bd0e
3d11bcfd3d013d89
3ca8bd153c953d04
3d2f3b433ca03c58
39f1ba843d383ca4
3c973cef3d383be0
3c71bc8f3cda3cff
3cdebcebbc60bd59
3d3abd503c6b3d0c
3d72bd113d02bc2d
bd8c3ceb3d07bd38
3d0e3d7abc8b3c9c
3ca53c8d3cf4bd07
3cf63be83defbd21
bda5bcf53d1e3cee
3b593c9bbd44bd4f
bd94be26bd0cbd65
3cc4bbe83cac3d3a
3cad3de53d6dbcfb
bbd73cc5bcb13c62
3c373c76bcd2bd08
3cf03bb03d7cbc5f
bd6f3cc1bcfd3d06
bd8cbc40bc173cf2
bd01bcbe3b58bd1d
3c3d3a04bcd8bcc3
bb7a3a60bb5d3d11
bcacbd04bdbc3d8d
3b813c773cbf3c11
bd63bc8fbc533d05
bd7ebcdbbcc53adf
3cb5bc9f3bee3ce6
3ce1baf93d2fbcca
3d303ca5bb6bbc95
3c01bccfbc8f3d44
3d28bd38bb443d57
3c92bbbd3c8ebd0a
bd5fbd9ebdb4bd22
bc80bc27bce33b9c
bd9fbd4a3d09bc89
bd14bd1fbd003d1e
3c953d1b3c593bf0
bcc5bd19bc7e3c07
bd413dabbcd33c56
3c523dac3c943c01
bc573d4ebd8cbbcf
bc33bbf63cb13d04
bbdb3c0e3cf83c08
bafd3d883afa3cd9
bbbdbdcfbd423d4a
bd3ebc03bd58bb34
bd153cf5bcd5bcd1
3d573d82bb863b85
bcdebd5e3c0a3d74
bc9bbd80bc9abd58
3ccebc02bcc63d21
bd2c3c2cbb9fbc4e
3cf83d653d22bcbd
be203c23be87be0a
bbb1bcebbd933c5f
3cc8bd283dffbdb6
bd6bbd903c86bd2a
bd1fbc8f3c2a3d00
bc653bac3da6bd2f
3ad8bc723dbdbd62
bd1a3d933dd1bba4
bccd3d50bc6ebd81
bd23bcaa3d57bc57
3ce9bcb8bd353cb6
3d00bca6bd003d32
bbf0bcbcbcf6bceb
bb503b98bd4cbd41
bc19bc533d8abdbe
3c613ca13a1b3d0c
bc0abcde3d683d58
bd85bd4f3da73d26
3c90bb53bcbcbbe4
bc38bad0bd483c8e
3d9abd05bd5b3d3a
be33be02bb31be03
3c653cb93c853cbd
3ba03d0a3ccb3c63
bd8c3cef3ce43cb9
bcfa3c4ebce43cab
3cab3ca7bc8fbd2d
bd7bbd603b9e3d7a
3d1ebb39bc9fbc44
bd9abd003c43bce8
3d87bd163caabc05
bbca3cff3db83cbf
3c0fbc5c3d0dbdbb
3c83babb3c273ab9
bd70bc0a3c5c3d26
3b07bc9f3ccbbd10
3d53bcb63c28ba44
3d753d2cbcdcbd02
3b48bd813d1abb84
3c24bc4abd2039d9
3b7fbcaebc123cac
3a243d803cb0bd01
bd52be02be25bde9
3d86bca7bd0d3dfe
3ce3baccbdb1bac0
bba43dadbcd33c5f
3ca53c133d42bd79
3d073d53bd6bbd6a
bbbebc903d5dbd7b
3cac3da1bd19bd89
bcf13d7d3d45bd23
3c5fbc883bcdbced
baf1bc90bc9b3de3
bcc63d8c3d893d0d
3d333cc1bc4c3d38
3ced3d443d40bcfc
3c663d6e3cb4bdbf
3c18bc94bd14bcc5
3d23bc10bc3a3d4f
bcbdbcf53d1bbbad
bd49bc533bee3b3f
3d493bb53db9bcc6
bd3e3d7e3b483c8e
bd71bd09bdfcbd65
3c9fbd0bbd4dbd13
bc1ebd8b3b463c18
3d0cbc743d323d21
3d00bca1bd473bc5
bdb5bd5b3d473bf8
bd993d3ebbda3d34
3c4abc753c973da6
3cf1bbaabd0a3c11
bd263aa9bd7b3c14
bd623d3cbc1fbd24
3d1c3d58bcc1bc33
3c283d22ba8bbcc2
bd2a3d213d40bc07
3d653d263d543cde
3c99bd8c3d1b3dae
bd1bbcecbc853ca4
be0fbc603d993cdb
3d353c923ca0bbcb
3cb33aefbbeab9b8
bd13bc053d88bcc1
be21bc27bd58bd52
3b923c983d0dbd7a
bd20bc84bd98bda0
3c9abd99bc693ad1
3ae93c603cca3c50
bc223ca63c8abc8d
bd843bfabc9e3dd5
bccebce23cb63d16
3d8cbc84bc0e3cf6
bc99bc16bd17ba8b
bd693d62bc62bc83
bd153d943d0e3ce0
3c52bd243d0cbb21
3d203d073b0c3c8d
3c493c203cea3d5d
3c973defbd06bd5d
bb183db6bd35bd70
3be2ba0abda7bc5d
bd1abd653cc83c3f
3dadbce13c923d36
bd8fbcf9bd1abd01
bd8ebe2bbe0ebd06
3acd3d563d4ebd27
3ababd433c293d28
bcce3c073d2abd1b
bc9c3bb23d8a3cdc
38cfbd0ebbc13ce0
bb27bc87bc7cbc8f
3cf13d7ebe0d3d03
3d0b3ca13db2bbf4
3c37bd37bc9a3d64
3cedbc7bbd983be7
3d573c083bca3d7a
bc8a3c9fbd17bcaf
bd27badc3cee3d13
3c0e3ce73ccc3c32
3cb8bda0bac03d90
3cbbbc253d393db5
bcf3bd9abbf7bb51
3d143c183d48bce8
bd133b973d14bd3f
3c3cbc5c3d00bc14
be18bd3fbdc8be07
3b65b9a23d44bd2f
bc8fbcb53d103c38
3d083c2cbc913d89
3d42bb55bc813d08
bb60bbff3d3b3c3d
3d80bd88bc363d01
bbde3d24bd2e3c16
3b68bd11bd31bd8b
bc663c833d1c3d5e
bcba3c903db63c5f
bc60bc803cfb3d9d
3d6bbd04bb1cbc8a
3d94bd983cfc3d36
3d59bc9cbd163c8f
bd4b3c99bd49bd46
39e53ba53cf7bcf8
bbcb3c0a3c1bbc99
3cb63afebc973cf0
bb903bb3bd7abe1a
bb4a3d473d5c3cc8
be05be03bdefbdb4
3d88bd693c83bd30
3ccf3d2ebcdbbd31
bcb0bd183c2b3b7a
3d2fbc5a3bb43cf9
3cfc3d263c363cba
bdac3c873be23d90
bd56bcbabbaa3d2a
bda5bd953b4a3c6f
3cb03d5fba573d33
3c8ebd89bd4bbd71
3c2c3b343d4dbd06
3c33bd203cce3d47
bbadbc6a3d423dae
bd8b39f53d10bcf0
baa13c463d4b3d35
3bf03d81bcb13d53
bb603caebcb5bd64
bc48bd313d993d31
bc6ebd313d24bd33
3c863cd2bc213c5b
bd79bd5ebd59bd42
bc4d3b5dbc82bbff
bcfebd63bc4bbd29
3cfd3d57bc123d06
bb393d84bca43cd8
bd94bd763bdabda8
bb923c463c473dae
bcb23cb0bd833d0f
bbb73c29bdae3c1b
bd35bd61bcafbc01
bce23d473cc8bd22
3d053da33c8b3d3f
3d9abc87bc5c3cc3
3c3b3cccbd123c28
3c763d5abb8b3d0b
bc27bd2abb22bd52
3b2e3c9f3bffbd24
3cf7bd623ba13bf1
bc1d3cc8bc52bceb
bc403cb03cc73c13
bd77bc123d1a3c46
bdbabdbcbd38bda4
3b97bb3c3ccd3c50
bd143dcbbc3dbd29
bc823cbabd003d6b
bbfe3c783d5e3a6d
bd3f3d523d04bbe9
3aabbd22bb4a3c6a
3d5d3d173da2bd16
3d21bcac3d1cbc65
3c803c97bd1d3d39
bbbfbc8a3b4cbc89
3dafbc423d773d2d
b7c3bc8c3daebb93
3cadbd513d41bc02
3d373d15bc873b0e
bc983ce23da1bd91
bd203cc3bc0d3cce
bdc5bd0e3c80bbb3
3d053c1b3db13c39
3da0bd1ab9a63d1b
bbfc3cc1bd18bb1c
bdf3be37bd63bda2
bcf23d2fbc563c92
3d20bd99bd78bcc8
bcd9bda03bcfbcc0
bd6fbc4abd75bcdd
3cc4bcc63c9c3cd3
bc53bd22bcfbbb59
bccabc46bc51b9df
bcabbe01bd073c31
3b993b96bd2339d2
baddbc2bbd103ce5
bbe3bc83bc52bd20
bd21bc973d87bc2c
bcfcbccfbc29bcf0
bcd9bc3fbc0f3ca1
bd553d98bdbf3d00
bb2b3b923b3d3cb9
3c7fbd703d08bdbd
bc9c3e1fbce1bcd1
3d15bbb03cbe3dc6
3c3abd61bcd33d50
be0bbbf2bd37bd4a
3bdd3c833cffbcff
3c97bd243d8ebd84
3dfc3d3dbcc838b4
3e10bc46bada3c94
3cba3d083d3b3caa
3d523d05bc5f3b63
bc47bd29bda7bac5
3c08bcd8bd123d25
bc27bb91bda1bd23
3c2abd463dd7bbb9
3e10bc673d2b3d73
bd5d3d093bf73cdc
3d4c3c24bd143d17
3c4b3cb4bd853cea
bca43d72bd82bcaf
bd5abd333ca53d3b
bd943d2a3d7bbd07
3bb43aebbcf7baa6
bd7e3d32bdba3c9d
bc4d3c9bbd37bc2f
bd7cbdcbbdd3bd8d
3ca9bca3bd873d19
bd4dbd57bc843ca7
39b23caa3d1fbcb7
3d303dc33d893cb7
bda73c063c043caa
3d393d603d80bd2c
3d18bb193dbf3d6a
bb1cbc7c3d78bc9a
bc4ebd37bc3c3ca1
3c1bbc8cbdd43d35
3d26bc0039f6bcaa
3c943d0e3d22bcdb
3dc13d523c4fbd2d
3d093da03cf9bcc4
bb16bd07bcd03da4
bc3dbcd2ba9d3b92
3c71bc983d1dbd8c
ba3c3c6dbc4e3d26
ba0cbc893bbcbd10
bd14bd873d14bbad
bda8be00bcabbdf7
3d6d3cef3d42bcf2
bc8b3d693d2b3d59
bd0ebc11bdab3ce1
bba6bb84bdd5bc4a
3c163d213dc73dcd
be02bd29bda9bd17
bdbfbb8ebb1b3cf9
bd65bc5bbcdf3d54
bd22bb88bcaebdab
3cae3c6abc44bd39
bd40bc13bd943d16
3d203b11bc0dbd36
bc9e3cf1bda13cba
bdebbd66bc0d3d1e
3ba53c8f3d123c43
bbda3b3c3c863b4c
bd0c3caa3a973cd7
3d22bd193c9dbc9e
3c81bd6fbc55bd87
3d5f3c30bc84baac
bd863bcebd97bcdd
3d6e3c1e3c1d3cc6
3c7d3d6e3c8e3c81
bd2cbc143d94bcb2
bc92bd4fbcefbc6a
3ce9bc83bc9f390c
bcde3c5fbd08bdbf
bc41bd573d28bd3c
3aa53cb5bcb5bda9
3be4bc90bcaabc64
3d8b3d3bbd8a3ca6
bc52bcc13d09bb2b
bba4bcbd3de6bba1
bbbdbd5a3dcebd25
bd803c943ca8bd15
bc62bc873ce43c75
bd03bc8f3ca03c75
bd243c51bc55bcf1
3b4a3bc7bc4fbcf7
bc24bd603d19bcf6
3d903c7fbc16bc33
bdb8bda5bd91bd99
bd273c613d10bdb0
bd42bcacbcc13d44
3d193d8f3d7cbd8e
3c583b743dbebda5
bcef3b23babb3c59
3c843c0fbc7fbca7
3c933d123cd7bd73
3bee3b9a3b093cde
3d3dbd99bc8b3da7
bd76bd21bcb7bd7d
bcf03ce53d5fbd4a
bce03dcabc943c2c
3c573d413d133d81
3c543b393becbca9
3cc8bcf2bd463d2b
3cf83ba8bca03de1
3d1e3d05bb063d60
bc28bd233d12bd98
bba83c25bd0c3d5e
bc91bb10bd013d18
bd29bda1bde3bd10
bdc73c3c3c2d3b23
3c79bc423d72bd2c
bbe5bc97bbf53d21
bcf63c93bc493d93
bc0a3d30bc94bd7b
3d59bd31bc82bc9f
bcc83cdfbd86bce8
3d88bd89ba8bbbc8
bd1e3cebbd223b52
bd44bb5b3c963cd7
bbfebc7e3c4c3cc1
3b1cbc82bab93cd9
bc4d3d393c683ce9
3d833bfe3c183cb1
3d983ba53ccb3a39
bccbbc663c06bca6
3c2c3c8dbd25bc09
bc313c573b893d7d
3d7a3d91bd113c33
3ccfbd513c7cbd29
bb22bd5abda3bdcb
bc94bd77bd48bd96
bd233c90bd1c3d32
bd413db33cf23d1b
be0fbc3abd2fbcc5
3ca73cbc3d083d9f
3b123c05bc9bbd56
bd833ca43b4d3ba4
3d303dafbd1ebd31
bccbbcc2bd4dbd93
bdd7bd273c47bca5
bd82398cbc7fbd68
3bf33c76bcbb3d12
3d9a3d72bd2dbd81
3b323c793d74bd05
bccdbd563d0ebd0c
bcccbcacbd8f3d0a
bc56bca1bd0d3d9e
bd46bc6abcaebc88
3df9ba9ebd523d39
bd3b3d1dbccf3cd0
bc00bd9fbd8ebe02
3c05bd8abd5fbc38
bb803b863ce4bb87
3d253da43c32bc31
3cf7bced3cae3bce
3cf93db9bcb6bd8a
bd273d493d4e3d62
bd823b9a3d923ac2
bcb7bc9e3d12bb5c
3d3c3b393c803d49
3ce3bd01bb54bd81
3d24bdb6bc273d3a
3d70bdb7bd1f3922
bd173d91bd053c31
bd193d3c3d313d42
bcfc3d0a3d0abda2
3d503c56bc2ebc8e
bd063d393c29bdb6
bd273d0dbc0c3d73
3d123b123c423c3a
bc43bd853c92bc36
bd9ebdb1bd0fbdab
3db1bd0dbab2bd2a
3cfebd51bbc83d90
bc953d25bc5fbc8c
3d4d3d173d623c7a
bd53bd88bcb43caf
bce4bcda3cb03c49
3c853b5f3b8ebc43
3cad3d243c243cbe
bd2bbd01bcb23c5e
bd7fbd073d39bd41
bd59bccd3e043ccc
3c1c3d0dbce83be6
3cf43d39bd5ebce3
3cfb3c793d0a3c10
bdcabcafbd8c3d8a
bd263b80bd14bca0
3d8a3c28bdd63d03
3dd2bd763d6e3d0a
3dde3d5e3a0cbcb6
3d2a3ccd3d24bb7a
bdf2bd5ebd74bd4e
3bb73d303bd2bd16
3cc23af93dbdbd08
bce93d2b3b513bf4
3bfc3d95bd5b3d0a
bce7bccc3cdabda6
bc3bbc8a3d313d14
3bf53c193d1ebca5
bd0abd383dbabcba
3a03bbdc3d1cbca0
bd6cbc413c993b41
3b833d1b3d873db2
bccbbd13bcb4bbb6
bcb93bdb3b65bd18
bd7a3cc93b773d39
3d8cbce6bd02bc23
3cecbd13bc1e3c42
bcafbddb3ce1bd09
3dde3ca53cc93c14
bcd1bcafbe15bcf9
3c84bc883bbdbd16
be2abd8bbd95bdd5
3d233c973beb3c07
bbf53cd83d38bc7b
bd23bcf2ba1d3d18
bd23bd0dbc3bbcb8
bb913d153cfebd16
bdcdbbc5bd033d2e
3c6f3d16bbb1bbd8
3baebcdabceb3c5d
bae03c5abb2dbc49
3d353cafbc40bd2a
bd1a3c9c3d3bbcc3
3c81bd0f3d463d1a
bd623cc43d4d3d85
bd883b83bd013bb9
3c0639b3bc4b3ae3
3c40bc833d4c3c61
bca03bb13c1b3d2a
3d85bd3dbd0a3b01
3c15bd4cbc6abad2
3c7d3c7fbd2e3c2c
bda4be31bdeebd4c
3caebd5dbcf93cc2
3cfd3defbd063c8a
3c813d3abd20bd5d
bd8a3d103cfebd83
3bd9bd3bbb913d96
3ba4bb003d4abcd2
3c1f3d833c1a3c73
bcf13dc5bdc3bd71
3c1fbc733d733d8d
b9a7bdb0bd0ebd13
bd473cd03d51bc5e
3ba13a63bd2b3cf7
3c273db53c64bd25
bd813d1b3c7c3c80
bd00bd593c363d19
3c8bbd823cba3e18
3cb53da53caa3d54
bd85bc58bca9bddd
3b7d3d1ebcd3bd1c
bb923dc0bd54bcc0
bde6bd91bdddbd67
3da4ba0dbdc63c8d
bd4cbd8abd76bd86
3d833c8a3b12bb71
3db3bd3e3d21bc86
bd00bb8cbb7b3d87
bd28bc203d1c3cbe
3cc0bba23b53bd13
bce33b3d3d843d14
bc8dbd72bc613cc8
bd1abca7bdb9bd02
3ce2bc9f3c90bd95
bc5cbb4b3d05bc5a
bc0a3af03d7dbcbb
3bdabc53bbfa3dcc
bca5bd4abd05bd08
bd123c8dba363da3
bd2dbb89bc253ce9
bd383d873d08bd80
3a953da03cef3cf9
bce8bab1b9b4bd60
be11be14bd92bd97
bc9f3ceebb8f3ce2
3d503d24bdabbce7
3cc23d283bd3bbfa
bd3abd8c3c483d56
3d443d6bbd72bb92
3d7fbcde3cd6bc8e
bca53d95bd8abcfa
3d403d303ca0bcd7
3b88bd0e3d0cbc46
bbffbaaebc9f3d2d
bd8dbd213cafbbeb
bc9eba13bc1c3cdc
3cb9bc9dbcdc3d2c
3d25bcda3bd73bfd
bd383ac7bbdebd57
bc7a3d873be53d19
3dd7bdccbd7abd96
bd20bda4bc8f3b1b
bd9abccd3d1c3cb8
bcf23d55bcbb3b2f
bce6bd8dbceabe19
3b14bd143d443b0b
3d71bd2bbce4bb8d
bcde3c83bd9c3da6
bc6e3ca6bd793de9
3c81bd4bbc1c3be0
bbccbcebbd453d17
3c20bc6fbd063c23
3cbeb9a73c803dc4
3c25bcb23c14bd36
3d5cbcec3c89bc9a
bca73d753d823da5
bd183d37bc983c88
bccdbbadbd4f3d87
3c6cbc91bdae3d81
3b79bd0cbda6bbe1
3bcd3cabbc8fbd35
bb86bc0d3bc5bd59
3c6e3c52bce8bc52
bd123d933d1fbd80
3d5bbc0e3cc43d2d
bdabbd9bbdccbdf7
3d1cbc49bc173c79
bba33d22bd2f3cdd
3dbabd3cbc0bbc84
3d4dbd4d3c65bc9d
3d2d3d68bcd73c32
3cfabd2f3ccebb91
3c9abc7c3bf6bc84
bd2fbbdf3d05bd5c
3c8e3cc53cb93b7c
bd16bd1f3ac73cee
3d88bd843d23bc12
3cdc3d263ce53c79
3cffbd833ca03b76
3d13bb3a3d71bd09
bcda3db2bc0c3d89
3cf33ce2bc85bd68
bda3bbf9bd493d41
3b7fbd923c103d42
bd7ebd383c9d3c17
bd073d0bbca7bc3a
bdfbbe0bbdd4bd66
b90f3ca0bc753d38
bd2fbc113ad3bd09
3cf2bd91bb783da7
b964bc91bd50bcf0
bd203c083d9ebbd3
bdb1bcb5bd61bc8f
3b61bd883d6dbcdc
3c19bd373cff3be9
3c4ebcf43d343c52
3d9c3d81bd08bd14
3d02bd28bc41bd3e
bca53c623ce2bd17
bc653acbbd96bceb
3b46bcf7bcfdbbd1
bdbdbbf43da6bd18
3c97bca93dd7bcc5
bd0c3c2cbd363c65
3d1f3ceebcd53b1e
bcf93ccfbc353c22
3cac3d223cc73b6c
bda5bd37bd8abe04
3cf83db33d31bda7
3c663d0c3988bd9a
bd0dbabdbcf83943
bc7dbcfdbc1abc48
bcc93ccebc263d16
b89bbd46bc583c40
bd12395cbd533c90
bd04bd543d223c5f
3c2d3d2abc883d11
3d0dbc83bcaebd81
3cd43d093c5abd10
bd3e3d153c6f3c50
bca1bd343b203cdb
bd1bbd993d5e3cdf
3d123c3ebd50bc27
bbfb3d2e3b4abc2d
3d0a3c473c373d19
3d383c64bd883d11
bcc2bd3b3d043da3
3c3d3cfebdaebce8
bce5bddfbd47bd97
3d853d31bd5f3cdf
3c95bd913d083c7d
3b533d9dbd113de8
3cdc3c8a3cbc3d18
3d043bbebd6b3d21
bd863cf6bcda3d1d
bd253d513d513d81
3b663cf83d253b66
3a053b603c3dbc48
3d3bbd033d01bcc5
3b963d1b3d113d26
3b943d6fbd833d3e
bd50bd52bc0a3d88
3c053c153d0d3d3c
bd963bc83d4abd25
bb0c3cafbd59bcf9
bd3fbd71bd023cc6
bce1bc2c3dcd3c04
bd09bc843cb63ca6
3cffbd503c5abd9a
3c2ebdcdbcaebd8a
bd383b70bd00bdbf
bdd23ce6bc8e3d23
3c81bcaf3d2ebd4f
bcb7bd103d45bd2b
bcbe3d89bcb1bd0c
3c81bc2a3d34bca2
bd453cdcbb84bc67
3d49bc8b3ddfbcb7
3c243c51bd34bd4d
bbf93d19bcc1bb96
3db1bcdc3d073d45
3a0abd363b23bb7b
3d1e3c8c3d25bc10
3d56bc863d9cbc7e
bd053d0abcef3d51
bd033ce8bc88bd4b
3c393a953c72bd15
bb843c083bd63cc1
3dd3bd9a3cd63d8c
bc3a3bab3b943d57
be0bbd6cbd6dbcd1
bc67bd23bca3bc51
3d77bd0a3d4cbd5f
3c573b40bcd63d3f
bd333d52bb3e3c30
3d233cb53d83bd0e
bbaf3cc1bcea3a3e
bb823cf4bd223db7
bcb63d8c3adb3d17
3cccbd88bce5bccb
3cbcbb1d3d59b902
bc5f3e32bce9bc74
bd6bbceb3c323ba7
3c663d8dbc3d3d39
bb82bb16bcb83cc0
3d973d90bcf2bd19
3ce5bc0cbd07bc48
3ce2bd4c3c48bc7b
bd1dbbf0bca63cac
bce5bce43c213c8e
3d75bb903d83bc8c
be39bd5bbdf5bdca
3d043bdb3cb33dc9
bd2d3d253a213d4c
3d83bc8c3bad3d16
bbd5bd1d3cb83cda
bd29bd3c3d1fbc30
3e0abc503c93bd96
3d3abcf6bba33cea
3d663cdcbc98bd1b
bb07bc91bb143c8f
3ce53d75bd01bd2c
3d1c3da1bd0b3cc3
bb81bd313d333cd6
3cd33d0f3daabcb2
3d23bcbe3c55bd7b
bcb7bc6a3d11bc5b
bd303da13b9e3d9c
3d2dbbcb3bd7bced
3da3bcfebbb7bccd
3da4bd533d15bd50
b9993cacbd3abcd7
bd88be0bbcf0bdda
3b91bd3ebc973d01
3db2bc123d213d89
3bfa3dedb8b83c40
bcf3bc9dbd383c92
3d1b3cddb9fa3ccb
bade3d71bcabbd3c
3bde3c4a3d133c81
3bf1baf03d2dbd77
3d57be4f3c7e3b4b
3d1abd813c283d48
bca83b9d3c25bd10
3bd53c1ebc14bd7d
bd72bdb1bd443c67
bcac3dd83caabc8b
3bc43c903cb7bba2
3d16bd12bccf3b4a
3bc93c91bc65bca0
b7dc3bd93ca1bd4e
bd713ccbbc813c21
3c33bdad3dae3cef
be11bd90be11be41
3c54bc7abc95bd7e
bcb7bc73bc3e3d30
3e11bc9e3c16bcd1
bc003c3f3c58bcca
3c75bc983a84bdba
3d33b9d23d0cbb56
3deabcb7bde1bc6e
3ca13af33bbbbdde
3d493ba03d9a3d10
bda43b493d37bbad
bcb1bca2bc49bb8e
bda8ba8abd1b3d0d
3d453ccbbd393c07
3c213c53bc56bbcd
3c7f3ae9bd01bc8d
be0fbcf139d839b1
3d143d8c3ca5bb1b
bc013d753cbf3c69
bca53d6abca1bc8e
bdd3bc0e3c06bd91
be20be04be39bd9b
3d7abc5fbcac3d6d
bcee3cd3bcf63d5c
bbd0bd4abda23a37
bc79bbf03ca53b45
3c4d3d92bd6dbcef
3c49bca93d11bd41
3d203ceabcffbd51
3c9d3a813c5ebdb6
bda9bd083c453ca3
bcad3cf13d203c26
3da6b86c3d3fbbbc
3c85bc193c9d3c9b
3dbabd02bd45bdb5
3d19bb803c66bd44
3c933d323c07bc36
3c5b3cd4bd4e3d87
3c3ebd433c69bce2
bc97bd0d3ce5bdae
3caabca33dba3c65
bcd43d893d863d73
bdabbd46bd55bd80
3c84bd6d3ba7bce9
3c06bdec3c02bc7d
bcb4bcf6bd4c3cb8
bcf3bd89bca43bb4
3ce2bcba3bb0bcec
bd65babbbd893c67
bc58bddcbd413c6d
bd253bdf3cbb3c11
bd003b9dbd0dbb34
3c41bd533d233ac6
bca6bc94bc0b3c05
bce6bc993b933ca6
bc73bbd3bd513d65
bd88bcf5bc933d34
bc42bd373cd7bc8e
bc593d3c3cfbbc91
bcca3d5dbb89ba3d
bcedbdac3dc83cb2
3b3d3d4e3d1b3daf
3d053d413d7abb3d
be18bdf5bdabbda8
bd10bb9a3cc0bddf
bd93bcef3ce9bcca
bbc03ca33bb5bc8e
3c9d3d26bc7fbc49
bd15bd43bbbbbd1e
3ce2bc01bdba3d22
bd09bd85bd4ebd52
bc82bbd73bb63d9a
3cc1bc86bc1f3d2c
bd183c0e3d8dbcf0
3c6f3d59bbb03d10
3bbf3bd8bc8e3d13
3cc23af5bcf2bc23
bc6cbd2bbd373d90
bd043c953c913c64
3ca5bd803cc9bcb6
bc9cbd8cbcd13cf8
3c8e3bbdbcdbbd0a
3da7bcdfbd06bc04
3b8abcd83d29bd2b
bdf4bdfdbdefbd9d
3d53ba8cb9f63d38
3d3fbcbd3c4abcf9
3ddf3c1b3cca3d4d
bd05bd5f3d8e3ca2
bcc53d79bc15bc77
bd72bb8cbc823d7f
bc29bcdc3b3cbc9c
bdfd3c1cbc103a26
bbaf3d23bc863cf8
3c59bdcd3c8ebd18
3db3bca23dc4bc8b
3d7a3dbcbc98ba75
3c973c54bcd53c69
bda43db2bd0b3d0d
bcdf3a9e3ccfbd3f
3cf43cd2bc2b3c1e
bd4a3df8bd9cbb03
bd4dbd833bcf3cc9
bdd5bca8bda3bbeb
bcedbe06bcc6bd70
bd4fbd0cbdcdbde5
3d23bceabc113bd9
3d0f3ca13d043c89
bce8bb8d3d9abcc8
bdc4bc493c1ebd34
3d79bd98bc0e3cca
bd8cbba13bc23ce1
bcecbd613c46bce8
bc4f3c8cbcaebd37
bd7d3df03d883c0e
3d81bc67bd55bc73
bdb7bc70bc35bd15
bd48bdae3c75bc42
bdc83baf3c403cc3
bd023c7ebaaebcd5
3c68bd533d8abb14
3d5c3d143d403cfb
3cc63bf23d4cbd4b
be03bc013cc13c7e
3d013cbc3c04bd32
bd423d74bcb43e09
bdcebdf4bbf4bdfd
bd2d3d48bd14bd06
3d433ba2bc89bd87
3d4ebd5b3c513c20
bcd73ac43d2e3cce
bd10bd5e3a3bbd5e
3da2bd403d8f3d9c
3ab9bded3db63bb3
3d33bcb93c473ce2
bddfba4cbcbb3b2e
bd9c3d61bd263b64
3da23be23ce73d6c
3cfabc923aaf3ba3
3d55bba13d233d89
bca3bdb23d693db2
3b7f3d6d3cd9bd48
3d52babe3bafbd67
3bc43d6db957bc5e
3da83c083c933d2c
bd763d533ccf3c9e
3d303d1fbd903c78
bdb6bdc8bd19bda1
3d35bcd4bda83d5c
bd7abd6dbd21bd67
3cc0bc52bc983da1
3d693cb3bd18bbab
bce1bd14bc07bd5b
ba113d0ebc63bd2e
3ab9bc013cc0bd64
bcf03d0e3cac3ccc
3b3a3cfc3d843c9f
3a42bc96bd293d00
bc88bc98bd2f3da5
bb05bc303c4b3d78
3db63c513bbe3b93
3da03c4dbcecbd32
3d28bc963c2dbde3
bd3cbc0dbc7f3d5c
3b223c8c3d6ebd6b
3c133d39bbc0bd21
bcc63ca53d533c82
bd4dbbc3bda03ce0
be05bdc8bd3fbd32
bc2b3d3b3ce03d72
bdd23ca73c54bd0c
3c4cbc3b3d95bb76
3c4dbd4e3d9f3e29
bce63c3f3c32bd1d
39493af43cda3cbf
3d813d6abb03bda4
bc7e3d0b3c9bbcce
3d11bc173c453d45
3d3ebcc9bc573d66
3cec3d4e3d113d89
3cdcbbc8bd373c4d
bd193d613c6fbccc
bc143c833ca6bdaa
3d033cdcbc843cd2
bd14bba3bd823d77
b9aebac53ababd9d
3dc3bbf13c0e3c63
3d71bbf13c1239dc
bd84bd6abd113bf4
bc31bdc7be07bde8
3bca3c94bc8a3d65
ba1b3c90bc7a3c59
bc10bb313c8a3d95
3d453d1b3d5f3da8
3d37bdcd3bf3bd0d
bcc3bcc33d973c9f
bb15bc953c433d2e
bc9ebba73d0a3cdd
bcbbbc55bc01bb6d
bd183c5cbd53bc67
bd233d8dbd073b40
bc61bcd23d453d02
3cb7bd833db3bb37
3d893cbb3d87bccb
3bfabd903c0c3d55
3d913a9bbb833c92
bd603c923d46bc55
bdfe3cfd3cd33d83
bd9f3d593cb4bc90
bd433d02bce23d1a
bdaabcd8bdd4be5f
bc92bc5f3bd3bcb4
bd49bd47bd06bdb9
3a473e133d22bcc9
3d1b3ce93c8abc7f
bd8a3c10bcb8bda0
bd923cc63c823c62
bd883bee3d37bcd4
bcf43d233cfa3cd0
3d6d3c4a3cae3d74
3d183bf8bc82bd17
bbc23c303db8bb29
bbc43d82bd683c95
bcbd3dd23c87bc9e
3b6b3d263d363cee
bccebd813c253cfd
3c5d3c1ebc4bbc44
bd0abd94bdb33db3
3d42bc033d1d3ca4
3c25bca43cf23c90
3c293c803c683bcd
be14bd54be04bddb
bcf43caabc3abc0d
3c443d06bda7bd4f
3d76bcbdbc73bcd5
3d22bc8abc703d82
bd5e3cc33daf3b08
3de1bdd93c9fbc62
bd7cbcbbbcfbbd91
3d2e3bd63d03bbf6
bc6a3ca23d82bccc
3cbe3c3cbbccbc36
bd7ebc5c3b9e3cda
bcb03af2bc013ce6
3d8cbcdbbc883c26
3bf0bd0d3d113d05
bd24bc803d31bc6c
3c363cad3d5abc6c
3c513af83be03ac2
bc84bcea3cdebc13
3d823c40bb883d2c
3bfd3c863d4fbb55
be07bd91bd8cbd94
3ca6bbc6bd133cf0
bb82bd973d903daa
bd403ca53d2abcb3
bd263d213b9f3c8a
bc63bcbb3bd63d40
bcb4bd32bd1f3c1f
bc053c673d3e3cd5
bc043d01bbc7bc8f
3c8a3be1bc83bc8c
bbc23cbb3d32ba08
bd103ce9bc433bc9
bd7b3c75bcde3c7e
bd073c643b7fbcc3
bc81bcbbbd14bd0e
3d5fbc213d8f3d10
3d32bd213bc5ba76
bd85bd2b3c543d0d
3d2f3d1dbdbdbc84
3c393d0a3b6dbda7
bb783a763b883c30
bdd0bda5be15be03
bbe33c83bc3bbcdb
3da13d4fbd113d4d
bccdbcf9bdd6bca6
bcb1bcd43c30bd74
3ce53d35bc553d96
bbc7b81dbd623c9f
bd9fbc14bd3e3d04
3c39bc6fbd1c3d0f
bd6d3c963d85bd2e
3b79bccb3d24ba0d
3c263d40bc4ebd87
3ca43a9b3b91bcda
bca4bbb7bd0d3cbe
bd05bca4bc263cdd
3bdf3d28bcd63c08
3aed3d603da6bcdf
3b6e3d23bd1b3cb7
bc35bbcdbd2ebc53
bcbbbddd3cf33bef
3d433bff3c96bce3
bd9ebde9bd56bdd4
bc87bd513d05bd0c
bd43bd273bcbbd4c
3b38bd8abc2c3c92
3d353bbcbb893adb
bc13bcb1bcd0bd1b
3cba3bb5bce73b68
3cfc3c93bd413c29
3d033d43bd1b3d16
bc3f3c023d46bcf9
bd2abd613c903cb1
3d9c3cf83d68bc91
3d6fbc14bd033d84
3d5a3cf1bd4b3d2f
3d12bd7bbdaeb91d
bd88bb9ebd573a5b
3d173cd23c98bd07
bd71bc0e3bc6bd35
3c83bb963d12bcd7
bc0d3d12bd01b948
3c7e3cc6bb37bbea
bdfabd1cbe01bde8
3bf93d14bc333bb8
bc853d303d0a3cad
3d02bc6c3c2e3ca1
3c82bcff3da0bb3c
bda03ce5bd033bc4
3c82bd053c56bd05
bd45bbbd3dd73ca6
bd0abcaf3d7b3b0f
bc993c1a3c50bc8c
bb913cc43d583da4
3d09bd2f3d813afc
bcdfbd19bcb8bcc8
bbb5bcbf3c85bca9
bc14bcd53c45bb60
3d313b5cbcbe3cb3
bde33c96bcfabcb8
3d16b98abd21bc32
3db5bcd03d2f3c48
3d97bd1abd2dbc7b
3cf43c4a3ca23d00
bda2bdb5bd19be2d
bd5fbb93bc0ebd71
3d4cbb273dc7bc89
3d693cb2bcfebd0a
3e033cd93b983ca3
3c9b3ca23d44bd7a
3d733d19bc993d93
bd1fbb1fbc1eba9a
3c46bc803b0fbd34
bb4a3c4abbba3d16
bd20bbbb3d16bd97
bd103da8bdadbd44
bcbabd22bd553d15
3d02bc8d3ca2bc1b
3cf43d82bc5d3d77
bcd5bd383cc6bbf6
bcd63bb9bce03d99
bd0bbe043bacbd2e
3ddf3d3fbc293d85
3d8d3b6ebda03d3f
3ca03ca13bc0bd06
bde9be0cbcb7bde1
3ccf3be6bccd3c54
3bafbc26bd7f3d1c
3cad3d9dbcb0bd32
bd523d11bc5cbc17
bbab3b3abd11bd07
bb9dbc38bd37bc60
3c973c7cbcf0bd29
3dbf3cc43cadbe25
3d883b573beb3deb
bdb5bcfabcafbd4f
bdb13ba8b796bd2d
3dd83b733c943c7d
bc353d50bd0e3c82
3d243d383d12bcf6
bc0bbd3f3c823d7c
bbafbd023b7f3d7f
3c4b3cb9bbbe3d7a
bd86bd12bcabbd6a
3c593c5f3d503cae
bc6abd213bda3d6d
bda1bd8abdf93cae
3aedbc7e3d3ebd92
3de93a8dbbb7bcb9
3c6f3d8b3d833c10
3b9f3cc13dcc3c78
3d6fbd6ebd49bc6e
3d903c733d533ca6
3cc7bd3f3df7bd9a
3d8a3c903db13a93
3d8a3cbcbd563d8b
3b413bb2bd1b3cc7
3c983cae3dc1bbdf
bd193da1bc03bc34
3c153d873d6e3bf5
3d4e3c8f3d513d21
bca3bd94bc0fbd96
3bccbd97bd52bc0a
3cae3c4fbd6fbcac
3b213b14bbf7bd1e
bd56bcbebbda3d49
3ca0bd0bbbf53c91
bd1bbddcbd26bc80
3cd13b1a3da8bd6e
bd4f3d2d3d31bd88
3d07bd12bdb4bd1c
3d0f3d793ad2bcf4
bc8e3d8c3ce9bd16
bc04bbc4be20bcd7
bd353d8fbcd4bcd9
bd173d98bd8abbc7
3cc5be0bbb993d44
bc9b3b6b3d3d3ba3
3d163d1bbd133ca8
3d1cbd5dbc173d01
bd193cb1bd15bd20
3c173dc1bd9e3d28
bd483d703d9a3a58
3d52bdfabcc93acf
bd90bc253b33bbd7
3c8d3cb33d26bc15
3d37bb933cad3d4b
3c1b3d3b3cd0bcb1
bd1abcaa3ae2bd91
bd64bca63cfd3c80
bb8bbb65bcde3bba
3d8ebd203d07bcdb
bc7b3cd4bc2f3d5d
3d11bdcc3ca23cb9
3dad3d1b3ce23d2e
3ca0bd423d8d3cd7
bd053c103d74bafc
3b943c5bbd18bd1e
bd9c3d2bbc203c2c
bcf93c1d3be7bc0a
3c8d3d3d3d1f3d28
3d52bd0b3d493c60
3bdebc9cbcd6bc42
379ebdbebd303c7e
3c97bd6b3d173cb7
3cc43d2c3d7e3c71
bc503d3ebbf3bd06
bbdf3da03c433ce2
bd1c3af8bc8dbc8d
bd80bd3dbd43bded
3ca23daa3b36bd8b
36713d26bc9ebd2b
bdc0bc2f3991bd3b
bae2bc423cf0bb33
bc88bc51bd19bd4a
bd40bc473c503c4b
bd98bc1dbda3bcf9
bd33bd9bbb0e3d5a
3c46bcbf3ddebc95
3d4e3cbebd06bdb6
bd8abcfa3d123ca0
ba863cd6bd1b3d3a
bbaebcdc3d103d84
3b1cbd42bd2c3cb5
3d613da03cc73c10
3ba7bd203d0cbaee
3d913c4cbd38bcb0
3d933ce03d0d3c67
bc06bc913d883d87
b8863d83bd3c3db5
bd86bde6bdbdbd9d
3ad1bcb93baabc8f
3ca13d95bd6d3b79
bdb23c983beabd95
bd0bbc93bd16bc3e
3d643ca2bb0a3d4c
bddc3cb2bcd8bca9
baa23d2cbccdbdc8
3d33bd0c3b99baaf
bd78bd203c88bd0e
bc92b819bd6e3be0
3bc03b053cb0bc7d
bb21bd44bba73d5d
bca73c313abfbca5
bd2eb9e13bdbbcfb
3d2e3cbf3c3ebc0c
3c5f3bad3cd4bcc9
3d3c3d793d2f3cf8
3cdfbcb63c313ca4
3cbcbd9f3df33d3f
3d473bf7bcc33d4a
bd9bbd0abd8cbc5c
3c1cbcc3bc903d4b
3d8a3cbcbcd03d84
3d583c32bcd03da6
3d10bc3c3c9d3c09
bbfc3c273c7bbc8f
bbb53cb43d4e3c58
3c58b99abc293d6a
3d6abbc73c91bd3a
ba593bd13d6bbd01
3d2ebb3ebd12bc9b
3d33bd293d9abbaa
3d233d463d343c18
bbc23d99bbae3cd5
3d4b3d17bd263da8
bd5bbcc7bd6f3bc6
3c443c7ebd583c7c
bdc33d11bdabbcb7
bd1bbbc93cacbc2d
3d4a3d173d01bbf5
bd4dbd2abc32bcf1
bd48bb87be0bbd4b
bc903cd6bd083bd7
bd013d14bd183d54
3c02bc55bd1c3d52
3cb2bd0d3d863d01
bd873d97bd8b3cd9
3af9bcde3c47bca1
bd94bb9fbb62bd90
bd5b3cf03c13bd1b
3c2fbc873d483dbe
bc8d3da33d463c89
3b943cf5bb983d82
3c323c363cb33bce
bd093cdc3d3dbd23
bc84bd763d56bbdb
bd35bc4cbd6f3ca9
3c8e3bc33b983e02
3c62bd0abda9bc09
3ce13acd3c06bd61
3d863caf3af4bcc1
bd9f3d90bb32bcc9
bd78bdccbddebd55
3c8a3c70bcebbbb2
3d683cfbbc49bb81
bd4c3c943de03cec
bd533ca13d3d3ad0
3d023b0fbd29bbd0
bd31bd1c3bd83d20
bcf33cb5bb343cdc
bafcbd933d073caf
3af1bd3dbce43c5f
3baf3d9bbd413d29
bd45bbc2bd7b3b51
bc133cd43b8c3c9b
bd5ebd83bbb93ca1
bbb73c8fbd0f3d58
3b9ebb763caf3d04
3cb53d1ebc8cbd5d
bc5fbbd8bdd53dae
bb28bd28ba5a3c00
3c95bd443ade3ca4
3d223daebd2b3c9e
bdcbbe16bde0bd61
3cbc3dd5bc93bcb0
bc5e3c83bd36bd83
bc50bb2cbc093cfa
3cf53abb3d583db5
bd5fbcc9bd9bbc3c
3db0bd503cf13cd5
ba01bbac3cc03d78
3c50be04bc92bb4d
bcb8bbd3bcfbbccf
bdb5bcaebb8fbcd7
bd5d3d463d563c8d
3d073afbbcc3bb03
3d71bca33d5f3d21
bc68bd163d2bbc90
bc323befbd5a3c16
bd8c3cd1bd45bc92
bc91bcb63baabbba
3b0fbb4d3d6f3d38
bc333cf03c483d0e
3c81bc0cbc663c81
bd92bdb3bd4abdd9
bcd63c333bbd3d17
3b92bd03bbc4bbdf
3d08bcad3c29bc92
3c683c92bbec3dad
bd12bd04bdbbbd4b
bbc73b973d17bb46
bb62bd66bc4cbd18
bd153d10bc63bcbd
3d163c78bd103b71
3db1bc993cc9bc8b
3d40bd8a3da33cf3
bc843c78ba543d38
3c6b3da7bc6bbbf7
bbe93cf2bc9cbc0c
bd36bdc03cf9bcd9
ba34bd86bd5d3d83
bdb0bd733d63bbc4
bcbb3bbd3dcbbc78
bd6d3da53d19bc95
3d64bb623c9bbd14
be1cbdd6bde8bd6c
bb51bc093cc23d07
3d083c583d0abca0
bca53c6d3c06bd33
3c5d3cb13caabc61
3d723c533b84bac9
bcbebac6bd3bbca9
3ae93cd9bd82bd86
bcbe3cddbd1abd0f
3d35bd203c7b3ca8
3b8cbd523c233bb1
bc1a3a8c3cd4bc88
bd07bc513ca3bd82
bcf5bb10bda5bd85
bd093a95bc19bae5
3dbc3c12bc03bcbf
bcb43d7b3d47bb12
3c7ebd92bd2e3c20
3d00bbf9bb8c3c96
bca13c60bc8fbcd9
3c91bca13cdbbba4
bdb1bde4be09bdf2
3983bd2cbd483bc2
bcdcbd073cc5bd00
be07bc81bbd1bc15
3c71bd25bc0e3d52
bd74bc68bc59bd8e
3cc2bcca3c813da8
bd2b3bc43d883cfc
bb083dbd3d0f3cd7
3c523d01bc223c0f
bd2a3ca0bce3bcad
bc21bd333d84bc11
bd3e3bd9bcfe3da8
bbcb3c78bca4bc55
bd48bd7e3ca83ab3
3cecbce83cdebd37
bb89bc87bbed3b2b
bbcebd0ebd243b7e
3cb33dabbbc33a9e
3da53c07bbd23d1d
3d173bc93c5dbb1b
be16bdeebcbfbdcf
bd1b3c06bc3fbdb6
bd8f3c823bcfbcad
bc84bc033b55bc22
3b8fbb893c3a3d05
bd523c3cbc37bd45
3d2a3d32bd1b3d5c
bb56bc353c34bc11
3d2ebd843d5a3c0a
3cfbbcb3bd573bff
bd083d47bd9abd1d
bc303ccf3c253c8b
bc13bcc43d47bd17
bc22bd3a3d833c76
3d0f3ca63b8a3cbb
bb71bd5e3d40bd76
3b8b3c903cd9bbb6
3cecbce03d363d62
3bb1baa1bbc23d30
3d98bd363dc83d11
3c4a3b29bd643c10
bdb5be12bd81bdaa
bc1e3d19bdaf3c98
bda93d603a243cef
3e023c81bb9cbc91
bcb23d2cbc283d1e
b9eabc58bc9d3d20
bd2ebb983c62bc9c
3d713ba2bc583cb3
3bdfbb1f3ccabb46
bcecbd82bcf13b32
3ce73d34bd163cde
bd9b3da4bcb33d36
3c63bc1f3ab5bcab
3d3cbd743d46bb4b
3c76bc27bd0ebcab
bc593d52bcbebcfa
bd14bcd4bd043c2f
bd193d943d5bbd30
3aba3c843ba23c80
3a4ebad03d6b3bc3
bd813cf8bd353cbb
be0cbe33bde4bdaf
bd58bca1bdb53d59
3d45bd113d11bccd
bd383cbebc183bba
bd853c2dbda9bb53
3baf3ca13d98bd17
bc683c963d073ca4
bcc9bc4e3c5a3ba6
3bf93ccb3d01bc80
bb973c7a3d12bdb7
3cb7bc9fbd773cc5
bd2a3c81bd763cfd
bcaa378dbc99bd48
bbc13cad3c97bbbb
3bb33d0b3d1ebcf1
bc39bd0e3ca43c73
bc9d3c0ebd91bd26
3d64bcd23caa3d4b
3c98baa03d863cca
bd8dbbe13cb53dcc
3b9ebc023c533de7
bdb0be2fbcb4bd2c
3c8f3d243e01bc35
bc46bdc03cde3d08
3d41bbfc3d35bd0c
3d6f3d5c3c6ebccc
bd16bd993d223d38
3d003c25bdf2bc82
3d143d7abd72bc7d
3d91bc6dbd663d63
bbe1bc9ebd4abd4a
bc993c16bcc5bbf4
3d983dd13d4fbcf1
bc50bc943c703cb5
3c873cd4bd8ebd44
3d923cb8be29bc5c
38b8bd1abd133ce5
bbbbbd31bc173d15
bda1bd9c3c8ebd2b
bb093c37bd3d3c4e
bbf5bcf1bcbfbd26
bc6bbd26bc1d3d71
bcd8bddcbd48bd91
3c9c3ce8bc913d13
3c02bc4bbd1d3c45
bcd6bd873cc33bc2
3c4a3aea3ba6bb99
bd5d3c08bca83de6
3ba2bd3abb9e3c5b
3b21bce4bc93b7c8
3bc5bccdbb8d3d55
3c9bbba9baa2bcc7
3cd83ca63a62bc75
3d08bcfb3c4ebd73
bd60bd3a3bc03bfd
bcb6ba353d02bc33
bbadbd13ba573d1d
bc573c95bc993cfc
bd5c3bc4bcd93c6d
bd26bb09bd80bd51
3acc3cc43cd6bd8e
bd4bbc483d1dbcb9
3ca23c843c3d3ce0
bdcebd87be3d3c1d
bc5abd073d31bd38
3c8a3d2fbb8f3cd9
bd9d3d773c3a3c5d
bd87bd4b3b92bdb8
3deebd04b9dfbd88
3ce03c29bc763c43
bb04bd1dbd24bce8
3cbd3dcbbda43d20
3d873cedbc883d67
bc8a3c333d56bcba
bd1fbd83bb08bdd2
3c21bd3f3d7c3cfb
bbba3d40bcc13d82
bca53cb3be20bc8f
3d003c703d0c3c2f
3c17bd8fbab6bd94
3b043e24bc8dbcd0
3ca3bc693bf03cee
bbdabd4d3caabcee
bc5e3d4a3da7bc1b
bd81bd91bb8cbdf0
3ce8bc6e3ce2bd94
bd9bbd503ca0bc6b
3dfb3c6c3ae73ca1
3b9c3ce0bd8d3d72
bd063c6b3ca8bd30
3bf83d61bd243d81
bd853d883b7a3ca4
bd3d3dbcbd28bbbc
3ccbbced3b7fbcfb
bdff3c8c3bd3bd7a
bc9d3d4ebcc63ccf
3d27bd253cc53c8b
3d663d6fbbc33c87
bcd0bbb3bd113d6d
bbfd3c2e3c283be3
3c96bd853ca9bbec
3cf0bc3ebd28bd0f
3d50bc7bbcf9bc24
3bd93d75bd6d3d3b
bdae3bc33d80bb40
be03bd5dbd2ebd41
bcabbd893d5d3ce7
3d08bc8dbd13bcb5
bcd13cfcbd113ce9
3d983bc93bbf3c8a
3c4abbd9bc6dbd4a
39bb3cd2bccc3c10
bd533cb5bce13c34
bd163cc6bd4d3cf7
3c3c3cc5bd23bb09
bcaa3b1c3c1b3c35
bb4ebd40bd183d05
bd143d2d3d653c2a
bc933c14bb87bbd0
bdb13cbcbd44bc6e
bd403ba63ca83ace
3dc6bd323d3abc26
3c553bf1bc9c3c79
bd773cc0bd133c39
3cdf3cb63c483d17
bc5dbd973caabbfe
bdd2bda1bdeabe1e
3d36bce6bd9cbbe0
baed3d6f3d0fbcb5
bd653d63bc9bbdb6
3d313d543a44bd0c
bd03bcae3d923c2f
bd29bc973cf8be10
bc2a3c683d55bca5
baf9bd2d3d11bd68
3d1a3b7bbb293d8c
3d1e3d0cbd77bc38
3d04bc8f3c03bd85
bbe23c05bd87ba88
bd473d923c99bdc5
bd383d023ca3bda6
ba1c3c943cac3d1f
3bd3bd933d513d76
bd8a3d6d3bc03d3f
bb793cfdbceabb4e
bd753ca9bd8bbc83
3c01bd0c3cadbd22
be37bdaebc87bb00
3bd83d753d263c9e
3c943c2c3cde3ce4
bd633daebcd9bd1e
3b44b94e3d6dbd00
3d63bca1bbe2bc3c
bce93a83bd78be05
3cb83c9cbd1c3b22
3d223d31bdb5bc43
3c4fbc73bd563c46
3d71bd9c3d1e3d7e
bc0a3d163d343b68
bd3fbcb8bca43c67
bcdb3d9fbd25bd39
bd1fbc92bc5cbdbb
3d833cbcbd183cbe
3d47bc83bd11bb54
3a9cbd33bbd6bd05
3d70bbca3a1c3d12
bcb33c13bcc4bd1d
bcaebd533d9b3c9d
bd9cbdddbde8bd1e
3b93bd823ad2bd2d
bd6dbd013cbabd37
3d473dcbbd953d75
bce8bc4bbbf4bd0a
bd3f3d473d54bb06
3ddf3db4bd223ce3
3b373db5bcebbb89
bb993d4e3d0c3c63
bd5bbd283c75bca0
3b983d083c10be1d
bc82bb80bd603cc5
bac23d39bd183c90
3d67bba4bbf43cb7
3adb3dba3c123d61
bd91bd533c8f3ddb
3cd23c243c003bf9
3ca83c553a253d2f
3bcebd44bd3f3d46
3c8c3bb43b433d54
bd7abbc93d1bbd9c
bddc3b87be12bda6
3c82bc923bee3c87
bc8f3cbc3c7d3d5b
bb8ebd15bd32bd8a
bcb6bc46bd5a3c05
bd0f3ca53cd5bc83
bc273d02bd52bd02
bd153a313c71bd89
3d593c00bcadbd02
ba4b3d863ccc3d91
bce5bc333cf7bccf
3d953c2ebc30bc29
3d80bb9fbc673ce7
bc37bd94bd1dbcdc
3da3bc8cbc8dbd9c
bdcd3cb83d143cd5
3c8e3de53cf73d01
bd833ca1bd263d15
bd163ca3bc3dbc4c
3d5dbc47bd0abc12
bdadbbd73d763c2b
bdc7bd78be16bda9
3a473d84bd273cff
3d323d14bd9cbd4f
bcec3c55bd083d3a
bcd73afabca0baee
3d5b3d1ebd41bda2
bcb4bd513c6c3b3d
3c1abbd8bd88bd50
bcbabd283d2bbc20
bc1dbd173b923d37
3c3c3d23bcfb3ca4
bb56bd00bd363a90
bc89bc283b983d54
3b3cbccf3bf3bbaa
3c3cbb8c3b99bc9b
3b32bcf7bd8ebd51
bd733d3d3be23d8b
3c98bca73d6cbc4b
3d3fbca7bc3bbd3f
bc2cbdcc3d0c3d3f
3d213ce3bda63cb8
bd79bd5dbd7fbd30
bdfebb3f3dbf3ca2
bceb3ca63d3abcd1
bd8b3b37bd66bced
3ce0ba71bd47bd7a
bdaf3d003c913b59
bc993d87bdee3ca8
3bc83d7dbd81bdf5
3c863d5ebdf13c96
3ce33c933c763e07
bd003c803d4ebc89
3cdd3d03bc06bd1d
bd38bd28bc18bd50
bbabbd49bbdabcce
3db13ce8bd2bbd02
3da03d483d88bd12
3c18bd88bc833cc0
3dbbbc94bbcc3dab
3d913d1c3c83bc58
bc32bcc23dbabd0a
bd223d5e3c43bc68
bd0ebd133ca0bdb5
bb8c3ce2bcec3bc7
3b62bd42bd1f3cbe
bbba3b18bce8bc50
bd28bd663d6abbcd
3d05bdebbc58bc26
bcf03b18bc883d87
3c8cbdbf3d013d75
3d02bd05bbb43d46
3d6d3d76bb8dbc07
3c143d143bb13a53
bbf33d40bd2f3d8a
badebbbb3d5c3d86
3bc5bd703cfe3dce
bc7dbc473d403d91
3b0bbdb13d44bd41
3d383c223d1a3cca
bcebbcad3ce53cba
3c7ebd16bd333d8e
ba4a3c543d2c3d40
3d17bc91bca4baef
be66bd863cf2bd9c
3cc83d8d3cbc3d26
bd463ca8bd433d4c
bc3ebbfd3c883d06
3d973baf3d553b88
bda33c2dbd943d6f
3c8b3c9d3db4bda0
bcf2bd3f3c9cbce5
3c48bb173c1bbcc2
3c843c213d2dbba2
bcfa3d903cadbb95
bb063b9c3da03c09
3c9fbd3dbb74bb1c
3be13d293cdfbd1d
3d76bc9a3d3dbd94
bd843d4abc9abcdf
bd1c3d06bc2f3c10
bd21ba93bd74bca5
bbd9bb243c93bc8f
3cccbd543befbcd7
bd2e3b993d2dba46
bddcbdc1bd72bdd8
bcb33a6ebc283bf1
b991bc8d3c863d50
3bffbcecbc753bdc
3d50bd573c403b9a
bc603d903d2a3cb2
bc81bc87bd0a3cef
3b8ebd5b3cb53d1d
bd363d763c04bc06
3cca3c003cf93d52
bd7bbd1f3cbbbd11
bbc1bcafbcd1bd8b
bcc53da3bc783b10
3c2f3b9abc523d22
bc7c3cdcbd613d68
3b73bd08bc83bcd7
3d3d3de7bc563c6b
3d093d52bd1c3d46
bd16bd62bb84bca2
3bf83d66bd00bd44
bc99bd18398dbd8a
bc48bd49be20bd4c
bca93cadbd543c73
3c3e3c89bcedbd3a
3ce7bd23bd3c3d22
bac8bcf5bce83d37
bd2d3c81bd0cbc3b
3d67bd503c793d8a
3db53920bd033da9
3d873c6d3c343cf2
bd5e3c8e3cd0bcf0
3d1b3db5bd8abd24
3d96bc26bd303dbb
bd37bca63d1d3ce4
bda33c00bca73d59
3d90bcc73cde3dc1
bd0fbc14bc84bcad
bd80bc313c17bcae
bc963bc4bbccbc80
3d82bd473c17bbcf
3d783c7e3d93bcba
3d533ce13c663d3a
3c89bdf9bdfabd83
bd543d48bb893ca3
3cb03cf4bc123d1d
bb993d613b22bd2a
bd0c3d37bc37bd00
3d773c2d3bc23c98
3c5bbd133d0cbcac
bc31bc9ebd023d84
3c883b97b928bc28
bbe63e043cb33d06
3c433d4abd60bc53
3a233d90bc293ba0
bc723d0a3ccebcf6
bd5e3b8f3b32bab9
bcf2bd03bbc4bd1e
3cebbcb63b553d2f
bd523cc23aa8b6fe
3d82bd8f3d423c36
3cb7bdcebb8abc45
bd9abd8cbc4ebd39
3b553d4bbdaabc77
bdbabd8abc9dbdcf
bd493d33bd453d91
bd10bc0c3d613b00
3d58bd8f3ced3d96
3cd7bd51bdc73d8f
bb2bbc513c81bd76
3ad9be003d35bb5a
bd0dbcec3c6e3d37
3cd8bcea3cc7398b
3cb23d4cbd31bc37
bd4b3cc83cdb3d39
3ca6bd11bd0b3d1f
3b663d17bd443b28
3bbb3aa83c61bb97
3d26bdbe3d0bbcf0
3d263ca7bbb7bd30
3ca8b97abbd73c8d
bd17bbb33d92bd36
bd213d0bbca23bac
bb8dbc643c42be41
bd173d65bd07bd78
bdc5bd6cbdaabbad
3d2f3dd33d51bbfe
bc10bd443c913c93
bd373c4b3cf8bd0d
3d0f3d80bc3cbd13
bc86bdc6bd483ccc
3d84bd97bd26bd59
bcdbbd293ceb3add
3d07be17bd11bca3
3c173cf43aecbd04
3c913c5b3d263c4a
3d8f3d3a3d1bbd98
bd60bb873d01bd4e
3c77bce23bcb3c6f
3cc3bd5fbc9f3892
bd1a3ae3bb2d3ccb
bba93d15bd4b3d89
3ca0bcc83c00bd26
3d98bb903ca5bd8d
3d383c863d50bc4a
3db23b72bd16bc93
bcc1bc55bd00be0c
3c97bcb3bd0fbab2
3caebbb4bc1b3d0e
bcc13bc83d823c43
3ba03b40bd90bc96
3bd7bcd23d213cb7
bc5cbdc83c2b3d1b
bdca3d193d6ebc3d
bd9bbcee3cbb3d3b
3c203cab3d8cbc45
3d743d1abd22bbb4
3d1f3d0abdb9bd5f
3c28bcf33b553c5d
3d93bd2c3b643c8f
bd403c51bcb73cf0
bc863d833cbc3ba4
3c873ca9bd24bcd6
3ce1bd0e3ca03cab
bd903b623c5d3bf2
bd85bc94bbe73d7c
3c9bbd06bd6ebd17
bdc9bd40bddcbc66
3bcf3db6bd2ebcd7
bd2d3c85bdc03c31
bc46bcf1bbf23dc9
3da93d513d3b3cff
bd75bcccbda23c86
3d50bda93dbe3d91
3d1ebd9fbca83e1a
3c29bdef3d243d87
bcafbbe03d063c72
bd5a3cd93c723cdb
3d8cbc7cbca43d24
bc2b3cb93d85bd85
3d18bc893d573d23
3d3cbe0a3d563c52
3ce33da6bd883c56
bca1bb97bdaebcff
bcaebd8dbd20bcf5
3caa3cf73d48bd25
3d343d403d09bcfa
3c723c82bdb3bc53
be45bc47bd82bd7a
bd02bd9dbda63cd9
3d5cbd993cac3d31
bb92bc373dfc3c36
3b8abb3b3d0ebd25
bce43d163db43ca6
3c163bf73c9c3d10
3cad3d11bb74bbbb
3d863d9a3cee3c70
bc833caf3da43c95
3d1fbd83bdd5bc9c
bc613d593d91bcce
bc4bbd47bdadbd08
bc473d323d863c83
bb323c483db4bd23
3e003c073c943d31
bcf63cac3dbabc0b
3ccfbd1cbdc13d84
3d94b937bd693b68
bdbe3d16bd34bcb7
3cd53c733c013b6b
3bbf3bf9be0dbe4a
bc4b3cc63cf2bc9a
3d77bd463cbcbd21
bd613ca1bc4abd34
3cef3be53cd53ce9
3d5cbc06bd953c61
3d10bc453cf73c27
bc0a3d923cbebd81
3de23d5fbd18bd23
bd013b853d043e0a
3d21bd41bb36bc06
3cf23c87bd4bbcf8
bd453d233ae5bb00
bd0d3d153c13bbbc
bc3f3cb2bcbd3a81
3d1abcef3d70bd50
3c28bd06bd603d99
3c3bbb893c313ddd
3d3d3b17bcaabda6
bd843d1bbcd03d2b
3d9dbd0cbd6a3c51
bd97bd43bdf4bd65
bd2e3d93395f3c22
bd1fbd8abc88bbee
bd3d3ccb3cf6bcfa
3d133ce43d12bbb3
bca7bc82bc6e3afa
bcffbc263d8dbd94
bcb1bc1cbd5cbc97
bd8cbca33d9bbd09
3d053cd8bc9abb93
bcb2bd21bd893db4
3c45bcb5bd163c51
3d323c893d823d0f
bd853d593c3fbd85
bd993d5b3d18bd60
3dafbd8c3b82bca5
3c63bd2a3d1bbc36
3cbe3bbabd883c47
3df3bc433d653cdb
bd0a3d363d75bcbc
bd3d3bc8bcb7bb1a
bd7bbe02be10be02
3b1bbc2f3bb8bcd8
3c9abd433c623d17
bd463d3e3cb3bd2a
bae93ca83c87bd03
3c8abd27bc9dbc0d
bcdbbca4bcb13bbb
bd3e3d28bc95bbfa
bcbd3c63bc833be2
3c39bcfebbbf3c34
3d08bd46bccf3c27
3c77bc69b8f2bc53
bcc63d563cb63c25
bcfa3ce33bab3cf6
3bb2ba0f3d53bd30
3d2a3d1dbc473cec
bbd0bd623d00bd64
3a47bcb63cc23d58
3cfd3da73cd63cc7
bb333c343d073cf5
3a20bd65bd773c37
be24bd5dbd45bd9d
bb3c3b093d9a3d22
bdd5bc5dbd82bd62
3bd53a823d5b3c80
3ba93c91ba823dc1
bd643d4fbca23c45
3d2fbd083d593b61
bd80bc633d923c82
bc75bd1fbcaabd40
3d583c99bcaf3cf8
3bfbbdf73cf23bce
bc6cbd1dbbbb3d89
bcf5bc8b3d823c89
bd013d7c3d533c95
3c90bbb83d233c92
bd0e3be03d4f3ccf
3d883d76bd353c41
3c983d57bb93bd15
3d883ac13afc3d8d
3d023b22bcf5bb4c
3cfdbcd6bda9bd28
be0ebd58bddfbdd8
3d08bd27bd26bde9
3cf2bd883cb33d52
3c303d63bd673d36
3c8c3d893cca3cfa
3b93bd173a27bc1c
bd983c033d29bcd9
bd3c3cc0bdb33c50
bd423d243d90bb28
bc2e3c1f3ca83e04
3d953da3bae23d44
bc043d39bbbdbd18
3c783d2d3d0cbd29
bcce3c21bc083bb7
bd783d1abc3abc0d
3d303d333cbd3d8e
bba9bcc8bd093cf8
bce43c75bda2bd87
3bb63cbf3da7bd78
bd5f3d6a3da83da2
3d34bd21bd243d45
bd79bd95bdbebd86
3d80bc9d3df03da8
3dabbd2c3d15bd55
bd46bd88bd303d46
bc9e3d363bd83dba
3de4bcc23cc6bd82
bd973cd7bd873c01
bd7bbd0e3c8ebd87
bd44bd85bd99bcb8
bcc43d51bb8c3dd6
3d2c3d18bd123d70
bd833cfebd4f3d2e
3b9ebcd83c62bd6b
3c5abcc43bbcbcfc
bd9dbd48bdd13cc0
3dc23d783ccbbd0e
bb3dbce23c05bcf5
3a653d6fbb7abc77
3caf3d2bbc993d6a
3d703d15bd0f3d02
bc6c3b4d3ca6bc96
bd60bda2bd9abdb1
bc41bceb3d49bc62
bcf1bd89bc993d8c
bcb73bccbc3d3c50
bcad3c703c9cbd85
bdd6bd7e3c07bb8d
3d7a3d623bbbbd63
bd82bc133dffbca7
3cd8bc4f3cbebcc3
3cfb3c2f3c563d49
3d43bd2cbad9bc34
3cee3b5c3dc1bd76
3bc63cd7bd263af5
3c803d69bcdcbd8b
3c0d3d153d393cda
bd0fbd74bcc13d29
bd04ba9dbd003d88
3ce1bd6abd253d01
3d9d3ac03c9ebd58
3d883d6abd9d3d0f
bd49bbd6bc1cbcc7
bdc0bd18bd0dbe17
bd64bc4b3d103db0
3c80bb493c9639c7
bb813d08bcbabcc3
bcd53c673d313d1f
3c99ba42bd44bc63
bd0cbc79bd85bd89
b9a23b5e3cd63b95
bcde3c0bbdc8bd6e
3da13ce03c503ce8
ba953af3bcd33d17
3d883d083d1f3d66
bcbc3b7cbd4cbd65
bd44bd80bda5bccf
3cbb3bb4bd88bd48
bcdb3c97bc8e3cef
3d2ebd053d733d65
3d15bd61bc46bca7
bc62bc253ca23ad7
bc27bbe43a5cbd27
3d903d343d14bca6
be53be35bdb8bd8a
3c9fbb76bbc23d22
3c05bb273b09bd1b
bcb03da03d093cd7
3d463bf4bd19bb8e
bc26bd123d3cbb55
3db13d33bcf53c3b
bd973b513cd0bc49
bc8b3d213c993b83
bb6ebcdebdd13cd7
3b993abe3c34bc2d
bc18bb353bd1bc84
3c4c3cec3d193c97
bc953cd2be083d0c
3c183bde3d4f3cf4
3d2fb9c33cdd3ced
3c58bd573cad3d58
3b3aba87bd8e3dd0
3d2ebcb3bd473b39
3ce93ceabb70b98d
bd4dbd213cd6bd96
be1dbdddba75bd3e
bd913cbabb833d3b
3d11bd223c293d94
3cb93b21bccf3c93
3cf5bc16bc02bc5d
3cdc3d88bcc1bbb2
3cf73d013c7abc27
3d323d4cbd223bce
bcbfbd43bca73bb3
3d093ce5bc94bd10
bd83bcf5bbf83d90
bc913c4a3d423b01
bd9dbce4bd213ce9
3c1f3cd2bd343c0b
3c213da3bc61bd62
3cd53d8b38bcbc7d
bd0f3cb1bce73c6a
3d893d843d55bb8c
bd653c99bc96bc8b
bd5f3d46bb6cbd98
3c90bcb63da2bb94
bdb7bd4dbe0fbd91
bccf3ca63d393d09
3dd43b7a3cba3d02
bc1e3d21bd05bc2f
3d583ac6bc263d9f
bd113cd03d39bcfb
bcf53c93bb113c6a
3d0d3cb53d0dbd18
bc403c87bc61bcb1
bd47bcbc3c8fbd1e
3da53aff3d63bd5c
3b943d1ebb8e3aa8
3d1a3d03bdb83d22
bc6e3ce83c0e3c9e
bc933d58bc9d3d36
3d9f3d20bda3bbaa
bddebd363c4c3c23
bbc43cf73c45bd0c
3cfa3ba4bc3abb4e
bac33d0dbd89bd17
3c6abc2ebb3bbac3
bd6dbd8dbc41be28
3c623dd6bc0f3ad1
3b6fbd0bbdaabcd3
3da63ccbbd16bda5
3c9e3d963cb23dac
3bbdbd4ebdcebd07
3d07bd3f3d63bdaa
3d6fbd20bd56bb09
3b9abd923cd5bd36
bd113cee3d8f3d7e
bcd6bb8cbc6e3d82
3cc43d9b3b35bd7c
bd30bd113b063b99
3d793c013d01bc5f
3db3bd0fbce0be01
3c64bd01bd933d54
bc8c3c55bd83bb13
bd26bcad3c02bd5f
3d0bbcd83d003d7d
bc44bd543c8b3cff
3d43bd16bd093c0b
bd86bd80bdabbda8
3d3dbd083cd1bd8c
bd943ac03cecbd5b
bd1e3c3fbd053d11
bce6bd2bbbbc3cdf
bc74bd6a3d073c92
bd88bd8bbd0d3d8c
bdcabd283ae73cd4
3cc3bb72bd01bcc2
3bc9bd163cdfbc55
3d0ebc58bcbebdae
3b29bd3cbcfdbd31
3cca3cc2bb313dc4
bca3bd243d17bcb3
bcd8bcd03cf0bc7e
bd7abdc33d093d9a
bc1a3d403d61bcf8
3ca4bd0d3d8c3b9a
3c37ba82bc53bda9
3d693d71bd793cb9
3d013c65bd80be13
bdbabcf7bc97bdb6
3d543c8d3cbcbd46
3c0fbd8e3c103c14
3c5abd6c3bbe3b77
bc8cbd19bd29bdcb
bc1ebdfe3c5bbc7f
bdc03c94bd9e3c4e
bcacbb64bd36bddd
bcee3d13bbf33ce4
bd353d49bb91bcb0
bc1bba453d8cbd21
3c503ce3bd8d3c1f
3d21bd4abc043d11
bc46bd9f3c983c0b
bd3c3d33bda4bd96
3cc3bb1e3ca2bd8c
bd29bc2cbd16bd4d
bd4abc583d093d9c
3d9b3dcfbcb9bc2b
bd0a3d25bd543dac
3c623d843cf83c21
be12bd52bda2bd8a
3bbfbd1a3c6fbc04
3b24bd26bcc0bc96
bd56bc8b3d5ebc73
bc833d0f3db3bc30
bcc2bbbdbceebd74
bccb3cdd3da83d07
bd813d3bbc483c81
bd113c293cfebcf5
3ca83c7fbd113e29
3ceabc513c8a3d24
bd01bc273e0a3dcb
baab3c5f3c273d37
3c11bcd33d7a3c5a
bd673c953d0bbc49
3d873d2bbc5c3d45
bc4c3cb03c883d1b
3cc0bd12bd4cbd8b
3d053c233cbdbdf2
3d353d8fbc7d3d4c
3cd63b29bcb13bc5
be1abde5bd7fbe0f
bd1e3d19b9c4bd54
3c733d82bd27bd1d
3b8abc49bcdfbd94
bc61ba723dcebd88
bc9b3d33bcb73c84
3c4ebde7bb473c0f
bba3bd093c9c3d22
bd0abd6abd2e3b1b
babbbab8bb973d22
bd223c893d483c13
bd19bc7b3d86bc25
bc083baf3d483cb6
3d8cbc993d94bd62
b993bddb3d063b9f
bd5d3ce5bcfa3d76
bc983d15bd143d3f
3d41bc07bd25bccb
bbaa3c413cd03d36
3c533d01bc9abd57
bd843bafbca4ba60
bbd0bde6bdd7bcf5
3d723bb1bd813b50
3c1ebc93bd58bcaf
3b4c3d2c3d873cbd
3d523d393d143c52
3d01b9acbd30bd40
bd4ebb42bd8a3d68
b71f3d28bc493c67
bd70bcf6bd433ce7
bccfbc413cc03bfe
bcda3c54bd00bca3
3ccb3dbdbc5dbceb
3cf73c053c15bbf6
3d343b9a3dab3ce8
bdc83d9f3cb93cdf
3da0ba85bc4cbcf1
3db6bcd8bdefbdb0
bb39bd383cbe3d25
bd823d253d0b3c86
3ccebc713c523d31
bca53bfebd53bbfc
be02bdc1be10bddd
3ca03c243c9e3cd8
bd793c89bd53bc3b
3d883d88bd15bc36
3c4b3c92bd473c8d
3d763d383d993cd2
bd25bc98bc193d0a
3d2fbc083d863cb3
bc353d703d713d90
bd09bb6ebd5bbb0c
3b9b3bbcbd53bd19
bca4bd9dbd72bda8
bb243cd63d8b3d70
3d0f3c8b3cae3d04
3d8338dc3d3a3d1f
bcdabc813e4c3d0e
3d37bcab3c943b79
bdc2bcf5bd893d14
bd63bb51bdcf3cf0
bcc2bc953d8a3de1
bc41bde43d67bd97
bcc8bda6be04bd64
3d9a3da5bca83d05
bc323da43c4ebd3b
3dd8ba3bbc4a3c90
3cefbc1fbd483d89
bca73d4abc11bd3d
bc4dbdb5bc98bd03
3cc43d89bc8abbe3
3d453c8ebcf2bd45
bd013d323d503d97
bb5f3ca83c673cbb
3d35bcb73c383db3
3ccc3c8cbd293d16
3cbbbdb4bc7d3c8d
3c84bdca3c813cae
3bf7bc3c3c16bdc0
3d103d273d32bd2f
bcccbd2bbd32bd70
bc93bd29bd05bd3b
bcecbc17bbb6bd55
bcbeba013c2abca2
bd91bd86be38bd8e
3d3dbb563cb0bc88
3dbf3c513c1abd68
bd063d15bd0f3979
bd40bcf6bcad3cb6
3cbcbd023d2cbdcd
bd643c38bd8f3d4b
3c8c3cbbbc4dbc2d
bcbb3bbabd87bbb5
3b873d6a3d143b57
3d5cbd2f3c80bd78
bc91bc1e3cb83caa
baf93d3dbd13bc04
3c093b9cbc5e3cf9
bd20bd15bc943d4f
3d47bc6c3d93bd8d
bad73c12ba29bd89
bcb63a4dbccdbcfe
3d2abc9e3db83dad
bdca3b96bc72391d
3d29bd933c17bca3
bbeabc8fbdbfbdbc
bd1d3bffbba4bb8b
3cdfbc963a8ebd06
3d1f3cdcbc9f3b30
3cc93d6ebc393d8b
bd5fbcc3bcc6bdd0
3db43cfabca6bcb9
3d423c593c94bd85
3dd13cb33c03bd94
bd433c0b3d2a3d87
3b70bca93d863dae
3d323cc4bd843db8
bd073d803c923c6d
3b183c2dbd9dbd82
3d093ce2bda4bcd8
3d0dbd2bbcd4bd91
bd983c0d3daabd51
bc8c3c76bc423c92
bbde3a443d293d6b
bbe43d19bcb03d65
3d973c313d94bbb5
bd5cbd54bdd8bd96
3c933bc3bcd13d14
bd42bd3f3b33bd90
3d4d3ce0bd02bd26
3be63cdfbc17bc7e
bd0bbd103cb0bcfa
3d1c3d6ebd16bd65
3d43bd133d1cbde7
3d313b7dbc48bc18
bd49bb89bd443cc2
bc073baf3d16bd06
3d87bcb83d4abd2a
3d943d11bd0fbcbc
bbb03df7bc87bd27
3ca73d59bba8bd15
bcd0bd613cc83d13
bcf2bcadbc09bd43
3c1d3db4bd053d70
3c76bb13bca13d56
bcb13c993d593d47
bc903d043d403cb1
bd84bdc7bd4bbd24
bcbb3d623c5b3d85
bc28bd153d83bc42
3d15bb19bd55bac2
3d913c47bcbcbc65
bdb7bcc13d7abc9f
bc873d36bd73bc52
bdb5bc1fbc9abc34
bac73cb0bca53b83
3d82bbb53c1dbd38
3b3f3c2e3cdf3c5e
3d943cbe3901bc6c
bc43bcb3bd083b27
3d653bb4bcb73be4
3cb93caebccdbd35
3ac83c953d09bb58
bd04bd3e3d25ba8f
bc873cebbba3bca2
3d6a3d103b893d09
3c9d3d82bc983c87
bd813cb63c413c55
bd8abd89bdf2bdfb
3daabd93bd583d8d
3c75bd273c70bb2e
bd35bce33cbdbcbf
3d4dbaedbc7c3daf
3be2bd253d713bbb
bd703b243bd1bdaa
bd82bb783d863b82
bd94bca83d73bdb8
3d9abca4bd62bc1a
bd23bd7d3cc23d98
3d45bb5e3db93d90
bd793cacbd01bb01
bd633b80bd1dbd3a
bd9b3ca53cd6bb7b
3c6cbd8e3b06bc13
3cbe3cb4bc8a3cf7
bcf83d0a3c16bd97
3d083ceb3dc03cd1
bcef3cdb3b843c2f
bc60bc043d41bd9a
bd12bdd4bd12bd10
bd32bcae3d0abc06
3d49bcce3d4ababb
3ce8bd1e3d60bcaf
3cdbbc90bd353ce4
3dabbccc3cfdbcea
3cdbbcb9bd953d0e
3d10bbf1bd37bcb6
3da93ca8bc1f3c1a
bd05bd3cbc6bba89
bd8abcc3bb27bcd4
bd943b453a923d22
bd923ce63d9f3cf9
3cce3da2bdafbb04
3d91bd4cbd9d3ca2
bc0d3c673d4b3caf
bd483c463d433d4b
3db33d0dbd463ca5
be023c4cbbf4bc75
3d353ccebcb53e2c
bc75bc2e3d23bd8a
bd27bd8abd6abdba
bcc83c1bbd183c98
3d1fbce43d1b3d8f
3c0a3b70bd04bc8e
bbe3bb7abce23c2e
bdc1bd86bc41bbfa
3b1d3bd739f2bd8f
bdbabd983d15bd87
bd18bcf03ca2bd26
bcb43d8e3ccbbc1c
bd4739a53d113d18
3d0fbc9cbd52badc
bc69bd51bcebbc8a
3cefbd4dbd4fbd68
3c5ebd98bd74bdd8
bce5bc043cb63b97
bd683bcf3cb53d13
3db63d17bc87bd0c
3d363cde3d0cbc57
3dbb3acdbd60bb79
3ad7bcc83d383d31
bdcbbdf4bd92bdbc
3bc0bc8bbdbbbab2
3bbe3c883bbebcee
bc61bc163c6a3cfb
3d23bc44bc833ce8
bcf03d3a3ca13b18
3d79bced3ca3bc4e
3d61bcf63d04bb3f
bc40bcf4ba403cbb
bc03bc9f3ce73b82
bcb03cbcbc78bbd3
b6c13b8c3ba63b94
3d5cbb5cbb753c81
bc4cbd6e3d033caa
bc90bb193d81bc64
bd1dbc703d6c3af3
3d013b9e3c2ebb8d
b9b23ceb3c183d59
bd09bc47bd0b3d1f
bc133d11bda93d68
3d513d84bb5fbc4a
bdb9bdecbdbdbd14
3d083d4f3cd6bbb9
3cf5bc263d10bd1b
bd763ce13c583d16
bcf23d123c793d07
3d653d06bca7bcc8
bd06bd99bd6a3d8e
bb52bd25bc1dbc38
3ba3bcc8bbf13d9b
bd113b0d3d4dbbce
bbe33a4bbbfe3d12
bce6bc46bc793d67
bc7abcbdbc273c28
bce4bc653c773cf6
3bedbd3dbc433dd1
3cd0bcbcbc6cbdb6
3cef3d183d58bc26
3c203ba1bd5bbda7
3cb9bd52ba963ced
bd763c91bd863ad4
3cc33ddf3cc7bc15
bd8ebdd5bde4bc3c
bc24ba403dd13cb8
3ce8bd1f3b933c16
bd67bca83c993cf0
bc7f3d153d453db1
3d5cbda33c5cbd5e
3cd13c98bd363c47
bc27bdb2bd383d46
3be2bd61bdeabc92
bd05bba03b1938f1
3cf9bcb3bd35bd68
bc533d003cf43d3a
ba27bc9e3c6e3ce9
bc95bcb8bb8f3cd7
3c9dbb2b3b953d6a
bb823d083d18bd84
3a8abbdebc6abb16
3d133bd03cf93c25
3cf33d2cbd7cbccc
bcdf3d42bc9d3c43
3cc0bda8bba43bab
bd04bdc4bdd8bdf4
bc89bc7ebd8ebc0d
3c87bca3bcf0bd87
3d25bd1f3cf5bc2e
bc313ca33d4bbdbb
3ac6bc113c24bc8a
3ccbbd4b3c49bdc4
3d93bd90bc5fbd79
3d2abcec3ac9bdf5
bcc1bb4cbcc23c76
bcff3d353c48bd5d
3d35bbc93c5ebc95
bd033d623d283d2a
3c92bd463d0dbd0a
3d0ebbc03c75bddd
3d02bd853c403dc6
ba7f3da03bed3d1b
bcccbaedbd333cff
bd16bcf33d1b3a38
bd0d3d733cc43d8d
bcbabd24bc55bc5d
bc7dbca4be04bddb
ba53bbd6bcf7bca9
bddb3c6e3d1bbc42
3d023cb03d533cd0
3d14bc83bc0e3d51
bd8cbc363d47bd05
3cf33d8a3d7e3d88
bd3f3d8fbc433cf5
bbf73c1b3c7f3cab
3cb23b97bd7b3c92
3ca5bd6abd1cbd46
3d883d03bd853b76
bd023c2cbd56bcb5
3cd43c473dcf3d43
bb99bd663c903d27
bd5c3bfa3bd33bad
bcec3d16bcd6bb0e
3d453d60bd19bc92
3d473bd23dd3bc32
3d68bc81bd513d09
3d2ebdf2bcef3c94
bddcbd36bdd7bd13
3d1ab8b3bc72bc7b
3c8e3d21bdefbda2
3c1a3d193c053dad
3d173d113d2ebcc1
bc8bbc823bfe3d5c
3d6c3d24bd093c95
3c97bcfdba4b3cd7
bc9cbd4a3c8f3d1e
bc7fbd54bca93c5d
bd7f3c19bdafbd72
bc783dc7bcc93cb9
3d62bd4a3d263d4a
3c14bc623d3e3db0
3c753ca33db13d69
b9633d21bd423cca
3c21bc18bc19bd8b
3d723d3c3ceebc8a
3c8cbb2f3d453cc7
bbe3bc303d37bc5c
3bde3b3bbbfe3cb6
bc07be26be0cbd3f
3db53c603c983d03
bd91bc203d583c61
bd02bd17bdb8bcd7
3dabbcafbd3fbca3
bc1a3c1cbc9cbcc9
3cafbcd4bdaf3c13
3d1dbcc8bdb5bd9d
3c803d29bd233cd1
3ccc3b683c00bc9b
3c983da03c23baee
bcc43bf7bd503bca
3d533c5b3d603c82
3e09bd143d33bcec
3dc43ce7bd2d3d1b
bd083d2e3b463cb8
bd0f3c25bd543d3e
3ce73c113c91bd16
3d3b3cf63cb6bcbe
3bb6bd1138d8bc88
3d2d3da1bc5c3c39
be0bbde0bcfdbdd1
bd593d013d24bba0
bdd73bc2bcefbcd0
bd19bc0d3cffbb15
bbcebcb93d4ebbd4
bd3dbc35bd703d30
3c9e3b7a3d723c0c
baab3c47bba73d15
bc973c793be4bbde
3c39bcb4bbbb3d08
3d4ebd1bbb14bce6
3c713d5c3d943cdf
3d373b56bc8d3d64
3d193c6f3ccfbb86
3c323a8d3c72bc73
bd44bd323cd13d73
3cc9bc9ebd4fbd02
3c503cef3b83bd08
ba003d973ccb3bb3
3db93c1d3c923c53
3c00bce5bd3dbd1a
bd68bd95bdbfbd33
b90f3d55bbb1bb54
3d5dbd723c4d3bcd
bcb13da4bc6d3b53
3c983c493c39bc0e
bc1e3d053d253cd8
bd6bbca2bd263d05
bcd7bbb6bc043d4b
bda0bcf23bb23c95
bc8dbd5e3bcc3c41
3d00bc7a3cbfbc4e
3cee3d863ba8bd08
bc60bc52bd063d0d
bc583d3dbc7ebc49
bd0bbd4abcc03d1c
bc9fbd21bc7b3d09
bd373c853c5c3b0d
bc8bbd5ebce53b46
3cc33d68bc603d40
bb82ba84bcea3c85
3d2b3d153bcdbd3c
be3bbdf8be29bd8e
3d4d3d26bd963d42
bd03bd3abb393d95
3d873b543c89bd0a
bc693d423c573c94
bd8fbd643d263d21
bb2f3c413d81bc9c
3c9b3cc43d8c3d85
bc903c5a3dad3cc4
3c513cfebb1b3c77
bd1f3ccfbd873c5f
3ca93d0cbb04bc69
bc78bc3b3c0dbca8
3cc9bcb53d13bd2c
3c963d733d35bd55
bd22bce73b923d1a
3cdfbd21bc713cd6
bd32bd0bbc98bc7a
3c9d3d28bd03bc7a
3d6ebd46bae8bd89
bd0d3b9ebd0a3ce6
bce6bce7bd8abd88
bc203d08bb06bd06
3cfabd0a3d39bb81
bca1bd3fbd323b85
bbddbd11bd91bd68
3cd3bd4f3d4e3d62
bcc4bb57bcbf3bbb
bc43bd163d81bc75
bd3cbb873da9bcdf
3a8e3d59bdaabd10
3c793cd43d44bcbc
bd6cbb293a18bd5c
3b64bb55bc8d3db0
bd73bd97bcfebccf
bd0ebc8b3d2a3d18
3d003d873d8a3c90
bcbc3d0fbc373dc7
3cf4bc1bbd843bc6
3cbf3dae3c48bd96
3cc73b873c5b3da8
3cb9bc933d88bd64
bddcbda0bc0ebc0a
bd263d38bd6a3c33
3d97bd68bbe73d6e
bd82baf2bd903b5d
3b9b3dd33d98bbda
3d1d3ba93adebc17
3c4bbc033d56bd1a
bc873d023d0ebc59
bbc3bccc3b45bd18
3d19bb743d28bca0
bb873d2fbcbf3d00
3c0b3dba3c1e3b61
3d033b883d16bd0b
3c903da93cf03cd3
3c3f3cd03c40bb86
3d56bc8a3d1abb64
3d0ebd12bcee3ced
3c46bda13d5fbbd8
3d4e3c32ba5ebd57
bd14bd243d60bbd8
bd8c3c8ebcbb3d2e
bcefbd48bd48bdf0
3ca4bdf53d93bc59
bd47bc82bc56bb66
3cb9bd893d093d2c
3d56bc263e023bca
bcfc3c5dbc9b3caf
bc763c233c073c32
3d17bdb33ca43cf4
ba27bccebc193c61
3d003e52bc3dbd04
bd833cb63cd4bce7
bdac3b523d9d3d02
3cdebdbc3bb73d49
3d45bcae3dc33d2b
3d23bc963d87bccd
3c16bd38bd1f3c7d
bcc23d8c3c59bd34
3d4e3dbbbd0b3d16
bcc5bd26bce4bc1f
3d363d3abd883c0c
bd593d30bd00bd09
bd7bbd76bd07be28
bbaabca53d1bbd26
bd50bd6e3c6cbc9e
bcd2bc18bb323d49
3d25bc78bc3cbc75
bcd939ca3c90bdb7
3cd3bcf6bc2d3cf0
3c4f3c1c3cb3bd77
bc053d023c09bd1c
bd2bbc96bbf8bcab
3d4dbcfb3d1d3d54
3c75baf03c3b3c76
bc8f3c90bd56bd08
bc5cbd0abd4f3cb7
3af63d2ebbab3d18
3d47bd84bc3dbcdb
3d143d20388fbd17
3cac3b9cbd54bd13
3db4bbd53d843cc0
3c583d78bcf13cc3
bc73bcc73d823d47
bdcbbdf1bdd5bd05
3bab3d873aa9bbd0
bd0139fc3cf9bca5
3cc93d25bd083ce0
bacebc8dbbf9bd10
3b70bd813d92bc38
3d14bb503ca93beb
3db63d143d32bcc7
3d66bd633da33c32
bb24bdb93c183c1d
bc89bc743b063b25
3b973dcbbceabb7d
3c6e3e2fbcb13ccb
3d7bbd38bcf33c52
3cc6bd3e3ddd3d89
bd173dd5bc5cbc73
bc9e3900bd1fbc97
bd1e3bdbbd2abddb
bd033d203d83bd28
bc043d80bd863cfc
3c1ebdbe3b903bd1
bcd0bdabbadbbd12
bc39bcecbc2ebc41
bcf9bba3bd25bd1b
3d06bda13c6cbca2
3d8f3b23ba4d3cfd
be17bcc1bd74bcbb
3aa9bd623c133d85
3b773ceabcbf3d77
bd21bdc53d723b89
bcfb3c373d4dbd20
3d9c3c313d013c86
3dc03b4cbc863c4c
bd4ebc113d783d0e
bd90bdda3cf33d9d
bd8abd34bcb03d07
3d633c93bcf03bef
bd493d4ebc91bd6e
bd10bc71bc8ebc4c
3db43d71bc38ba11
3b693c903d3d3c96
3d2ebc4f3cc3bbeb
bcf8bd48bd85bda2
bc8f3cab3de53d45
3db4bd8bbaaa3d4d
baedbc683d59bc6a
bd583d5e37813d71
3da2bd303d55bbf9
bdac3c7fbc9fbd09
3c3d3cb33d1abd10
3d02bca53b91bd15
bc463c9abd5b3d18
baddbca8bcab3d90
bdce3cf8bca33d4e
3cc1bc6f3d3d3cea
bc343c883d66bd9f
bc013d52bd83bd88
3c1abd663d11bbff
3d87bd473d983ca1
bdbebca8bccb3c8c
bd83bc48bd653c06
bb373ab33c34bcf2
3c04bd22bd923d91
bdd7bd92be01be17
3b973c0d3c0a3cea
bcf13bdb3d5d3b0e
3d28bcb9bbfd3d89
bbb7bc98bc24bd8a
3d69bce53b40bdc6
3ac73d4fbd553c0b
bb433bfebd3ebd72
3cc03c873d883de7
bd95badbbd0ebc85
bd03bdbb3c6f3dc0
bcb63bd9bc603c6e
bbd13ceebd133d80
3da43d7cbd433d4a
3d313c98bb263d3f
3d54bcb53c3f3d78
3d13bc17bd1ebca4
bca7bccc3d0b3d0f
bc4d3d013b2f3d13
3d783cdbbd2fbd62
bd00bc873c2fbd83
bd9abe03be06be1b
bc923d073d563ca6
3d27bd0bbcb4bc35
bd23bc0dbab9bd95
bcae3da33ba1bd3f
bd863b983ba23c27
bc52bc3839213ab1
bd34bc823ceabc4c
bc28bd823c763c36
3d873d12bcebbb42
3cfe3cc0bd303a83
bd4a3bddbd51bc52
3c8dbc2d3d2fbd11
bc20bc993d4dbd23
bd0abda43d4abd04
bc843d24bd07bcf2
3c34bc863ca1bd43
3c17bc363cd6bd18
3c623d68bba2bc93
bc26bd1a3d2cbda0
bb123d8bbce53d80
bdc6be02bd2ebdbd
3c8dbc543d3bbd06
3b583d39bc45bb26
3d203dac3c7a3d60
3da73cf8bc823c1c
bd49bc653d81bd1a
3c72bc47bc523d33
3d6a3c0fbca33cdb
3c07bcb0bce6bb83
3cde3cd03c9a3d05
bce2bd35bcddbc8f
bcd9bcb33d89bcf7
3db03d51bb9d3d1d
3d61bbe7bc9eb8f6
3cf5ba0a3cd63d27
3bf53d10ba413bbb
bc11b9453d443c64
bd983ba6bcb4bd8a
bd86bd70bca4bcd4
3bef3bd1bd033d82
bcfdbd38bd23bcb0
bd2abd6dbda7be1f
3d68bdf33d16bc72
3d173ce43d2dbd03
bbd93d1ebd553d35
bd823d093dafbcaa
3d5a3cfdb98cbd80
bd2e3d823d1ebbb8
3c523dbc3ccb3d6d
bc8d3d87bd283d2c
3b38bd55bdc53b02
bcbbbc823ca1bd3b
bd503d4e3d5ebc50
bc993c9fbc88bb92
bd9d3cc7bcb1bcbf
bb333d6b3db73d71
bd1d3cd43da8bcd3
3d77bd04bc51bcc7
bb3bbd853d183c39
bd53bd1d3d8c3d8c
bce73c32bd023d34
3d113d273d50bd6d
bd9cbcd3bd2cbda1
bc203c9c3cf5bd98
3dbdbd4bbcc1bc0c
bca23bbe3bd3bd3e
bcbe3d483da3bd04
bbb9bc79bdc13c58
bc5a3d4e3db2bcac
bd9abd56bcc03d43
bccabb333d01bd1d
bd1c3d82bd863bf0
bcaebc7fbc263d8a
3ce73cb2bd1b3d18
3bd33d97bb9cbcc2
bc96bcf43d73bd26
bb213cf83cd8bb28
bb93bd123d623dfc
3cba3caf3c0abc5c
3d5ebda3bd58bd5c
3af13c8a3c5d3de2
bcad3cacbba5bd34
bc76bd973d183ad5
bda7bdd0bddabd13
3d4dbc8fbd0bbd21
bcbb3d343cbbbc3c
3c13bc473b9a3cc8
3d103d20bc84bccd
bd9c3c5b39a53dc9
3c66bc11bcf23ddd
bd4cbc46bcce3cb5
3d19bd303c963bd5
3d633d20bdd53c7e
bd05bc053b2c3a32
3ce63ca6bd3cbcc0
3c91bc20bd3cbc6d
bc68bc6d3a8a3c8f
3c1abc6c3d113d1b
bd3f3caf3d96bcf4
bd2bbb3fbd18b95d
bc74bc6e3bed3dbd
3d4fbcc2bd97bd0f
3cf8bd803c05bdc0
bd603d103d60bccc
be0cbe46bd96bc96
bd14bda33d1fbdaf
3acbbd50bb35bd36
3ddd3b09bc133b29
3c48bc573c0a3d2b
bd60bc9f3c89bd21
bd9f3ccabd34bcd6
3d7a3c98bd0abc47
3a8a3d15bd85bc0d
bd873d7a3c813d98
bd31bc5d3d063d03
3bda3cc1bc77bbcd
3d423d1ebd333c88
3d263ba3bd763cb6
3e0c3bddbcf03d70
3c84bd653c823c89
3bdb3c983d1b3cd1
bbabba9fbdadbd24
3d993c5f3ce53d84
3d473ce2bd4a3d3f
bd633b0b3d0fb9e5
bdafbdefbdfabd84
3d18bd72bccf3c30
3c56bd74bc5a3cce
bbf7bd3dbd37bc6d
bcf63c83bac1bbab
3cc1bd5a3d1f3d6a
bd923a013d3dbd15
bc0dbc9e3d73bc5c
bd1e3d023da93c2e
bca5ba4fbbe6ba21
bd74bd0aba8cbc26
3ca8bc823d32bd02
3d15bcafba443c52
bbc1bd5ebc21bd9b
bd76bcb03c95bd02
3c04bd973cdebd15
3dbc3ce8bce53d64
bd753d2abc8c3c04
bd5d3d833cc3bd57
bc973d453cda3c52
3c8a3d3fbb8c3cbc
bdafbe0fbcc1bdde
bd0e3cc93b8a3d86
3d94bca7bd66bd61
bd0d3ca63d493d7d
bccf3db13d283c82
3d8e3c51bb88bb2a
39f93a913d9c3cc2
3cf13cc13d61bcf7
3cbb3d273ca6bc9e
3c6a3c73bbc9bd8c
3c46bd75bd1bbd2b
bd143d343d933c3e
bcdf3d623cb23c03
bd823d093c0a3cfc
3c773d113ce9bc67
bb8d3bd8bd083da0
3d73bd30bd57bcc5
bd093b81bc57bbd7
bbf8b9ea3cb6bae5
bc023cd13bba3d31
3c663a59bbcd3d2f
bd93bd6abde6be41
3d813cf63d3e3d3b
bd613d723cde3d3c
3d983a8ebd21bcea
3da8bd04bc63bbd9
3c633da53c4cbcaf
3d533cdcbda9bce4
3cbbbd5f3d383c27
3abe3b203c0cbc81
bd2e3b0dbbf7bca4
bd58bc6e3d99bbc5
3d1abd113c9a3cc8
3d173c92bcc5bc5a
3d443d1dbca43c61
3d59bd03bdbdbca6
3cd6bbbf3c99bc25
bca33d913c4b3cb2
3c0a3d73bdadbcbc
3c0fbb753cadbbf1
3d43bd60bc203d00
bd0dbc7c3d843d4d
bd8ebdb2bdd4bdf0
bc0f3d5cbd0dbc3d
bceabd873cba3be7
bcf4bd20bcd7bd06
3d133c3d3c9abd07
bd3d3c373cff3d2c
3d5a3d9c3d67bd7f
3b083dbd3d1ebc06
3d87bc933d6cbc77
3d543d333bccbb0a
bdb83b23bd8b3da0
3cc43bd5bb98bd90
bd403c9f3d033c1d
3c76bbe73c79bd1d
bcc13d71bc08bdb1
3b2e3d2e3b673c15
bd28bd3bbcdbbd33
bd293d183ba93c42
3c9dbd0a3ba33d41
bc88bcf73bd2bb16
bc12bda2bc9e3d72
bdb2bdc8bde2bd92
bd06bdadbceebc84
bd563c943c4d3bb1
bd643c46bb2cbc8f
bcd6bd14bc233d71
bcacbc90bcfbbaa3
bd2f3d8abc88bd16
bd383d1fbbc0bd1c
3d483d5c3afabd0d
3c87bd79bd063ba2
3cd8bdd13d61bd3e
bd44bced3ccb3c1e
3d303d5cbd023d58
bd043d1d3b523cfc
3c893cc93cd83d8f
3ce43ab73c3c3b3c
3d6ebdb1bddf3c8c
bd453d83bc893b3b
3c9a3d6b3cab3d02
3d6e3cd8bc473c2b
3cfabc973d1abc4d
bd7ebdd3bde0bdeb
3d8fbc10bca43c53
3c60bc983c2bbcc7
bc823d953cf73d2d
3d743cbcbd533d32
bd7c3d463c503c4b
bce8bc7e3d6a3db8
3d02bbc93d283d9e
bc1cbdc13d073cdb
3d56bca9bd05bd66
3c4dbd09bca23b66
3b6cb75cba183c9e
bd413d323cdc3bc0
bd2b3ca4bbd43da2
bd583de63bd03d5d
3c47bd15bcb8bbe2
bd29bb3abd5ebd17
bd58bd4dbd043c3b
bac6bd6cbbbe3cb6
bc743c033c8d3d7d
3d11bd603c11bc88
bdaabd6bbdb6bca9
3ca6baf6bc823ccf
3cb3bc3abc1a3d9e
bd3abda03ab4bc38
3cd9bdb33d99bd29
3c323cdc3cb53def
bb69bcca3d943d2e
bc82bd6cbd123dc4
bd57bd463d223cf7
3d043c9dbc16bd0d
3cb1bc6ebc8cbcb0
3d0fbd9f3d4e3d18
bd053ba33d18bc62
bc90bcfb3d6e3c39
bd2dbc1f3da23dc1
bc79bba7bd7dbc74
3d1d3d0c3a93bc1e
bd6e3b7c3ccd3bfa
bd0fbd5f3cffbcd4
bbd6bd1dbd2bbd5b
3c183d2dbb713cc9
be16bd17bdaabd39
bb723d6e3c8a3c09
3d753d5fbd0dbb8b
bcc0bd4e3c32bc0a
bc653cc63b193c2b
bcd8bbf3bd5dbca8
3ac0be08bb3c3cde
bc09bd9c3d03bcb3
bd02bd13bc12bc5a
bcaa3c80bc873c03
3d65bd65bd833c0b
3cb3bd643d1a38ab
bd903d473b753d40
bcf6bcc53dadbcf9
3c3bbd16b928bb83
3b903d38bd50bd8c
bbab3d483c813d70
bc48bb81bd42bcee
3ca7bce8bd74bbe1
bca13d603d843ce3
3d273c0abc14bc9c
be1bba97bdebbd01
3d54bb4d3dc6bd80
3d47bccbbbac3c87
bb393d3a3d333c68
3cf7bcea3ce9bd1f
bba8ba883da5bd1b
bb92bccbbc873c50
3ce13d38bab43d6e
bc253bb43ccc3d79
3c86bd6d3d343d12
bc8cbd9ebe00bd59
3dce3cf5bb4e3cf5
b8cf3b553e073cda
3cb93d67bd0e3c88
bc25bb40bcb13c1d
3c243c803d843ce2
3ce13c373d44bc09
3d84bd0ebcae3d7f
bae3bd6a3d223d4f
bddf3c91bc2c3d89
bc99bd243cf4bcbd
bdb4bdb6bd77bd31
bbc23ca4bb253cc1
bcdbbcce398a3db4
3b8a3d383d45bba7
3db93cf43d8cbce3
bda7bd123d0c3d3b
bd1e3b263d5abd93
3da03cc93da7ba2c
3d1a3d383d873c77
3aad3b8ebd1fbcc1
bbf33c7c3cb03d54
bc443d063d80bce1
3b9c3b09bd39bc9b
bc3a3d6f3cdb3cae
3c213d503ca33c16
bd1bbc643cc83d08
bd3ebc6bbd9cbc66
bb4bbd52bc84bca3
3d593c413ca8bbe9
bb023c6d3ba83cc6
bc65bcda3b8c3d30
bdc2bdcabd2abd98
3da4bccdbc47bd2c
3d533c0abd463cb3
3d17bd3f3b06bcf4
bd853d6c3cfabcb0
3c94bb79bd01bc2d
bd05bd3d3cc23c93
3d983d7d3cf63ccf
3cffbd26bbfe3cbe
bd5fbbdb3d06bc35
3b943cd5bc113d3a
bd03bd723d263d1c
bbe83d433d06bd36
bc40bcfbbc54bc82
3d22bd833d5a3d1b
bd983dd7bd063db0
3cc33d103c68bd76
bcd93d2abd573c8d
bd5f3dc93ccd3d99
bd11bd6b3c5d3ce4
3d65bd8b3cbc3c4d
bcb2bd8ebdc2bd05
bd823dfe3d163bbe
bd51bce93b993cd4
3c81bb963d383df8
3bfb3db23d2dbd74
bd0e3c76bd23bd7d
bc2a3c8cb9713d2d
bc1a3ca13d713dd0
3c913c0b3aa3bc4b
3bedbb7a3bec3cd5
3cb4b9d2bbabbd90
bc823d3f3ce5bd32
bccdbdc3bcb43e01
bd023ce6bcf33d41
3cf53cac3d103e0b
bd4f3b273d323c3f
3c1abcd53ba5be49
3cf6bdafbd04bdf5
3d04bcd6bcc9bc03
3dc0bd30bdb73d33
bccc394abd0a3d33
bde3bd40bdc3bddb
3d533adfbce5bd22
bd4b3db5bcb23bbe
3cf63c833c853d6c
3c583d053d88bc33
3b7bb9fdbb9e3c48
3cf3bd4b3c2b3d3f
bd433d0b3b053d3a
bb84bc5d3ca53c06
bc7c3d083ce03bc2
bc873ca5bc8bbca5
bc5a3ccb3cbb3c6e
3c6f3d2d3d993c77
3bee3c0c3cd93d5b
3d21bd333da93d6e
bc6bbcb0bd433ca6
bd2c3e00bc2bbd2f
bc123c1ebcccbcdd
3b81bc683d533c96
3d96bbc9bc79bc63
bd3c3d513cb6bc04
bd9bbd76bd94bdcc
bc18bc8d3c963dd6
bb2dbd69bd9cbd10
bd003d48bdad3c95
ba92bce83d183d15
3cf3bc0dbe01bbc0
3d533c7e3d1fbdaf
3dc2bb97bd1b3cd0
3da13d853c18bcf5
3c993c8c3d87bd0b
3cb9bcf03d523cda
3c04bce7bc9f3d4c
bd463b2ebd7b3d17
bcecbd1fbc26bcc0
3b8b3bb3bba43d12
3b32bd4bbd80bd68
3b203b84bc933bd2
bc24bd1b3cc0bd83
3da83cd53d41bc9a
bcb93d513da93c86
3c3dbd103d5dbcf2
bd16bde8bd48bda7
bc573cd23cb13957
bd0b3d093d193bf5
bdb7bbb9bc803d97
bc3c3d133cb53d70
bde4bdd2bce1bcc2
bc013dc4bcd73d05
bd503d76bd043d29
3a77bc20bd1f3d04
bd113d143d1a3d1b
3c69bda43b42bd4b
bd08bd1c3d25bd14
bcad3d05bd683d6e
3c223dd5bcadbc96
bc083d83bcd33d84
3ceb3d5dbd2dbd27
bdabbd633c7bbda0
3d8fbcab3c063a2e
3d4fbba6bd8b3d15
3dabbd65bcc2bc99
3d2cbddc3c98bd9b
3ce5bdd0bdf0be1d
bc723c29bb863d03
3c693b54bc29bc29
3d333d1c3d70bcc8
bc863c083d27bc1e
3d10bd09bc55bc2b
b86ebbd2bd47bd66
3d6f3d1dbc93bd61
bc9d3bb1bcbebd52
3c963caa3d19399a
bc0fbb73bc113d1e
bd37bd7c3cd03d00
3d0f3c8f3d19bce1
3cc93cc0bc4bbc6a
3d3c3d233bfbbd9c
3d713ca4bda4ba01
bc82bd1a3c053cbd
bbfc3d10bb9a3cc3
3c1e3cb6bc76bd4c
3c623d04bbd5bd26
bcbebb0bbba83cc6
bda03b0cbdbbbe1b
bc33bc243baf3c92
3ce03c843c2f3cb3
3c263c92bd37bd1b
bd4d3db43d6e3bc6
3c87bcb03d40bc2e
3a4e3d613d9fbd2e
bd103d48bcf4bd0f
bd21bc84bc25bb7f
bc5d3cc7bda83aa7
bc533ba3bca7bcc1
bcc53c343d0a3c47
3b4d3c83bd47bba9
3d2f3c543d1ebc83
bd133d833d93bd02
bcdd3cb43d543d8f
3d64ba2bbd1dbd44
3d41bd26bd193bf1
bbfa3c0e3dbb3c91
3cb13d24bdd3bd18
bd50bd83bbfd3d3c
bdadbdffbd36be59
bd8e3d593d373c4e
3b16bd13bb9e3d09
3d12bcff3b213d4b
3c9d3d1f3cb73d98
bc26bc943c9fbd3a
bd03bd4f3c00ba61
3bfbbc88bb843c0d
3bd13d0f3c99bd52
bc3f3d69bb95baa1
bd3dbbb0bcdcbd8a
3cb23bb1bd853daa
3d15bacc3d79bd85
3d0dbbb93c5a3c9f
3d93bcaa3d093d1f
3a923cf4bd0e3cc5
3d14bcdebc67bd3f
bca1bcbdbc2d3d1a
3c853d95bd0b3cf7
bd0a3ad43ca43c8d
bda9bcfcbc52bd13
bda5bd98bda9be1c
bce93a8a3cabbd61
bd9cbdab3c4fbd96
bc10bbcf3ce63caa
3cfd3d84bc553d69
3b7abd5e3cd1bdaa
3c6e3a5fbb5f3b76
3ab53d043d5f3ca4
3cdc3c1b3d163da5
3cf8bca43d1c3a9a
3c993c8abc1abd63
bd77bb78bdeb3db5
3ce63d853ca4bbf7
bc973c34bd033cce
3d2e3d0e3be33dad
bd1a3d003e0dbc9b
bcacbd7f3d0abca0
3d3d3b2ebc2cbd6e
3c453cb53ca13cfb
3d163c91bcb0bc9b
ba84bc9e3c57bd81
bdb3be11bd4abd8b
bb783d06bcd23d5b
bc55bd733ccc3d2d
3c5dbd733d66bd0c
3d013ca83d753c30
bd15bc3dbd3d3cb0
3d083c673dabbc52
bce23c843d0aba40
bd4d3a463d9b3ac3
3ceabd0abd993c1a
bd4f3c543ca73d4c
3d83bd5d3dd03d58
3cc63b99bca73c07
3d07bccc3d86bd04
3d933d8f3d493c4b
bd1abd8fbca93d3e
3b3dbd02bd62bc5f
bc8a3bfdbd8f3ca3
bb903da23c41bbca
bcfb3ceb3b06bd05
bdbabb9f3d3a3d3f
bd9ebe1ebd86be0d
bd033ca03d5a3d44
3c773c0c3c603cb6
bcfabd16bc6bbc33
bd3b3b0a3cb63d0c
3b58bd6fbaf3b8ce
bc31bd34bdd2bd21
3dd4bd27bc86bd2b
3d91bd4abd60bd2d
bb97bc233a3dbcdc
3cea3da93d823d0d
bbe03cc63d4a3d43
3bdabce9bd0dbb1a
bc23bcbdbceebd6e
bb78bca8bd33bc9d
3c183d7ebde5bd11
bcb4bbbf3d7f3c0b
bccc3c20bd59bcf1
3d943c4ebbb9bd45
3ca1bc08bd42bdc2
3d903bf23c143cd6
bc97be17bd43bd89
3cccbc61bb6e3caa
3d453ca9bdc33cff
bd69bd3e3c71bcd1
bc9cbc173d283cfa
ba7f3d923b8e3d2c
bdd9bdb03d83bd14
bc8ebbfd3d60bc31
bd1ebd683c27bd49
bd09b9c63bd73ba1
bc953bfbbc8d3d5e
3c8f3c733d0abd19
3cc23cbb3cc23a7e
bd18bd1bbca5bc4d
bdb53c9d3c87bc9b
bdb2bd60bc3ebd35
3d8b3be1bd313cbb
bd24bd9abb8ebcce
bd83bb1d3c913c3f
3abcbccb3c1fbdac
bcfabc94bccd3cb3
bdf8bd9ebda6be06
3e073e1f3d46bc4e
3c6b3cfa3d94bb78
3d4fbccf3c3abd4f
3d8b3c913c22bd3d
bcf63c5e3c21bce3
bd69bd30bd3abd15
3ceabd263cc8bd2b
bdd53c4fbd54bd5c
3c9f3be63c92bc64
3c53bbf33c813d02
3d063c84bca1bc10
3bf5bb19bbf3bd36
bb02bd38bc78bd24
bacdbce8bc28bd56
bd1f3c353d45bd1c
3c823da23cc3bd27
bdd4bd1dbcb43d3b
bd78ba9ebbabbc67
bb0bbd88bd16bbee
bd0bbd7bbc4439e4
bd89bda0bdcabdaa
3c4bbd3f3d64bd36
3c613cc7bccbbdf0
bddd3d5a3d9f3d40
3b2cbc563d5e3d34
bd273d753c0fbbf2
bd0abc233d503ca0
bdc0bd8c3ad8bd21
bc2fbb193dcebc9b
3d8dbc483b62bbff
3d9b3cf0bcf4bc13
3d4ebca63caebd2f
3b40bc8a3d1c3d4e
bca83cf83d293c5b
bd9dbd263b11bcff
bc35bd79bd05bd3d
bd563d85bd473ca2
3ca83b323be23c8f
3d35bd3abd9d3d0d
bac1bb0d3d643d63
3cdb3b19bc18bd2d
bdb0be0abda5bdcc
bd703d8cbd93bc24
3dc93d49bcc5ba9a
bc523c8ebd163c20
bd653d3cbcd83d0d
bc37bccebadfbd08
3c2fbcafbc5a3bef
bcc8bcf7bca0bc17
3d54bc303ca5bc8c
bd20bd163dd4bc42
3ca73d543bc63c50
bde93d763cbbbbbd
3cb33ba93d483be8
bcb03d0d3c8c3b61
bd46bb7c3c31bda7
bd4ebd0e3d4ebcb2
bd49bc8b3c41ba77
3d50bcf8bb95bc13
bcb53c2e3e023c7f
bce6bda13c31bdcb
bc813d42bdcc3ccd
bdb1be16baa0be19
3c423d273c483c42
3d043c893d4a3d04
3c98bd09bcc53a5d
3c9dbbb9bca1bbc0
bd47bc9f3d1e3b86
3d35bbf8bd94bd24
3ccabc2abc9bbc93
3c42bd55bc73bc8d
3ac73cd83bb73d5e
bd093d303d503c2e
3d2cbbb0bbba3bab
3d5cbd2cbd75bd55
3bf63c8fbca43c84
3dd8bd37bd18bc7a
bcba3a763b72bce7
3c2b3d3f3c53bbce
bcb1badabc04ba49
bd3a3bc13cea3a0a
3d50bdaebcb2bd48
bc05bb163d883d32
bd80be2ebe23be47
3d543caa3c2a3d6c
bba03d42be043b07
3c623d96bd8d3d1e
3cd03da73d093d9f
bce7bd30bce3bc92
3d33be0f3d1f3d27
bcae3e1fbd8b3cf9
3d333c8dbc58bd81
3a3bbc6f3d97bd0e
3bafbdfd3c193d7c
bcdf3d81bcbd3d28
3d873d32bd2c3d75
bb22bc38bc793cce
3d5cbc92bd083d18
bd80bdadbd573bf2
bdb0bdc2bda1bca0
bba7ba703cadbc14
3d2b3d01bc143ce7
bb323d0a3d26bb2a
bd5bbd00baa0bcc5
bdd7be24bdc9bd1c
3d35bc40bc81bd2a
bd463c4dbc7d3cfc
3c27bd153c22bd0c
3d173d963bdebd06
bcacbd23bc9e3dd1
bcacbc693d8a3d01
3bcc3b9b3d9b3d5f
bc3cbc9a3d563cce
3cf83832bd473d06
bcfd3dcabbd3bd3e
3c87bcb33d53bc1a
3d1f3c87bd123d21
bcb53c093d7f3c6e
3c9ebc9b3d5b3ce7
bc21bbbfba423b1f
ba90bd69bd1e3cf2
bcf13cdf3c233d5a
3aa33d773c983d93
bc163d653d09ba1a
3ce83c873c203cbb
be2ebd27bd6bbda3
3c13bd513d94bce3
bd703d833ba4bd77
3c8fbd0dbc23bcf1
3d0c3c423d29bc81
3bb63cefbd113d8a
bcaebd37baf83c0c
3d06bcaf3cf8bde9
3b17bc88bdc73d4d
3cd63d0d3dbb3d15
baf53d5c3c2c3d01
3cd6bb9a3de9bd43
3ce6bcd4bd823d8b
3d08bdb8bd193bc6
3cd7bd65bd903bfd
3b943d2abc553d3b
3b403dc93d4c3de9
bcc4bd31bc123cdb
3ce93d68bd7a3c85
3be2bd46bd35bcdb
bd193cdbbd6bbd1c
bd8bbe20bd91be17
3cd43d943c57bd50
bd663ca4bd77bcab
3d823d97bd6f3b09
bb973de8bca6bcba
bd27bcd4bd513d5f
3d1e3d4cbc8f3ceb
3c9e3d87bd493d82
3cd5bd77bd793d27
bd1ebcf5bc953d00
bd8f3d163cbbbcd3
bd253dc43b22bd57
bbff3d3d3c1f3cc2
3d883d70bca6bc09
3b8e3cdfbd643d2b
bd9bbd98bba9bc07
3c1abd41bc863d1d
3d34bd943c833c5c
3bb33ab83ca4bd5a
3c60bde73dc23bf4
bd17bd7e3d3fbdb9
bdacbbeebd18bd1d
3ddd3bf43b03bb69
bd893bdb3b5fbc92
bd7f3b063dc63cc8
bd21bc413d073d65
bc493d5bbe1dbd19
bd46bdc9bc91bd1b
3cfbbd3f3d533d3d
bd96bdd6bd463d53
3b6dbbebbb3dbcc6
bd353ce53ce9bce8
bddcbc903d72bcf5
3d77bcdb3d49bb08
bd093d01bca5bce0
bd1a3c8c3d923d3d
bc943c8b3d43bcd2
3d9b3d84bdb43b6e
bde93cafbcf23c90
bc923c4bbc96bcc0
bd803d963d313df6
3d1039d6bc713cd4
bdadbcc9bdc9bda4
bb9c3c4a3bb33dd0
bcd23d50bd9e3d22
3d38b9283ca6bc95
bb5fbd583d66bbf3
bd81bd2fbd5fbbca
3c7fbca63d78bcc0
bcaebd0e3cc03d24
3d13bb9d3d1b3cec
bc393c963cd33c8b
bd93bc8bbdc23d18
bd2ebcd8baf3bd2b
3cc1bbabba4bbd0d
3cd8bd3abbf9bbd0
3dad3b433d13bd45
bd3e3c82bd923cae
3c9dbcd73c5f3d67
3d3abab43d22bcee
3d283ce43bfabced
3d5a3bf7bb183ca2
bced3d37bd453d29
bd02be59bda6bd8e
3d493d6abc883cfb
3ceabcd1bcd9bc8e
bd82bcf8bb8ebd10
bd3dbadc3bb73d4a
3d1abc863d13bb8c
bd1bbcbd3d41bdb2
bd1f3c45bd42bb05
bd18bab1bc1cbd26
ba9ebc403c883d47
3cefbc89ba0ebc78
3cff3d193d83bcc2
bd063d173cd03b81
bc563d3c3d7cbdbd
bd703d52bb0ebd0f
bd063c70bd4fb9fd
3c91bd0a3d363dcd
bceebc9a3d8ebd51
bce23cb63d1d3b79
bb4d3d253c62bc7c
3d47bdbdbd1fbd4f
be22be0dbd89bd95
3b02bcd73cbcbcde
3af63d22bcb3bb6a
3c8b3ca73d30bc67
3b463bff3d4dbd0f
bd473cc03b6b3ce4
3bcbba9abbd0bcea
3b903d393d913bd0
bcaebc783cb8bca5
bc9e3d90bcdebc99
3c75bd843d233d25
3c9f3a553d96bc29
bd43bbb73c44bb25
bd3e3cac3c33bb1a
bca83d613dd1bc29
bc3b3d763d14bc55
3aad3d99bd343d12
bdba3d2fbc6c3c8d
3bf3bd003da3b9f0
bb023cd43e01bdb0
3b2bbd47bd6abbc2
be08be01bd7fbe10
3adebcd93c66bd8c
3ddcbca53d243c88
bc81bd093d4fbdbf
bbd8bba9bd96bd2d
3d96be0d3d55bd60
bcc53d09bbdd3d31
bd2dbd38bd82bc9d
3beebd073c8c3c6d
3d5e3d8dbc2abc78
3bb4bba0bd393cd2
bcb43d87bdea3be1
3b4ebc573b26bcff
3c77bd19bb30bd07
3b10bd133ca03a36
3d16bcf2bcac3d64
bd35bd04bc1dbcfd
3c983d243cb83d56
3ce23d1539983df0
bd5d3daabcd9bced
3bf93d973d7c3ccd
bd29bda9bd9cbd3e
3a1f3cd8bd8b3d23
bcb13d52bcc5bdb0
bab2bd11bd1a3bac
3d9d3b6e3b183d9e
bd503d1dbcdbbd38
bc35bd12bcfd3d26
bcf1bbccbd61bb2e
bd86bd0dbd18bcf7
3d463c383d313d82
3df33d7eba5e3d08
3de13b823d5f3d5a
3d18bcec3d193cd3
bd13bd18bbef3b1d
bd073b913c083c28
bda13cd0bc9f3ab4
3d363cc73d13bc88
bdedbd3b3c91bcc2
bd113bc9bceabc27
bd15bd673cc2b9ba
bbbe3d113b273d3e
bdb1bd78be0cbdfa
bc38bd5c3c19bcde
bb07bdac3cfdbd49
3d933caa3d813bde
bd67bcff3d163cb7
3cb2bc7d3c7fbd60
bd0e3c5bbddabb93
bc9abc1b39da3c7e
3c8eba11bd18bc1e
3c1c3ce8bcadbbd8
bc29bc67bd2fbcce
bdb4bdaa3c843de2
3ce73d853d833cf1
3d9a3c953c34bc60
bc343d25bcf33d56
3a1dbc7bbccfbca5
bb73bdd93b993c03
3da23ccf3d85bd2d
bd1e3e1dbd56bd6e
3d9a3c22bc583c7d
bd0fbdd83cb03cca
bda0bd98bdd3bdd0
bbaa3d663ca9bb96
3d643d7ebcac3d5e
3d04bd473d2a3d42
3bc3bd2d3b983da0
bca93d1fbd4b3b2a
bac9bd6e3d0a3c79
bc2a3c633d673d88
bbf0bc4c3d533d6a
bd4cbd2cbb023c9b
3d0e3cb93c633c96
3d1ebd273d36bc99
bd23bc6a3d5abb88
babdbd933d8b3d96
3d0dbcb9bc5a3cab
3cf43bafbce83d18
bd133c44bd0b3d83
bd073c81bc71bcfc
bb55bda5bcc1bc52
bcdabcfb3c32bc96
3c733c0cbc84bb7a
be39be19be0cbd28
bc5abd30bcfb3ce4
bd8d3d1fbc8d3d75
3cd43d683d473c78
3b38bd843d05bcac
bd11bc99bd173d8e
3c923cccbc3bbc65
bcad3cb8bda8baca
3cab3c333d6abcff
3cc7bd83bd193d43
3d0e3b503ca53d68
3ab23ad6bc8c38ef
bbbdbd5cbafbbc1b
3c863c233d62bd21
3d12bc523c75bcb4
bcadbd20bb19bcb5
bd74bcc5bd843d4c
3c2fbcd4bd0cbc60
3d65bb683d0abc9c
3bc0bce03a86bc0c
bd243cedbcf83d00
be2abdadbe2abdd1
bc1a3c67bc9abc4c
bc843d31bda33d07
bcb03d0dbc3a3c75
bcbf3d413bcebc5f
3b313daabdc73d3b
3d1ebcfb3d12bd33
3ce03d38bd593d5a
3dc73d07bca9bd9c
3cd7bd473c823c83
bdacbc073d22bd5a
bc303d3c3c34b9fb
bccb3ccf3c09bda1
3d3b3d6ebc44bba5
3d723ccebb943cc0
3d0dbc53bbe43cb8
bcb6bd01bc76bc0b
3d013cfb3b883d89
bd143ca93d93bcbf
3d19bcb63d73bb30
3c0ebd7c3c9c3bb8
bdc3bd82bdd9be23
bb4f3d3ebcd1bcb4
bd3fbc013b3dbd10
3cbcbc6cbd603c0f
3d63bd283c073d39
bcf33d84bcd9bcc0
3cdbbd7bbd1bbd7f
3cfa39053d07bb9f
3cd03c9dbc52bb9a
3d30bcfa3cef3cdc
bcbe3c8f3d943c80
3d18bc7a3cb93da7
bc70bcc03c263c9d
3d62bcb1bc8f3cc7
bcc2bc9ebd063d5b
3cae3bbe3db8bd82
bc943ce9bd8abd8f
bc93bd72bb283c72
3ca33b853df53db6
3ca1bd1fbc663c08
3ced3d263ce4bd82
be18bdc2bdfcbe04
3ca7bd74bc8b3d23
3c0bbbf8bd2fbd46
bc02bd3ebd1a3d11
3c95bbb5bd17bc71
bd5ebd733c613c33
bda13dfb3d83bc55
bc0dbd9f3c87bc4e
bd193d55bb81bcf4
3d793d40bbf8bc20
bcaf3d413d0cbd29
bb973dc03cd2bcc9
3c8cbd36bda539cf
bccb3c35bcab3c6e
3bf4bcdd3c953c68
bd7cbd58bbaf3af6
3cf1bb32bd4aba84
bc7e3d863d6d3d77
3ca93d243cdcbcde
3d6d3db03d2f3d7d
bcbbbc0abd613bfc
bd33bd86be0dbd99
bd413d8cbcc93cc3
bdc4bd703def3d4a
bc40b9d83c973ce1
3c76bcf73d1cba71
bd223c9d3b4a3d8c
bd603da7bd093d0e
3d10bd04bbb03cc2
bca2bd1dbbc93c07
bcf7bd743d173d59
3ccabc32bd71bc82
bd763dc13bac3be3
3d013de43cd7bb7f
39e9bc15bc9c3d05
3cd1bb2a3d233ce9
3d35bae3bd403c87
3c0dbc743d01bc16
bcca3df73d05bd76
3d443c7c3bc43d5b
bd513b65bd8ebd6d
bc91bd89bb62bd91
bddabdeabd6dbd07
bd193cf33ccfbd29
3d69bd67bcd4bce9
bd8fbc7e3d8bbcb4
bd63bc523d353c5e
bb253d75bd233d12
bccabd413b9abd2d
bcd53d32bc23bcb0
bdda3d2ebbf13d86
3e1a3d3bbd833c06
3d283c9abd31bd7d
bc1bbdd83c42bd3c
bd013da13b83bd12
3d243db53bf03c89
baa83d063c683d79
bc233cce3d49bcab
3cd93d593c3fbd8b
3da53da739ad3c8e
3c953bce3c40bd81
3b513dafbc10bd90
bc66bbcdbd49bdd8
be0dbcdbbdcbbdc2
3c89bcb1bc9b3d19
bb4dbd4d3c1cbbc4
bd44ba8d3ce43cf6
3c2c3b9fbc2b3dc8
3d2abd98bd2ebbc4
bd4b3cc03c23bd09
3c54bc92bd91bbf8
bce2bd793d133c01
3c413c873d5cbd2b
3cdebc4bbd433cc0
bc313d1f3d49bc41
bd3c3ba73c893cca
bd193d55bc453c30
bd093d943c7f3c58
3c8cbc573ac33c0a
3daf3bfabdc2bc62
bd86bc4abc8abd17
bc9c3d003c4b3baf
bb93bc823d0d3d63
bb36bd963cecbcbd
bd21be09bdf2bd9f
3ce63dd1bd91bcca
bc733c37bd88bccd
bcaa3d25bd833c0b
3d873d26bce8bc92
bc8e3bd7bd92bd5d
bd8e3d453b33bc57
3cb8bbd0bbbf3c6b
bc90bce4bcbe3ca4
3bb9bc753d6bbc84
bcd53bbebc7f3d1f
3c0a3d9cbc90bbda
bca03cb4bd4cbb9a
bb3d3da0bcaa3b96
bd363cdc3a93bb13
3c62b9b7bd19ba72
3d07bb343c54bbad
bc3dbd4e3c593b33
3bc53b373cc43bf6
bd60bd823de33ab7
bd13bd193a8abc7e
bdeabc7dbdfdbe06
bd813d81bd0bbbb7
bbc23d22bd81bcf9
bd233d9c3ce6bb1c
3cda3d29bcab3c8f
bbb33ca2b8db3ce0
bd2b3d05b9a5bd34
3a1f3d51bd753c69
bc133c923bdd3d6c
bd063cb53c7f3d65
3aeabbb13d33bcac
bca0bc1b3d1fbc4b
3db03d5e3d68bc94
bca2bc403b9abda5
bc2abc523cd53d21
bce0bdd7bd313d3e
3d3bbdb1bd95bccd
bd223d82bd123b5b
bd593c8d3ce4bb59
3d8a3b9a3d8bbcf3
ba4bbd4a3c09bc3b
be0ebe23bd6cbe40
bcaabb59bd1bbcf5
3bbfbd133ce1bcde
bd2f3cfe3cf6bc62
bd0d3d3f3b07bdaa
bc8c3d0d3cb8bd1f
3d3bbb47bd013c8b
bafe3d24bd82bdb1
bc9bbcd3bd8fbd4b
bd34bd42bdfcbcc6
3cedbcb83cd4bd42
3ccb3d3c3d23bc0d
bcf63da3bcb0bd8b
bd4c3bebbdbb3c26
3d9d3d863d48bc98
3c8cbdc63d843ce9
bd97bb0ebe07bdb2
bd4bbc98bd283dd8
3d81bd003d293d26
bc6e3d15bbac3dc4
3d7ebcce3d463c4c
bd04bd99bd9abd58
3cbabbafbd81bc5c
3b0c3d8d3d063d54
3d1e3c8c3d78bd06
bd15bdd4bd3dbd09
bc8e3ceb3cb93d68
3c99bc643d28bcad
3d513a983debbd0a
bbe339aabcacbbfa
bd653cb9bdb33c2b
bd223d11bd3c3d36
ba51bd9dbc82bd78
3d8d3c863d293b06
3d24bd9abd4bbcba
3d613c483d98bcde
3c4b3d5ebd103d67
3b2f3c15bc36bc23
3c10bd3a3c68bc59
ba533d2e3c163ced
3bf7bd9a3d62bd53
bd933c633c483d2a
bdc1bd69be21bd1b
3b853d143c723c9f
3ab2bd933d403d23
bcc73d2b3d5e3d83
bd343ba1bcb93b9c
bd2dbcc43c7cbcdb
3d333cdcbd0b3c81
bc70bc86baea3cf8
3d69bab3bcc2bbd6
bd08baeb3cdabd80
3b45bd18bce2bc14
bce03d17bd363ca9
3c533c0bbca73bca
3d493caa3d9f3d69
3b65bbd63d323c52
3b89bcae3cefbd48
3cd3bd943d42bb0d
bd703ab63c5b3d04
bd153bf5bd54baa8
3dacbbb73bf3bb0d
3c9cbd1dbc75bd23
bd2bbdbfbdd0be1f
bd8fbc9f3d8abcd2
bd8d3d68bd823cba
3cecbbc93d7f3d3d
bd4c3ccb3da23d26
3c45bb38bd6dbc09
3d603cc4bd89ba95
bb5fbb233c10bcc5
3d4a3cb9bc48bd39
bc90bd1abd553d4e
bcd33c2d3d7a3cef
bc983c943d8a3d87
3c79bc03bd093aa5
3d69bcd3bcda3c72
3c0f3c1b3c9cbd83
bacc3d2dbc2abcc7
3c1fbd28bd1d3c64
3c883d2abd91bc65
bd1d3af63bb2bce6
bb13bb3fbbccbcbc
3d07bb32bd37bce3
bc3bbd63bd75bdbe
bd1ebc683cbbbcb6
bc91bd5d3d22bc25
3a0dbdbdbd4fbd2f
bc0abbd3bc8a397b
3b8bbd943d01bcfb
3c9fbd64bcdfbbf9
3cd1bd743d503c1e
3cbfbd8d3c07bcdd
3cabbce3bc9bbd6f
bd203d2d3d8d3cd5
3c66bd1abc8ebc5f
3cca3b32bcf93c94
3c6b3c33ba91bda5
3d5cbd153ce5bd3c
bbe43cc63c9b3d19
3d0d3cfabd86bd6d
bbc23d463ca8bd0e
3a7c3cc33c803d93
3da63d33bcb63cc6
3d0dbc8e3dbb3d95
bd91bd61bdbbbda4
3c4a3c363c48b9b7
bdb33b92bdd8bc21
3b27bc4a3beabbcd
3cf13d5dbc373d4c
bceabb63bd1dbd12
3d233b9fbbeabc19
3d1f3bebbcd0bd18
3b383ce73d6f3ceb
3c45bb423d6bbd05
bcdf3c443b8fbb61
3c203b713ce83d68
3c37bd083d363d73
3cf8bcf63c153d1a
3cda3ce03ca439d7
3a173d68bbb0bd0f
bcf6bddcbc953c70
3d2fbd97bcd8bdc2
bca83c78bd0f3df6
3d793cfa3da93cd5
bc933d99bb88bd11
bdaabd9abd8cbe2b
3c3ebce43d323d28
3cb33d0d3b9cbb97
bd85ba973d2abd08
3bbbbd493c973c98
bd983e043c50bd54
3be23c8dbbdabd8a
3c3b3db0bc3a3c72
bb943c573caebace
bd04bc1a3cc4bcc5
3d3bbdc0bc963d8d
3d6bbb82bc5b3d2c
bc6d3d703db1bcb2
bdb43c07bd78bd54
bc913c763ca3bd8e
3ba23d61bbdf3c9c
bd033cae3d073cc1
bc89bb09bd843b9c
3c74bd8abd083d7a
3ca23e16bda8bd3c
3c53bdacbd29bd1d
be053c9dbd3abda8
bdef3d1ebd58bd7f
3c5fbd3dbb273d08
bb5e3c0bbd823d46
bd0d3d81bd88bd8b
3c69bd0a3d3fbaae
3cd13d59be013d94
3c37bc2b3b853cdf
3c4d3c3fbbf03d3b
bb4f3d333d3dbd10
bd41bc95bd85bb40
bcfc3d3dbd63bdf8
3d053d5d3cca3d89
bbc33d0cbd173c87
bca63d2ebd2bbc88
3d02bd4e3dc03d77
bc87bb93bd2b3d06
3c9fbd06bde93b1a
3cce3b803d83bbad
3c95bac9bd0f3d5c
3caa3aed3d8dbc82
bd55bdc3bdaebd86
3cdebcb93ce13d8f
bccd3ba83a1a3bda
bbd5bd65bd583c73
3dd6bd50bd893cc7
bd2a3ba03d5dbc0d
3d05bc2fbd92bdc4
bc56bd72bd57bc95
3d953abbbca0bda4
3b4ebc863ca9bc28
3d443d31bc543d04
3d1ebc16bd1bbd86
3d863cc7bc99b8b2
bc28bcb1bcf13c8e
bb6cbd26bca1be26
bbf1bc29bc663d61
bd233c7f3d38bb4d
bbba3c8f3d0fbbba
3d103bf9bcec3d28
bc183ca23d203cfa
bc683cf43aef3d48
bdf9bde7bdc3bd88
bc5f3cbebd073cc0
bd3cbd44bd0ebd16
3ce5bd6c3a453d26
3d4f3d313d10bcc1
bdcfbcc7bd1d3c9f
bd133d2839b8bd3b
bcb4bc00bd02bc02
3c2f3ac53cb63d5a
3d463ca03d673ca9
3d09bbccbcc2bb9f
3d30bc913cbcbaa4
3d4d3cc33d7d3dbd
3c783d9fbb8b3aab
3c783c2f3c253d2e
bc11bd383c0cbbf9
39a23be1bb79bd85
bd87bbe4bcd4bd61
3c4c3c8e3b833d3a
3d233c4d3d393da5
399cbc3cbcbf3d9c
bd73bd2dbd9abdf9
bd4fbc603d69bd6b
3d68bd38bc03bc95
bc4b3d893d98bcc5
bcf73c9b3d5a3d4a
bc283ccb3d5abd88
bd6b3d03bc1e3d62
3d513d753ccc3cf8
3d1a3da4bd8b3d8b
3d49bcf03d863c52
bad73d67bc6fbcdb
bd1a3d933d203d5e
3cbc3cd93c653d37
3be4bc90bcfa3b17
bc4b3d773c263d18
3d2abcb6bca53c24
3cecbcaf3b5fbd07
bd29bda9bd16bce6
3d3cbce9bd5e3c8b
bcc03ccdbded3ae1
3c023ccabda53be0
bdacbc3ebd36bdad
bd9ebcb5bd8c3be2
3cecbd24bc81bd9f
3cefbcba3b26bb77
bd033d29bd053cb0
3d16baef3d8bbd01
bd583cd13caf3c03
bc323c613d08bc35
bc1e3d823c2cba75
3d0b3d93bd583d27
3d92bd0dbd7ebc63
bceabd30baeb3d43
bcaa3d5f3dca3d4d
bbc93ce33ca93c88
bca63c7b3d07bcac
3d583c5fbd27bc24
3d91bc08bc9bbc20
bccb3d92b6c9bcfc
3cc3bcae3be4ba23
bd7e3d833ce4bc83
bb3cbce4bd73bd7d
bdf1bca1bddebd94
bccfbcbfbc7dbcac
3cddbd8d3d02bce5
3bc63be6bc3dbd9d
3c8b3d9bbcf33cc0
3d4ebd31bcc5bd81
bc633d24bd533d43
bca7bd6cbd02bc20
3d923cf9bcc23a12
3ada3c9e3ca93d12
bc35bd043bf33c79
bc0f3c793b163d9e
bc193d52bce8bcb0
3bb43d26bd29bcc8
3cc43d8cbd693dbe
3d0e3c2b3d06bd31
3d5c3d3d3c273d07
3d39bd44bca6bc13
3bad3c8d3bb33de4
bd703d143c853d46
3c7cbc9b3d80bcf9
bd90be07be02bd25
bd9ebc30bdca3d4d
bcbebd01bd153c69
be033c85bdaebc95
3d213d1bbdd4bc55
3d53bb713ddebb13
3b73bc1bbd2ebd20
3c4f3d11bbc5bb5f
bcdd3d053dadbcdf
3d063a983c563d97
bcf3bdadbcb7bc99
bda0bda0bd1e3ca4
3dbb3ce63d03bc48
bccfbca2bd6cbcb5
3d243c6dbd533c37
bd5bbce53d623d6e
bce2bab13db73d83
bd08bc5fbdb8bd81
bbd93ccfbba2bd3a
3ce53bd7bc54bc8b
bc9fbd21bb743d29
bdcfbd89bd3abdc6
bc8f3c223d5f3d58
bc15bcf63c3cbcf3
3db53db73a1c3c30
3d1f3c8ebc8d3c5d
3d01bd393c59bd0c
bc253cc5bdb2bd1e
3d263b99bcbc3d50
3b393da7bda9bcba
bc52bd29bd333d82
bd8bbc903d1d3d8e
bca73c113cf43d8a
3b6c3d7bbcd83cb2
bb0b3d96bd23bd4a
3dbabc51bd69bde9
bd3cbd23bcc43b62
bc20bcc33d8e39a5
3c48bcfbbc18bd3d
3c55bbe1bd183cca
3b103c2bbd06bd46
bc85bcb23d31bcb7
bd91bdc7bdfabdca
3c43bdb63cc5bc47
3c06bca53cc7bc8a
3bcf3ba8bc033d84
bd7cbd513b893d3f
3ba43bd6bcc9bd20
3db83d2abc723d0b
3d7e3dc53cb0bd06
bcfd3dcfbd15bcdb
3d073d25bd34bced
bd54bc863d09bd89
bd7c3d243c323d68
3c803cd33cf63d60
3d92bda33bf6bd03
3cfa3d86bd103cd2
bc63bbdd3a4ebb80
3bc53d2e3d113cba
3d89bd85bdbfbe01
3c9bbd0cbc183d1d
3d293bae3cbabd9a
bd5e3cfbbc813d6f
bd7fbd8bbda2be34
bc3fbd323d55bd84
bcdf3c4f3c5dbd89
3ce1bcf33ce6bd8a
3c9abd0e3d0ebd67
3cd63cdd3d023b32
3c363dc5bda3bc96
3c13bb04bb67bda7
bb7dbcc1bd623c97
bd8b3dc53da63d19
bd92bbb23c39bbad
3d003cdf3cacbc47
3d91bc6b3c37bc30
3dba3c823c193c1b
3d07bcafbd373ab2
baae3d223cd7bce3
3bcb3d0d3ce7b90f
3d0f3d6ebccc3d15
bd473c12bccbbaac
bcc43b3bbd483d59
bceebc523d2c3cc0
ba71be18be0fbdff
bc9ebc6d3cdb3c17
bc8d3d043c5c3c33
3cecbbe23cf93d76
3d15bb643ca83cf4
3bcbbcd739783d09
3c813ae73d453d24
3cb3bd023c6e3c76
3cdfbd8b3c583c84
3c8abcef3ceabca1
bd773c8ebb00bccd
bc3e3b9dbd2c3d3c
3c163cb13d193cc3
3bdfba043c973d97
3ad6bd173d5c3cfe
3cc13cba3cb53d05
3d22bd44bcb93c9a
3d3b3c37bc3a3c9c
3ccf3d293d083d96
3d383cfb3bdf3d72
bd083d9fbce0bdbe
bbc1bd9abd6cbd6f
bd843c973c49bc40
3da7bd4d3bf73cb1
bda6bcaf3d8cbd4f
bd773c583d863d98
3c2fbbb43cfeb9f4
bd83bb903be6bd11
be133d643d30bc84
bd303d373cdabc03
3d70bcb9bd2a3d90
bbb23caebc8a3c55
bd5f3c30bc403dc4
bcc73bbf3c46bc9f
bc8cbb883ccdbd6c
bcca3d623cc4bd4e
3d4e3d43bcf3bda7
3d91bbfd3c683d05
3d863c993ca5bd1a
bd503d6cbd0cbce8
3db63d0bbd3ebd20
bcc23be0bbedbcce
bc68bd63bd1fbd73
bb043c8d3d0c3d30
3d0a3d3ebd753ca4
bd00bd9d3d43bd97
bd73baa03d263d93
3d723cb7ba32bd06
ba4bbc083d34bb91
3d1ebcdc3cb2bd49
3c2239fe3cb0bd46
bc80b9f5bc91bdba
3cf43cf3bdaf3d5c
bd09bc2e3bff3d25
bbdb3b873d1dbd4c
ba0fbc973d79bc26
3c88bcd93de2bd68
3c283dccbd2d3b3d
3baebd1dbae0bcb3
bc5bbab13d2abc37
3c273d053bd73d7a
bd0db948bbe3bd4d
3ca73c1b3caf3c65
bdacbd76bba8bda4
bc963d67bca8bcc6
bcbabb8c3ce63b40
3cd43d4b3cc9bc77
bd143db63c55bd2e
3d96bd41bc68bc91
bcc4bbc33d1dbdfa
bd10bc053d9fbc12
bc17bda5bd0fbd63
bd06bd0d3cbd3db0
bb1cbc87bcd93cba
bda83d90bcc9bc03
3db13c5e3b34bc1c
3ce1bd2d3d74bdbc
bc963c893b6fbced
3cabbd003d5d3dd4
bd30bcbfbd713c38
bce5bd4bbcb23d3c
3d3fbb2f3c063d18
b9d33c9d3c9d3c07
3d24bcf4bc17bb14
bdb2bd9dbdaabd31
3bc2bd0cbd44bd29
3c9fbd8c3d453d3c
3c813d10bd63bd33
3d11baeb3d39bd0b
3b7ebc9ebcb03d3c
3d793d0b3b85bc23
3d083c98bc9c3cab
3b193c9d3c123c83
3d153d21bcbc3d0b
3b2ebd4b3d80bc36
3cf03c1e3d873d82
bc97baa6bd84bd03
3d7e3d91bca6bc99
3d9a3da73c57bcaa
3c92bd943d653d61
3cc23bfdbd823cf5
bd26bc4bbd0fbd13
bcce3c713de0bbd6
bd783d67bb7cbc82
3cc2bb223d85bcb5
bd59bd38bd583d1a
3c78bd2a3c2dbd24
3d73bd73bdae3cdd
bcc33d963ce93b5f
bcf03d89bce0bced
bd9abe14bcc13d0a
bb0f3d7bbbf43c95
bd3bbce13af2bd01
3d4bbd9a3ba0bcab
bbe13d57baf0bcfa
3c913d47bd28bd32
3be03d3cbbb63b07
bae2bbd23d0f3c92
3b983c893d0f3dc7
3b503d8bbd12bc54
3da4bd953d46bbbf
bd29bd073c843d8c
3d87bd67b9e73dbc
3c43bc1dbd603cdc
bc51bc703d9c3caa
3d123db6bd4ebd0f
be05bd23bde7bcfe
3d93bd55bc69bcc4
bca1bd133d643d4f
3a913d313a7abc65
3c8dbced3c8c3af9
bb3c3cb53ccd3c63
3d80bc483d833b12
bccc3bd4bc583c3d
3da4bd09bd7cbc7e
3c86bb7e3c813d28
bca33b1abb1dbd0e
bcc8bcb5bd103c21
3da93ca1bd72bd59
3db43cc5bcefbccd
bbf23c1d3d26bce6
3d81bbfdbc173d32
3be13be7bb5e3cb4
bc163d003e01bcb8
3d7ebd65bbedbbc0
bcd03d4bbd02bd35
3d5abd8fbb29ba99
bc9fbcccbd46bde7
bcea3d88bd263b75
bc453dbdbda03d39
3c83bb00bcb53dc6
bd2c3c353d853cbe
bbad3ca5bd65bb80
3d27bd10bc3abc2f
3ac83a4ebdbd3ce3
3b97bc03bd9c3d18
3bdbbca93d7c3d51
bd853d093d3abc53
bd82bc583d9fbbd2
bd15bc83bd46bd38
3bc239163bf03d4b
3d63bd85bd1ebcb0
3bf63bc5bd1d3c3b
3ce23d5cbd113d00
3e053bf7bcab3c63
bceabdbc3b943d28
3d8ebc173cfa3d6c
bcdc3d153a2fbc0e
bc09bda5bdbbbdf2
bc143d163c3e3c90
3d2a3db5bc5f3ca5
3c7dbd6dbb77bce7
bc5d3acb3b6d3cea
bc273d553cadba58
bd45bdd73d00ba55
bd1cbc123cdcbd54
bdcfbd823bd9bdcb
3d3c3cc63d263c86
3c493cf0bc703d0a
3c18bcfb3cba3b99
bc86bc663d97bd0e
3c4bbd3e3c9dbcd1
bb9ebd6b3d69bd5c
3d44bbd23c88bd6b
3d433d0f3cb83d32
bd6a3b163caf3c1c
bcc1bd773d3ebc92
bbdf3c3abd21bd38
3db5bcb0bda33d37
be38bd88bdcbbdc6
3c3a3c1e3bba3c87
bd463d28bce23d1e
3cd0bb0e3d85bd9b
bc343cebbce7bdc0
3c3dbcb5bc9d3da2
3c2d3c4ebd253d0b
3d30bcf23d253cce
bba7bcd73cb73d5a
bc493d663d473be4
bd583d21bbbdbcee
3d0c3a6f3ca3bd4e
3d84bcf03c4cbb9b
3b653c113cbcbca1
3c693b0f3d89bcda
bd1e3d40bd5a3af6
3d233ce13d47bcf3
bc58bd243d0e3c8a
bc37bd813cdcbd2a
bc4abd39bb45bcd9
bcf6ba27bd5f3c81
bde0be43bddebdbc
3d08bdaf3c433ccd
3ce9bd8f3d843ce6
bd84bd7bbd5fbcb5
3d80bdb9bc333bbb
bd93bda4bc963cce
3ce93d0abc98bd3b
3bbdbdcb3bd6bd4f
bbd93ce83c93bc14
3deb3cb03de5bcb9
3da3bd6ebc9a3b41
3c94bc8c3b6e3cd7
bd18bb9dbd3bbd50
bd953ce9bcb9bd11
bc69bd05bd17bc9c
bbf0bc8b3ca6bc1a
bbe5bd833d8b3c8c
bda53c863c873bca
3c96bc783b16bb24
bc583c9dbc86bd27
bd25bd0bbd403d63
bd74bd5dbdcdbe2c
3cecbb4a3c8bbd5b
3d57bcd1bc84bbb6
bcc4bd723b033d9e
bd57bc8b3d503d60
3cc4bce53b6e3d4c
bcb63c9ebd743d5e
3b57bc46bc6fbc87
bd05bd10bd123d0f
bd04bd283da33b2d
3c6f3cf13d6fbca2
3c223cb53c47bab2
bd343d2cbccd3dbc
3cc3bc87bcdabc81
3babbd62bd393cc5
3d213cf33c073cbe
bce2bd1b3d3a3b44
bc183d0bbd91bd79
3d4f3d3c3d12bc27
bd4f3cf7bcd43b1e
3d3f3d72bda1be10
be15bdd9bd59bdce
bc203c0ebbfabd4c
bbffbc46bd4fbd0e
3dc43cae3ca83db3
bd543d013dad3da0
babc3cefbdc3bcfe
bc9d3cbc3ad73d88
3dc9bd6b3c66bccf
3dc9bd0abc02bd68
bb113c703d29bdec
3bfcbb883cd5bdbd
3d99bc743cb9bd8c
bd4abd07bbfdbc64
3cb73cb3bbfd3deb
3cccbcae3b823c49
3d47bd8fbd6abc0d
bd8d3c44bd02bb84
bdbd3d0fbcaf3db9
3d06bdb13cfdbc74
bd9c3d163c313cf9
bca6bdc13c96bd1b
bd9dbd37bdd9bdef
3c313cf23d32bde2
bd8a3cb1bb82bd39
bc1abd8ebc7b3bbd
bd843bb73c40bc87
bb56bcce3c923c28
bd323c36bd7f3c0a
bdacbd1ebba73d5d
3b75bd2fbd123d54
bc103b17bd1bbd2f
bd45bbb43d9bbd38
3a2d3d3cbd0ebb79
bc0cbd24bd153db5
3db2bc7fbd2dbce3
bbe13c4fbd9ebc13
3c3c3bd5bc48bc2e
bcf2bcb4bc83bda8
3dae3d493cfa3cb4
3cd83d923b90bd51
3d6f3cc0bcf63d77
bcc93d7a3db6bdbb
bd71bdf8bda3be07
3dd83cd93c403cee
3ca8bc403d453d41
3d4b3d0d3c7d3cb3
3dbf3c64bd20bc93
bdbc3d573cbfbdd8
bd08bcde3aa53c86
bd28bd073c96bc98
be283b10bd953e01
bb24bd8ebc0dbd00
3bce3b013d40bd0f
3d01bd443d763cbd
bceebb45bc99ba70
3c98bd5c3cd3bcee
bde1bc7dbc1dbc16
3d5cbd313d7ebd9b
bcc63cac3ababccc
bcce3cd1bb603ceb
3aa23c343c8a3d67
3c6e3d1dbda23cd4
3a9c3c65bc8ebd80
bd7ebd6cbe3bbde2
3d39bae73c883c85
3c1bbd8fbdacbd0d
3d7ebd16bd853d2f
bd5c3d163d373cc5
3d98bc5cbd91bc43
3b933d363dcabaa7
3c54bc99ba69bb9d
3d9ebc943ce1bc51
3cd33d9dbc833ca0
bd383ab13cb1bcaa
bd513c3f3d8f3cdf
3def3d41bce73cc5
3d5e3c853cae3cb0
bd0d3c283d733d04
bc143d4d39e0bd1c
3e313c90bd31bbde
bdfbbcd23cbabbfa
be233d773d4bbbfa
3d453c2c3d373d59
3e21bc8a3d2fbd3e
bda5bdcfbd17bd30
3c69bccebd04bd0b
3cbabd0e3cbabaad
bd983c4ebc23bc67
bc603cc63d4a3aaa
3d42bdcabcdb3af9
bda93d343d5abd1b
bcc9bccb3dee3ce4
baff3c243c993d83
3bf13d8bbcb4bbd6
3d5dbcb53d7a3d5f
bcb93cb93d0e3c0b
bd1f3d09bd88bd14
bd143ca1bcb1bcc0
bc713d873d1fbc5d
3b17bd103d6c3d3b
3c753b28bce7bd02
3acb3bc1bc48bcab
3d47bc9f3d2a3d83
bce13cf4bcea3c13
3d143d8f3d3f3a5e
bde5bd80bccdbd73
bcd6bc04bd083db9
bdb2bd6e3b77bcec
3c053c25bd5c3d41
3d463b3b3d08bbfb
bd78bdb43d93bd36
3c3b3d64bbb73cb1
bd26bb103dcf3c04
bcd6bc8abd2f3c1d
3dd9bb093d5abcea
bd75bcd13b95bd8e
bd963d453dcf3cba
bd913b2ebcacbd0a
bcc73b833d183c98
b88d3b9f3bf23b9e
3b82bd7b3c69bd10
3d8b3d4f3d7d3bf2
bc923cea3d85bd7b
3d443c9e3bcfbd4a
3d233d04bca0bc1c
bc6a3cda3c2cbda0
bda4be32bca2bdf4
3c89bc9d3db9bd0a
3d1dbd4e3c57bcfb
3d0e3b2f3cfdbd6d
bce73b8a3d84bc1a
3d063ab03a2c3d7a
bd273b9e3ce4bd94
bcb53d093c1d3b1a
3c84bb9f3d5a3d9f
bd103be73c113d9a
3dadbc1ebcabbd4f
3ce43d6ebb8d3d6d
3c0e3cdc3aab3994
bd0d3d6f3ca1bceb
bcd93d9b3d5b3c4c
baf43cc7bd673d6f
3d173c1f3c9e3d87
bbe0bcf8bccabd6d
3ced3d523bdebd7c
bacd3d033b44bd35
3d43bceabc8d3cef
bd5fbd81bd90bd48
bcc33d81bb65bde1
bc103cdbbb97bc71
3e02bc8abca3bbb8
3cc03d5a3d103d2e
3da3bc90bd0bbd27
bd90bcfc3bd13d3e
3e053b30bca6bdda
bca83862bb80bd22
bdbcbc903b6f3dbd
3b43bc813c7b3d12
3ce5b9f33da93cb4
3ce43cfebd06bd99
3c6e3c99bd6a3c87
3ce73dc23b7ebcd4
bda2bab33d21bc30
bd403cb03ba2bd29
3d8fbce13d5c3d29
3cf13d343d33bb03
3cb0bb833c503d03
bd9fbe053c71bbb4
be0cbd7cbe37be11
3c42bd54bd1f3d03
3c79bab0bd0cbd6b
3c59bb293dd83cf3
3d41bc04bb9b3d40
3bab3caf3cc6bd5e
3a8b3b2b3d8e3cfb
bd2a3d943cd13cc3
3c36bc533cdebb5d
3d853d08bdb83c9d
bbc0bd323c1a3c4e
3cca3b84bc43bbc0
3c9b3cd3bcb43cd6
bd05bc103cbd3bc6
3cab3b823d613c27
bca2bc92bcf0bcce
3b873c9dbc81bd17
3c07bc3b3cfc3cad
bbf43baebc57bb75
3d3d3d243d293d6f
bc7fbd5bbd9bbb5f
bd19bdb7bd26bd80
bc023d9a3d9abd18
bd123ceabcb0be02
3ca6bd3f3b8ebd1a
3daf3bdbbcf03c0a
bd99bd113bc8bd1e
bc5a3ce1bd903cba
bc4dbd21bda9bdee
3cdfbd52bc77bbe0
3bb83c3e3c8b3d0d
3c563d173cdabc42
3cfc3d50bc233d62
3d8f3c52bc57bd48
3d3dbd43bd5c3b0a
3d8abd97bdca3d15
bd0f3c763daebcc9
bb223c1ebc98bca1
bd433c14ba1e3b09
3d2ebc5f3d0f3cd2
bd7dbd903d073cae
39163c673d1ebb8d
bdeebdc5bd40bdc6
3cedbd4abcc23d6e
bc163ca03ac1bbc5
bc74bd26bd093c66
bd28bd50ba523ce2
bb973d1d3d67bc81
3c9f3a8c3cc33c8d
be0e3d1e3d9abc1a
bbd63ce1bc203c9e
3c3a3d21bd593d8d
3bfd3b773bdcbd4c
3d6d3a563bda3c04
bc94bc913bdebc40
bd38bcc0bd973c30
bd4339b6bd063d26
bc913d6e3e0dbd2d
3c8cbb29bd7a3d34
bc1ebcbdbcfabbe2
36cc3d603ca23ca1
3d3abdd43b5e3cce
3cacbc653d143c01
bdecbd84bcf0be0e
3b5b3d78bc903da0
3c29bd1dbc57bcc1
3b6e3d11bc603c93
3cc43cb33c9e3d81
bbfabd0ebd8a3d09
bc7dbd90bc983ceb
ba83bbedbcbc3d12
bc88bb463c15bbe7
bce1bcdb3ce13c71
3ce43c60bd46bd6a
3b3e3d213d55bcd0
bcef3d013cc53d6c
bd25bd3fbbeb3dc0
3bb7bd6f3d9fbd32
bc68bc93bbe2bc87
bb5c3d2bbd99bca5
bd3dbcf2bc8ebd31
bcdabd28bce93cac
3a393b463ce33d5f
3d153d263c993cc3
be43bdd2bdcfbd0f
bda33bf83c4cbc85
bda03d443d853d11
3c35bccdbb93bd26
3d2d3aa1bcabbb2f
bd363c9e3d4f3d0e
3d85bcfd3bf63bb7
3da5bcb4bbc23c47
3d193c963bd1bcc4
3d353cf1bd62bd23
bd133d8a3d5f3bc5
3bbdbd963bd5bcdb
3c87bbbcbc9bbccf
3d0abd2dbc8ebc28
3cdbbb21bc91bca6
bd773c223c8ebb82
3c803c333c5a3c8d
3d26bd903bfbbd5c
3d11bbf0bcfdbc99
3d22bcccbd3ebd65
3cd43d433c903dcd
bdaebe0abe2ebe17
3d93bc4d3d163c1e
3c5f3cba3c953d12
bc1b3c3dbd1cbcb6
bc89bbb1bca5bc1e
3d3a3dab3d343cce
bd51bab0bbf6bc13
bbca3d56bcd9bcba
babf3dc93c08bb8c
3cf73d383cb5bbce
3d8b3bf4bbe03cb9
bd01bd90bd593cc5
3ba93d62bc713c31
bcc03d09bd96bc60
bcc4bd24bd8dbb6c
3a1f3d61bd93bb8f
bc0cba8d3c503890
3bff3cd63c813d43
3b263c73bd71bca2
bd393d30bb8bbd7b
3d0cbd2c3d313d36
bdafbdeebd9cbdf2
bc31bd06bcf6bc4e
bc933bc2bc6d3c4e
bcc63d133d2ebc35
bc463c70bd9cbcd8
bc7fbd0bbc383bc8
bcdf3d0d3cdcbb8d
bc843b16bdaabd02
bc833da43b86bd23
3d96bca8bd783c26
bb80bc393d513d29
3aae3c5abd8abae3
bd32bcbc3d14bd03
bd24bc4c3cc33ba5
3ca93e083d1ebd37
3c4bbd98bceb3d1a
3cf83bc8bddebc26
3ce13caabc663cf0
3cc7bd45bb60bc88
bc3b3c863dcbbd6f
bc333c9a3d0a3d43
bdc1bd7cbe03bdc0
3d463ca1bbaabb16
bc353bf73d153dc2
3c77bc73bcfebd0c
bbb3bd763d013dc7
3c953d20bd6ebc38
bd47bd2fbcb73cbf
bd8bbc59bcc13d92
3ac63c40bde6bc40
3ce13c90bc6b3ce3
3d8d3c343c52bc41
3c333b433d6e3b44
bcedbd36bc84bc98
bd95bd2ebcc03d77
3c36bc67bd403d1f
3b123cba3c683c75
3d173cdc3c213b4a
3bbfbdae3c4fbbc7
3cd03cb93d1ebc11
3aecbc65bbe5bd7a
3cf23d20bbc03d65
be07bdeebd8cbd92
bd2f3d10bd66bc42
3cae3c06ba47bcb3
3c233cd93d213ca8
3d043d373ce2bcd3
bb453d193cf7bc9f
3bf9bc453ca23d2a
3c90bc7a3da0bd43
bc633ca73dcd3c8e
bd8bbc213d13bd3d
bc8dbba23be8bd21
3c46bdab3da53b5a
3cfd3d43bdac3c73
3b643db43d003d36
bcbcbb073db03cc6
3d84bb903d663c28
bc68bcb2bca2bb9d
bb15bc8dbd6f3cd3
3d8f3c9ebd4e3c81
bcb03c8cbcc13d6f
bc47bdaf3da93ce7
bd80be10bd5bbdce
3d443d0abd09bd17
bccd3cf43d243d37
3ce9bd87bc53bc6b
3d383d1bbd093c9b
3d12bdd03c31bccc
bc393b9a3c52bd26
3c62bd1a3cdd3cd4
ba60bd8a3c91bb90
bc39bd643c973d97
bd9bbc8abc083d13
3d643cf93c773ba9
3d28bd36bd9b3cd1
3d2ebd54bd33bd86
3d30bd7c3c273b92
bc833d283d37bcdd
bd0abd863ab03cbc
3c493d2dbc24bd83
bc6d3dd03cbc3c34
bd693da1bd7fbcd1
bd8ebc063d02bb0d
bdd0bd04bddabe04
ba953d303d6c3d6b
bdac3d313cae3d85
3cc5bc9bbb7eb9fa
3d6ebc8ebcc7bcf2
bd6f3d9d3b223d1e
3d82bb953d08bd92
3c203d49bd86bdbe
3cd03db2bdb9bd2b
bcb33db9bc113aca
bd9f3d3cbe023c15
3d8cbd17bd77bd71
bc1cbcacbc6d3c37
3d30bd823dacbd77
3d92bd51bc0abd3e
3b233b443de1bab5
bd12bd3b3d9b3ba2
3c6dbd1b3ae53cba
3d483d52bceebcdc
3c98bd723e093d09
3b67bd0db98a3d3a
bd24bd84bdc8bd0f
3caf3d86bd713c89
3cdf3b03bda2bc35
bd1ebc29bc8fbd4c
bc9d3bfebc5abc73
3c6c3d8dbdae3cc2
bd1abb8b3ab1bc25
bc3c3c88bd66bcbe
bbe03bcb3c3a3acb
3c443b803d9b3d5a
3ce53d85bcd2bc8f
bbabbccf3da33cda
3c26bb203c6cbcf4
bd2bbc9dbbb23cdb
bb07bcde3a903c9a
bb46bc46bd373d6b
3cac3ab7bc033cbd
bbe5bd103cbb3cac
3c6cbd20bcb0bd01
bc74bde33d6b3bb7
3c5b3ca3bdb33c30
bdadbde4bd8fbdbe
bd583c143b1bbc85
bd1bbc643ca5bd73
3cf93d52bc5cbd17
bcb63cfeb9373c62
bd45bc6c3db4bd96
ba043c81bbe23cef
3c9a3d9c3beebd10
bc3bbd56bd28bda7
3cfabc6cbddbbb87
bcabbb88bd66bb02
bc21bd0337babbad
3c3d3d153b9abbc8
3d1a3d12bc6d3bd8
bc6b3d5bbd623bdc
3d0f3d2d3c333d8f
bd40bd5bbd8bbdfe
bc833c96bd4c3d9a
3ca53d453c8f3d8e
3cbc3c9c397f3da0
bc9ebd30bb06ba83
bdf5bdbbbdd1bd31
bd053d0fbd39bb55
3c06bcffba923d0e
bd923c3ebc1dbc87
bbc73d81bd4fbc2e
bd17bd6cbb273c97
3cd2bc7cbad4bd19
bbfbbcaa3d1f3ca6
bc153d243d4a3cca
bbcfbd13bae93c5b
bc22bd153d04b9f6
3c6b3db1bd4e3d09
bccf3c8a3b6bbd39
bd183d383cbfbd21
3ca23ce63c223c7d
3dca3c673d903cb0
bd66bd48bc663d02
bc583beb3c0bbcd0
3d603c813dae3bcf
bcf73ceb3d25bd98
bd35bd4f3965bd4b
bd52bddebdaebe04
3d943c273ccf3d8e
bc913c0bbcaf3d4c
bc0b3c913cf2bd69
bc1c3cfcbced3cca
bb00bd693c2a3d82
bdc3bce73d26bd93
bd07bc2d3d013ccb
bdd13bf13d3f3cc2
3d4b3ca33d5cbcaa
3ccfbb31bcec3d95
bb3b3d37bd90bd04
bd323d383c8f3b92
bc4fbcf13ded3be5
bd25bca9bc35bd17
3c7f3c1d3d103ba7
3c9d3cfebd163c25
3c3dbcfb3dbfbcae
ba3cbc993ac63ba4
bd233d563da8bd00
bd15bd2ebd303cf2
bda0bdebbe08bcdc
bd4c3cb73c78bccb
bd34bd99bdcebddf
3cb9bd88bb443b4a
bb93bc463c663c30
bd63bd14bc633c78
3bb83d193bc63d83
bd60bb9c3d8fbd15
3ca0bd87bcbc3d8d
3d583c853c2d3da0
bb97bdabbb91bccb
3c15bbaabb97bb8f
3d7d3d813cf2bc07
3d013da03d153cd6
3d313cf33d893bfa
bd813cddb920bdb0
bd1b3d5abbb6bd3c
bc85ba363c093aa3
3c9e3d2f3cd63d80
3d3dbd6c3c973c96
bd013d2fbcad3d3a
bde2bd92bdffbd44
bcbbbc163d0f3bc1
3d433ce5bdcdbcef
3db2bd3ebcaebd74
3da63c1e3bc43c97
3cb33d763c7c3b71
bc233d3c3d6bbde1
3d923dd03c7e3c15
3cb53d0a3bc03c59
3d0fbd16bcea3d10
3d56bc9fbd65bc54
bd32bc4f3be03c14
3dbc3d683d4f3b1b
bc9b3d3d3d30bb7e
3dbc3d483cf2bd23
bdcf3d213c523cd4
bcfc3c66bc0b3d02
bb2ebd07bcc3bd09
bd0dbd2b3c833cc4
3d32bd273c82bd16
bc9e3d61bd9cbd51
bd813cfcbdb6bda2
bd6a3cd9bc86bcf4
3d9b3dc23b483c5e
3b6bbd183c833dad
bac2bd14bcb73d42
3d0fbc35bd44bba3
bc83bd293d513d8d
3852bd51bd883dc8
bcc5bc56bd07bd25
3c9dbbbebc17bd30
3cd83d433c2a3b25
bc7dbd483c043da7
bd48bd20bd53bbd7
bd66bc46ba37bc0c
3baabd00bcea3dbf
bc2d3cf13db9bd06
ba86bd26bd90bdd6
bb8d3cf93db1bd42
3b61bc533ce7bc31
bcc3bcc53d473cdc
3b223ca53d263db5
bd9cbcfcbd96bd0f
3ca23d55bd1a3d9e
3d29bd373cfdbd47
bc54bc4b3d8e3d70
bcb83c543c2c3ce8
3db0bc4d3daf3cdf
3d4fbd7d3bfdbcdd
3dbb3c893d4abc4e
3d313ae53d0bbd9a
bcb8bd2abc873c3f
3c9b3cb83d163d22
3d903da73c1ebd06
bd4c3b9abd67bd55
3d913d213cf53d0c
3d27bc993d09bd74
bd21bcabbd1ebd3b
bda2bce9bd1dbcae
3b73bd8cbadebce6
bc903b80bd48bd9d
bdf7bbcfbd7bbd1f
3c91bd0ebd10bcf1
bd34bd36bdaebd45
3ca63cdfbd91bcd3
3c773c5cbd2e3c7a
3d72bd0f39b6bda0
3d07bc9d3ceb3ce1
3d0b3cf3bc373c99
bccbbca43d38bd00
bcdabcf53c863ce8
bd6cbcee3d9e3c85
3c2cbd143bb7bd47
3c39baabbc933d0d
3cecbd173d9abc20
3d003d1c3aa6bd23
bc10bcac3d2abd82
3cd23baf3d583c15
bd323d84bca13cd4
3d3b3cbdbc58bb93
bdd4bd84bd2a3d0d
be0bbd0dbb203d8b
3b1e3c973c42bcea
3cbfbc033ca1bd3c
bdaebe013bf8be0e
bdcbbd3bbd0cbb7b
3b9fbcbfbcfebd45
3c2b3781bcd33c0a
bd263c08bc82bd17
3b8cbd8b3b0cbd01
3b63b79abc873c56
3d1bbc79bcec3c61
3d463c6abcd9bb2c
bcbfbd3abb97bcf5
bce83ce5bc89bc9e
bd093cf4bc1a3d52
bd87bd323befbc12
3c9c3be23d1abdb8
3d563b943d043c9f
bcd8bc32bcdd3ce2
bdaebd8c3da03cba
3d84bcfa3c8abd1a
bc2a3d85bdccbd12
bc893cde3d093d09
3d2e3cedbd8bbd1e
bdbdbcf5bdc1be00
3c893db43c373b86
3bf03d403ccebd87
bd1b3d0c3d373c67
bcdf3d5dbd033d8d
3d813c8e3d55bd6d
bd073d58bc963d51
3cd3bd213d0dbcf6
3c93bd77bcf23c15
3d863cd83ca2bc3c
3c37bd46bdab3c3b
bc153cf4bdf83ddf
3ca63d173d8abd1d
bcf23d403d623cfd
bd8fbc7b3d963d5e
3d30bd17bc96bd3a
3c363c503da6bd4d
bc933b5e3da7bcd9
3c43bd02bd873d1f
bd85bdba3d67bcc4
bcb3bc9e3d09bcb2
bdb2bd87bcbcbdd0
3cab3c9fbc59bcdc
3d7f3cbfbc8d3da8
3c36bd98bccf3c42
bd42bd913c083d0c
bd5c3cc63c91baff
3cf6bce6bd203d28
bd1d3c06bcc43d61
bd523d453add3da1
bcc73cfd3d93bd83
bd4b3daebd623c3d
bb92bb8fbd033d44
3b3cbcc8bda9bc7c
bc75bc1ebdb0bd66
3bdebc2fbcf93d47
3d603d2d3dba3d48
bce8bcf3bc1cbde0
bcd73c2c3b7d3d0d
bd043cb73dc53b00
bce3bd093c01bd88
3da33cb3bd873d2c
be23be1ebdc7bc51
3ceb3c3cbcdf3dee
bca43c763c6b3cdb
bc8a3dadbb9cbafd
3c843b94bb2fbbd0
bc163b8abd293d41
bc203c333db4bdd4
3b643bd03d22bd1d
bd56bae5bba9bdea
3c823cbabcb6bba3
bcab3d00bd693b10
bc533c9d3d843c84
3c633d8c3cd83c4f
3cfb3c073da5bcff
bd8cbc943d8fbda4
3d8ebd40bcf53c94
bc14ba9dbd313cbd
bc0abd3fbcb5bd01
3d94bbaa3d04bb97
3b433bccba483c01
3d84bd5eb90ebd30
bda7bd8ebd85bcd6
bd683d0f3d0d3ddb
bd64bd8b3cf43d0d
bc1c3d66bd12bb5e
3b483ddf3d06bcaa
bdfdbb5e3d5a3ce0
3dd53d52bd21bd4e
bc903d493cf53a95
3d573cbf3c89bd35
3c9f3aa8bd773d8b
3d663c8a3d7dbbe3
3cb33d83bbc5bc14
bd89bc36bd22bc94
bc95bb4ebc8c3b7e
3d373d623c8cbda9
3c033d0cbc893cf1
bc61bd033c9c3c76
3d2e3acabd0fbc54
3d453d8ebd373d03
3dcabc7fbc49bdc6
3ca73d0e3c9fbb38
bd96bdbfbd1cbd9f
bbe1bcc0bd2d3c9c
bd65bdb0bd523c4b
3cb33da43d633d53
3d453d51bcc33d76
bc92bcb7bd27bc2d
3d043d963d483c01
3b933d673dc4bd4f
bcc7bc4e3d11bc67
3d3c3af43be03d40
bd2ebd5fbce73d0e
3daa3d64bc19bd1b
3d1cbc403c82bc3e
3d593c1c3d3e3d91
3d9e3d8b3d763c8f
3c1fbd153c45bd64
bdaabd85bd97bd5f
bdc93c5abd3e3cd7
3c843be6bb28bcf7
3c91bdc7bc253cc5
3c7b3b843d0dbce1
bde1bd69bc39bdb7
bbc5bd34bcf53cdc
bb28bdc5bccc3c3d
bcadbe033c883c95
bd58bd843bec3cd2
3db3baa8bca93d89
3bd9bd273d013c8c
3d18bd923ca3bd2d
3d18bcdf3c48bcf2
bc093d23bc3b3a41
3d36bd5bbcb03c20
bd6cbcddbc99bc5f
bd3e3bbd3d233ca7
bd313cfd3ce3bd0b
bcb73cd73d69bcca
bd8a3e103d1a3c41
3d023c2abd8dbc09
bd943d4cbcb13c3c
bd313d7d3bf4bb35
bd3f3d593d81bd05
3b8d3cddbcefbd69
bdfcbd81bd78bd3f
3d393d10bcd0bd31
bd5f3d1d3c983c1c
3d713d85bd69bd96
bcadba1d3cb93c92
3d65bd7dbdc3bd1a
bced3d813d4ebd02
bd1d3b6c3d56bb8b
3c3ebd2d3b713d1f
bddf3ca1bd163d33
bd8abc19bd4b3c37
bc03bde0bc42bd25
3cc6bc73bcc0bd4e
3c5dbc323c853b18
3d3abc903d06bd12
3c7d3d243d0e3b28
3c8ebc4ebd1b3c50
bd713c8a3e09bd54
bd94bb883d163c99
bd6cbd1f3da1bcbd
bdbebc60bc953d16
bdbbbd1ebd5cbe0d
3df63c8b3c67bc45
3c9e3cbfbd09bd85
3d17bbd53ca13d3c
3ca03d46bc973d06
bcd13cd0bc07bd61
bd48bc173cb43d2c
3cf43c593c8a3d18
bda03cc43d13bd2c
3cd73c86bcecbaf0
3d85bc4e3d81bd9a
3c203d8a3cdebcb6
3d36bd44bd2d3d0d
bc4dbd56bc063d40
bd6e3c8e3c513d93
3c9a3cc0bc18bc6f
3ccebd2ebcdbbd8e
bb38bcadbd773bbf
bd04bc403cf7bceb
bcdbbd3abc86bc8f
bd363b313d23bde4
bd42be0ebd90be13
3d423aef3d61bcd7
bc89bcd43d80bb58
3d53bb803c6c3dbd
bd0a3c9abc54bddb
bd1dbd063ccc3bd0
3d17bbdfbd053c40
bd153cd4bc4d3c57
ba9c3c82ba073d3e
bdae3c75bd14bdcd
bdadbe04bbf0bcf8
3d353cb8bd32bd62
3cc0baedbbe43d79
3d3ebd87bd073d3e
3d983d56bd613c6b
3d20bd51ba663c91
3ba13cb1bc2bbd25
3bf63d033c3bbc17
3d72baabbcbdbbe4
3c933d3fbd793be9
bc623c2cbc3fbcf2
be17bcb2bcc6bd93
bd9a3d26bbdf3d3d
3d7abc8dbc35bd58
3ca7bcc83a9abcc8
3c0f3cd0bd90bc50
3c92bdbd3cc2ba95
bcdcbd15bd03bd63
3c1bbdaf3d453aac
bcbebd2b3d05bc2e
bc4ebd193a813d44
3b943c693d19bbf3
bd433d803c433d0c
bc6abd09bd5ebcdb
3a2dbcbdbc3c3d9a
3d61bd0cbc883c28
3a34bd4bbb50bd01
baeabd42bc74bd0e
3d9dbc17bd013c1f
bcedbcba3cb3bd2c
bd4e3c4ebc913c42
bc533c513d52bd17
bd29bce1be06bdac
3ce03caebd8bbb7c
bd8cbb833d65bbed
bd303c823cc23cfe
3c8a3c84bd4b3c84
bcd7bd543ce03db2
3d54bc1c3d713d7d
3cdbbcadbc163db8
3c803c1db8b43c3a
3ca03d533d2abd24
bd1f3d97bcecbd38
bbf23d64bc453dab
3cd83d67bc2bbd07
3c99bd303ca33d4d
3d9a3d593ce43b6b
bc19be00bc88bd0f
bd63b8ae3d0b3c26
3bc73cac3da23c27
3d90bd01bd613c54
3d92bc8ebd40bddf
bccd3c1bbcc3bd97
bda7bd90bd72bd10
bcb6bc24bd95bd3b
bbcc3d223cc23cee
bd9c3bad3b89bd32
3cb7bdc7bcdcbd96
3c883d823d4fbd77
bc56bccf3c2a3d06
bd57bca93d22bdb7
3c973d043d8a3c74
bcfabd763d463dd1
bce6bcd13da4bd95
bd18be073d91bd26
3ae53cfcbda83cf5
bdef3d99ba8f3d37
bcf0bd3e3d493bde
3cf439243d233dbd
ba533c59bd063e2e
bc2fbb53bac13e22
3d67bda93d9a3b6b
398b3d62bd593dce
3c4d39263c943ab2
bdc0bcbfbd44bd67
bc663dfb3bf8bd04
3c763cfc3d873d4d
bd1e3cd0bd47bcce
3d8b3d63bd1cbd1d
3ce8bcd03c423be5
3bc1bd30bd8d3c15
bd2a3ceb3c5f3d1f
bd3ebe10bc8abc8d
3d273ce9ba95bc62
3cce3c523c733d1f
3dc33d6bbd153c59
3b16bc51bc2dbcda
bd813cb8bd26bc03
3c55bc0b3c703cca
3c86bd053c61bb7b
3d31bd173ca4bda1
bb8cbd21bdcf3c41
bd373cbb3c5abb67
3d36bd463c843c71
3d9c3a0d3cdf3ce2
be09be04be0dbd93
bc793c9ebbf73d8b
3db1bd47bdbc3ade
3d163d073d2bbd6f
bd5a3c25bce5bd3a
3d56bd8abbb4bdc5
bd81bd253da0bdae
bd11bd11bbf0bd44
bd0cbdccbcb7bdb2
bc8d3c1cba3c3cee
bc76bd88bd2f3d8c
bd293d0abd29bc6f
3cd73c473c11bc2b
bd533d8bbbd5bcca
bc753daf3c31bd84
bd923b5d3b86ba9d
3db0ba49399dbd2f
bdd03c863d5c3d85
bd52bc573be43d12
bc8f3c283d933d2b
bc92bdcbbba83d91
bd32bdbfbd46bdd7
bd803dddbb6f3cb6
3cfabdca3d14bbd4
bd353d55bd023d94
bd913df8bd3f3c8c
ba54bc1e3d2c3bdc
bd74bd14bcb93d5d
39553c85bd4bbbe6
bd21bd63bc2c3cab
3df23bafbc43bd09
3ca83d0b3cb4bca5
bd0a3c34bd68bbd1
bbfc3d183bb63a99
bd383c8cbd21bc26
3cac3d073bc73c96
3c3d3c27bca4bd1c
3d313c503da03ca5
3d01bd4abb64bcbd
bc31bcf2bcfbbc23
bbaf3d143be63c0f
bd213b813c7abcc1
be10bddebd7bbe05
bccc3b1d3d823d4f
3d123c89bc7bbc99
3bf73d203a793d8f
bd113c9d3d3dbca4
3c5d3cb63c9a3d17
bc58bc87bba43dec
bb9c3cfe3c2a3d5e
bcc33bc73c9e3d87
bb053d2b3cc03c89
bcd13b32bd7f3bfb
bc7b3cbf3d6cbc86
bcc2bd13bc4f3d50
3d67bd0eba783ad9
bcbe3d1f3cd6bca9
3cff3c953bb23bc9
bc0a3cb73c57bdd2
3cc2bcfe3ccf3b94
3d893bac3c4d3d84
bca2bd5e3ce03d28
3ce63d80bd20bc85
be13be10bdbdbd94
3ced3c7fbd0dbce4
bd033d5bbd4b3d79
bc0cbca13cd6bc82
bcf1bcc53d8ebad5
bc8b3daab9afbb00
bd31bd223dac3c7b
bc51bca43d483d09
3c95bbe63cc6bc00
3cd63b923ca0bc88
3d9f3cffbcb7bc5d
bd19bc90bcc0bcd2
3bfbbd133dba3d21
bd06bd1b3d0a3dae
3d8c3c18bb433d2b
bcb03d123c65bc8a
bd043ce43bcabd80
39e4bda73cc63c33
bc60bc2c3cea3c82
3d63bdb4bc1c3daf
bd2c3d41bbd23ba5
bd1fbb55bd77bdb9
bd013d53bce23bfc
bd763d06bdaebd9b
3cbdbd0abd143c27
3d1e3c7bbd0e3d1f
bd33bcbbbd95bd3b
3bbabd0d3d193c96
bb9cbd37bd2bbcc1
3bfcbdd93d6b3d07
bd353d613ccf3d40
3d713cfdbd9f3c91
3d073d0a3b55bb74
3d253b73baf73d14
bd2d3c1fbd753c97
3d9fbdaa3cc23d6d
bcbabd3dbd1dbccb
3ab8bb7d3d60bc9f
3b18bd103c2cbc09
3cbb3d1f3d443d0b
3d28bc6f3d6d3cf3
bd073cf6bd3bbd18
bdcebe0fbdb4bdc9
bc8d3ba33d6b3c9f
3ccabd2a3ba23c15
3cccbc71bbb13c70
3dc23d0abbebbca6
bd003cb93bd13dc5
3cb2bd60bdb9bdc1
bd013c86bca3bcf2
bc8fbc73bd53bd12
3da03ca5bd7239ef
bb17bb663d833d65
3dad3c96bb86bc8f
3ca93d5d3c653be0
3c3abc32bc863cb3
3c373c17bdac3d64
bd243d4c3d96bd8a
bc513cdd3cd53dbf
3c993d30bd85bd90
bcde3d193b51be26
bb2a3d34bc62bc43
3c87bd2a3cefbcb7
bd4abdc6bdcabdae
bca3bd9a3c263d0c
3c3a3da4bd32bd9b
3b0cbe0cbce5bccf
3c2cbc3ebd193bc6
bcc6bdcf3d35bdc1
3cc4bca7bd19bd05
bd153acfbc78bd85
3d0cbd2d3c84bdd7
3da43d70bc343d3f
bded3c2bbd0e3d01
3c4cbce6bdb43abb
3cc5bd703d113c93
3de7bd0fbd02bd27
bd35bbc7bc52bd33
3b073d043d82bd85
bc113d6ebd08bd26
bad639ffbd983db7
3c373dcd3d993d90
bc523d0a3d043cc8
bd37bcb43c35bdb7
be19bd0bbdacbdc1
bdb6bcdcbbde3da4
bc9b3d7839e63ce4
bdb33cb5bd1ebd69
3c353d17bcd23bb2
bd5dbdb03d893cdd
bd0139d6bd60bb04
bd7dbcde3dd9bcb4
bbf3bd1dbc1dbd83
bcacbb433bb03d8b
3ce73e18bce93d3c
3c673d35bd3f3d50
bc65bc9d3d6b3ae7
3bebbd6bbcfbbd05
bcc1bd44bd73bce7
3d32bd033d313d99
bd903b1f3d103d59
3d8dbd9bbd3f3c62
3d40bba2be613c98
3d9ebd1ebd6ebd82
bbf13da83dae3c2d
be0cbe47bd8fbe33
3cea3d7c3ca5bd00
3d823d7f3d7cbd1e
bc22bd023bba3c6f
bbebbccc3c413d45
3cd2bcef3d4dbceb
bcae3c443cbd3cd5
bce4bd1f3d6abd55
bccfbc3abd8ebc2c
bd9d3c223d113c36
3d803ca8ba0fbcfa
bd5ebb3fbbd93d4e
bd14bd83bd05bb87
bd95bd223c233ac9
bd6fbd3d3bb53d24
bc57bb1bbb60bc97
3d943c653c69bcd7
bc3d3a71bd093c04
bd4f3c27bd2e3d57
bd0bbd4cbd9e3d7f
3d5f3d52bcedbd87
bdd0bdbdbdc2be05
3c343cd73d283c97
bd1abd34bd383d4d
3c393d993a03bc29
bda43b8bba023c65
3d30bd52bd4cba4d
bcbdbcc23cdabcc9
bda73d203d4cbbc0
baa4bb40bc4d3b11
bcb9bd943d353c12
3cb6bd6ebc9f3d77
3cb4bd153ab9bc0b
bd843b723cdabcf3
3bb93d76bcd53b77
b9943d82bc97bd5b
baa0bcc43b993d3b
3ce63b883d1f3cf0
bb40bd26bd3abd24
ba94bcca3cf43ca5
3be73d09bc86bdec
3d07bc27bc8a3c4a
bd56bdd3bd8bbddf
3d333c7dbd82bd0d
3c883bbfbc2bbd09
bd883d493c37baef
bd7fbd783d253d9f
3db13d5abdf2bdb1
bd293d1c3dc33d53
3d313d96bc803b9e
3c843dae3b4b3c41
3d52bd4b3cb53aed
3ccbbb873ccf3d04
bd6b3b4d3db83e3a
bc9dbd4cbd1dbd46
bc693d09bcfbbcc5
3c0c3d893d8a3d4d
3c86bc8fba35bc9e
3cb03ce2bd52bde1
bcfbbd8fbaec3c3b
3c363d093ad63d58
bda5bd233cedbd8a
3cc7bd4d3d82bd15
bde9bd47bcf3bd11
3d2e3d6f3ce23c33
3ae9bd17bd85bc69
3d19bdb63d633bf5
3d21bd453d83bd0d
bd0b3adbbc963b98
bddcbdbb3cb7bd66
bd9dbcc9bbcebd22
bd1abbb63c15bb4d
3cf83d92bc7a3c93
3d413b4dbc9b3dbd
3b923c8d3c03bc79
3d48bc9a3d333c3e
bda73baa3c2abd81
bcdcbd273d59bd0e
bc813dae3aa6bdcf
3d383d823cbabc53
bd08bd2cbc763cc2
bba53bdcbca5bcba
bd4e3d513d16bce4
3bbcbc57bd093d22
bd37bd3dbd97bdf3
bd44bd303c69bc59
bd18bd52bb83bc84
bd1a3c72bccbbc01
bb953b753ca1bc6a
3c25bcdabd97bdb1
3c983d11bca0bd71
39e0bd7a3ca63cc5
bd573c7e3c4abd60
3ca93c8fba1abd86
3d91bd88bd0bbd40
bd10bd3cbc03bbbc
3c46bb47bc38bcf4
bda0bc543c933cec
bcbc3d723d753d1e
bc583d2dbcb73d17
3d1bbabbbd6b3c0e
bd9e3d123a36bbc9
3d6c3d02bc063cc0
3d3e3d97bc293bb6
3cbbbd81bc75bd41
bd3cbdefbdccbd92
bd6d3c573ca63c18
bd65bda43b803d82
3d16bd373bf6bd19
3d0e3d173d833c8e
bc82bd22bd9c3ce7
3af73c633db53ca9
bc8abcc2bc9cbcf2
3d963cab3cba3d3f
bd20bd163c89bd44
bd37bd53bc24baa5
3c64bd44bca33d4f
3da33c7a3d40bd3a
bcc33d463d213d0c
3caa3cb1bd313d38
3d263c03bc8d3d41
3cdabd863cf7bd91
bcf03cc03df73dbd
3c3e3d1dbd9fbce6
3db53ce83d29bdac
bd09bcc8bd4f3d53
bd80be04bd70bc66
bd103d9b3d4b3d4f
bcd2bcda3b89bd54
3bb23d7b3d46ba8b
3d8ebc583b1dbc98
bcbb3d033c34bcd9
3da03c6bbccd3dbf
3d96bbcabd7c3d9f
3da6bd2abba73d22
bd39bd0cbc603d27
3e01bd5fbdae3c33
3d67bc1cbcc6bc58
bca53c5b3ce0bd4f
bcfd3dabbcd73ab6
3da13ca6bc96bd90
3d1b3d173b81baee
bcfe3cc93d2bbd59
bc463a973c2a3c70
3c803c58bd403d53
3cc93dbc3dda3d9a
3df83c213a9fbd1c
bc0ebe023b8cbdcd
bc7c3c253c073ce5
bcf93bca3d09bce0
3dbbbd6fbcc7bdf5
3d5ebd673c24bd59
3d233d21bcb73db4
3bb5bd833da9bd0a
3db1bd533d013cdc
3980bd113d133c65
3bcfbd23bd073d90
bbee3b7fbd78bcb6
bd38bc7f3cd4bc3f
3d993c4d3d3d3d81
3c67bc8a3d09bd36
bb82bdbf3d84bcc6
3d8ebc85bac93c76
bcfdbd823d0e3c8b
bc813d573ce9bcbb
3d253c1cbbe33ce8
bca1bc253b963cf9
bd733d3abd1bbc90
bdbcbd00bd5cbd7b
3c83bd13bc97bd37
3d943cabbd4f3d9d
3d89bc2abaf23c04
bcc5bd45bbfcbd70
3d1d3b59bd363dae
bca53c1e3d20bd87
3cb13ab83b853be4
bc463daf39ef3ca6
3d87bb313d31bce3
3d55bd69bd72bd4c
3d2fbd0d3ab8bdde
bd0c3b333bd23d65
bc90bcd33d0f39be
bc483d373d1cbd35
3d413cc1bcc13da7
3dbdbd34bd60bc91
bd07bce2bd3cbc4d
3bfc3d373c04bbfb
bcfc3b053cee3d6e
3d36bdd6bc913d67
be3fbe0fbdd1bd2e
3c9e3c313d65bcad
bd91bcff3cfd3bc8
3c073ccb3cbb3c7c
3d9a3b703c43bcb7
3cd5bd923d053d5a
bc9d3d8fbd0c3ce2
3c993d90bd4d3cca
3be03dbabddd3d3e
3caabdaebd40bd07
bce53b013d0abd19
3d45bc503d03bc6d
3bd23d1abc983bd5
3d89bd18bd1ebb96
3d6c3bb3bd68bcb0
bc92bd3dbc9dbb55
bc28bc043cb13bd2
3cc2bdb43cecbb4d
3d0ebd48bd243c91
3c1c3d193ceabd04
bd23bb8a3d843d33
bde03c7bbda2bde1
3d3a3b313e1bbc6a
bd043d3fbbed3d5a
bcb43b0e3ce4bd16
3d27bd193d96bcbb
bda53c59bcd13c6b
bce83badbdbcbccb
bdc9bc80bd54bd05
bd19bc90be17bb29
3d29bcefbd073caf
3bd73d033d9c3ce2
3d34bc6a3cb5bbfd
bd86bb85bb0fbadc
bdadbca33cba3c84
bd5a3c09bd933c79
bd4b3d1a3d433b6c
3c15bd393d75bd29
bd6d3d60bd3b3d8d
3d183d3abd8bbc80
bcefbd4c3c39bd81
3d5e3c94bd1b3bec
bd46be19bd6bbdb8
bd533c66bd363d0c
bd4e3cfc3d233d66
38a6bcbbbdacbd35
3be73c9cbd74bc50
bd19bc45bc5a3cdf
3d94bd45bd86bd4b
3cb53b93bd72bc39
bc0a3c02bc0ebcbe
3c04bc1f3d93bd16
bcd53d9a3bd43caf
3d41bc033d2abbbf
bccf3c49bbb5bcd8
3d87bc44bd56bd3a
3df1bd6b3c75bcd1
bc3ebca1bcb53b83
bd06bb583dbcba38
3bdc3ce0bbb6bca5
3c943d9e3d8ebc86
3dd4bd4e3d37bc3b
3c793d20bce83cf6
bd26bd9abd7ebe1a
bd50bd1a3c583c63
bd553bbb39863c1e
3c143b08bc323d80
bd40bc0ebcda3d7b
baab3bb73cbabbee
3cb83d59bd0a3d4c
bbc23be5bd1c3ccd
3cb23c593d293d91
3c21bc5f3d503c4e
bd66bcaf3dd0bb03
bb19bb023d0e3df8
3b51bd663c62bd0d
3d86bd2bb9bcbc41
3d3e3d093c6c3d1f
bb903d84bc173cf3
bd4f3c853c00bd4d
3d3bbbd4bd81bd8f
bd32396c3d023d52
3d1e3d46bd25bd68
3d1ebc703cb2bbdf
bdc5bde2be2abe0d
bd823bb13d57bbec
bc1dbd3d3c883d51
bdda3d133d7ebd6f
3c4f3b563d15bc89
bdabbcecbc55bc19
3d593da2bce83d3c
bd723d783c913c8a
3cb1bb35bd81bd20
3977bd333dd7bc83
bd5c3d18bbb0bc7e
bcd23ccf3c8f3c9b
bb19bcfbbd17bca4
bbfc3db4bca5bc71
3d023d66bbd7bc8e
3d0abd41bd053ad3
3c63bd083d00bce6
3da73aadbd783d2b
3dc6bd463cc0bbb4
3dabbda2bd773c8f
3bb13cf23d593cd1
bd81bce8bdc0bdc8
3c943cb43be7bc07
bc433d08bd0abc94
3cda3c143dbbbca4
baedbcd73dadbd55
bd853d4dbc3ebd53
3c5fbd3d3c8ebd54
3d3e3d0a3d40bd0d
bbf13c823d8bbc06
3afd3c78bd0a3d58
bd003b34bd0abc32
3cec3d463e17bd05
3d11bc13bd2bb983
3cdc3d163cf9bc92
3dc23c7d3cedbd85
bdaabcb1bd263c37
bd43bd3dbcec3bbd
3b973d41bdaf3d10
3d4abbb9bd393c48
3d77bdf8bcd93bc0
3d25bd86bc1b3bf2
bda7bc23bd35bd4f
bd52bcf7bd83bd84
3ce83afe3c8c3ae2
3d2e3cc1bbe53d91
3dc03cddbd973d07
bd033ca3bb64bc27
3db23d8f3d483d22
3d773c883cac3d22
3d5e3d1c3cae3c66
bc90bd3ebd553a16
3c9fbb84bd45bcb5
3df73d92bc44bd88
3cfdbd4fbc95bc57
3d933b2bbbef3d88
3d883c9a3c653cac
3bd63c393b823ba6
bd75bd9abd2fbd49
bbcebca63dcf3c39
bd1abc2bbd04bb90
bb8bbd1abccc3d89
bd5a3da13d1dbdb2
bd6cbe01bd2fbd89
bc86bd8fbca93d30
bd343d3fbb1dbbe6
3dd63d43bd87bd3b
3cdbbd38bd013c9e
bd3d3e07bcc83c97
3db23d2e3c4abd1d
bd243d9dbd62bcf6
3cf63db1bc68bc5a
3d43bd923d9f3cda
bc95bce33c823c64
bd9c3d233c8ebc2f
3dbabd2bbcd3bd1a
bcc1bc99bd05bd61
3d953d91bbd4bd0a
bc44bcd23d85b897
3d593d0f3b943b64
3b41bcf23d95bb34
bc663d1c3cb1bbe9
3d36bd543c223b71
3c2f3d61bcf93d20
bd91bceebde9be38
3a10bcaebd0b3c17
bc163c71bd5cbd9d
3bdfbd003c4bbcfc
3cefbb9e3ba4bacb
3c73bcf13b0abd72
3cf539b4bd503d5f
bd32bcffbca0bb60
3d183cf9bd2e3d8c
bda1bc923c543c15
bd0d3d94bd363a29
3d95bca73c2e3d6c
3c15bcc23daebd09
3d813c27bc4dbd4a
3d443b4a3d6bbc0f
bcfbbca9bc75bd86
bd00bdb93d0f3d5b
bcd13d9f3cd13d47
3d2a3d4c3bdc3d9e
3d573db73a363df9
bd723d1cbd1bbc94
be16bd8dbd89bdfa
bcdb3cd03c903d01
3d313d083d8c3c12
bd08bd02bc8e3d5f
3cd13cb33d77bb39
bca83c88ba7a3c35
bcbebc6fbb7dbcf8
bcfc3d093c7f3d79
bb193c82bda5bd51
3c10bcc53d3b3c20
3d513d183ce73db4
bcf0baa33c2fbcf6
bc46bcefbd123d8a
bd88bc16bb40bcf2
3c9dbc59be153c02
3d11bc573dbbbca4
3bcdbba2bb5cbcfc
bd02bc8bbd813d39
3c5cbcd3bc7ebc26
bbc4bca93b013b90
3cbf3c7c3cc5bc59
be28bddabda8bd98
bcd53d07bc6e3d81
bd873cf33bf2bd32
3d4fbc273d8c3d28
3caebce2bd7d3bc1
bd843cc13d79bd70
bc9bbbeb3c343d38
3bb3bcaa3d013ce3
3d2cbd0e3cadbcd5
3d3fbd26bbcd3d7c
bd103c6cbd52bd15
bcd4bc92bc43bcfa
bcbc3d6d3d093cef
3d96bd833d093bc6
3bf2bd163db83c98
bd04bc9c3d74bbdf
b9ed3d9abd5bbd8f
3c42bca23be9bd1b
3d2abca03a2a3cc5
3ce53be83c8c3c84
bc6cbd80bcf3bd86
bdddbd06be05bddc
bc903cc63d9c3ca2
bd13bd75bd04bd0c
bd313cfd3c61bcf2
bd513c623d41bd6b
bd4bbd3f3d223cc5
bd633c96bb593d15
bd24bc433c7cbbec
bc923b1bbd6dbcf2
3cd2bcf73c5d3d03
3c71bd8a3ca9bc17
ba91bc99bd2dbd81
bba63d8c3d103c13
bc733d293c2a3d62
bd523d8cbb843d2a
3d1d3cac3d7c3b8e
bc7cbce03d8c3d96
3d1d3d37bced3d4b
3c2fbd253c4abd34
3d1f3b5e3c913c21
bc11bd55bd51bd38
be0fbd50bd85bb29
bc85bc82bc75bd76
3c9abd9a3d37bb44
bd35bc0d3d413d19
bd33bc1c3c7fba94
bc4dbd153cf3bc74
3c3f3cc83afbbc8d
bd9bbc4f3cde3d2e
bd103d293cf83c6e
bc1f3c1ebdc63845
bc86bd453d41bc33
bb653d4a3c833aa1
bd123d2bbd103d02
bd663cc5bcfa3d5a
bd263c89bd3ebce7
3be83cc9bd183c8d
ba9abd2abcc53c83
3d613b86bd1d3d72
3cde3c8e3cf0bc88
3c9f3c39bc1c3cd0
b8bcbc5f3c42bd16
be09be19bdbdbd5d
3c4cbb903dab3cf5
bd5b3d3b3db9bcd2
bcbb3d75bd3e3da0
3d7c3dfa3d24bd5b
3c3f3d2abcb33c96
3d143d9ebcbcbc42
bb983c8fbd233daf
bd5c3c6dbce23d96
3cf3bc2c3d82bc4b
bc9cbc9fbd0dbd48
3ca83db0bcd7be05
3d2ebc5cba453b6a
bd013d58bda73cfa
3d3d3d60bd253cef
3cac3ca93ce8bc9c
3c36bdcd3b403c91
bdafbd68bac33c9d
bd4fbcbb3d263c62
3cd5bda5bcfc3d68
bc313d91bceebdb0
bd07bd99bd1fbda4
bcbe3baebac33c3a
bce63e023c8abd05
3d2bbd2c3c153ced
3d583b75bca13ccc
bca8bb81bd313aa8
3d08bb2c3cd73cb0
bcbbbcae3d2e3a83
3d80bd553d453d0f
3cfbbbb5bd7eba4a
bd633cd2bd0abd5d
3cd3bcffbca4bd21
3bb3bd413b773cdc
3d87bc493d053ca6
3d22bc953c483d9d
bd263d773d023ce8
bc37bb98bc923ae4
bcdd3ce63d993db5
3c1cbced3d70bcb6
3b823d173dad3d14
bd0bbd043ce3bd16
bde2bdf6bdb1bdea
3d943d67bd21bb96
bcdfbdb0bcd23cf6
3d38bbab3d87bd58
3da63c8e3ce3bcaa
3cde3c33bc1cbd96
bca33bb03bb73b86
3d6dbc8b3d8a3cf1
3c66bd58bd68bcea
bccabcf93cac3a2a
bc56bce33d5e3ce9
3de53c9d3cbf3d0b
bbd13ca03b523c73
3b9b3d823d6bbc38
3d7b3c8c3be8bba7
bcf6bc9c3c063d54
3b02bc9f3d513ca5
bb6abb3dbb86bdc0
3bfdbd0d3c973c13
bdadbcc83cc5bb95
3cc33b5fbd523cf9
bd29bdaebdb8be20
3d42bd1abda33d82
3c883d3e3d803d2d
3d963ce9bc9b3ccd
3dc83d2f3d17bd06
bd9a3db23d103c6a
3cea3d4bbc91bd0a
bc963d8c3c1b3d0a
bd983d1fbd7ebdb3
3d2ebcaf3deb3d43
3d39bc243bb2bca6
3ca13dab3cd4bca7
bd15bd593c65bcae
3c8fbc90bd32bd8b
bc5dbcc3bd5ebd36
bd733e053db13b39
bc32bd323d473cce
bd65bd283c24bd33
bbde3d093c2b3caa
bd58bd833d9b3b9b
bd383c853d283d15
be07bd83bdfebcff
3c7d3d1abc89bc57
bd223b193ca73c26
3d15bc36bd7e3d03
3c533d38bd763d0c
bdccbd423d6d3c54
bc65bccebb393ca6
bd69bc1e3c733b24
bcfabbaabd2cbd69
bb363c42bbbf3c08
3c2e3d2b3c4f3ccc
bca73d52bd943e35
3d0dbc7bbc89bdce
3b4dbcdd3d15bd32
3c35bd1c3bf2bcf0
bd33bc4a3b8e3cb5
bd4fbc6b3dd0bc7e
bcbdba55bc8b3c06
bc8dbcb0bd31bd06
3cc8bcc9bc923aee
3d653b533d10bc9f
bdfcbe28be0dbe13
bdfa3cdcbccebbd6
3c82bc60bc0ebd9f
bcddbc9c3cb23cf2
bdb93b85bd4f3c86
3dd6bc68bc85bd2b
bcc6bd163c45bcef
3cdabd203d3e3c00
3d98ba77bc563d68
bdc5bb013c5ebccd
bdadbb5dbda5bd9d
bd5d3c01bd3f3bb7
bc703b833d85bcce
3db7bd05bcc1bcd7
3da7bc493d943d8a
3d9bbd563d6ebd16
3d033cbe3d3bbcbd
bd5b3ccabd583c5f
bd4cbcdcbdbdbc4c
bc553dc63cb4bc23
bc65bc9fbc52bc41
bd12bc19bd8fbdfd
bb173c23bd853d80
3cc43c6cbd16bd38
bd0cbb0e3dca3cd0
3cc1bd003d453dc3
3cbf3d6a3ac7bca0
bd07bc1aba053c00
bcca39d0bc02bd06
bc1b3c8e3c13bcc4
3c993c7dbbe73cfc
3cc53c65bd373d46
3c88bd21bb633d6d
bd87bc183d833d4d
bda2bd0e3b9cbd41
bcc3bcdb3d52bc91
bc533d2abd61bd2e
3d37bd45bcf63c9f
bb683d173c84bce6
3d393cde3d603d91
bd20bc4f3c2dbd22
3cc63da5bc8abd09
be0dbde9be06be19
3d103c88bd77bdd6
3c8dbcd6bc73bc67
3d81bd433d8f3c9e
bd2cbdd83dba3c1b
3cba3d22bd4f3da1
3da8bd28bd06bd62
3d3ebd083d9fbdc3
3d56bdd73d543ce1
3bbcbd0f3e0fbbf1
bcf0bd96bd9bbcb2
bd15bd9b3c50bca3
3ca23d7bbcba3c53
3d1abcaabbc23c2f
3d3abb733d7a3db9
bd303db03dabbd50
bd4b3e213e2c3dbf
bd6a3be8bd14bc65
3c3ebdd8bce3bc93
bbb83cd63cbb3d58
3d813c83bcdcbc51
bc5bbd6dbdf7bd55
3c72bb533d8d3be5
3bffbced3c9cbdb7
3c4abc873d763e21
3d82bd083ddc3d4b
bd98bc783c27bb27
3c5bbd02bda4bc9c
3d3dbd423c70bbcc
3c6ebd16bd91bcad
bc97bd2fbd06bcce
bd3c3cf63da5bc5c
3dc73c833da1bd06
3cd4bc16bcd43da5
3daebbefbd183d0d
3b783c47bdf33cbf
bcf23d0a3c40bcef
bd2abd9ebccbbcc8
bcdf3ced3b143d4e
3b9abccf3d00bd10
bb06bb8fbd21bbde
bd443d913d67bcea
bdbabdc6bd0fbdb6
bd0fba93ba5dbd00
bcf3bc7e3c1a3d44
3de83ca63baa3d4b
3d6e3b95bd913d12
bd8bbcf5bd02bcd1
bc933dbbbd14bd2a
bc2f3d1abdc7bd25
b9133d36baf43cb7
bccebd8bbd0dbd3e
3c693b013d9e3db6
3cdb3c7abd153d89
3c4b3c8f3c92bd28
3cef3d3f3b80bc74
3c213d8a3be5bb12
bdd2bc10bdb3bcf5
3d4bbd3e3d55bd36
bd9a3c74bbec3ab5
3d313c14bd003bfb
bc0bba963b10bcfb
bd1f3d41bd093b4b
bd72bcf6bd19bdec
bc94bca63cdebce7
3cfbbc593cbcbd55
bcb9bc27bd243ca5
3cb53d9c3c42bc71
3b63bd31bd4bbcf1
bd843d30bc863cca
bdac3d5bbc7a3ced
bd893c90bd933d3e
bb0bbde4bc6cbc3c
3d063c983d12bcbb
3c8e3d7fbc8ebca9
bcc0bdb0bcc53c69
3bd23bb93bf73d40
bc903d16bce63d28
bcce3bbb3da23c2e
3ca6be2fbd4abc56
bc2c3d42bd053bb5
bd5cbd3b3d73ba79
3d193c623b343c7d
3c813d8e3d263c09
bdc7bccdbdfabd7c
3d49bd333dc4b8a2
3d853d73bd183d26
3d123beb3dadbd44
3cb33ce53c453c6c
3b6b3d1cbd2a3d89
3b2d3d08bb873bd0
3cbd3d7e3cadbcab
bd81bc02bc7abc14
bc21390dbcca3d19
3c8bbc4abd123d10
3cb0bc913a743c1b
bd57bc583d88bb53
3c583d5f3db0bc17
3d103d253c91bc8e
3cc6bb9f3d5bbaca
bd10bdb63d1b3d76
bd613d98bc9a3d06
bd78bd1dbc513c63
3b85bcb2bd4dbd4d
3cccbca83b93bd51
bdc63afcbde2bd92
3c983d283cfd3cd6
3d00bce7bd6cbc36
bd57bcca3cbc3d9a
bd863d393c853d5b
3bb5bcc33cbbbc89
bd7d3c36bc5c3c9e
bd2c3d333d9f3cef
bd313bbe3cc6bd0d
bd323cf1bce33b42
3c98bd863d2bbd1c
bcf03c0bbc9a3d9c
3ca7bd3f3c913cfb
bd013c0a3d313d5b
bcc0bcc83d9f3ca4
bc953c03bd48bce9
3cd13c573d8ebc86
3c0fbd753d92bd6e
3c493d793d533bce
3bb0bd443dcb3d4d
3d773bcdbda7bdbe
bd47bda5bddabd73
3d5abca7bccbbc73
3cefbc50bc9c3c33
3d76bca3bd45bd8c
3cd7bd95bbbfbb38
bce6bc783c3e3b00
bc30bc9abc09bd34
3db1bc05bcd6bc87
ba973d123c96bcd5
3d9b3cf73c9c3d88
bd53bd5f3c213d2d
bd21bc59bd53bc0b
3dafbc363c84bc98
bbd7bdb9bdc4bd0f
3dc23bc7bd27bc86
bb763cc8bcee3d59
3babbc603db53d9a
bcef3cbebccbbaef
3d393a8e3d69bcca
bc96bc0f3c6abbbb
bd833cadbb433cb6
bdbabdf0bd36bdf8
3ac8bd923c943cad
bce5bd84bd76bd5e
3c9abcd83d033cbb
3d073d6a3d5e3d7d
bc9dbd11bd9639d2
3d27bc393bea3d87
bbb73d4dbdb13d9c
3d2f3c75bc853d22
bbc93c0b3d1b3bf2
bcafba0439a7bd19
bcba3ca9bce63d8e
3d8fbc90bdcfba5f
bc91bd5c3c9c3da1
3b57bbec3cac3dc7
bd363d4bbe28bd06
3d1c3be73de9bdb9
bcc13c8d3d80bd09
bc7a3cccbd143d21
bcd63d153c7c3b3b
bceebaebbdc53b5c
bd95bd1dbd98bce0
3c0bbb973c1cbbc7
3d0cbd8cbdf23b3d
3d71bd223cce3ce0
3d083b8c3d063bbd
bd89bdb3bcc3bd11
3cec3cf93d963c24
3c5ebdaf3c18ba4b
3ba3bcd6bc403d25
bca43d953bac3ca2
bcea3c97bdb3bcf7
bc763d023d80bd50
bcc6bc1bbc703d16
3cf4bc333cbe3d50
3c9cbc4c3c093d92
bd54bd9dbcbdbd9c
bc4dbd31bd08bdeb
bd69bbe23cec3c68
bb5c3cbc3bf93ccf
bc123d503dccbd1a
3c2a3d943c89bd47
bdb5bd97bdbbbe18
bd703d76bd24bd02
bd20bc0b3cbe3c30
bd74bd77bda9bd03
bc233814bd3b3c42
bcbb3d643c50ba08
bd8bbd8b3d1e3c76
bd303cc83bdcbb9f
bd1f3d5a3d943b46
bd113ce53bd13d09
3d033d38bcb93d04
3cd6bc9ebcfb3c31
bd2c3be63d37bd1a
bcbe3b243cc5bd63
bc40bd973c22bce9
3d4a3cd73d173cc6
bd803c70bd713d31
3b10bd513d5dbd35
3cef3d373e213d0e
bab6bdb8baf6bddb
3d453c8abc49ba95
bdf9bcb7bcecbe03
3cc7bd883d0bbd7b
3d13bd233b313c64
bd48bd883ca5bd41
3cce3c953de7bd19
3d5f3b9dbcf23d1f
bd633d203d81bd4e
bb55bda33d46bb43
bc68bd82bc8fbcff
bb77bd55bc28ba6c
3d3bbcf73cc1bd0f
bcd43d4f3db63d2d
3c4fbd9bb82a3b14
3cdc3d7b3d2dbd14
bd2c3caa3d193d0e
3d94ba2cbd29bc27
bd2b3d75bd243d99
bca1bc39bd0ebd11
3d76bd81bbfcbdd2
bcf93dc7bd683d4b
bb463d3abcb8bc32
bd00bdb6bc90bdcf
bd2ebd663cf739cb
3d2e3ad23d21bd42
3ce7bda4bd753cb7
bccfbd5b3ce6bbd2
3d5537213d5e3c3c
3c913d12bd5a3bf4
3c983d203c08bcb8
3d7e3d433d173cfe
bd9d3d293c92bd01
3c3b3bf43d40bcfc
3c03bd27bc4f3d26
bcf4bc153b243cab
bcd13a8dbd13bcb4
39c13d49bd0f3d69
3cd13d6dbb613d3e
3c0dbcf13c113c03
bcd73d5bbb96bc92
bdc33cba3d04bd38
bd223be9bd403d11
3d4a3c1a3c16bd01
bd51bdc9bdb1bd97
bcfe3c643d823b9e
bd38bc22bd30bb92
3ba43d8c3d0dbd61
bb753c033ce1bc7f
bccf3d0abcbd3972
bae63aaa3d4dbd64
bd33bcd23d94b9da
bd533ac33d0a3d01
bd56bc43bc973d03
3d83bd12bb823ca7
3cb4bca8bc673ce5
bc853c583d373c04
b9b1bc983c6abd55
bc94bcb13d00bc96
3ca9bc69bcf5bc45
bdb6bab1bcc83ce0
3d07bc093c11bd9c
3d92bc8e3d813d34
3c593cdb3d583d08
3d02bd0e39f93c18
bdc7bda3be0abd88
bc20bcb03d21bc28
b92cbdaa3c60bd87
bca4bcb2bd713d24
bc6b3cdb3bf63bf1
3cf0bd04bd0dbdb8
bb1ebb9d3ada3c85
bcc2bbb23caa3ca3
bd5bbc63bd7a3c23
3e213cb0bc24bda6
bc97bcad3ba9bdc9
bc473bb0bc7abd70
3cee3bcb3b80bc4a
bd1d3c8c3c933d11
bb8b3ca83d0cbcc9
3cd4bc17bc8f3b27
3cf7bd0c3cb43c17
bd5cbd4d3b043d9a
bd40bcb23dc33c22
bd073c36bc3b3ae7
bd203b4cbd27bbb1
bddfbe1fbdcdbd81
bc9e3cecbd05bcd0
bb7ebd3ebce3bc70
3d923c4f3d2e3c14
3ba83d5abd43bc99
bc39bc1f3e223c5f
3a223c24bda4bcd1
3b223bf03bfabd28
3b9d3d13bceb3c44
bcab3d1abdc2bd1a
bc3ebd13bdb03cc2
bd6abcf2bda6bd83
3d33bc253d883d59
3c58bd30bc9bbc8d
3ca43cc83d863cb4
3c543cf5bcf33d0d
3d56bd883e13bcbe
3c043cb0bd2bbc83
bd863c4bbe023c8d
3b8e3c583d353dcb
bc3bbc45bd553da7
bd4abe23bcb4bd83
3c19bd033c753c45
bcf2bd513caabd12
bd5cbc2a3cb93c9a
3d24baf23bfe3c9e
bb5cbd893d50bd89
bddf3cc2bbab3cb4
3b953cb83da93c2d
3b273d5f3d5cbc9b
3d973d573d81bc16
bbe03c11bbb8bc7c
3c9f3c463cba3c40
3cc43bb1bb8bbcfd
bdd5bcad3bc73cb6
bce23cda3d283d7f
3c6f3c1f3d14bd29
3d3f3d96bcd23c73
bbc6bd9cbcae3c85
3c953cdbbd13bc7c
bd143dfdbd723d18
bc043b54bd18bd07
bdafbd98be1fbd22
3d0ebb7f3d1abd08
bcc9bd473c05bd6c
3c8dbcd63c58bb48
bc31bc653cc33d35
bc21bd07bd8e3cbe
bda43d1d3cc8bc87
3d11bceb3d8bbd2f
bd8e3b1a3dd93bd6
3d2bbc9dbd1c3cb3
3d4fbd8d3d10bc12
bd88ba813dbf3d0a
37eabbe6bd933d43
bd3c3c323b9a3c02
bc703cee3c853b0f
bd70bd56bd1fbd29
3d903cb6bcdabc45
3bbc3d16bdb5bbfd
bccc3c0d3bc9bb51
bcec3d84bdf63d58
3c26bda03d18bc24
bdd1bd06bd3bbdbe
3d993c453d8abccb
bd743d5bb8953d10
3dab3c2c3c64bcd7
3b203d423d6bba5e
bd32bc8fbc993cbc
3bb43b70bd0b3bae
3d27bc6abd53bc55
3c2cbd13bd40bbd6
3c3c3d943d63bd9c
bd803d50bcc03d25
bda9bd8d3ca63c6c
3cb63cf33c593cee
bcd5bd27bc7dbcea
3dce3d02bd09bd9d
3d4c3d62bccfbc8d
bdf7bd3d3d3b3cbc
bbec3c9bbbfbbd5c
3d0b3d69bd12bbe1
3bb03becbbb0bc10
3b01bca7bd0b3d1f
bdd93b88bd99bda2
3c783dc03d87bc97
3d5ebb203c2a3c2d
3b14bbb7bcfabd2a
3d073cf9bc82bdcd
bc8cbd52bb7c3cc1
bd18bdbb39abbc3c
bca0bd553c84bd67
bd65be07bdbf3aac
3ceeba603c51bd1b
3d903ccf3c66bc4a
3bb7bc493d6fbcd2
bc23bbb8bd25bccb
bca7bd98bd183c6f
bce0be05bd923c24
3c13bbd4bca8b8d7
bbab3d47bc23bb11
bd1cbd70bc7e3d4a
bcefbcc8bd023c27
bcaa3c97bb203c91
3d0e3cce3d243cb3
be283b15bdeebdd3
3cf4bd053cbe3c8b
3ccb3c7b3cba3da1
bc1abcdb3d173d2e
bafb3d8e3cac3d85
3c80bcc2bd19bc16
bd603d42bc29ba81
3b66bc00bd073d8a
bb17bd3a3d163c9a
3cab3daabce73d18
3d01bd36bc60bd54
3b013cec3c67bdbf
bb0fbcd33d6fbc26
bce63c073c9c3b75
bc9c3d183d643b99
3b8a3c98b98d3cf8
3d5cbbbb3cc23b91
bc59bdddbc14bbb8
bcccbcb83cee3cc7
bd34bc833d3b3cf5
3aa03d9abd41bc8b
bdfebdd4bd76bcf4
bbc2bcec3d7c3cb8
bbaebcd6bd09bd0f
3b7a3d623d953c32
3ca0bde53d2b3cd3
3d153d38bb0cbd22
3d423c1f3d193c0a
3da23ca63cdf3ccc
bc98bd803d253d44
bd1f3d493a7dbb68
bd0bbb7cbd223d23
3d6bbd5e3d713b98
3d79bc133d1f3c86
3d2abda23d533d26
3dc7bc6f3d603c66
bc75bd8ebae0bd20
bbcf3d87bd01bcd9
3c69bd0abc93bc26
3cbcbc37bc8f3cd8
bd533d12bd923b53
bce1baa8bd47baaf
bd7dbda7bd0bbdea
3cb83bf33cf53a0c
3d45bc8b3c07bb84
3d05bb913d2c3de8
bc0abd883d283d65
3ce2bd20bdba3cd5
3d123c83bd5a3cf6
3dbdbcfebd4d3d6b
3c563bcabc1cbcaa
3bd4bc1e3dd63c7f
bd1abd27bcf8bcb1
3b77bc613c7c3bbb
bd403c0ebd5e3a8f
3ba23c6abdb8bc3b
3d6dbc1abcd43c84
39923b9cbbfebca1
bc25bd4c3ce4bd01
3c8e3d62bd963b98
bd7a3d3fbc603c5b
bc383da737a63b3d
3d013dc43b04bd2f
bce2bd94bd6abd68
3cd03d2c3d7a3d5c
bd1f3d933bd0bc90
bc01b9103cab3d67
bbd9bdda3c783d9c
ba163bbf3b06bba1
3d16bd07bdbfbd3c
3d7bbd27bd033c73
bcf0bc653cef3d1f
3d893c1f3ce33c07
bccdbc8a3c093a9e
bd77bc023db53ce2
3c23bd61bd203d16
3d3ebd1dbda53d76
3ceebcc33c0b3caa
bcc93c1d3d08bd67
bd573d143dbebb22
bd7d3d0cbda6bdc8
3d56bbc2bd25bd41
3cab3bf9bd2f3c8f
bd883ccdbc873d8a
be0cbe35bde9bdb8
3dad3ceabc2abcea
3d87bd963cd23d8a
bb443d933d713d53
3c643d103cb7bc79
3b6cbb86bd3b3dfa
bdef3c82bcf2bcc2
bd88bd0abc0e3d75
bd333b66bd383de4
3d153d013da5bcb6
3d293c273d2bbc44
3cb33d493ceebc30
3b543c76bcc73df2
bba63c40bdb63c52
bd26bcb7bd983bfd
bc4abd213c003da7
3db5bd463d493d2d
3bfbba36bbf33cc9
bcd93cff3d0d3c97
bd6b3cd4bcf7bb8c
bce4bd173c50bd1e
bd4cbe02be30bd9f
3c133caa3cc8bcf6
ba89bb1f3c21bd17
3c323bbabc27bbcc
bd22bb95bd1ebbb8
bc9bbbcc3b3e3a3f
bcb23aa7bdf73d1f
3d0ebc5a3bcbbd4e
bc6c3c9e3cf73b9e
bbfb3b9d3d4fbd7c
bc0a3cf7bbcebcf3
3cfcbd293b4abc5e
3c1d3b483c63bb96
bb94bd53bc533cad
bc06bc00bb6d3d05
bb2d3b47bc7d3c4e
3cff3c96bd16bccd
bc6f3c9bbcdb3c52
bd2bbcc8bd153c9f
bda8bc9e3dabbc10
3c88bc83bb8dbc1b
bc53bd1dbc3b3cd9
3b5ebbddbc8c3c9d
3d76bd11bd2fbd5c
bd2b3cdebbddbc9b
bd06bc633cab3a8d
bd0cbd9d3d88bc88
bcc7bc6a3d0a3bac
bc4d3c0ebba93b81
3caa3d573cacbd33
3cf8bd3dbd72bd1c
bbc2bc27bb53bc25
bcbe3a973b8a3bd8
3c4f3c353c35bd04
3ccabcadbd473ca4
bb943c233c883c14
bce2ba8ebc6a3aa8
bc123b66bcbd3ca0
3b1ebd203d0bbd3e
bd4ebcebbbf4bb4d
3c9cbc6f3c99bc08
3c02bc04bc15bbd2
bc7fbc423c4ebc4b
bc34bc503bbc3d06
3be43d003d24bd21
bd27bb97bd1a3d3d
bcafbce9bbecbcf8
bc49bb9ebc02bbb3
bd0ebc7ebba8bb09
bcd0bd223b86bc8f
bca83c7ebc9fb8fc
bc94bb0fbc923c34
bcc8bac4ba9dbc49
3c9d3cdabcce3c07
bcc3bd08bb183bc6
bd18bdbd3d9fbc8c
bc7bbd1dbc0b3ce7
bd1dbd033b8b3c26
bbbfbc943b8d3c32
bc823a0c3c0c3c83
3b95bc1dbd943d1c
bac43ad03c6abd32
bccbbda23d86bd10
3d27bcee3cdabd19
3caebc253c8fbc73
bd0fbd493bde3b61
bc85bd6bbd30bb79
bc3abc2bbb65bb2d
39bd3a15bc1f3ac2
3cab3d18bcf43c59
3d4bbaf7bcd63a98
bad9bc63bcbf3d1d
39c03c7d3c2d3d88
bbb8bbe1bb893c17
bcec3cfd3cefb869
bc3abb83bb2fbc13
bcacbd32bd10bd06
3bf0bd03bdadbc98
3ba33c6b3bf1bc9c
bc6abda33ce1bd52
bd29bd3bbc163ceb
bd78bd643ca0bcea
3ca93c9a3cc1bc37
bd1bbaf5bd343c9c
bcb5bb35bc9cbb8b
3b4d3d403cdbbc93
3b8a3c02bcb43b5e
bc5d3d5bbd5dbcdb
bccabba63c763d38
3c0dbcb33d3fbc16
3d3c3cd63d3bbd55
bb13bbc3bc06bc10
bd81bd903d29bd06
bc283bc5bd953aa5
3c85bcf23cd1bd11
baf03b9a3c67bd39
3c3bbd9d3d99bd6a
bd183bedbd01bd38
bce1bcac3d473990
bd263c39bcc0bbcf
bd0cbc9a3ce3bcca
bb233cdfbdbc3c0c
3aa2bb7139b3bc34
3d3dbd1cbcd8bbc2
3bddbc5abb7dba24
bd5cbd90bc0dbc0e
bcc0bc273d59bc57
3d293d1ebc9c3bfb
bb673c263c833bf7
bc9abc2dbb693c47
bd2f3c94bc9cbb3f
bc4c3c01ba9cbc0c
3b4abd1ebd55bc3f
3c33bd28bd38bd5d
bd03ba8ebca33c94
bbf93d4bbd7cbc79
bc19bc60bc1b3bbe
bd24bcb5bd503c95
3d01bcb83cafbcb4
3c463d553be4bae2
bcbabace3c6bbb63
bc8fbd2dbce13c31
3bba3bc53ceabc86
3c033c8e3cf93b9c
baebbcc5bd073d00
3c97bc4b3cc6bc9e
3d1cbce83cc5bcd5
bcb23c86bd8a3c1d
bbc4bd053d073ca7
bcc63bd93c2d3c39
bb383ba43c403aab
3c96bb86bd2a3c89
bc02bc8fbc543d0f
ba323bfc3ca3bc9e
bc543a79bd7bba30
3aa43bb33b173b78
bad73d09bd403cf1
bc8bba923c3b3c45
bbaabc1abbb1bbee
3dbabd31bcefbd8b
3c863cb13d4abd22
3c56bcbd3d03bd4a
bc16bb373bee3d49
3bbd3b3cba03bc34
bc71bb6fbce23cbd
3c96bd13bd223bee
bb88bb3f3c423a8e
3b9f3cb33d2e3b47
bb993ce3bc18bc8b
bd36bd343c633c5c
3cb83c403c38bce9
bce03b91bd243ce7
3d9cbc54bd4ebcbf
bc663c0dbcb5bc2a
3c9f3c1f3d10bc83
bc4fba99bc3f3b45
3c28bc19bb76bbd9
bcf5bc94bd0b3c6b
3c98bcb4bc1fbcc5
3b453be0bc15bcaa
3be23c923bf5bd2f
bc403d0ebd3b3b02
bd193d17bcce3cb0
3c093c87bd843ccb
bbb9bd2cbcc73cb7
bcbcbb593c81bc80
bcd43c82bc20bcde
3be23c4bbce83c83
3936bc9a3ba8bd6a
3bf7bcb23c07bc8a
3c10bcce3d0fbc0f
bc14bc8f3cea3b83
bc21bc8d3bf23c89
bcce3cf5bd5a3c09
bd87bccbbbbe3c9a
bc7ebc9fbca4bb43
3d61bd3ebd21bd60
bc9b3c92bc76bc35
bd19bc313cc53c0d
3d31bb29bc8fbd44
bce3bbbc3bcd3d19
3c0bbcac3cafbc86
bc473c8a3b6cbcab
bca2bcf93c4bbc07
3c883abe3cb7bd78
bc89bc463bc23c20
3c57bca5bc23bc57
bc22bc3a3c03bc4a
bb25bb933d0cbc84
bd29bd91bd6dbb8a
3ce8bd34bd4bbc3f
bb8e3c853c76bb59
bd1abbd4bc0abc35
3d26bc26bd3eba5a
bb3a3b7bbc3dbbd2
3bef3ca0bde7bc75
3b21bc363c123c4c
bcddbd0fbc91bba3
bb1cb736bc50bbbb
bbd03cbb3c97bc82
bcf0bc2b3badbc0c
3d05bc22bb95bcb8
bd453b4b3cef3a40
3c303ce8bd7fbb6c
3a5f3d033cd3bc40
bd35bd22bcc8bcc5
3c413c403cd3bd50
bcf43c79bcb1bc92
bb5b3cbbbd4abd05
3d2abdb03c6bbd5c
3d10bdbd3d21bd8b
bb96bc423cd8bc76
bbc33b85bc63bcfe
bba5bc8d3be03a69
bd03ba89bd4fbaed
3cb63cb4bbc93a89
bb793b48bd17378e
bbfdbbb83b563c03
3b843aea3c393bff
3a953a2abb973b70
3b783b09bc053baf
bcabbccb3ccbbc85
3d9c3c0abd2cbc62
bc903ce43b433b82
bc1c3c9a3d2ebbcb
bd24bb843d88bd5f
bd42bc2b3cc1b96e
baf1bbdfbcdfbc3e
bd193bbf3c8d3b3b
3b3e3c853c49bcde
3c10bba4bc7b3ce4
baa13c03bca6bcae
b9f9bc3ebd81bc2a
3d083bda3cecbd87
bc93bc63bbb63bad
bcce3b503d02bc89
bd57bd82bd013c23
bd0b3cb93d1abd0e
ba28bd85bc6dbd64
3c023d063ca1bc8a
3b613d3dbd9a3c9c
bcab3cac3cf2bc52
bb9d3d07bc98bcfb
3d373d083d223bba
bd75bc94bc003bc6
3cb33c11bd8ebd1e
bb3cbc2fbbc03c4d
bb8b3c583c2bbc93
3d8d3cfc3a8f3a97
bd19bcdabd62b9c9
bcd13c29bd2cbc4e
bc8ebd193c3bbc12
bcb8bcfbbb8bbcc9
bc973b8d3b9bbc86
bcd33ba63b82bc05
bc98bc5dbbe73cc2
bc59bba43b8ebc4d
3c953d38ba96bce9
bdbebd3b3d8dbd13
3cc13be3bce3bc1b
bb88bd0ebcd9bb33
bc5e3c413c10bb8f
babbbc17bbd4b7f0
bc46bc1ab9793c69
bd19bc06bb3bbc9a
bccbbd8f3a933d6c
3babbd62bdbcbb24
bbae3badbd043a9d
bc943c503bfebcaf
3bc93cf3bd4abc88
3ca43d5abceebda6
bcaabc8cbd843ced
3cd9bbe63bfa3b06
3cb33cb0bd6dbc84
3c65387c3bffbbdf
bb6fbb873b3abbe7
bcadbcc4bb5d3d14
3c0a3d173c79bbe1
38a53b40bd03bc91
bc57bb45bcdf3d0a
3cfc3d163c48bd5c
bbc3bc0dba183c2b
bd2fbd2dbd35bc13
bc773ba83c30ba0f
bcc23bd7bc543cc2
3b7b3bccbcc1bcee
3d04bccebbb8bcb1
3c513c8bbac2ba87
bd3bbd273d29ba21
bab2bc113ce4bb9e
ba54bcda3c9c3c3e
3a563c123c7db98d
3cc7bbd3bd223bd5
bcfebd583c29bcc7
bb7b3a9e3d80bd48
bd2e3c4c3c32bb0d
bcc7bcd4bd41bc47
3b98bcb83aa43bd1
bb653a9a3b8f3c50
3bb53d39bd43bc9a
3cd1bb993c9abbee
bb6c3cb7bd8cbbe3
bcb83c57bbf2bcd4
bd0fbcc63d34bc21
3aaf3d1b3c85bc6c
3bf53b2f3c61bba3
3d003c89bdbbbae8
bd1abbca3d433cb7
bcc03c573cd73c52
3c7d3ca0bcf83d29
bcf73b763c87bc6a
3b67bd69bc483c87
bc5e3b793cf8bbcd
bcacbb8abbc7bcb5
3b45bbcebd1f3d3a
bc85bcb03c063c6f
3c43bc223ca9bc31
bce83b8f3b99bb03
3cbfbc183d023be1
bc7c3d533d3bbacb
3c8c3c493b1a3c6b
bc1e3c5a3cafbc3c
3c87bc98bc1f3cca
39e53c49bc883cf4
3bbdbc8fbcb03c26
bd2c3ca3b9603c66
3bc83bfb3b2b3c47
bc743d1cbca33cf3
3d0ebd07bce73aac
bd013cdf3acfbc46
3c9ebd0bbd763c51
3c9f3ba8bbfa3cfd
3c64bca9bc253b76
bcc83ced3c6bbbc2
bbbc3d11bb7f3c4a
bd493ca1bc2dbcab
bb9b3c893c2fbce9
3c94bd44bd7f3c92
3d2abd7ebc33bcbc
b998bb0bbc193cf5
3c763b6e3cb1bd93
bbfc3a933c213bea
3c8dbc5e3ca2bc37
bd123d10bada3ad5
3d21bd953ca5bd01
bcd83d26bb953cf0
3932bc49bc70bc2f
3c94bd1dbdb33d22
3c1bbc2fbc1dbc05
bbbd3c4bbc393c80
3ca8bcc2bc91bc26
3cecbd5b3d19bbf2
3afcbc86bc173bb2
bd0c3cd93c3abcec
3cf0bcdbbbfc3cbb
bdb3bcb73d55bdab
bb9f3c92bcea3c84
bcd9bd49bd123d2c
39b33bebbac63c1c
3d15bd323c823c9d
3ba43c81bcdd3d67
3c91bd1dbb8bbc8c
bc143ca63c5ebd2e
3c0cbca3bc5b3b55
3b2c3b4bbb77bc95
bb943cfbbc2bbc67
bc1d3d26bd423d10
bb723b9cbc453d6c
3b9d3b543a9bbbf8
bcb03d323cc1bcef
bcb33bbabcc63c5f
3ce4bd18bc903c40
3d0cbd2abba8bcb4
bbdbbbadbce3bc52
b98fbcad3c66bd2f
bb8c3cc53c01bcc2
3ca8bd32bca43d1e
bd523d9fbc04bcb0
bccb3cfb3bd1bc27
bc3d3ca4bc713c89
3a5b3cef3c0ebcd6
bc993bf33d38bdac
3c8fbca6bd253ca6
3c40bc92bd523d47
3cc0bd063d14bcf8
bb2abca53baf3b48
bbee3cb2bca43d3c
bc133cbd3d1c3ba6
bc3a3c00bc543c2e
bbc43cf63c6ebc86
bd18bccf3c2bbd07
bdf5bcce3d68bd83
bc6bbbb23c2bbd74
bca9bc17bbb7bd99
3b87bc4a3c49bcc6
bc753ba43b0ebcc1
bb92bcb2bc983c0e
bcdfbd72bb90bb88
3cc7bd45bd1b3c93
3c58bcae3c8bbcd4
3babbcc23bd23bb2
bcc33d85392c3c0f
3c9a3cab3cad3cc1
b8a63c543c27bc27
3ca5bcc9bcb83d1e
3d75bd12bd4b3cbf
bc823c903bd1bc48
3d33bdabbcd93a57
3ceabd81bd4f3d54
bc31bbc7bca1bc3a
3c8bbd033c54bc73
3d16bd96bd083beb
3ca6bd083ba9bc20
3c563ae0bc9e3bd3
3b4dbba93c04ba44
3d13bd483cadbc63
3b8f3c64bcd13cb8
3bebbcd7bc1e3ac0
bcf63d043c063d58
3c28bc2e3ba83aca
bc183ce0bc093d48
3c84bcd9bd3c3c91
3d18bcfabcad3acd
3bc2bc1fbc393c10
bd6a3c1f3d12bb37
bbaa3b9cbaa9bcb9
bcc13cd53da9bd30
bd863c88bceb3c47
3aaabd53bc63bdb9
bb953c85bab23a9a
bacc3bda3beebc4c
bcfa3d01bcc43d59
bc883d183bfc3c4d
3b263d7c3c483d49
bcf6bc283d92bd68
bae23c113c3ebcb1
bd13bd3bbd093d5c
bacf3bfd3bdebcb8
bc303c20bcee3d0a
3c06bce53c8dbbd7
3c0b3d14bb543b47
bc6a3c98bcb43cab
bcee3c213d04bcf3
bc06bb95bc3dbd07
bcee3bbfbc68bc84
bcf33cc73c91bc83
bce9bc33bd3ebad7
3ca9bca1bc9dbc04
3cdcbd72bd443be4
bcf73b88bcc7bc11
3bfa3bf7bc6a3cff
bbddb9f2bbbf3a65
bd783d323d86bd2b
bd443d313c61bc1b
bb9ebb503a25bb89
3bce3b21bc313cc8
bb843be5bae83c04
3c03bd36bc6dbd21
bcac3c8bbd163ced
bce43c4a3a1fbc4f
bc81bd7cbab0bd02
3d83bd5cbd403abd
bd3d3c1abcffbbf1
3b96bc473b18bc35
ba58b98cbb153c0a
bd7c3d053c8fbc64
3cc6bc763d19bd1a
bb703bc03b8d3c03
bb95baa6bc1fbc21
3d5ebd5cbd08bd00
bb983d1dbc883cf7
3cb7bd4fbbe4bd15
3d07bd4bbc62bc22
3baebd903d21bd7c
bbc8bb1ebbdaba8e
3c55bc14bc3dbb14
bcbf3c95bc983cf5
3c1cba2e3ab3bc06
bbf73c90bc5d3c51
39aebce03ccbbc90
3a98bc66bbafbaaa
bc35bacebcd33b88
3c96bcbbbaa23c2d
b9de3c13bcb53cf1
3c84bc58bc9b3c2a
3cc13c5c3d86bcb8
bc573cc23bee3b7d
ba873c64bb573c66
3964bbb8bb55b8d0
3c5abc78bc693d0a
3c10bcfabc0bbcd4
3cfebc1bbcb1bc99
3c28bcacbc8bbce3
bc1e3ca9bb463a6d
3c5ebd62bd143c8a
bd2f3bdfbd663d3c
3c91bd39bbe13be6
bd07bd313d46bda6
bcce3d22bc043c73
bcda3cd3bd013bd2
3d66bd29bdba3b78
3a4ebb03bc063b20
3c9fbcd9bc993cfe
bc143cb3bb473c46
bb7bbc9fbb23b7a9
3cf1bd2bbd0f3ce3
3a843bf3bc5c3bae
bd0eb9e9bcab3cbf
bbf1ba9cbb6c3bfd
bd343c2bbc5f3aa6
ba94bc5f3db9bd54
3d0ebda1bbd4bce7
3bd0bc4d3bdf3b05
3a653d023abc3d24
bd86bcd83d23bd6c
3a973c163ababb0c
3cc3bd61bd123c95
3c173c4ebc1b3bb0
bcb1bd1bbc843c4b
bc1238d3ba8ebbc7
bd833cc4bc1ebc83
bd063cd2bca13c8c
bd2b3ce43c5dbd2e
bd61b9f3bd0d3d09
bd533c6dbcaa3cf4
bb4e3aa5bc42bba3
3b063cbf3d5bbd32
3cd3bcf7bd2e3c37
bc1ebb55bc513d7a
3c26ba863cb13c6d
bc07bd563aae3c83
3c2dbd9fbca13c85
3b94bc7bbb36bca3
3cd3bd26bd3b3c5b
3c0cbc443c0bbc61
3c313c29bbb23cca
3cb7bd98bbcdbd81
3bd8bc85bbb83b94
3c053b0dbbb8bc2c
bb253be33b40bbcf
3c1d3c323b72bb99
bb793c883c63bbad
bbfb3b3abc873cd9
bcfbbd333b90bd9f
bc9abbf0bc773ca1
bd31bcfdbd0ebd2f
3c673cce3bd63cc7
bcbd3cb2bb903ae5
bd2e3d4d3d03bcbd
bbfd3c93bd153c8a
3c78bcbdbc1a3c81
bbbbbc663ba2bce5
3d01bd103b883c58
3ce6bcf63c2dbc3e
3d4abcc6bd713cdb
bbb13c803c9abc98
bd2b3cb5bc003cc2
3c76bc3fbbb23c94
ba4cbca6bc02bc99
bd19bc1e3daabcb8
3c24bd1abd3fbc32
3d0dbd99bcc2bc9e
bd3e3d7e3ca9bd12
bc5dbca5bcb0bc0a
bd303c293cb0bd6a
bd333bfebcaa3d86
3c96bd853c10bd0e
bcf33bf73c0cbcd9
bcbc3d293c653c87
3c43bd593ce3bd92
bc60bd39bd2a3d3c
3cb0bd43bd3f3cda
3c21bc21bc4e3c04
3cbdbd82bc383c96
bc623bb33be8bcb1
bb1b3a3ebc09bb90
3c75ba08bc6b3b05
3c45bc85bb653cdf
3ce3bc4bbc483b97
3ca9bb1c3c97bd38
3d17bd5b3d15bcb1
bcb53d063d6c3b27
3bc7bc15bc873ac4
3c673ae3baa6bb05
bbe33c9bbbc33b7a
bc573ccabc5e3c8d
bcf73bf9bcf23c04
bd043d413d383bac
3c773bb5bc483c91
bc143c8fbb0a3b8d
3cafbd27bd1c3b85
3ce23ca43c523c36
3b3e3d01bbec3c7d
ba9fbc1b3c2ebb94
3d43bd703caebcd8
bb653c2c3a673c24
bd12bd50bd09bd41
3d1dbd22bbaabcf4
3cc3bd3ebb84bd1d
3d18bd1a3b05bb6c
bbcebd0e3b24bc8f
bc88bcb6bc593c1c
3ab7bbc43d65bd17
ba83bbb33cd7bcff
3b193b35bb78bc81
bbea3bc63b73bbf9
bd6f3d023d2abcaf
3c8fbcfa3c693c88
bc873b3cbc703b60
3ca6bbaebb233ad3
3c80bcb7bc76bc0c
bc1f3c37bb563c19
3b97b972bb72bb85
bd2abc873cb7bd45
3c66bd6fbd0f3d3e
bd023b633c4dbbfc
bc173ca73c4eba94
bb583c87bcd43cec
3c793bfabb87bc9c
bb5d3c133b363c37
3cc33c8e3be13c29
bc72bc75bc4ebcbd
3d47bd71bd293c5f
3b84bbc6bc113d17
bae33c2abc473c9e
3c6b3c82bcec3c23
3c533c903b76bbdd
3cb0bc3c3bc6bc59
bd783c753c0ebc06
bbf8363e3ab4bb7d
bd663d0a3c39bcca
bb9e3baa3c14bc85
bda93c9b3d70bcc3
bc5b3c1abc093c03
3aee3c12bbc63c1d
bd8a3c863c0dbb9e
3c94bc4d3d1abd38
3cc0bcabbc2cbb90
bbe43d04bc343c37
3cc2bb953ab13b69
bb9eb9fdbd033c18
3ce1bca7bc51bcc5
3b71bcb9b87fbc85
00000000bbbbbd1d
000000003ca5bc1d
000000003bbb3c0e
000000003c8b3c8b
000000003c19bb84
000000003d30bd48
000000003cc5bd73
00000000bca6bba9
00000000bc8dbab3
00000000bcf6bc55
000000003cdebd7a
00000000bce2bcc5
000000003b98bc20
00000000bce0bb27
00000000bca63c8c
000000003c943b85
00000000bd42bd15
000000003d353c75
00000000bb1f3d28
000000003b2ebc62
000000003bdcbd11
00000000bcd3bc4d
000000003ccd39a4
00000000bd243cd3
000000003c2abbc6
000000003cea3ccf
000000003c01bbb2
00000000bcd6bb15
00000000bcc3bd3e
000000003d40bcaf
000000003c0dbbfb
00000000bcf03cce
00000000bbc0bcdd
00000000bb8d3ada
00000000ba31bb12
000000003c953c81
000000003aadbc28
000000003c43bd6a
000000003cd0bbda
000000003c333ad5
00000000bcd23d10
000000003a91bca3
000000003ab7bcad
00000000bcefbc0e
00000000bc94bca5
000000003c89bc50
00000000bbe73b91
00000000bca33d31
000000003c4e3c6a
00000000bb99bcb1
00000000bca7bcfa
00000000bc03bc9e
000000003ae63c9a
00000000bc3f3c41
000000003d343cd9
00000000bd18bcb1
00000000bc163c8b
000000003c2fbcab
00000000bccb3c5a
000000003c563b39
000000003bd8bd1b
000000003bf9bc26
000000003c73bd15
000000003c90bc90
000000003c0fbc6f
000000003c0e3c32
000000003bf7bc5e
00000000bbad3ca4
00000000bc173ca9
00000000bc823bf2
00000000bcbbbae2
00000000bd3ebbbf
00000000bbc23c12
000000003bc0bc2e
000000003c28ba8a
000000003d823d98
000000003d753c7e
00000000bbdc3c9a
000000003d633cef
00000000bc9fba11
00000000ba643cd9
000000003c323b66
000000003d253bfa
00000000bc4f3b16
00000000bd36bd4e
000000003c723cd3
00000000bb65bc4a
00000000bc703b41
000000003c8ebc89
00000000bcdcbd67
000000003bb13bf0
000000003c523c75
000000003ccf3c9e
000000003d1fbd67
000000003be83bca
000000003d04bcc9
00000000bc873cbc
00000000bc5e3c15
000000003d093ca4
000000003c013ca2
000000003b7dbd1f
000000003c7339dc
000000003d883a9f
00000000bb983c69
000000003c363d41
00000000bce4bb23
00000000bc5f3dae
00000000b956bb58
00000000bc893c05
00000000bc4e3afe
00000000bc8d3c12
00000000bb54bca6
000000003d203d67
000000003c30bc29
000000003ce23d59
000000003ac83c55
000000003ca0bc53
000000003cf3bc4d
00000000bcfcbd8d
00000000bceabcc0
000000003d313d4f
00000000bc3abd05
00000000bbb1bc4d
00000000bd1abb8d
000000003c6e3cf7
000000003caebc58
000000003c67b956
000000003b733c87
000000003c14bc39
00000000b9c0b9ec
00000000bd3bbd09
00000000bd343ba8
000000003a80bcd6
000000003c4bbc1e
00000000bb55bc18
000000003c343c6b
00000000bc303c5c
00000000bcd53cdc
000000003d423d5b
00000000bd4b3c1e
00000000bcba3c84
00000000b96b3bea
000000003c503b07
00000000bc923b95
000000003d53bd35
000000003afd3c14
000000003a55bce0
00000000bd02bce8
000000003c95398e
00000000bc313c48
000000003ca0bc47
000000003c953b65
00000000bc0dbb73
00000000bc85bb02
000000003cb1ba9c
00000000bbdc3b9e
000000003c64bbe6
000000003c8abbae
000000003c003a89
00000000bc553c53
00000000b79c3b60
00000000bba9bc84
000000003c603c99
000000003d09bc35
00000000bbf43c8e
00000000bace3773
000000003a703c36
000000003cb8bcac
000000003ac93ba9
000000003caa3d08
000000003bacbc30
00000000bc91bbf5
000000003b163d12
000000003c1d3d07
000000003bfebba8
000000003c113c90
00000000bc53bcf3
00000000bd29bbab
000000003d08bd3f
00000000bb873cb2
000000003c103c75
00000000bc2b3c9b
000000003b973bca
000000003c42bd28
00000000bc10bbcd
000000003cd9ba5a
000000003c833c8e
00000000bc333ca1
00000000bca8bc1c
000000003d26bcf7
00000000bc11397d
00000000bc103c19
0000000039e63ca5
00000000bc7f3bf9
000000003cb73c5e
00000000bb2cbc27
000000003daebbfa
00000000bc25bc86
00000000bd6f3cd5
00000000bc58bade
000000003a97bcca
000000003bdf3cf6
000000003ca73d13
00000000bcb0bc75
00000000bb983c90
000000003c463c06
000000003c6c3c7e
000000003cf2bc7c
000000003d923d32
000000003d41bc15
000000003c1cb9b9
00000000bb9b3ca2
000000003c5037cd
000000003c6fbb96
00000000bc473c1f
000000003b033bd2
00000000bb8bbc75
00000000bba53b05
000000003b743b96
000000003bacbc35
000000003c15bbb8
000000003c2f3bc1
00000000bce1bae7
00000000bd1f3d82
000000003b913cea
00000000bc76ba28
00000000bd103d26
00000000bb583c1b
000000003cc9bd42
000000003a34bba9
00000000bb6ebc59
000000003bd0bd1e
000000003c3cbd47
00000000bc8f3ccd
000000003b703d28
000000003d21bcd2
00000000bd043d38
000000003c2ebc19
00000000bcf03c8b
000000003cbdbb16
00000000bd953d4c
000000003b4c3da9
00000000bd01bd94
000000003c343b19
000000003c4c3c97
00000000bcc53ca5
00000000bcb2bbee
00000000bc6bbd6b
000000003d58bcbf
000000003d063caf
000000003c63bbf7
000000003d08bc3c
000000003b0f3d46
00000000bb573bc1
00000000bc82bbf3
000000003cf73be5
00000000bd43bd06
000000003a5a3d36
00000000bc91bd3d
000000003d0ebd54
00000000bc39bcf0
000000003c32bba4
00000000bc273a36
00000000bc833c2f
00000000bbc1bcd7
000000003c8a3bca
000000003c02bb7e
00000000bca33c83
000000003c233c2b
00000000bd81bcbc
000000003b0abd4c
000000003c503c9e
00000000bd0bbd50
000000003c033bd3
00000000bb843db5
000000003d24bca0
00000000bcb239bf
00000000bcef3b08
000000003c05ba3b
00000000bca43c6b
00000000bc813b08
000000003cc03d65
00000000bc1d3be9
000000003b4f3c45
00000000bd1d3d5b
000000003cddbd01
00000000bbb43c94
000000003c903c15
000000003c58bcf3
00000000bc82bb69
00000000bc56bb8b
00000000bc143c95
000000003d6e3c17
00000000bbb4b9e9
00000000bcb33ce9
00000000bbf839ca
00000000baa23c94
00000000bcb3bcbf
00000000bcc6bcf9
000000003b7ebce1
00000000bb213cd8
000000003c75b97c
000000003c483cde
00000000bcd9bd7b
000000003bce3c8e
00000000bb1d3cec
00000000bd223d37
000000003c7d3ae5
00000000bcb63cab
00000000bafa3bd7
00000000bcb3bb2f
000000003c81bbf6
000000003c013c0d
00000000bcc8bc90
00000000bc41bb86
000000003c9abd03
00000000bc6abbb8
000000003bedbc6b
00000000bd06bb31
00000000bc403c87
000000003cf93c43
