bed9be223ff13fd8
3ebfbd7a3e533fb8
00000000bee4bf6c
bf6d3ffdc0453ff7
bf45bfacbf7b4014
00000000be51be02
3f4bbe62bf6b3f0c
bf293e843c583fc5
bebc3ea63eea3f22
3ef1bd593e2bc00a
bdbcbf20be2bbeb5
3e103dfcbf07be01
3f58be4b3e25bf25
000000000000bcef
beb83f07bf0ebecf
3f0e3f0ebe8bbd8f
0000000000003e89
be72be6cbe1bbf68
3dd3bd9abdec3e01
000000000000bf37
be44bdafbce93ce4
bd9d3ed6bf26bda7
000000000000be9d
bf243ec33ed13de0
be8d3e99be27bda0
0000000000003d8c
3e90bd8bbee4bf52
3ccb3d173d4e3d66
0000000000003f47
3e0abf303ef33e19
be82be273b923ea3
0000000000003ee7
be13bea83edfbea1
3dbcbd6e3e17bdf5
000000000000bd79
be39bef9b9e4be81
3d293f063e9e3e25
000000000000bea0
3f17bdc9bde83f52
3e16be443dacbd91
000000000000be50
3ca53f2fbf12bd36
be583e883da53e49
000000000000be05
3ddc3e3bbd3fbe00
bef9bddfbd6f3e26
0000000000003ea7
be58ba6ebe90bdcd
be6cbe893c623f05
0000000000003e38
3e44be11bef33e83
bb9fbef03d873e56
000000000000beaa
3eabc00cbef9bf00
3ed840193d153f50
3ed4beafbf8b3e8e
bf443d8fbf593e82
be2b3f084033bd55
3d62bf0f3e8ebe53
bf193ec8bce53f31
3efd3d7cbe383e4b
be9d3f47bdb93eba
3eac3d8e3eb6beff
bf303f93be543e99
3e183e45be74bf13
bf8cbda9bf74bf01
3dc1be803f9ebd51
bdc1beb5bf5c3fd8
3e5f3ebd3f1b3e3f
bf3a3e183f17bd8f
3e1c3ec3becebf0e
3edcbf7dbe1a3e46
bf193fc3be86beb0
be453f18bd983e9c
3fb63f303f25be97
3e33bf3a3f4a3f22
bee13df2bf0c3f4f
bf083f80beabbfa3
bf11bf243e2c3f5a
bee4bfd5be46bf73
be23bf0b3f1cbdf6
3d64bef53c96be30
3e62bf81bee13ed5
be14bcb03c96bea2
be04be02be733d51
bd9e3e533d64bdde
be443d463df8be03
3e253ea43d653dcb
bcdc3e623e443e8b
bd9cbdd3be9fbedc
bde4bd9abc10bd9d
bdcb3e033e55bdbf
be18be14bde83dd5
bce23e9c3dd8bd2f
be60bdf5be03be02
0000000000003ecb
3cb13e893e8abcdd
3eabbe573dc9be02
3d99bad13e63be1d
3da3bd01bc123dc8
bd8a3de8baa73b89
3e0e3e18be373ce4
3d99be573daebe3d
3e343e793e4fbcff
bccebd913cd3be34
be57bd62bd9abd5c
bd8ebe75beb13e61
3e3bbdb9bdcf3d22
000000000000bed8
3ec2be93be843eb5
3ec93d46be413e40
0000000000003d66
bda0bce6be083e8f
3e14bea4be683c77
0000000000003c75
3e4abe89bf3a3f22
3b83bee1be66be68
0000000000003dfd
3d76be07bec7bee4
3f53bdba3f04bf1e
000000000000b9de
3f303e8c3f39be17
beabbe87be523e09
000000000000bc8a
bdfe3f1b3cadbeb4
bf2ebecdbe543f28
0000000000003d7e
bd78beb63e873d15
3e513c2d3e793ef7
000000000000bc76
be993f38bf153e1c
bea33d1fbc82bdcd
000000000000bba8
be9fbe2d3ec8be0e
bdd53f0d3e3bbe18
0000000000003b94
3ef23e763d78bb9e
3f123e70bf05bed6
000000000000bda8
3e6fbde13ec4be48
3ee13f45bddbbe20
000000000000bc91
bea3bce43eb13f3b
bf0fbe9cbec43f39
0000000000003df8
bf2dbefabf32bfba
bfbf3f41bffabf18
3f533cdf3f8dbe8b
bf7bbff3bf263f49
3f2bbe6e3d6abf52
3d0e3f47be47bdec
bf3abe7ebf21bee9
3d71bde83e783e1d
3e5f3ea13e9c3ece
3f043f0dbe9cbe01
be3cbf1ebe3c3e30
be1f3fa2be873cf9
3ebabf8b3f073f7e
3ec7bdbd3eddbe2f
bd523e17bf3ebf84
bf4a3f82bf7c3f15
3d18bdf33ec1bdfd
3f9d3e6abe8e3f95
be9abcaa3edf3f31
3e9abdf5bd62bfa1
3defbf543df43ea1
3e8fbe9d3ee13d8a
3c193eb3bf0cbcf9
bd713f8abef9be70
befb3c163f2dbf02
bf113e8abf873e07
3f2f3e8abdf83f6a
bef4bd79bec73efa
3e54bf2cbe683ea4
3f7c3fa13f3cbf41
3c2ebdb43e8f3d69
3dc13e90bdfebcfe
3dc03d5abc033e01
3e003da6beaabdf9
bdfe3e77be33bec4
3e62be03bde53d56
3df53d953e34be9f
3d433e24beb73e84
bbd13d37be833e90
be40bcb53e4ebce5
bd673df03d62be60
3bddbd91be28be34
0000000000003efb
3eb2bc423d11be15
3de73e1e3e913e4b
3e2abd643e55be22
be9c3de73e34bbcd
beb83d1e3dd53e7b
3cffbe20385abe89
be3f3dc4be283d8c
3eb43e513e723e0c
3c43be84be2fbd9f
3e02bc93be1bbc25
be1bbe433d97bd9d
3eaf3f1bbd13bcbc
000000000000bf24
bc043e8abe1a3da3
39ce3e6b3d4d3f07
0000000000003d86
3e3ebe82be07bd90
be0f3c7f3a68bec1
0000000000003e15
bed83e06be0f3d1b
be62bea03df8bdb5
0000000000003dc1
3e123ee73e643e63
bc4abd3dbe02bdc5
0000000000003ddc
bd2ebec03e61bd5b
3de3be23be4c3e40
000000000000bda0
bd1dbeb43d0cbd6c
be66bdf8bea1bc98
000000000000bda5
3cab3e8c3daf3d58
be1cbed03e06bdf1
000000000000bc81
3cbabd9a3df33e3f
3b62be52be65bd0e
0000000000003e0d
3c2dbdf53d21bebb
be3cbe62bdc5bdfc
0000000000003df5
be3a3c0b3dbebe2e
3d8a3d9ebf0a3dea
000000000000bd60
be59bd94bd723d2f
be8bbe10be133cf7
0000000000003d1b
be79be8bbd96bd9e
3e34bd093d2abf23
000000000000bd1b
bc3e3e823da33ea5
3ec1bee73fa6bf2e
3e8f3f2abe0c3f13
be9bbea3bdcabeae
3fbabdb63ee1bf02
be90bec33efa3e7d
3ee2bf88bedabe38
3e0ebef43eacbeed
3ec53fc83e583f24
bec2be0cbe99bd2a
bd533f34beb53f4c
3e2b3bbbbf033d8e
3e8e3f293d2bbdc6
3eed3f7f3e123ef8
bf29bfdb3ec8bd78
3eb93de5bdd6bf54
be5bbe4ebf103ea5
be463fb23f023f4e
be683f14bfbf3e8a
3cc4beff3f4bbf12
3e7b3f5dbfd93f18
bd9fbe143cc43f64
3e463ea63d82be9f
3f69bc3e3f123dcd
bf03bf37be91bea2
bec53d6bbd8ebeb6
bdf73fbc3e69bf5d
bec33f983eb13ed1
3efd3e953f793f07
bedbbf303e28bf4e
bebabdaabe273dae
39aebc123e66be8d
bec0bd0d3e97be05
bd62be213d40be68
3ddbbdf5bd963d9e
bdddbe11be9c3d89
3b46be943ce33d35
bd053d3c3c0fbdc2
be20be263df6be5d
bde1be40bdecbdc1
3e59bb59bda4be2b
bddd3e403da43e82
000000000000bd78
be66be5c3d9abe9b
3d9bbce83dabbdc5
bdeebcbcbdb43dac
3c4d3e1b3e30bcd6
bdaabdd2bcbdbde8
bda73abebe783e95
3d293e78be4f3dfb
3ea3bd35be59beab
3dddbea63d29be0d
bdc93e913e1abe45
bdab3e94bea53e01
3dc2be32be33be90
000000000000be4c
be9b3ef63e91be04
3f2cbe90bee43eee
0000000000003da7
bdca3c963e993e07
bdc8beccbf0cbe93
000000000000bde1
be05bdddbde73e80
bf0abd8dbd69bf0f
0000000000003d5a
3ed7bebdbdc73e3b
3f03be5cbe5c3ca1
0000000000003e11
be8bbe1f3dd23e18
3e573e96bc11bed6
000000000000bd20
3efcbe923ee8bd7d
beb03e3fbef6be9a
0000000000003e69
3e9bbea2bdc43df1
3e2b3e823e4d3edc
000000000000bd96
be643e883e073f2a
3e2dbca9be333e4d
0000000000003dfd
3def3e193f223e21
3e3cbe8cbe77beeb
0000000000003e27
3eb43e55be7c3ebe
3ebb3ed03bcfbd1f
0000000000003e1f
3ebe3e7b3ece3f02
3e2c3f5a3e69bd4e
000000000000bd3f
3d8e3f1ebf2ebeb2
be64bd71beefbea0
0000000000003c6a
3fa13ec33f2cbf3c
3ec6be823ed2bd77
3f373f08be71bf1e
3f82be853c70bed6
be08bcf5bf3a3f47
3ec03e903fa43e6b
3f6c3f1cbf5b3ee5
3dbbbf843e0fbf4f
bf4dbf013f8dbf83
bd233d87bf5b3f21
3f75bde5bd97bf69
be083e553ee3bd82
bf443faabfa1be70
3e67be653f6d3f96
3f6fbd8b3de4bf85
bea0bf86beae3f09
be9f3f733f0fbf1d
3f773e92bf5fbf2b
bf69bf6e3d8ebe8d
bd373dbdbd153f82
3deebf08bf9a3ea6
bf983e34be713da7
3e223e8e3db0bec6
be6b3f083ebabf6d
3f18bed8bf063ed5
3d963f163f4b3ee6
bf863e9ebea63f19
bf20bf85be683f82
befa3e913ea93fb2
bd723e523e91be2a
bf00be7bbe49bde6
3d883e353d00be15
be4ebeba3e433c18
bb9b3f06be27bdf6
bdcd3e193e0abe7a
bd2e3ea13cf5be4f
3cecbe0fbdcebe54
3e39be0b3db73d5c
3e87bd92bcbfbe04
3d23bebbbe0fbe55
3d113db5be4a3e42
3dc5be3fbe08be12
0000000000003f47
be093d573ccb3d47
3e41be713e00bda0
bdcd3d10be083e49
3dc13e973dbf3e57
3e85beb53e3f3eb8
3afc3db2be393e34
be4f3de6bd26bd51
3e7a3ea53e31bda9
be2e3da9be19beae
bdae3de8be423e0f
3e7cbebcbe2abdb7
3e77bed03e4abe4f
000000000000bf11
3e183dc3bd54be70
bd7c3dc23d8ebe20
0000000000003d88
be90beb53e05bba1
3de93ea23e78bd1c
0000000000003de9
3eb53e8ebea43e52
bd21bec53e2e3ccb
000000000000bc6b
3e73bbafbe3fbe7d
3cd53e5bbe713dd4
0000000000003d03
be41bd3cbe27bda1
3d81be003ec3bd36
000000000000bcd3
3e273d97bd4abe8a
bd803e74be033e97
0000000000003cd1
3db8bdaf3e993da9
3dbdbe98bdcb3e3a
000000000000bd60
bd68be81bd9bbc54
3dc33e8c3d11be74
000000000000bd07
3bf23e0dbd3dbd75
be9b3d163d993e81
000000000000bcae
3db7be2a3e75bd30
3e423ee23de83d95
0000000000003ca0
bf01bdf73dfabe4b
3d7f3dccbe18bd26
000000000000bc78
be98bccd3e813d8a
bdfebeb2be2cbe41
000000000000bc4d
3f6bbcc9bf40be58
be89bf00bec9bf72
be5abf653f183eae
be3abece3b783da9
bec53f22be1bbf18
bee1be5ebee33eba
3e2c3e99bdd0bfa5
bec23d1ebef93f3e
3f40bf3b3fa7bbba
bf22be83bebebdef
3f183e563f003fb1
3f493f75bf13bf41
be61bf06be8ebeff
bdbd3d57bda43f75
3f723e473f83beb0
3f3a3dea3ee93e68
bf57bf2fbec8be4c
bf67bf75bf50bf03
bf54bee23c11bf2f
3ed93ddcbeb53de5
3eb7bf4b3f4abea3
3f21bed63e863f50
be48be90be04bf01
3eb7be63be0abf34
beea3e2d3f003d50
3faf3da9be67bf1c
3dd0bf263e2cbe0b
3f26bf003ebd3e96
bf0bbe203d6cbf9e
3f07bf0e3b54bdd9
3d1ebe913d4d3d10
3d98be0abd82beb5
bd9cbde83d89bd3e
bce4bd7d3e20be0b
bd41bde13cc33e63
be98bd04bde73e8f
3efcbe79bce7be10
bea53defbe19be21
be63beb13e9b3d3c
be16bdb3bd873c97
3e1f3dfebd2c3de5
be4d3da1bbea3d17
000000000000bec1
3e91bd933d743e3a
3e3ebe3abe5cbda9
be60be9abf083d8d
be7dbe84be74bd47
3e663ea1be40bd20
3db33d063e733ccb
bf01bd53be10bcdd
bd443ca6be163cf6
be3bbe043e153e00
bc9fbe72bd78beb9
be2d3e183bf63e64
bda13d9f3cff3d34
0000000000003dd9
be82bdefbe183de7
3e0bbd9ebebc3d66
0000000000003e2b
3dd2bdd3be5e3cc0
be15bc173c0e3e14
0000000000003d08
3d743e1e3e2a3d5f
3df53ebbbd8f3d87
0000000000003d94
be6b3e8dbdc3be35
3cb73da43e163ea1
0000000000003dcb
beaf3d8abdffbcac
3e39bcc9bd033e4a
000000000000bcfa
be9abac7be85bde6
bdec3dcc3d97bcaf
0000000000003d0a
3b9d3dcebe20bdd1
3dc2be78bd05be96
0000000000003e19
bdb23d12beab3d00
3e113cf43d3bbcf9
0000000000003d34
3d313cd73e543e00
bdf43c403dd33e11
0000000000003cf9
bdfebde93c7b3e81
bd93be0dbe5fbe15
0000000000003d08
be1f3e273e40bdfc
bd96bd1d3e953e16
0000000000003d21
bdf7bdb23e023d11
bd50be0fbd023e37
000000000000bda7
bd2b3dc6bd1dbdec
bf56bc4dbf13bf75
3e60bf343e633d8e
3f2ebe7ebe523e9a
bf633f3fbeddbe80
bd56bed2bef3bf20
3e6ebf3bbf403e03
3eb23de2be74bf2d
3fbf3efabf1d3f6d
be55bf453e43bf81
3e35bf213f75bf2e
bdaf3f35be9abe9c
3f313f023ddd3f34
3e693caabcefbfc0
be54bd053e353f20
bf723f2f3c543c83
be253ea83db5bece
be863eaebd35be11
be703f8d3c593d4f
bdf03e373f2b3f28
be663eb2bed83d56
3e773f4a3f3fbf2c
3e953f533e36be78
bf1cbf4dbf86bf55
be5fbe9dbf90bdb7
3f533e303f1bbe2a
3f0ebee2be3ebea6
bea43ee33fc33ef0
bdbf3d073e4e3dca
be88bf813e2dbf27
bbc43e9abcccbe76
bc053c67be88bde9
bd8f3e183d343e4c
3e273e313e10bdbc
bef2b895be20be5b
be6a3e483eb03ded
3cf1bcdfbebf3d0e
bc94bd603d86bd96
3d80bdd8be5bbd8f
bd4fbc533e48be18
3d1b3d043d473d1b
bdf33dfbbe38bd63
000000000000be25
3ec73cb23d9f3cb2
3decbe8a3ee03c89
3d6bbe73bcfa3eed
3be0bec33a8b3e2b
3e9bbdbebc6c3e86
be3f3c01be29be08
3de6bea53da5bbf7
be50bd353d3d3eb1
bd5dbe0ebe2fbe59
3f15be283cf4beb1
bdd7be79be873ea0
be66be1bbeb7be0d
0000000000003f83
3da13d5d3dd0bde2
3ef5be53be65be5a
be6fbefbbe843e38
3d84bc95be5f3e49
bdcd3eb3bdcf3d96
3e4fbdc8be453e06
bd8fbe5b3da1bec9
be9cbe95bde8bc0e
3e7c3e21bebdbd1e
be783dffbeb4bd09
be13bbe2be193e2d
bc703ceb3dcdbdbe
0000000000003e0f
3dfb3e063e0fbe8a
3d9c3cd9bf003be9
3e78bd933e083e3a
3e193cee3d753e5f
be2ebe963e8b3da0
be8f3ea9bd003e50
3db63e263ea6bda2
be003ec43de13e9f
be5a3db83ebfbd46
3e83bd513dcb3d00
3e35be2a3e97be9c
3e963e063e13be94
0000000000003ee7
be1dbe2c3ce43c05
bc9a3d89bda2bdf7
3e273e92be51bece
bd4bbdc03c7abdd1
000000000000be1f
3f30be1ebe2a3e13
bd46be493e6fbea7
bd0dbdd13e63be6d
3e933ecbbe673e58
0000000000003de5
3e9abda53da8be33
bbdcbe1c3e6ebd8d
bd24bdae3eaa3d51
bd4e3d5ebe8bbcb7
0000000000003cc9
be863a4e3d3fbe35
beadbc4cbebabd64
3ed6be0c3ebbbe99
bec13d233e913eea
000000000000bac4
bda73d7bbecabf20
befc3f103e1b3e68
381bbe313e0f3e04
3f023ebdbd9a3e4e
0000000000003d22
bd4b3f1f3e44be9b
3dcb3d23be42bbc1
3dbfbdb7be1d3e73
3e71beeabdab3e94
000000000000bcbf
3dbb3f14be053e2d
3cef3e3cbdd5bcb0
bea0bde1bd82be4e
3e88bdbd3e69be28
0000000000003d82
3d8abf03bd1b3e1c
bda73d733e113e03
bd8c3b573e38bef0
3ec23987bed83d66
000000000000bba2
3cb9be03be2bbd82
3e4cbe47beaf3e45
be6d3e73bd703e08
3e813d1dbd7a3eb2
0000000000003cef
3e96be19bca0be35
3ed53f00bdd9bd70
bec1be973bc73d1e
bd85be02bce7bd3a
000000000000bd50
3e8c3e3d3ede3e2e
3da4be9d3ea53e90
bdfe3d533ddabe99
3e2ebe013e9b3da0
0000000000003d82
beb2bea63e113e05
3c04bcce3e0dbd9e
3e043e89be21bccf
bdff3e903e03bef2
000000000000bd65
bdc43c3bbe5c3cff
be873db33ea3be9d
be3cbe403a75bec0
bd41beb8be3abe71
0000000000003d75
be5a3ec13e993eaf
bef6be053b40be85
be1e3e173ecc3ebc
be82bbadbee03ea0
0000000000003d8b
bd833ea6be79be88
3d9f3e633ec23e5a
3eb2be603d8abda1
be003b7f3dbebe22
000000000000b935
3ddf3e8d3dddbd8b
3eacbe9fbca93dee
3e5a3d453deb3dcd
be9ebe563ec3be9e
0000000000003cbd
bdd5be203e25bc5f
3dccbe82be16bd29
bd1ebe06beabbe23
bed53e963be23ce5
0000000000003d30
3e473d7c3cebbf1a
3e94bea53e22bdfd
3e983e1fbe12be39
3e953e51beb13e8e
000000000000bbf8
3eaa3e043ec63db5
bf203da2be4bbe9e
bd8ebe25be4a3ea1
bca2be6f3c0dbea7
0000000000003cb5
be79be613d5bbc87
3e64beeebdf1be63
be3d3cc2bd08be3d
be1bbe1bbf263d18
000000000000398b
bf02be813e873db5
3dd73d49bd383e41
bebdbd7abe6cbe96
be893e3ebdc1be24
0000000000003de2
bf2abecabd893da3
bd193f073e473d18
bdaf3e85bd64bda6
3e173e393f0ebe84
0000000000003d63
3f053e37be573e9b
be6f3bfe3e9c3de5
3e01bdacbdf13e44
be7fbe30bec83d78
000000000000bde5
3e38be1fbd91be0a
bdae3e4abea23dd9
3ebfbee6be713e89
bc9fbe1b3ecfbe05
0000000000003dea
3f593d92be1e3fe6
3f853ecbbf423f3c
3fbc3f01bf9abe75
bfab3f873ed6be31
3f2ebe043e06bc1d
bef43f9abf2b3f43
3e38bed8bf57bf28
bf063f4cbe8b3f12
3f1d3eebbfa1bee2
3e743ec13e113b41
3f583e243f05befe
be4dbf13bf88bf12
3d07bfb1bf24bf3b
3ce73ed7bd713ed1
be5d3f193f1e3f1d
be04bf4abe623f6b
bf813f313f0bbebc
be28bebebf8c3ed6
be8bbf15be8f3f08
be4b3d153f36beb6
be9f3eb93f2cbd85
3e5fbd8cbf46bf66
3c823f3dbe953f06
3f8cbe48bdb43ea2
bccc3e68bd633d27
3f213f293f923ebd
3e43bf3dbe693ed8
3eb3be223f0a3e87
bf30bfa4bd80bed3
3e323b283f363f32
3f3cbf37be093eef
bf9cbf2abe37becd
3ee1beacbf1b3cf9
bdcc3f02bdd53e7c
be313f373ebdbde9
3f8e3d13bf82bebe
3fbc3ed8bd7a3e4f
3fa5bf86be86bfd7
be723f17be253eda
be6dbf2a3eb5bf4b
bbf93bfebf9abedb
bc8a3f0f3f17bf89
bf943f343e9abf82
bf2ebe6cbea23e00
3f543f243f18bed1
be9dbf773c813dc0
3ea43ed5bdfabf78
bf22bcdf3eb6bf1a
3f683e58bec3be7f
beccbef0be213ea7
bf38bdb5bdc13f9a
3fc13ee4bfbcbead
3d5bbfe23d5dbf19
bf3fbd29bd8cbe17
bd213f08be5cbeb1
bf44bed3bfe63f98
bd8c3f1dbf36bef1
3f45bf2ebe93bd9c
3f1e3f92bea8bea8
3ec7bdde3eccbf10
3daf3e033da2be0c
be923d3dbe3b3cb0
3e67bdd7be7ebdf4
be673cbb3e28bbfe
3ba73c1bbdd83e87
3db33eb83d52bd42
be0bbd81be123d95
3defbd82bd9e3df8
3b673e0e3c81be20
bd5b3bfcbd31bdb9
3d783dbebdb1bd2b
3dc5bda43e063e32
3e433dd8bd2e3e63
be273e07be12bdad
3baebe003e263e10
bd073dbebd2f3da1
3dbe3e093cd8be06
3db6be533dfd3d5b
bdd6be2e3d583e13
bcb83e423d4d3d63
bdd4bd453c9dbde1
3d903daf3e343e3b
3e033dfc3df3bda9
3cbfbc5e3ea6bda8
000000000000bf91
bdef3c733cf23d23
3dd93e26bdcebe09
3de2bdaebd8ebc9b
bd6f3e15bd753e24
bd96be70be263d77
bddebe26be13bdee
be32be343da1be1d
bc2a3e35be043e16
bc24be8abd40bcf2
bd9a3d95beadbded
3d863e363e6f3d9b
3d083e653e0abc33
3c303d96bd68bb07
3cbcbe1cbd203e27
3e143ce13c69bdeb
bcde3e0bbe14ba97
3e4cbe01be5dbd78
3cc9bbbc3e7fbd98
3e07bc4fbd60bdb9
bd95be103e16be20
3dbd3d52bc383da1
bdabbe323db0bdc1
3b383db0be43be28
3df53dd2be21be3e
0000000000003e4a
bd5fbd9b3d7ebe0f
be183e2a3d1cbe13
bdf03cc9bd2cbd1e
3dafbc41bb24bdf9
3dd6bd7b3d50bcdd
3dc13d94be02bc4a
be6fbe5bbe9f3d75
3ea1bddcbca23e1a
bda1bddc3d41bc5c
bcf63e45bd60bd2e
3d31be8d3c843d8a
3d8bbcc4bdd13cb9
bde3be723e393e27
bd37bd8ebe0bbdc6
3d213e523dcc3c8a
be213e593d15bdb6
3c0dbdee3e5cbd80
3e8cbe49be13bd2f
bdd83e0ebe0d3d89
be323e0d3e0fbe71
bd8ebd9d3e193e2e
bb593e63bd1cbd40
3d83bd38bd44bdc4
3c4d3ddabdc63dc8
0000000000003e41
bd403d34be7f3d88
3eb63e39bcadbc55
bd7ebe203e653d43
3e0d3e0d3d6d3db5
be45bd4fbe5a3e3a
bc95bd9e3debbdc8
bdbfbd13bbcdbe16
3e42bd60bd0abdfe
3ca43e0f3e383dd0
3d7fbdf83e4dbdc0
be9dbd26be203ce8
3ce33d84bd61bd0f
bc8fbca83d853e88
bdac3e2b3e20bea3
bdf23ceebde9bd2b
3d6b3cf53c073e22
bd3b3db63e253e22
bc903e053c3dbdec
3d783cf83c28bc92
3deb3c81bd0b3d56
bc83bc773d9e3dc2
bc103e05be84bdcb
3bbebd8dbd953dba
be0a3d4b3c27be1f
0000000000003ed3
bd75bd9bbecb3d05
be0bbe0dbebabd1a
bdedbd30bddf3e15
3d633e383e063ded
000000000000bbd0
bc83be4b3e6ebe8d
3e903ce43e323dc2
3dfb3e403e473da6
bdeabe5dbc4cbdf0
0000000000003c6b
3d98be2fbe1fbd8e
3d26bda1be0c3cb0
bd2d3e0b3e86be4e
3b81bdb43e01bec3
0000000000003b0f
3d58bd6e3d643e01
bdc5bdbbbdb8bd35
bd433d123d6b3e16
be233d323e06be0a
000000000000bd13
bda83d86bcc33c4e
3cddbdb1be8e3e1f
bd9f3c033e68bd9e
3df13e553bc6be86
0000000000003cca
bddabdaa3e64beb8
bcafbbc53e0bbe48
bcddbd493e5b3d18
bed0be2cbe08be54
000000000000bd52
3e10be9b3d063db1
be76be23be073e9d
bda9be663d71be4c
be84be09be2dbe07
0000000000003cef
bdf73ddc3d69bda8
3e2fbd8fbd263e8d
3cf3bdfe3d20bda9
bcdebe2b3ddabe3a
000000000000bd9c
bd543e3c3b143e26
be5c3c2ebd17bc53
3e2ebd623ec73e3a
be19be12be713e18
000000000000bd8c
be1bbdb4bd56be4b
bb00be173d973e42
3cc8be10bd50bcd3
3e133defbe3dbda3
0000000000003c49
3d403e44be01bc1d
3d7bbdf03dd03d2b
be86be77be133e14
3e2cbd86bcaabe27
0000000000003cd9
3d723e2e3e09be6e
bd9f3c89bb43bceb
3cf53e2c3dce3e84
3dfabc1fbd823e10
000000000000bd31
bd643e5cbd9fbe59
bde63e583dc43c0a
3b4bbd833ed73e45
be6e3e893e4dbe89
0000000000003d06
be033e07bd4fbe41
be70be293d8ebb47
bd53be30bc1abeb3
be083c9ebe263cc1
000000000000bd1d
bcf6bd9f3d4bbe61
3dc8be89bdbc3a8d
bd9cbd873d65be56
3c013e5f3e023e01
0000000000003e02
3e153e25be003ce8
3dbfbe883ec33d91
bd103e513e0c3e26
3dad3e193e85be37
000000000000bc85
3d8dbe553d5fbe23
bd923e583e4b3e12
3bba3c033ca7be48
be9bbc99bdc13b84
000000000000bd11
3e503cb63dcbbd99
3d0f3e5ebd5dbe58
bdd6be8f3b89bd5f
be42bd31bdff3df1
000000000000bd65
bd88bcd73d8b3e95
bc8b3e76be01beb1
bdaf3cab3d843e1d
bc893d9abcc73dbe
0000000000003e30
bdeebdb9bcf5bda0
bb2dbd2a3d8cbe77
3e03be3e3e633e33
3d43be023e283d3a
0000000000003de7
3e223ced3bc9be7d
be7dbc2f3cfbbe4e
be343dc6be1abd0a
bd123e20be2dbd84
000000000000bd90
be583d373bf0bd95
3d27bda13dc33dcf
3df7bdb7bd55bd9d
bde23c9b3e37bd4e
0000000000003cbc
3e963e7fbcc8bd0a
bdeb3e173dac3d9e
bd57bcadbdd6bd36
bce7bcd43e2e3cd9
0000000000003dce
3e33bda8be2dbc66
3e023d423eb03e17
3e22be7cbe5c3e05
be183e25be29bdd7
0000000000003d4f
bf45be41bea0bf39
3f70bdd1bf8bbf58
bcd2bef63e9dbf2c
befabe86be86bdbd
3f7abf113e833f3e
be583fecbf723ed8
3f4c3f0a3e8b3f58
bf2c3f06bc95bf14
3f22bf1abfa53bd4
bed1bdcbbe64be87
3e1ebf04bf59bf7f
bfa73fd2bdbebf84
3dccbef8bfa7be8c
3ee9bea53dbe3f6f
be8e3e363f35bdc7
3e3a3dd83f893f8b
3eb83f2bbf303f4a
bef83f88be2fbeef
3fa2bdfdbf35bf4d
bee93d753f373f7a
3d51bdc4be98bf09
3a9fbf82bd7ebf25
be193d73bd113f1a
3f2f3eae3f90be0f
be32bf44bd453f0c
bce93f86be773f90
be95bef2bf83bf94
3ee23e743dfd3e3f
bf63bebe3f6b3fc9
be51bdf63cefbf06
3f8fbfad3e033ee5
3f3c3ec7bf023ea4
bea83f473f2b3ece
3f6abe333ee73f18
bd01be6c3f043e25
bfacbee2bf103e0f
be1a3d44bf6cbf13
bd533db9bec53e5b
3fa3bfefbe993f37
becd3f88be8e3e7c
be15bf7f3f50bf18
3f33bf39bfc2bf8f
3fd33efe3e213f77
bd8fbf1dbebe3e9a
bf443e91be73be93
bf9e3ba63f2dbdbf
3e253fa5be9a3f12
bf063e99bf823f9f
3f32bf903d333f6b
be9f3f223ee1bec4
bf8d3e9bbf293f00
be833ecebec1bd2f
3f93be97bf273e5e
3d02bef8be8d3f7e
be8fbe043e07bf44
3e5dbea7be403f3a
bfac3f643f493f17
3fadbf40be83bf89
bf34bdcf3f81bf9b
bea23e153d573f77
b9c7bd4bbd693d3c
3d05bba3bdc13d75
3d203df03d903d5d
bbfdbdba3c51be09
3d2f3ce13d9fbcf2
bd233d00bd2d3c98
bda03db6bd783da5
bdbfbd263d473c97
be2dbd7bbe86be1b
bd58bd80bce23d64
be1b3e633b2dbd80
bd8a3ddabe06be57
3d293e89bcccbe12
3d0cbe0e3d2a3e0c
3c9e3d283d0dbd10
bd4fbd043da3be20
3d6f3d90bda63dad
bda3bd0dbe0f3d6c
3d0f3d803c883cfc
3db63e2ebda13dc2
3d9a3e0abd163e0f
bdf13d4e3c1abda8
3e4e3e96bdfd3e48
bcda3db8bde3bc46
000000000000be33
3d8a3a25be1b3dc7
3d943e883e7abd93
bdfebda0bd173d5c
3e0f3cc03d983da2
bd36bd1b3e203d03
bdba3d623ccc3d90
3e8c3e2ebcf23e1e
bd583ce3be56bd09
be0a3e2c3e60be4a
bdc43d933e0ebd5d
be34be1f3dbbbdb1
3d973eae3d9a3e9a
bcd53d29bce33e1f
3df03d413e1cbd5d
bbd03e2b3e09bd9e
be2dbe433e6bbd26
bd4d3da8bdbdbe04
be923df33ea0be13
3ccb3b85bd48bdb1
bcbcbe34bc073d90
bb393d4d3cd4bdbc
bb82be42bdd73e29
bd62be4a3e4b3cda
3dcabe073e5c3cae
0000000000003ca8
3dbf3daebdb03e06
be23bd8d3e10be5b
3e46bc1dbd023e0b
3de0bde6bdff3e1d
bd08bdfebb603ddb
bb39be7dbe4c3c73
bdf93ea3bd1f3e84
3e273c94be043cec
be56bd40bdc1bdbb
be073dcc3dfc3d88
3de73e05bdb13d80
3d33bdeebe7abde7
3e123db5be23bb55
3d5a3c3d3e68bdc9
be563e13bd13be06
be2fbc80be55bddc
bda63dc53e30bb81
3e563d36be203dbe
3e003de2bdddbc8e
bca4bd063e08be96
3d4fbe7e3e343e09
3dd6bd8ebe0e3d08
3e65be8a3e883da3
be82bda2bdd43d71
000000000000bedc
3cd1be44be1d3e98
be0e3bd73e8abd90
bd843ea1be2cbdad
3dfa3dedbe04bd35
bdc4bdbe3cba3dd4
bc413d933dc23e7e
3cf63dfd3e953e35
bcec39c83d8f3e57
3d3d3c693e7dbd01
be333dad3ea2be13
3e243dd3bda23e95
3e843d61beb43dbb
3c7fbe553c8abe7c
be143d873debbcbf
3cf93e4ebdcd3dcd
3cd4bd903cbe3bed
3de1be4bbd803d8b
be123e9b3dd9be13
3df93d92bda4bd94
bd97bd0c3d313e88
bdc13d9b3d39bd5b
3d22bd643d243dbd
3cafbd8bbe253e07
bdbabddc3e0f3e11
0000000000003f36
3d853c7cbd04be81
be55be1c3daabe11
bcd83d85bd88be1f
be5b3dd7bd4bbd28
0000000000003d8e
3e73bca83cf5be42
bd673e1b3dad3e2e
bb34bc05be013d43
3d233d45bd843dd0
0000000000003ca9
be6abe853dcabe5c
3e273d453b4b3de1
3d4fbd49bd253e12
be61bd1739643e09
0000000000003c2f
3e03bd8dbe873e11
3e77bd6f3db53ec5
3e1bbd74be5bbe21
be1fbd2bbb6b3de0
000000000000bc8d
be3ebdb93d763db4
3e2ebc77be0ebdd8
3c153d893aaebc44
bd973dafbd1e3d24
0000000000003d4a
bd6e3dc43e19be84
3c283e303e3bbe83
bcff3dffbda8be2f
3e463d743cca3db8
0000000000003d34
bd8ebdebbe153d31
bebc3dd83c66be0e
3d76bd5e3db1bd6f
be93be66bd3dbe76
000000000000bd2e
3e27bd8ebcfc3c85
3ddb3dec3e663dad
3dadb9b13c1f3dc8
be48bc2d3cd7be79
000000000000bd0d
be323e1cbe23bdf2
3dc13eae3cbf3daa
3dc6bba5be0ebe4e
3da63e433e04bcea
0000000000003d83
3cae3d2f3e383d97
3e213b9a3c0e3e36
be433d0cbbce3d3a
3e81bdccbe123dd9
0000000000003d71
bd61bd503da53d93
bdf0bc3b3d59be17
3d9f3d0a3d9cbb87
be683e3e3a83bd1a
000000000000bd4a
3d88bd183e3abe06
be48bd053d8fbe8b
3e4d3da13e35bbca
bdb13c70bd10bc67
0000000000003d8c
3db73c2a3dcf3d3d
bdd43d48be2a3d81
be25be7b3d6f3de4
be4abdce3d213d28
0000000000003cec
3c58bdebbc803cb3
bccbbdc03ea63e54
bea03e28bec8bdcc
bdc6bc923db73dfc
000000000000bd1f
bbebbe0f3dd63d90
bd6fbcd5bc593d7a
3d1dbdeabd313d8c
be933e133da2bde6
000000000000bcc9
3e64bd693e25bdc1
3daf3dd1be233db2
bdafbd84bcb1be1d
3e60be5a3dc1bd9b
0000000000003dac
bbc43e0fbe6abe0f
bb91be2abda23d2c
bd7abd42bd393e4a
bd34bd023c08393e
000000000000bd42
bc88be52be1abc08
3cb03d63bd8cbda0
3c3c3bb3bdd7bdb5
3d59bd56bd83be3b
0000000000003ce7
3c763dd53c823dc3
3c583d693e6f3b71
3e24bd5d3da9bda0
bd2b3e2bbe103c5b
0000000000003d5c
bd3cbd5ebe57bd68
3d84be75bdce3dd5
be51be4abe72bd7b
3e1e3cbd3b23bd06
0000000000003dad
bd19bbe33ca3bde0
bdd93e103d563d79
bcf33e2fbe0b3cd7
3e40b89fbccf3d5f
0000000000003d33
bc833d9bbcf13baa
3b773d9e3dbf3e52
3d50bdb8bb073e23
bd35bda4bdd83d65
000000000000bd6f
3c69bd823e11be18
3d3dbdb33c56bd5a
3d213e03bde63cc6
bd7937dc3deb3d4d
0000000000003d54
bdcebdfe3dbc3d73
bd64be40bd7dbcf9
be583ddabd563e28
bd4c3d053d96be59
0000000000003c04
bf963fe0bd943e43
bf1bbf7bbd9ebe9c
be24bf45bf3abc29
bb96befbbe6fbf11
3e13bdbcbe0c3f20
3ecd3ec4bdfd3fa8
bfa9bea83f913e47
3cc9be8fbeb23dd1
3e943f83bf2e3e08
be963dff3ec83f33
bf4fbf8abf243f0c
bf153ec8bee13f05
be5bbf36bf0ebf79
3f473f94bf953e7c
bf17ba2b3f8cbe34
bec23f0f3f4fbf87
bf133e1fbec7bef4
3e2c3e3c3f163ead
bf493eefbf593fb0
3e7fbecb3ef7becd
3e89be54be823fb8
3ea1bc1e3e983f81
3e8abd75bf7f3f33
bd173fb53eb7beb5
3f53bf143f56be31
bfa0bef6bf5b3f6d
be0cbf113bd0bd50
3e433cc5beaa3f39
3e9f3f9fbea13e3d
3e16bdb13df0bfaf
3e72bcaebf853d34
3ea1bf173e28bdee
bf4c3e38bf053e92
bf963f293f5a3f3f
3f2fbf0cbf0ebf06
bf47bf1abf0a3f1c
be3a3f75bfa43f3c
3ed4bd033db63db0
3f7f3f10bf5cbeae
3dc3be373ddf3ed3
3edf3f683f81bf15
bf8c3dbabefebdbf
3ca53ec83ee6be61
3eee3daf3fc13fae
bda93e85be84be77
bec13ce13fa73e9b
3e10bd82bf4cbd27
bf18be3bbedb3f04
bda1bf98bdd13fa5
3e003f413eeebf22
bf48bdb33e8cbe9b
3e073ec43f4ebebb
bfc83f91bf563f29
3e343ea33f9d3fc2
3f713e963ea3bee0
3db53fa5bfde3eb4
bfaa3cfe3f41beac
3daa3f33bdf1be41
bd74be2dbf173e48
3f89bf813fd7bf2b
3e0abcd5bd213d15
3df43d9c3e98be2a
3cf6bde3bde0bc06
be453d8bbe53bd31
bd953e1a3df53cd2
3d08bde5bdfbbcaa
3cdbbcccbdfd3d3d
bdc8be3dbe48bde9
be413dda3dd5bd90
bdf8be003d9bbe28
3e42be83bd003e21
3bb43c843dcdbcad
bdd8be5d3d6639fa
bdb5bd823dc23ddc
bd9cbdc3bd39bc44
3e993c8f3e123cac
3cc2bbdebdeebdb7
bd643d2f3df6bd62
bd853d7bbd843e21
bd66bcf93d663e28
bd273d56bd87be42
3e35bd053d96bdae
be05bdc9bcd5bd6c
3deb3e133cde3dc3
000000000000be6f
3e163d92be2dbd61
bdc23ce1ba813d9c
be80be243e91bcf2
3d9b3dbdbe2b3e15
3d73be24bdd73d3f
bde1be0d3dc13d4f
bc45bdb33ce2be2f
3df5be443d46bd47
3d103dc83e593e47
3e2dbb51bdcdbda0
3ec93e403e03bc8b
bdc23df33c52bdae
bd363cb7bdcd3e46
3e34bdc5bdaf3d13
3d01be073cd239af
bd34bc86bcfc3b81
3e1fbe713dcebd93
bde13c6fbcc9bcca
be02bcfdbbfebdd8
bc1d3dc4bd83bd9a
bddabe3b3be1bd84
3d59bd98bd52bd84
be003e683d5b3d98
bdbdbd293cdd3da5
000000000000be37
baa5be903e34be57
3d64bdb5be263e84
3e38be4cb920bd94
3e033e65bda4bd25
3e003dfabe09bd43
be63bc333c23be01
bc35bd28bd903d2b
3da6bccc3d81bd8c
3d8abd28bb873dd9
3d06bda8bd2fbcb2
3cd93e21bcfd3d63
3dfd3c963e02bcb9
bdc6bde9be7dbddd
be383d1ebdeabe02
be22bde13d01be51
3e19bb8a3db2be0d
be3a3dda3d0abe32
bdbb3d1a3c073cd9
3debbd7c3e12bd6a
bba1bb863e263bb2
3d7ebd813defbe82
3e3cbc3f3e3ebcf0
3d7b3de13dbc3da0
3dc53dc13d76be86
0000000000003e15
3e333de6bd2bbd80
3cf63cafbcc53e0c
3ca33d23bcc7bc8a
bd8c3dbc3d943d31
bd71bd233d5e3e27
3db43d223e203cdb
3e30bdbb3e1e3c44
be073dc0be85bd46
be0d3ce53d47bd83
3e5c3c143e043c9f
be5abd8dbe433e18
3d733d6b3e75bd5d
bde53e863e0a3da3
3e2e3d8b3e02bd01
3e06be0ebe2d3da0
bc64bde13d04bdd4
be13bd943c23be03
3e533e1f3d453bd1
be14bd323d58bdb5
3d733bdfbdf5bd88
3c023d29bc23bcc6
3da83d383db63d8f
bdf13ca5bdcd3d44
3d4b3e723e52bde5
000000000000be84
bcb63bc73dcebcdb
3db5be39bc2e3e5d
3e53bd53bdc6bd87
3ded3e173d373e13
0000000000003c34
bea73dc6bd94bd91
3d53bca7be0bbe96
bdd3bddbbc5fbdaf
be1cbd6fbc3dbded
000000000000bd3b
3dbbbd6f3d4b3dcb
bda53cae3e173d06
3d2abdc63e3c3d8b
3d56bd0fbcaabdad
0000000000003c40
bd58ba783e6dbd80
3d233e1a3d4d3dac
3a20bd86be42bdba
bd543e623dd53d24
000000000000bcb3
3d58bc8f3e29bd22
3e36bc0f3c96bd70
3daebc813e14bceb
bd073d82bd023d09
0000000000003d01
3c3ebded3d1a3d76
3dcd3e343e423d86
3df73e303cfdbcd8
3d333de0bd883b16
000000000000bcf3
bcfd3da43c93bce0
bd96bd953e2d3e42
bcafbec9bbf7bce8
bbeebdacbd793d3e
000000000000bd97
3aebbcf53e363c12
3d573d9dbd793dcb
3ceabe9bbd6c3d8e
be043cb63c92bd88
0000000000003d02
bdd33dc3bcf43b98
bd9b3b393e3cbd8c
bde03bef3cd23e2e
bcda3cc4bd033b0a
0000000000003d55
3d95bd613d5ebdb2
3c133d043d623d01
3e5e3dadbe0e3d23
3dbb3d4c3e00bdc8
0000000000003e16
3de2bd20bdacbe59
bdd0be9cbd95bdb8
bcac3d043e4e3c13
3e613d2fbdad3cd2
0000000000003c1a
bbe8bc763dd1bcd8
bd023e34bbd9bd31
3dc43e293e33bd30
3c413db4bdaabd68
000000000000be33
3d9c3e37be09bda9
be893c1b3c57bdfa
3ce6bd373d4fbc35
bd89be593c0d3dc2
000000000000bce0
bbd53dc63dddbe2c
3c973d8ebd5b3e0e
bdad3e10bd0b3d8e
bde93da7bdb73d03
0000000000003ac1
3da9be943de3bdbb
be44be03bd79bdfd
3de03c91bcefbd9d
bcab3a7e3da53dd0
0000000000003dc0
3e62bdee3de73def
3e493e45be1b3c9c
3deb3df5bd00bce5
3c00bd9bbbf4be44
0000000000003e07
bd233d8cbe553d05
bd16bd3c3de03e48
3dbbbc0cbd613d85
3c223c65bd9cbdb4
0000000000003b84
bdd53d83be1c3e3a
bdd1bdf93ce4bd7f
3d78bdce3ceabd6e
bd5ebdc63dc73b43
000000000000bcc1
3d1abd983e3ebc50
bc9c3dac3e0a3d21
bc74be25bc96be1f
3e06bd72be403d9c
000000000000bc44
bd9e3e1f3cc2bd04
3da73c243d77be43
bdb33e14bd343a44
bdb1be00bcd5bd12
0000000000003d82
be11bdb13d943de6
bdeabb92bd443e03
bc1b3d82bd91be05
3d2b3d1b3d83bdef
0000000000003d84
3b223dc8bd763d15
3d13bb863d81bd6b
3e913de63dab3e64
be403b563c8dbe00
0000000000003df6
be0fbd9a3d1e3dc2
bd413cc2bda33df2
3e36bdfdbd89bd89
3b96be43bc28bd75
0000000000003d0c
be12be593d9cbd73
bded3e1c3df13cb9
3e143e7e3d833c80
bd19be08bde63d0f
000000000000ba8e
bf1d3f3bbf2d3db4
3fb6bcb33f56bf03
bf0f3f0d3fa6bf47
3eb1bdd93ee63f33
be0bbf253c6bbd0c
bc5c3dc63f853f8f
bf4c3f62be933d61
bef53e153f9d3ea6
bf3bbf81be6d3f04
3f333f1fbdc1be50
bdce3d8fbf33beb6
3f163ebabe9dbee9
be7dbf8d3f2bbcda
bef8bf26bec43f5b
bbbfbe4a3ecdbf2a
3f60bf19bc69bf3e
3fef3ef2be573f72
bea3bf81bf9f3edf
beaabeba3ecdbed6
be83bc623f4abe92
bef7bf51be14bd32
3e9bbeeb3e2abfc0
be3f3e72bd9ebeaa
bd12bf01bf1bbf6c
bd9bbee7bf0a3e72
becb3e2fbf123e96
be0d3e413efabf03
4009bf2bbff03fb2
bf8bbe743ecc3f4d
be4fbed53f07be71
bf343d163e3dbdb5
be0cbec33fa0be4c
bed83f98bd893f2f
bf1ebf0b3f12be7e
bdd039cb3f4fbf0c
3eb63f45be31bfa3
bf413f65bf22be6d
3efdbfa63f413f56
bde2bed1be04bdbc
3f643eafbed5beab
3ee8bf36bd98bec7
3f4c3f173f13beb0
bd2b3f0a3f02bef2
3cf7becc3f42bf01
3ebfbca23df8bbd3
bf40be61bc1ebdab
3e37bee2beaa3eae
bf58be243f1a3f6e
bec33e423faebeaf
3f183e4ebe34beaa
bdb5bd353f00bf3a
3f20bd353f47bb67
bf1bbef4bf0b3fbb
3fa6bf26bf93bf86
bc4e3f1b3f043f51
bf95bf39bf303e69
bf91bf693f123ff4
bf3abe99bee0bded
bc3abeaebdd43ee1
be65be933f3e3ed8
3c1e3dfdbbd8bdf5
bcf4be5f3e04be1b
bd743ce73ba0bd96
bc803d913e3abd0c
3c70bce2be323e05
be07bd553dcf3cb5
bde13e6fbe65bdf2
3e8fbdfc3dc73cf9
3e923e31be41bd22
bcd8bd8e3a9bbd29
bd85be5e3db63e04
3ceb3e513cf93c65
be53be663d11bce5
bd67bd4cbc51bdd1
bd42bc17bca33ca9
3e0f3e38bd9ebe0a
be083d98be893cf3
3dc6bde23e85bcf3
bd9fbd5d3e02bd97
be433e14bd76be60
3e6c3e083cf73cd8
3e49bcc33df1be1c
3e3d3dd43e073e3f
3c2d3de4be17bd39
0000000000003e8e
bc8b3d093d18bda8
be313e36be23be23
3e1d3e8ebda9bd98
bda33e50bde73c4c
be99be31be273b74
bcae3d733e163e92
be94bdc2bde13e21
3df83e02be36bd9a
bc593c9c3bc0bc3a
be2e3c843d82bcd4
bd1d3c833be23daf
3d203de23d3bbe01
bd8cbd0c3e71be0d
3da13e03bc79be0f
3dab3d6abd35bd19
3ccbbcbebe353e91
3dc1bd943b863d10
be26bd50bc4d3e09
3dedbd6ebd15bde9
3d933d633d78be78
3dedbda73cb13e03
3e3fbc1ebbc5be1e
bcd73e0ebdd3be4c
bc8cbd8bbcb13c48
0000000000003f00
bde23cbcbe8cbdfc
be33bd7d3d91be38
3dc93cc1bd7d3df2
be093e013e233e03
bd4e3de73e4b3e93
3e2a3e4cbdcd3d6b
bce2bdd0bdb53d87
3df63b7bbc1c3e3a
3cce3c24be213e16
be5bbde8bd84bd16
3d2b3d373df2be1c
3e28bd21bc143d1c
be153cdbbe733bfa
be133d3cbdddbe1e
3e463e883cd13dba
3bdfbdf2be19bdf1
3d9f3e5cbe763d84
bde13cf23dd5be76
3e34bcbdbdf43e21
be0d3ddd3e12bdf0
3e163db9be34be8f
3ca5bd7cbc753d61
3e4f3d5d3e163dca
bd093e00bd4d3d89
0000000000003e5d
be5bbcbcbda23c86
3e0b3e563e5cbe11
bbd3be76bd543b3b
bd343e06bd383bce
3d683ddebe1ebdd6
3dd73d303d423e37
be67bce23e03bd6a
3e27be83be16bea9
3d8ebe79bd11be63
bdb03dab3e05be19
3e293da23dc23da0
3cedbc773cb53ea3
3dbbbe1ebe07be45
3dd0be7cbe16be59
bdc7bda8bc50bd29
bd41be543e2c3d0a
3e2cbdb33ccebe42
bc9b3e053dbe3cfd
bd94bd963db53e01
bdd8bdd4be0fbac8
be8f3df0be153db7
3d62be383dde3e3c
be0b3e5a3e36be6a
bc863e33bb283d96
000000000000be1e
bddcbd133e0ebe04
be14badabdf13ca0
be02bcfd3da63e8d
3e40bcc2be943d6c
3e4abdc0be843e5c
3ceebcdfbe0cbdc2
3dbf3e07be963db7
bcdb3c953cccbd66
be75bd863d5c3c4a
3dba3d9cbe38be50
3df73dff3df8be05
bd84bb013e813d8d
3dd63e3a3cdd3df5
be1fbd90bd0f3e86
3c4d3c0d3e783e26
bd1fbe613dbc3e46
3de13d1e3e24be1b
3c92bd7cbdfc3b6b
bccb3dc3be0b3e26
3e8a3e003db63d65
bd733c84bda9be0d
bd9b3dff3d703e46
3e5a3d07bd21be2a
bddebdeebd8cbd3e
000000000000be34
3c483d51bcf13ce5
be69bd0cbe06bd62
3e0c3e173c1e3d95
bde8bda03dd83e78
be8a3e443debbe38
be073df6bd973df5
3cb93cf73e8ebd71
bb9fbd243b2fbe4e
3d84bdb1bdb33eb0
be56bdb03dd6be85
bd7e3da7be62bd9c
3d82bd82bdbfbe0e
3dd0bdffbdf6be49
bd7bbcf73ac33e02
bd81bdaebdcfbdcb
3d8dbdcebca13cd9
3c883d083e08be2f
3ca73ca6be5c3da2
bde9bd933d93be87
3e4c3dc6bd3dbb65
beb3bd1cbd47bda7
3d803e9dbd153d57
be59bd3dbdb9bcd1
3e3bbe9ebe343d0b
000000000000be01
3d533cebbe5abedd
be093e023cf2be14
be55be4dbe64be25
bddc3dedbc5c3e30
bd943dee3ef2be9d
3e90bd96bd92bd7e
0000000000003e0c
be70be5fbe4d3e1d
bdb0bebabd2a3e88
bdbb3dfbbc7a3ea0
bee6bd49bde93d2a
3e8bbe4ebee9be6e
bebfbeabbe15be24
0000000000003d57
be99be0bbe043e0d
be1bbe163d9bbe67
3daa3d243e01be84
3e4bbda33e13be0c
be6ebe7bbcb73e43
be91bc20bea5be81
0000000000003c94
bda73f0f3cd6bbf0
3d8f3dd53ea1bdd7
be11bed2bdad3e7a
bdbd3c893df73dc5
3e18bdb03ebcbe9e
3d00be063e713d01
0000000000003d05
3e98be3a3db6bdc5
bc283d0ebda4be34
3d0e3e923e153e0e
3e4c3da73de7bde7
3e873e09bde1bdb1
bcbcbef63eb6bc5b
000000000000bccd
3e7ebd513d0e3d68
3d433e3b3e893e68
3e50bd0a3df93c9a
bea6bbf4bd353ea6
be76beb43e20be24
be713d663de33e23
0000000000003d6c
be773a2e3affbe8d
3e9abf2d3dcd3e56
3bf4be4dbb58bdd4
3e763e88be9abed2
3e42bbb8be60bcd3
bdcf3cc3be1cbd1f
0000000000003cd7
be803ce83ed43ea3
bc77be03bd04bd08
bd843ed9bd813e97
3d9ebd963e8bbd82
3d713d8c3e643e36
3e71bd8cbdf3bce8
0000000000003c8e
bdff3e3a3dd9bd1a
3de0bde1be363e83
bc89beb33e4ebe19
bcf1be3e3d4ebdfd
3e0ebdfcbe93be6a
3e093d9e3e60be7f
000000000000bd8b
be323e33be1bbca6
be123e84bd03be1c
be323d1e3d423da9
3deebcfd3db6bc4c
bf103e253e12be44
3dde3ebcbe7c3e6e
000000000000bce9
bd423d0c3e0ebd99
bdddbeb0bd693e10
beafbd2a3e4c3df7
bdeb3de1bd753e2b
be083df13d8c3d9e
3e27bbc6be07bcc7
000000000000bd91
3dacbc22be12bcd4
3e1d3ebebe973de3
bd213e843e433e7c
beb23e56be95bd1f
bf033ed3be53bd92
bd39bc953ec23dc3
0000000000003c53
bddc3ec43e293e48
be7f3e1e3de73e9c
bde83d103dbcbdce
3da83d8cbe853e74
bdf53e43bea23e14
bdac3e213e183ea2
000000000000bc65
3dc23e603da03e1b
3ecabe96be793ead
bdd0bdb53d9ebd38
3970be88bd6d3d9b
3d1d3e97bdba3e69
bc75be603c5fbd8e
0000000000003da7
3ead3d4b3e9dbe39
3ab2bdf23ee1be1b
be0f3e92be61be46
3e0a3dc1bee4bdcd
3e0d3d80be063de5
3eabbd98bd9bbe01
0000000000003d55
bda43e133d523e83
3c653ce53d95bdb4
3e8cbeaebdc73e93
3da6bd42be90bd13
bd323c38be96be05
3deb3d28be75bece
0000000000003dd2
be57bdc23dcabe36
3d743d8dbc48bd31
bdedbe433ec5becc
be34bdef3e173e96
3d733ddfbe4c3e0a
3d9fbd94bd153d24
000000000000bda4
be2dbddcbe1abe31
3e0a3e84bd3f3ea9
3e4bbbd1be143d2a
3d233dc8bdafbcde
3e3e3d8b3e623e4c
3daa3d883e84bdde
0000000000003def
be0f3eb23e88beab
3e0dbf0a3dc03e98
bdb03c12bd63bea9
be813b92be50bbfa
3cfebe153e3bbb95
3b733ca5bd9e3e86
0000000000003d96
be713db13e2f3d03
bdecbccb3c58bc19
3e303d9fbeb9be5c
3da8be153cc13eeb
3eaf3e553ebebe46
bd68be90bd4f3de1
0000000000003cc0
bde93acf3efa3d39
bd683dc03ee23d8a
3ae4beaa3ea93ed4
be3cbe9b3d5cbe00
bdd83da03dc2be83
bcc4be343e62bea1
0000000000003c7c
3e97bcf43e0a3e5d
3d333e4e3ec23eb9
bd573e8d3e63bd8e
be4c3dd43dbe39b9
3e9d3d7fbe4ebd89
3da83e11bdbdbe1e
000000000000bb02
bd7bbe53beac3e40
3e583dc53d81be02
bedf3eba3abe3e57
3d93bccebdb93c97
3e8fb789be96be11
be2e3e4abe76be64
0000000000003d91
3ed7beccbe2fbc8c
be67beb0be2b3e6a
3dbcbdca3c3abe26
3e18be753e883d73
bd823e2e3ce93df2
bd7c3d403e5a3e04
000000000000bd69
3b933d433e2abdd7
3d89be883bf43e4a
3e6c3c57bd933e83
3d15be733dcabe11
bd10be0a3e493dd3
3e203eab3e313e39
000000000000bd90
be6d3dd9be00be43
bd0a3eadbd0c3dd9
3e0bbdeabdef3dcf
bc7b3e86be88beb1
bdb8bde33ea6bd8e
3eaabeb8be98bdd2
0000000000003d2c
3d95bda43d9b3ebc
bda23b3e3ebf3dd3
be6abdd73c71be29
3e88be503dd83ec0
3e16bd59bee43e95
3e59be79be52bd20
0000000000003db2
bead3e723d32bdd3
3e533c523e44be42
3e03be3a3d98bd9d
3dd4bea6bcce3e6e
3dbbbe423cbebd78
3e2ebe4a3ea3bcd4
000000000000bd28
3e6e3e61be80becc
bdd7be9b3dcf3e6e
3e5e3da23daf3eae
3e373ea13de13e56
bd2ebe443e393e4c
3dc0be0b3e0e3d8f
0000000000003d61
3ccf3e08bcb83e5c
3defbed8be08bd2d
3e213ec0bee53b18
bd34bdf33bb43d9b
3e4e3e763d51bf01
be0f3d7fbe81be7d
0000000000003c92
be0e3d8bbe18bdc2
3cbc3dc53e833e47
3de0bdb7be6e3dac
3d41bdffbe7d3da3
be05bcd6bb8c3e2e
be09be55be953ec6
000000000000bccc
3ea4bdedbe90be4c
be13bcf53c38bdcd
bedabe603ef8be0c
be75be093e573e27
be363da5be4cbcf9
bd1f3df3bd8bbde9
000000000000bd90
be543effbe5b3f02
bf223cde3d7bbe11
3eedbd07bd903db4
3e82bd5e3ca4bdaa
3e19bdb0be393e5a
3d9cbc5dbe3abedc
0000000000003ca6
be05bdda3e083e1c
befd3dc73de03ee1
3df9bed8bdbabe86
3dda3dddbe1cbe13
3e88bed2be27bd90
bc8b3cad3e683ccb
000000000000bcc7
bdedbe1fbda6bdf2
be1abe97bda03be7
beda3d023e8cbe7c
3c393db13b9a3e15
be063dc83bc23d45
3d12bc58bec6bdaf
0000000000003e1a
be613e53bd9b3e13
3b803e26bd0c3d5f
3ee2be423d44be31
bdab3d923d09bd4f
3ea43d1ebdc43de1
3dd9bdf4bdb8bcbc
000000000000bdab
becd3e803f493cdf
bf533f373dd23f5c
3e9fbec33f2fbdda
be90bfabbf04befb
bea93f2dbe273e14
3dedbe543f06bf15
bdd3bef9bf803fa0
bf43be693f423d46
bee33f583e00be25
be70bd85be273d29
3f643e96be0dbd72
3c853ed73eb8bf11
3f473ee23fa73fa5
bf17bf4a3e3bbe6c
3ef4be88bea93eaf
bcb83efcbfc4bf2e
3f7c3f4abebb3e02
bf7abedc3faf3fa2
3f38bd173e6a3ee5
3db1beccbe45befa
3f38be953ef0be5e
bf77bda3bed33dc1
3f36bf3fbf1abe76
bf4e3eafbf15bee0
3ef13f27bda5be86
3ebdbf81bf95bea5
3e6e3eba3ea4bf31
bfc93f8d3ed23eab
befcbe0d3e043e39
3f73bed3bf053db2
bfafbf393dc13e5e
bcf13e9ebd2f3f9e
3f0c3f3abf46bf9f
bf1bbeacbf90bf3d
be01bea03f1f3f4d
3edbbf7e3f16bed1
bf973effbf343f14
3ea8bf76be46be88
3f9abd233f213e85
3e80bee53c38bde6
3f493f643f8cbea6
3fec3f6dbe47be4d
beb5beb43fbf3f42
bf4c4002bfc33f27
3eb5becfbedcbe62
3fa1be8ebf86be4e
be98bf213eb0bf77
3ea93f12bf183e3f
3f953ee03f013f58
3e55bd913fb8bf53
bf883f743ebbbecd
be8cbe0a3c69bda4
3f62bf99bf303f71
3e5a3f67bf5a3eb3
be7fbea93e2dbea0
3f4f3f84becabf52
3e32be1bbfa43e08
3fbebf4e3e423f8d
3e193f31bdc1bd87
bf5dbd42bed1bdf1
bf02bdaa3eddbf67
be40be1d3f563ed7
bf333f553f2f3f34
3eddbf673f66bfba
beb53ec4bf58bf1a
bf4bbf7dbd833d5c
3f91be7dbeccbed8
3f07bf423f79bde8
bf7e3f133e8c3e4c
3f4e3f59bea63f02
3f5e3ef03f1c3e61
be963f513ebbbefb
3b4cbee0bf8fbef6
bf2c3eabbf1b3faa
3ea43ec23efa3da1
bf8dbef73eb43eaf
be7d3f97bf3fbedb
3e8abd8c3efcbfb8
3e1a3fbe3f11bd7d
3e14be9bbf203f21
3edb3f43be50bd02
be9e3f6c3fad3f24
bf8fbf343ea83f1e
be063db9bee4bf53
3f44beb5bf273f41
3e7dbfa9be59bd8e
3f503f45be44be69
4006bee93f2bbefd
3e213db13eac3f9a
beb3be253f1fbeaf
be22be3d3d75bd8c
3d1b3e243d413ca5
bcf13cd7bdf23cf0
be1e3d09bd89bc6b
bd9dbe5fbe4c3dbe
3d1a3a3f3d493cdb
bdb6bcdb3aee3d1c
3cb83cb63e15be51
390cbd71bdfd3e32
3dcc3ddb3d263d84
3e10bd00bd26bda0
3d223c893d443d3a
bdddbe2a3ba53db1
3e0ebd9a3cf7bc36
bb19bd233cc5bd76
3c77bcdb3d943e79
3df2bdc2bcd53d50
bbf43cf33e16bcb0
3c4e3d5fbde0bc78
bda73e0fbd293d07
3dc03b8dbb383dcc
3e14bd5a3e383ccd
3d273d52bddabca1
3e44be223e083d31
bd753d373ddbbd49
3d89bd05bcf4bdae
bc83b9e33d80bce2
bd1bbe123d08bd39
bdcfbd8abd183d87
bdfbbd3cbc213c9e
3cb43d20bd813ddb
3d68bd123e2a3ce4
3b9cba973dc73dc6
3cff3e2dbcd6bda9
3ce53d62bc5b3c67
3cfe3dabbd7d3dc0
000000000000be94
bca4bd2fbdde3d91
bd513ce8bcdd3d7b
3d25be3a3da0bd98
be16be45bdcabdd7
3dd33d293c07bd92
3de13c073e00bc50
bdf43e08bdc5bca9
3d883dac3c8038a9
be123ca6bd6bbdb0
bbdbbb943e3b3daf
bd713de8bd8d3b90
3dac3d27bca0bc89
3e52bc59bc9c3cee
3afbbd0fbd07bd08
3e0cbcc9be0b3d91
3dcf3cd83d413e23
bc0c3bbe3c56bdbd
bdfd3ad3bd1c3d6a
3d2abc0a3d38bdbe
3d4fbbd4bd003d5c
3e07bb9c3c86be1c
bda53d753dc9bd4e
3d29bd633be93d75
3dab3e183d023d03
bd51bda3bc893d12
3d43bd2f3b92bca7
3da2bcbf3d96bda8
3d0a3bcabda2bede
be1cbd8c3d443d56
bdf1be09bbe73d71
be143d633d3e3cfe
bd4bbda33e2f3ccb
3ca53db8bd4bbc93
3e3bbc503e7a3db0
3d48bd6dbd143ce5
3d213d193db7bd04
000000000000bd95
3bbdbbf93d1fbb83
bcde3c2e3c5fbdb6
3ce63d37bd923c61
bd9a3e093dafbc05
3c203dd4bd923e13
bd78bbefbd66bcdf
bd1abc74bdff3dfa
bd00bc273d8cbd9c
3de8bd5cbd1f3d5c
3de8be48bd413d9f
3d65be543e0fbdd9
bcca3e0b3c893d77
bd913dbe3dc9bdf8
bdd4bb9dbd413db7
3cee3d4bbddd3e25
3cf53dc2bd0dbcc2
3d0cbb8e3cba3d39
bda8bda73b2dbcad
be223db8be2fbc91
3af5be15bc963d2c
3e53bd863e30bdad
bad0be69be1fbd0e
bc3abbfabca83cce
bdb33d37bc403c04
bdb33db8bcf33cfb
bd4cbdb7bd4f3d33
bcd9bb433d55bd50
3bcc3d2fbd20bd2b
3d5c3db43d8dbd95
3cfbbcd1bcd23d9d
3d46bd973e21bca3
bbcdbd243ccabe88
bcfebd103cffbdee
bd243d54bb2abd4b
bd8e3e0ebd04bd50
be723caabcba3d4e
0000000000003dae
be3ebc86bc97bdeb
bcfebe543da53deb
3b9bbd153dec3d99
3d96bd233c99bc94
3d253dc23d29be40
3da13d4c3cedbd11
bc76bdb5bd313c87
bcc1bd3d3d033bef
bd84bc323db4bcf6
3da93d153e1f3cce
bdc23d46bd69bc8c
bde83baabd8cbd9c
3d2d3d7039a03d4a
bdc0bd9cbd653daa
bcd8bba53df8bd6e
bcef3c1b3db33d1e
bd9ebd02bd25bd3f
bbcbbcbcbce9bcbf
3db1bd26bc19be18
bcee3d133d3abd1d
bd833ccabc5ebc8d
3d2f3d3bbdcc3d0e
be01bd25bc773dc5
3dd4bcedbd07bcfe
3dca3c143e7d3bcf
bdd93cb7bcbdbc80
bcbfbe073dd4bbb3
3db33df4bd24bd8a
bd803d463a373c97
3e0e3d71bcd6be34
3de6bd9fbb823d94
3d7a3baebd41bc9b
bd803db5bb2abd4b
3de2bd45bda5bbf2
bdb23cbd3c2b3d5b
3df83d4bbd3fbc25
000000000000bcd4
bc003d78be173d8b
bd94bdc73d903e06
3e0ebd07bd863b8f
3e12bd5ebd47be49
bdd3bafbbe103c9f
bcb93ce0bd173dad
bceb3d73ba1ebdb0
3d4f3df7bdc3bd6c
bdb5bdab3ce33e3d
3e683dc33e2dbe1f
bcbc3e1f3c7c3e43
bde4bd8f3e3a3e45
3cc33de83dc23e48
bdc6bdf03d67bd14
bd31be063dad3ccf
3d91be343d46bda9
3db3bc44bdb13d15
3e473bf23cee3d9c
bdf73e0abda5bdc2
bcee3d4ebd69bcbf
3d0dbd9d3e303e2c
bd8f3cefbc263dd9
bd1cbd3a3ccebca5
bcf3bbe7be31bd79
bd37be47bd233e06
be08bd1b3d1d3d9a
be1ebdbbbd88be44
3dc6bd71bcccbce3
3cc83d63bdff3da6
bd8cbc963d98bd7f
3b8c3dd7bcf73c8b
bdeabdb4bd57bdb5
3db73dec3e2abe1d
bc8b3d40bd88bda5
3cbdbd53bdbcbd94
3dcf3cb33cd83d78
0000000000003dd2
bc123e2f3d8c3c07
3e26bd8abdf3bd1b
be11bd4e3d1a3d3c
3d913dc1bdfcbcd6
be30bd593e0239fc
3df4bcabbd7a3d6d
be143e463c49bd8b
3de83df7be04bd2e
bd3f3e40bcd9be16
bd2abd4c3da2bcf1
bc8cbcc33c963d94
bce43dd63e243b5c
3d0bbe4a3e2f3e23
3e2a3a823d6d3cd0
3da43d973dcdbc94
3e13be14bd523d4a
bc8d3e283cb13d34
3d95bde23e0fbd57
bd1cbdb23dc4bd04
be193d21bab63e46
3d98be4abe07bd0b
be8dbdf73d5f3dc8
3db3bc6d3d52bce7
3dfabdd83c9b3c40
3cc73d32be073d41
3dbebc2b3d893e09
3e3d3e1dbd88bda7
bdadbe16bdb63e1f
3d46bd4c3e0fbd8c
bdb73d56be113d6f
bd8fbd0ebe183de0
3db33cf9bd14be63
3e03bd0cbe30be15
3d743d8abbbabe67
be523c59bd553d67
3da2be843ddabe06
0000000000003f11
3e3f3c233dfebe6a
bdba3ccc3e8dbdc1
3d37bc8f3e3d3e68
bdde3dcc3c67bcdc
3e21bd1c3d683cb1
3d83be4abe2ebe29
000000000000bcd7
39c23e9d3ddebcd8
bd7fbd35be1c3d4b
bd463d703b13be3b
3e12bdd4bda8bd6d
3e623e76bea93d8b
bb81be25bdb0bcdb
0000000000003cd1
3a24bdae3dadbbe0
bdb43dc4bda03d98
be3a3de0bc70bd82
be1c3debbdf5be46
3c98be48bd40bcf7
be193d0bbce33e10
0000000000003d81
be04be363e02bd43
bea03e5cbe21be4c
bdad3e10bd2e3da2
3dc7bd2d3d74be70
3d873dc7be0cbce5
be533e433de5be14
0000000000003af7
3c983e59bdeebd85
be243db63d183e63
3e113ce6bdcabc13
3dc6bd35bdd5bd44
bd5ebda8bccb3e39
be203e2bbe47bdbc
0000000000003d1d
bd86be07bd353e70
3dcd3e9a3e0b3db5
3d9d3dc3be333e61
bd513debbe02be1c
3e0ebd873d0f3e08
bd863cb43d8d3d04
0000000000003da0
beae3df0be46be22
bdeb3d293c8f3d11
bd92bd9f3cecbe38
3dc13dc43d9e3d9a
bdc63e38be22bb81
3e58be5c3debbe20
000000000000bcb5
bc8e3de2be20bdc2
be07bcb83dd93d31
3e053da03dbd3d68
be4f3d7cbc0cbe22
bdcd3e69bc183e4b
3d4ebde1bd513e16
0000000000003dbf
bd60be193c933d81
bb293dbdbb4a3d60
bda93dac3def3dbc
be6abe583daabc73
be8abc0d3de5bcfa
be71bd1dbbad3d03
0000000000003d1b
bed43cb23be9bd81
3d91bd803d21be11
bd433ddfbba23cb9
bd803d16bd8bbe05
3d2fbd103cb83c46
3ba1bbcfbd473d6e
0000000000003dc5
be13bccabdc6bd31
3e07be02bdca3d13
3d1b3df83cdbbe15
bd39bdeabe0e3d21
3da6bd9d3df5bb86
3c63beb83c2bbd34
000000000000bbed
3d66bd113d0c3dd9
be13bc9d3eb23e1f
bc23bd193e74bd54
be0cbdabbda63da9
3b7d3e463df33e3c
b9c2bd7b3e9bbe05
000000000000bd62
3c473e3cbc593d97
3e6c3d83bd21bcc1
bc9ebd62bd803d7e
3e08be883e393e02
bc95be10be4dbc59
bba1bdb3be08bd93
0000000000003d87
be08bc6abe1dbe9a
3d9f3d4e3e0b3d2a
3d663d8dbd893bff
bdc6bd603ce23d9b
3cecbe71bcc13e23
bd933dcebd303d57
000000000000bda6
3e80bd8a3eaa3e7c
bdabbce03da03e3e
bd903e6f3a333e25
be2bbd8ebe4a3e24
bdc03afcbe583e12
3da7ba83bcd3bcfe
000000000000bd83
beacbe533dacbe53
3d8b3dc43aa53a13
3d4fbe87ba133e14
3d21bd343df6bd9b
3eafba883d27bd4e
bde33dbfbd023d6e
0000000000003a11
bd3c3d463cb83d51
be693db43ce93e10
bd983d04bc2ebdf4
bdb7be1b3dd73dfb
3d8abc2fbe52bdd2
3e923e953dd73d79
000000000000bd21
be1e3e993d4cbe49
3de03d903dbcbe84
bddf3e0c3da5be8e
3bf7bce3bd1f3e96
3e27bcedbeddbdb4
3d193d34bde03a0c
0000000000003d75
bde8bde7bd633d60
3e04bdfbbda4bde6
bd69bcc6bea03ddb
bdbcbdffbe133dfe
3c97bd1e3e263dd7
bdee3d19bdafbdf1
0000000000003da1
3defbc19bd3b3da1
3e3dbdeb3dc6bd25
3d8d3e06bce33d5e
bde2bd3cbd9e3da8
bcb73df83d4c3d5a
3c973e1a3dcbbba0
0000000000003de3
bd223e11bd2c3c8d
be6c3db5bdfebc47
3dbc3e503e13be39
bd74bd983e0e3e49
bcddbd1fbd6d3df3
be5e3c68bc8d3b74
000000000000bdfa
bdae3e68bdb8bca9
3dd8bc9f3d253d1e
3e073ecfbcfc3d94
3d1f3be03e38be17
3e363db23d7e3d24
3d74bc81bc773da9
000000000000bb92
be563d313dd5be6e
bdd9bea9bcd3be21
3d2a3b83bcd8bde5
bdf4bba8bd503cb3
bbe43e57bdc6be72
3e3938f03e063ddf
000000000000bb9f
3dacbc993e0fbada
3b59bc99bcf7bc98
be1a3e1b3e05bcb9
be353cc43af1bd61
3e0bbbc03b9b3e4c
be7fbd6ebdb6beb1
0000000000003aee
bda83caf3e7c3e0a
3e4c3d0cbccc3e67
3e193c83bc2cbe77
3d8a3de2bde6bc23
bdb6bc0f3d373e56
bdbebe59bd523db3
000000000000bda4
bd8dbde6be623cb7
bd43bc353d793d02
bd133c93bd64bd97
3db43e123e1a3def
3e85bd3bbdd63af2
3bee3d993e263d2c
0000000000003daf
be22bdf2bd23bdab
be333e123d253c10
3c88bd8bbd1fbe83
bdda3d7d3dfbbdf9
be443cc13da43d01
3e03be50bd493e1e
000000000000bca4
3e303c803d2f3e08
bc853da83d013c7c
be1c3d213e033c0d
3db73db23b97bd00
3c293d9abd693d09
bc6d3d853c36be39
000000000000bb9e
3de43e3e3e79bd41
bd54bbd1bd3bbe16
3d913d113d453da0
3de53e823d723e38
3e1e3e613c8dbe3d
3d68bd663de73c49
0000000000003ccc
3dfdbd953d123d54
3bd03dc23d9abdbb
bdcb3e4abce8bdaf
3d6b3e2bbb883d2c
3c523d16bde83c29
bd743d453ccabd40
000000000000bd28
bda2be543d23bc26
3e173e5bbb0cbdee
3dd93e17be31bd30
3ddb3e033cdb3cb0
be1bbd13bdc7be3c
3d86bd84baa33c13
0000000000003de9
3e5c3da53d9f3e1d
bc6abdbb3df5be17
be12be23bcd83e6e
3e7bbe9b3deabcae
bdb53d203e1bbd72
bdfc3db73d6cbe02
000000000000ba65
3bc6be23be8cbe2b
3dcdbd5cbd973e80
be5a3e03bde8bd74
3dbdbcbd3b8fbdd5
bd193e31be053d34
be61bdb7be4abc8c
000000000000bc08
bd8bbd9d3d06bd60
3c883e733db43ccd
3d9abd4d3bb43d84
bc8abc25be3ebc87
bd683cc03cb5bdc8
3e063e1cbd74bd39
000000000000bd5c
3e3e3d39be16be09
bd6dbe2b3e95bdd5
bdf93d22bcbf3e0d
bb993d603e283e39
bb313d35bdec3e4c
bdcf3e48bda4be2c
0000000000003d6b
bcb73e0a3dd2be32
be023d053e1a3dd3
3e62be04bbb9bcb9
3da8be7cbd7ebe40
bd6c3bacbdcabdb1
3dd93e27bcf7bdad
000000000000bcea
bc93404dbe5c3f97
3e8a3f6cbe9ebed6
bf233f91bc66bf9e
3f1dbfa23eddbf23
be233d9dbe2f3f29
bf49bba0bf093f46
bf513edd3fb6bf1a
be2bbe323ea03fa8
be863f90befa3f05
be713e46bdf6bee1
bfb5bd64bedfbead
3e6ebe813f4abebe
be2c3ee53eacbeba
c007be523f4d3cdd
3efbbeb5be4f3f24
3e2abcdf3f11bddb
beabbd33bf29beab
bf473ef03efc3e70
3fdf3f13bf16bf80
be663f0e3ee03ee4
bf8fbf7d3fc4bf93
bf713f433eec3f34
3fb8bf03bf6e3e34
3f2abbccbef1bf45
beab3e793e84be4e
bcf73c76bde93dec
bf0f3e933dbc3f49
3ded3ec23eabbf3b
3f043f923d9d3e21
bf1abf2b3f0a3ee3
3dbc3f93beaa3f62
bf2b3f0bbf5dbf27
bde1bf4dbf11bf1d
bf7abeeabd5abf2e
3f66be1dbe9bbe3a
3f9f3ddcba7abf7a
bd023da23e8bbe5d
3f813e073f543e0f
bf253f5abe64be89
3e2dbf1cbeb1bf30
3eb7bf5abe8ebfa9
bf433f5f3f513e19
becebd2cbf863dcf
bf9b3f09be41bee4
3f34bf163f3ebeaa
bf9abf943ca8be91
bf873f3abf65be67
3f78bdc9bf61bdb7
3f1ebe873d95be38
bf0cbe3abdd23f04
bf32be793f283ebc
3ea53f48bed43de8
3e7dbe523f35bf48
bf66beaabd573f2a
3e4a3e113f60bd80
3f05bf5bbf84bf26
bf1a3f45bf0fbf2b
bd51bf0ebf973db1
3d3b3f983f14be8b
becfbe8d3f37bd85
3fc1bf5cbef83e9a
bebe3f223da2bfad
3f313e8f3ea03e0d
be063da0be2bbdf3
bf36bf4abf03bd5f
3f583f0d3f3b4001
be3fbe2fbec9bf49
bfaabf95bf143da9
3ee6be9fbf0d3ee2
3f423e183e85bf55
bf73beb43ebc3ead
3ec23f2abe96bcc5
bebe3f903e27be8b
be963ebfbf803f3b
3ecabf1bbea1bdf1
bd02bf8bbefbbf2f
bee83fd8be1c3c5f
bed5bf963c753ed3
bdd63fad3f33bf2b
3f993efdbd85beb5
3fa5bde6bf903f3d
bdedbf223f33bee8
3fa2bda3be96bdb4
bc75be32bf69bef6
bedfbee0bedabe7e
bef6bf473f8fbe8f
3f043fcdbe433fd6
bd683d86be7f3ddd
3e093e46bf073d1f
bec53f31beb83e01
3d853df73e3c3d83
bcabbe023dadbd9c
3c12bd32bda1bbc5
3ceabd90bdd5be0e
3dadbe0b3dfa3c66
bd45bcb93bdbbc49
bdc43d413ddb3e32
3d383b90bc9b3c8d
3cdc3d5b3b41bd6e
bd5c3d62bd553d9a
bde73b0dbcacbe0d
3c19be503d19bccd
3d73bda13d93bd21
3da23d8b3d983ce7
3cf5bdbdbc9e3d4b
3b96bd383d873ba5
3dc6bd79bccc3d02
3ca83d57be8e3cc7
bc3c3ab0bb543d3b
bdb3bd733d4ebd2c
3dd6be24bd01be07
bd93bcb33d8a3d6a
bd39bbbfbd81bde5
3cf0bd4cbe0bbb37
3de8be913d9ebe15
bcd13d413d423d21
3d44bdc63d603cd0
3e1fbdab3d77be45
bcd63c553da8bd70
bdb8be153e543e02
bde8bd95bd46bb4f
bd5d3e493e30be48
be0d3ca5bde53d7c
3d183cf6bd103ddb
3df8bb293d0e3e08
bcae3d423c733e1f
000000000000bec2
bcf03c7cbe08bcbf
3d8ebe1d3dd93de0
3cfe3de6be153da0
3dbebd4f3d2dbdd2
bdbe3d8c3c70be18
3dc8bdcf3d893da7
3b563e36bcbfbcdd
bda0bda5bd7e3da1
3dab3bb93e08bce8
3d80bd1fbdff3bfe
3dc9bce5bd9e3b2c
bd7a3dfa3d383dd9
3db53d8abe203d6c
3d23be553bbb3da3
3b9c3cc6bcf63cbd
bda9bd3abd36bcf0
bd9b3de73daabcf3
bd2bbe133e1b3a33
bd75bd04bcefbd42
bd053c78bda9bd1e
be0bbc1d3e353d18
3c73bd9bbd3a3dd4
bdd7bd15bda03bb7
3c15bd98bd9abd60
bd8c3dff3e2b3dc9
be1dbda3bc5ebe11
bdd33cb2bd66bbcb
bcd73de73e073d16
3d243d183bbe3d40
bd51bc0fbd6bbc43
3d4fbd0dbd2ebdcc
3d8cbd963db03dc8
3d30bd9b3d873db9
3e2bbc84bd96bc92
3bc4bd663bc23d3c
3d84bcaa3c883dbb
000000000000bee6
bdb9bdbcbd1d3e05
3dc63de1bc8abcca
bd96bc733cd5be04
3d85bdac3d28bdc0
bb823c673c513d33
bd383dd3bdabbe13
3d5cbdb9bb053deb
3dbdbd0c3c963d95
3e13bd9dbd443dd9
be0c3c783d883d25
3de63c6a3d66be5e
bd253d05bdb5bdc0
3d3e3cf2bd93bced
bcdbbd553d79bd84
3dfebd623e06bd9a
bdf3bddabcbcbd8d
bd88bc8f3da6bd22
bd303dbcbd1ebca1
3d883ddf3dfe3cec
3d583d88bcd53cd6
3d3cbd7c3e0a3da8
3d11bd873e4bbdda
3c32bd093d9e3d89
3cb43d59bcee3dca
bdfbba193c02bb2d
bd92bbcf3dd23c9f
3c2a3ce0bda13d83
3d91bda7bdfb3da4
3d833cd5bb95bb9f
bc193b77bc0fbdea
3e07bdaa3d2c3b8d
3ba53d79bcfdbe09
3bb13deebe843dde
3c813c113c94bdb2
bd26bcc33d463dd7
3c243d833da4bd2a
000000000000bdd5
bd6bbc9dbd19bd1b
3d92bdaa3950bd34
3c9abcd0be06bc62
bcb73d9e3cc9bdc7
3d90bc39be07bd23
3decbd0cbc30bd32
3ce93c733cf2bdd2
3de43a92be283c14
bba13dfd3b8c3d5e
3e113d83b93c396f
be03bc643d153d39
bdacbafa3bcb3d81
bcffbd9bbdbc3e1b
be2e3db4bd86bcfb
bcb3bd5abd3dbe58
bd47bd4bbd163d22
3cbebd083e003d63
bd933e0d3da43d7b
3dc5bd423cb0bdc7
bd95bdcb3d383e3d
bc683d4a3d643c65
bdebbbd23e05bdb1
bc5dbd6e3d95bdea
3dfb3d61bd6f3cf0
3d1c3c833bb53d1a
bcd5bd85bce4bbc2
3d403dcb3c9a3d37
3e4ebcc2bd06bdd7
3b94bd37bd263de1
bd1abcd53b87bc3d
be16be16bd68be4f
bd8dbce1bc083d04
3dd8bd6d3d2c3da4
3d91bd4bbd5c3db9
bd4a3cd03d5a3cac
3d15bc6a3e08baa7
000000000000be1c
3e2d3dd03dc93bb9
bd77bde5bd343d4d
3d6c3dc9bd81bd08
bd12bd2cbd143dde
bc203d9abd0abe05
3d29bcb7bd5dbd3b
3d8ebd063df53d2e
be273d0e3d613de3
3dd5baaa3ce83da7
3dfbbcacbd9dbd9e
3dce3d28ba213d52
bc47bcaebdd1bd79
3c583c893d77bb27
bc7e3d40bc2bbd06
3af93ce4bc09bc9f
3b22bd9b3b1a3d2c
bcf53cccbd923da2
bdb43ac9bdc23d57
3df8bdaabe00bd02
3d1fbde6bbcbbe12
be07bd29baf2bd9f
bd203dda3e463df0
3e023d823e0c3d51
3d033d3a3e6fbe59
3e1d3b18be17be08
bd96bd933dcb3d8a
bd80bd3fbe003cd3
bd213d843d3e3d6e
bd4fbd9e3da7bda4
bddabbef3d4a3b87
3e233e243e1f3dad
3dc43e1a3cf33d32
bd98bdb5bcdbbd45
be883e13bcd93bdf
bdd33e16bd7cbd5f
3cf6bd873de0be5d
000000000000bdce
3d863d55be1cbe13
bd8dbc86bdd23e40
be16bce23caebd6a
3c393e1e3da3bdad
3d98bc1f3cb73e27
3cccbd7f3dc93da9
3cd0bd82bd813df7
3e383bc73cccbdca
bd68bcb93b9ebd00
3ac4bd343d033dab
3c62bdce3c8f3e01
bccdbae63e07bc70
3cddbe43bd24be0f
bd73bdf4bd54bc33
bd223e13bd00be4d
3ca63dd1bd2dbe16
3d713da03d9d3d2d
bdba3c1f3da6bd4a
bdbb3d23bc213c38
bcce3df8bdab3e0f
be193e103b9d3d39
bd32bd0c3ce73d81
3cb0bd6c3d9a3d02
bcc43dcc3d6abe78
bd1fbc3abd53bc07
bd3cbdde3c853da9
3db33d2ebbf33af9
3dd03df53d943d77
bdc43dd43dcb3dd2
3e51bd393d0a3cc7
bd24bbf93cdcbd80
bc2d3cf4bcf53c39
3d373c32bd453dfa
bd82be0cbc5a3d5f
be44be083ccf3c0c
3d8c3d91bd6e3d6a
000000000000bbb1
bd4ebc553d85bcba
bdf6bda53ba83d52
be1b3d82bd3a3c6d
3dca3dccbdbbbcf1
bcd23d80bd543dda
3e0f3da23c253d84
000000000000bb79
3cc0bd8ebde73e37
3d91bd663d89bdfb
3dbc3ded3daa3afe
3d1e3ccd3dd9bd1b
3cacbded3dcd3be2
be653d80bd33bcfb
0000000000003d31
3d283c043c40be58
3d853dd8bb59bd4c
3deabda8bbf4bc3e
bdf3bd0fbd3ebd36
bda1bc143d643d85
bda3be083e11bda6
000000000000bd62
bd33bd4bbe17bdfe
bc1e3d943d4f3d47
3e083d0f3e12be03
bd4e3c2fbdab3db6
bce43d3e3dd23cf4
bd413bf43d2d3e21
000000000000bcc3
bd6e3e143daf3e0d
bd22bd67bd95bd25
bc79bea43e213d53
bdfbbd73bdb13d4e
bd2d3d8bbd123d0d
bdae3da8be20bd37
000000000000bd99
bd993d863b893dfd
3e7dbdbe3cda3ddc
3bdc3dbb3d553deb
bc79bd223e32bdab
3a09be1b3db13d04
3d053d87be0a3e27
000000000000bd70
3d8bbd9e3df83d9d
bda13e3abc0dbdac
3e403cc13c903d82
be40be243da3bd34
be26bde0bdb63c5b
bdb33d613e1bbdce
000000000000bd88
bd9cbda83e083d04
3d33bc3e3cccbce6
3c363bde3d22bdc0
3dcc3d67bd823dd1
3d83bd093babbd03
3b7cbe1f3d903dfe
000000000000bda9
bd3fbdcd3ddf3d90
bdddbd11bd21bd25
bba03d6c3e663e22
bddbbda23c813c3a
bda2bd043d953c13
bc9a3df73dcf3c22
000000000000bd6e
bd11bbe9bccb3d20
3e0a3e043c1fbc0a
3d1ebe083df43d86
3bd93d3cbb0f3dbb
bdec3e26bbecbd98
3c46bdfa3af1bdee
0000000000003d3e
3d9dbe2dbd8bbe1c
3d09be163e4abdad
3d31bcf23da7bd09
3db4be043d913d8c
3c85bc8c3d39bd3e
3d77be4e3dedbe16
0000000000003bac
bcfdbdab3dcf3d36
bdc83e2dbd633d42
bdc13dbbbd69bd43
3dae3d81bc18bbfa
3e453e27bcde3c3f
bd203d103d46be08
0000000000003b98
bd2bbd843da63d5c
3c6b3cdd3d9a3de6
bd8e3c30bdc0bd99
3e003c89bc57bd75
3b083bb1bb60be13
3e4b3d87bc013dd8
0000000000003bf4
be4abdcd3dd53dca
3cacbb59bd113d11
3c6ebd4abe25bd7c
3e80be14be42bd95
3c1c3ceebdab3cdf
3dbbbd2abe06bd4f
0000000000003cfe
3dae3ca13c80bdad
3e3abce3bd5abe05
bb52bdff3e33bce8
bbd83d00bc4dbd75
3e623db13d62bd2f
3ca23dd13e31bda8
0000000000003d75
3d88bba43d333e44
bdb13ddd3c823d4a
bc7b3c4cbd9abcca
3c78bd4dbd473e48
3cf83e1f3d87bdca
bdf03d90be40ba37
0000000000003d10
bc9b3db7bc993d85
3e44bdbbbddb3e10
3e343be5be383e1b
be39bd9c3e97bd0d
bd173d243d583eb4
bd59bd653cdebc9c
0000000000003d8d
bcb5bd463e103dc2
3d173cc2bd84bdd2
bc33bd9a3de0bc8f
bcac3e03be083dfc
bd613dc1bc913e07
3da5bdcfbd113d68
0000000000003cd0
bd31be243e4b3ca0
bc903d123dbcbe32
bd363e06bda83de5
bd013c5ebd88bde8
bdeb3daf3e143caa
bbab3d6d3c98bd15
000000000000ba56
3da3bd65bda43dbc
3d58be103d98bd23
3daa3c713d91be45
bd9abb873d5b3ce1
bda4bd58bd8b3bae
bcc13dd63d88bd95
0000000000003c82
3d653ac33d79be5e
bce43d5b3d99bc4e
3d683dc2bd05bd3d
bd793e15bd3abd5f
3da03c11bdd4bc60
3e443cb63d36bd74
000000000000bceb
bce23dc8bb7dbce6
bda03d083d0f3e23
3d2dbdc5bda5bda6
3cebbca93dfdbdc3
bd7e3e293dee3d97
bdb5bd20bd813dbd
0000000000003c7f
3d9f3c953dc9bdda
3cd1be3a3deabe15
3b95bb51bdb13dde
3c8abd423dbabddf
be5ebc94bd6d3d61
bcc33df8bd1abd70
0000000000003e1e
bd75bd5dbc11bde2
3da6bcebbd51be01
3d9dbccf3dda3d59
bd513e123d6b3e25
3e6ebd343d873c29
bdc33d37bdfa3d23
0000000000003d43
bddbbc1b3b63bda0
bc34bd2d3df3bd73
3e0a3d50bd90bce8
3d973d023d9a3d74
bd0c3bc73e1bbde4
bd933e54bcbebcc7
0000000000003d08
bde53d41bd0b3e25
bde1bdf43d293ddf
bc0ebdfdbdfabdd9
3df7bde4bca43dfe
bd613e633ceabe6a
be3dbce73d1c3da8
0000000000003c5d
3e03be5fbe843df2
3da23ded3c593d80
bcb2bc2cbe66bdb6
3c57bdd93d84ba25
be50b9d33d7a3c99
3df5bd863a36be07
000000000000bd02
3cfcbddcbc8abd45
3d0bbd093ca73d7c
be52bc62bc8ebc69
bdb4b85cbc723d80
3ded3bdbbe2d3d20
3dec3d1c3e043df0
000000000000bb7f
3e31be13bc4c3c80
3ca93da0bd3cbde1
3d97bcb53dc73b85
bb92bd66be243e0b
bdd83db3bc18bddf
bdbabdae3db23c5c
0000000000003d44
bd493d6d3da5be31
3d953b39bdf53cca
3c8f3d85bda8bde4
3d063e37bd303ca5
bd8c3cce3e0ebdfc
3e23bcc73e253dca
0000000000003bbe
3c8e3d3e3e823dd6
be17bc3e3db83e15
bbe13db23daebc9e
3c2c3dd43d53bd46
bd9b3e393cdb3e4d
3d863da03d5d3c14
000000000000bdad
3c68bd393d7fbda3
be0abbf1bd223dd4
bd4b3e033e3fbdff
3a1b3dc03c68bc8e
bd2ebcf1bdf8bd25
3e233c37bd30bc98
000000000000bcae
3c16bd253e053e0c
3d6fbd6abdb23c8b
3cddbd243d5e3e10
bd4bbdd43e223dec
3dae3d86be3d3e1a
bcd1be2d3c85bbc0
0000000000003dd5
bd8a3e1d3d7f3d70
bd913d83bccf3df8
3d4fbd5a3e273d31
3d8f3d8cbe533c25
3e873e7abdcdbd99
3d30bd47bda9ba34
000000000000bce5
bdc2bd153d10bdc0
3d4bbd5a3e1ebe47
3dc03cf2bd803d2a
bd6838b33dd1bc93
bcf53afbbd84bd3a
3d703e5f3da13c3c
000000000000bcc1
bd27bd47bdb9bd9e
3b753d3b3dc1be27
bca5bcecbc9dbd90
3e02be403db7bcac
3d84bc47bdb8be18
be7ebd643da1be09
0000000000003d13
be963e3ebe92beb0
3e2bbe14bf22be98
bddebf263efb3cfe
bc973d5bbcabbf4a
bf593fa53f063f67
bf68bdebbeddbf70
3f86bf0abf933e13
3e8b3e1b3edb3e6a
3e26bf643dc53d8a
bf5c3f86bf5b3d81
3f2cbd993eb43f31
3e813f003f123f8a
bdb4bbedbd2cbeae
3fac3f803e9f3e1b
bfb2bf76bf6ebf60
3de13f0cbe4fbd3f
bdecbd51bd47bc38
bf603e8b3e80bf0a
3e95bf4e3e99bf7f
3f093dcabf563f33
3f0cbecfbe73beca
bed53f33bf543e6e
3e51bf23bf36bdf1
bfc2bf3b3f07bf6b
3f603fe7bf423f9d
bce23e91bec83f09
3dab3f92be26bf33
bf993e32bd0b3eb9
3e5dbe503ee23f31
bf12be423facbf63
be9f3f203f01bda3
bf313ec03f8e3e34
bf0f3dc9bf0dbf4a
3e23bf1a3da1bf90
be24befe3f133f4b
3eaebf1bbf143e13
bef2bf81bd13be01
be2dbd66befebf3a
3f64bf663f893f49
bf9e3f933f2dbe12
bf813e8fbf393e05
3e0d3f4cbf61bea3
3eb53ee3be8cbdbc
bdfbbdf03f6a3f69
bf033f8dbf88bf1c
3e4d3fbfbe823f02
3e593ee13f803f1f
3ecfbbf3bdec3d6c
beb13f9c3d43bc28
3e0ebf88bf72bee7
bf093e693e263d87
bf87bf94bd72bec5
be123cc6bcd43f78
bf04bf463d18be4f
3f8e3f55bf82bfa5
3f1f3c163d6e3e48
bea33f133f52bd74
3e2dbdb7bf6cbf3d
bf42bf503ef3bf98
bf443f673eb13fad
3d5e3f18bdcdbe4e
be033e94bf8b3c48
3f573f213d8d3e2c
bc653c7cbdba3f7c
bf5f3f6bbea7bf29
3e4f3d8abe19beec
bb603fbbbf84bd75
bee63ead3f23bf33
3e32bf99bed5bf07
3e843f78bf5abf12
3ed7bf3ebe2f3e1a
3f4bbebe3ebdbf08
be293f363e6f3c55
bf983e7cbed83e4a
3f1bbc163f8f3f26
3ea13f07bdc4bd1a
3ea23e26bf0d3eb8
bde9bef33ec0bf12
bf83bf18be8dbeba
3f73be58bea63e9f
3e92beadbf4f3e73
bbdc3f34be36bf6a
3e90bdcbbf323ee5
bf72bda03f513e65
3f82bf32bec03f00
3f0e3ed63cde3d0d
3f833f7b3f67bf63
3dbebea23da1bf4f
3d68bf50bf303def
bf4f3cb73f8dbf36
bd60bda83dbfbb42
3daabbf93c503da3
bd89be043d6dbc3c
bd69bdf9bda8bc4f
3ceabc0bbb463cbf
bdd8bdffbc39bd2e
bd963decbbc3bd06
3aa23dbbbc0e3d33
3ccb3d92bd6f3d2f
3c843cb23d25bd3d
bd04bd9abdd7bc21
3de6bd393cb83bde
bcc83d37bd55be09
bbdc3d9c3e11bd8a
3d183d5b3c0fbd31
3db2bdaebd0ebe0a
3d263d50bd383bab
3a8a3d893d943d77
3de3bd8cbe503b29
3c103da4bd423bf5
3d473e0abdb33d88
bbe0be243d90bcf1
bc8dbdae3c923c85
bd28bd13bd9d3d2d
bd0abd4c3bf1bd66
3da3bd5e3d20bd11
bd993e05bd23bcd0
3e073cdabd58bd9f
bd48bce1bd513d3c
3e0cbdbcbdf2bdd1
bd26bbdcbd963d50
be023daa3c353ddd
3d9abd8c3cb63c55
bd1ebd353d5abd5f
bdbd3e133c73bd65
39f1bd043d303dfb
0000000000000000
3b4bbdaabd5f3c4f
3c153d4fbcecbe10
3d7a3e07be40bdad
3e00b83a3dbcbe10
bde03de43d3abd04
bcb1bd013e10bb84
3d973e693d38bcde
bd7f3db13ce1bd58
3d23bdaa3b7c3cf4
bd09bc02bdbf3d8d
bbf03ddbbdebbd47
bdc0bd94bbaabd08
bdbf3e6e3d91bd4e
be173c8ebb8a3d00
3cb13e14bbaa3e18
3d96bd0f3bac3e04
3cd43dcabdb53b9f
bcefbd0d3bc8bb12
3d24bde83d333da2
bda2be693e333d90
be0fbdabbdfabd40
bc81bdcebd0abcf7
3dd43e233d7bbb16
bd63bdd23c8d3b07
bca93d31bdc63ce9
bd8dbca5bdd7bca3
bd993cf2baaf3e30
bdafbd913c0b3d79
3df3bdcb3d013dbb
bc613d173c60bd51
bce83b493dc1bd27
bd9cbded3d2c3d9c
bdc8bb963c82bdd6
bda23d553dabbe18
bd61bd1fbe043db7
bd9fbe5ebd193c4a
0000000000000000
bcfa3d223d66bd07
3ddd3ce9bdb73d5a
3c9dbe01bc8bbd23
3d74bd98bdbdbd11
bdd5bc093dd6bc9e
bda5bc99bd313a95
bd12bd923d11bd82
bd673d90bd2abd18
3bef3ca8bd0dbd94
bdb1bda0bd1c3d4c
bd38bd2cbcdc3bba
bd993d79bd1bbd9d
bcea3c2ebd953d22
3d9abde4bd8f3dad
3d223d973bdf3ded
bde0bd09bdd2bd0c
3db33cdd3d85bb85
bcbabc58bcacbe21
3d53bcd73d8c3dce
3cb43bf6bdae3d25
bd61bbe63d8f3baf
3c0abd693d42bbc6
3dc0bd543c75bd0b
bd60bd003dc0bdd3
bc81be79bd83bcb9
3d9cbd1dbb023d3b
3e2b3d483d9e3d0b
bd613a71bdff3e0c
3cecbc3ebb0c3d61
3d553c873dc83d47
bcb33d10bd973db0
bd313cb9bd46bd4c
3d573d043d973d36
bc63be173d6f3da8
3cbdbbb8bd153d5b
bda03e093e1f3cc9
0000000000000000
bdf2bd983e4b3e23
3c843d3a3ca6bd97
bdaa3e553c063d34
3c9bbcc73dd3bdc1
3df63d303d843c4b
3d83bd43bc50bd49
3beebd85bdbb3cda
bda3bdaf3d9ebd68
3cf63ca8bdd8bda4
bd82bd2d3dc9be22
3d6dbd96bd1fbdef
3d38bd3dbca63a1a
bd953d0bbdc63e06
bc913e323d863d8d
bd19bd633db93d14
3d823cb13e86bcfd
3e34bd90bde0bdd0
3d78be13bbeb3d21
3df5be1ebc9bbc14
be143dc93e143d97
bd6d3d773d9f3d97
bd30bdb83cd33d31
bc2e3da2bdcf3d50
bc403c4cbb10bda7
bc843e433c66be03
3d243d963e4ebd96
bc633ce9bc96bd4d
3e11bbf13d3bbd4b
3da13c983d163d7f
bdc33df6bd93be65
bda93d163dd53df3
bd20bd4c3d5e3c3b
3d13bdf4bd8c3d93
bd823e023c6a3d39
3d753dd33d23bcda
3dcc3d2cbd873bad
0000000000000000
3d50bd9c3b39bd10
ba8ebdf63d15be22
3dd83c873d333cd1
3dd3bd09be18bcac
bc123e013ce2bd16
3e873d85bdea3e20
3c94bdb33cab3d09
3c46bd783d623dca
3c983e423d243d75
be06bc743d1fbca8
3d5e3dba3bd83d13
3d5cbde9bbef3d56
bdc2bd4abd213d06
bdfebbedbdca3ce3
3ad53e723e033c78
bde63d72bca0bb80
3d2fbdedbcf3bd34
bbfe3dd1bd77bd1e
bd51bc9abd373b8c
bcd2baa5bcfebd17
bb5abd5bbda33d2e
3d2b3d543c8ebe57
bb563d503c2fbe30
bdc1bcb5bdaebe43
bdd2bd363dd5bc31
3dbcbd143d223d1a
bd07bd90bd923c19
bd64bddd3e033c9f
3ce2bd8a3e57bd0b
3cfbbda7bc083d07
3d49be18bd88bcf8
3d85bd30bd9a3da9
3cd43cec3d1cbd68
3df03e053d913d1c
bcbf3d86bc8e3e19
3cc9bdc53db5bc33
0000000000000000
bc0b3db0bd1fbdfb
3d8fbcebbd9d3caf
3b803d56bdc4bd8b
bb933da8bd763dc5
bd7abc263df23e2d
bcf6bdc13c40be0e
bc923cac3d473d4c
bc81bcdfbe1ebdbe
3ccb3d1ebe17bcb0
3d9fbc893d86bbb4
3d22bc10bdf0be19
3da33e1bbd58be0a
bd603d893ccd3d8e
bb08bdbebd40bd87
3b813d0ebcb83c8c
3c4cbe093d273b44
3ca93da9bd9b3d75
bd25bd953bf63bd0
3db73dd33d963d00
3de63d983c7bbdd7
3c74bd42bd2abc23
b9c8bbe73c1a3ca2
3d863dcd3d3a3cb6
bbc7bb933e4b3de9
bce33d2c3d48be05
be09bb643d263d7c
3d583de2bd953d05
3d30bd7bbcfcbdd7
3d2cbdfbbd6839ae
bd873ce23a2a3d1f
be293c4d3c84bd6e
bce1bd5cbccebdc9
3d383e11bcacbd94
bc99bd6d3dc6bc17
3da1be143cf33daf
3dae3cb0bd95be1b
0000000000000000
bdc33db23d163ddd
bd853d913bafbd9b
3ced3d93bcee3c8b
3c1c3be03d76bd43
bbc93cc13d3ebc82
bc8fbe06bca63da3
3b1d3dc8bd2fbd47
3df13d143e22bd9d
3df33d75be22bbca
3c62bab53d12bd5b
bdbf3cabbd03bd1d
3bddbbde3e02bcf8
bdc7bd713d613c8b
3dad3c5dbbd63e86
be2d3e013d183dd3
3d263e04bdb7bd33
3d253dc83c3d3e27
bd1a3d72bdcfbdb1
bd59bcc23db53e31
bd8abe213cf83dd0
bde7bd853d17bcf7
bd4d3e01bc83bcc7
bcb93d6cbd37bc28
bddbbd29bd293d3b
bc663cf83e04be07
bcd1bced3d19bd04
3c673d75bdf6bcfe
bbb13d043c463d3a
3d873cc6bbd2bd12
bdebbca5be033e49
3cd8bd90bc6c3e13
bd2b3dfabcb1bdcc
bdbfbd15bd183ba3
bd363daa3dd83d3e
bdf5bd0cbd5ebdc5
bd8abd4d3e01bd6f
0000000000000000
3daebc6dbdd5be5f
3e23bc99bdf0bdda
3dfebc92bd863e11
bd5dbb8abd5b3a33
bd17bcdabd663d93
bd2fbd273dd63d69
bd483bc03bdebc9b
bd00bc6a39cbbd5b
3c78bdf9bd1a3d4b
3ccb3cf83e0b3da5
bca53e30bc373cff
be1dbd67bdd8bd8a
bd0dbc9c3d92bc6d
3d2dbda7bd44bcb6
3d9f3bfe3d513ce8
3ca1bb543d18bc62
3dcf3cc23ce63dbf
3ccebc6a3c3c3dd9
3d48bc613e1c3dd5
bd7a3d433c483e06
bd3fbc953cbabd7f
bd753cd53df3bd7d
3bdf3bf5bcc4bd7a
3ca6bca6bd30be83
bdb5bd0b3d773de8
bcb2bd7e3cee3cec
be023d45bd2fbcf8
3d8abcd7bcdc3c72
3d553d563c77bd0c
be6c3d92bd413e2c
bb79bcd73cf63d0f
3e3c3d033cc93b4f
3b113d7cbab4bd38
bd5a3d063e0b3df7
3e0abd08bdcdbe7c
bd573d7b3d5abc37
0000000000000000
3ccabcf23d483e04
bd483c46bc913bc6
bc97bdb5bd7a3d46
bcc8bdd93cbc3add
bcebbbebbd0f3c48
3dc0bdffbd64bd01
3c0a3d04bc613cb6
be093ddd3c353d89
3d023d09bca4be16
bd7f3da8bd973cdd
3d783bab3dcb3d0e
3c9dbd8abe06bbe1
3b57bc88bd603d1e
3d95bda5bd65bd58
3e173bab3db43dbf
bd27bd8d3d4cbc6c
3d9bbd8d3c163c1d
bd6d3c8a3d4e3d1b
bdac3d14bd76bdb2
bc4c3d25bd823ce6
3d7b3d1d38a03da9
3d4abe0f3d013d81
bba13bdd3b12bd45
3d40bd603cc23db3
3dfd3dab3cc5bbcd
3db9bd76be01bd7b
bcd63d0d3d38bda6
3e0abd55bd353b10
bde73bed3c5f3c30
bd9dbd2dbd8d3dad
3d7d3e1bbda13d03
bd86bda43d26bd1c
bd783ca33d6abd84
bd963d5b3cfbbe02
3c49bdd2bc513c8a
bc8fbd153be1bb9e
0000000000000000
3d5bbd0fbe11bdc3
3c4c3cb23e0fbdc6
ba933cbb3e1e3d81
3d89bc70bd9cbd1d
3c8abd5cbd4abde3
3d10bbf9bcffbd44
3c5f3ccf3e3d3de1
bd663c4cbe3e3d1b
bca93d6c3a18bda8
bc61bd6fbc1ebcc8
3da1bd2c3d943dfc
bd353c713e24bd99
3d56bc573e12bdc8
3dd43d4abd3e3e2f
3ba03d6d3d563c2f
3e1bba083e62bd6b
be183c353b89bd93
bd8c3da3bd55bb49
3d1f3d20bc993d90
3b983c013dfdbd69
3e0e3d303dcabc7a
3c73bd693e343d90
3cbebc17bd77bd17
3c86bd3bbd493d95
bbb7bd9cbdce3d74
3c85bcdc3e31be81
bc9bbde1bdc53da5
3a38bd803ddbbd28
3c253d833e35bd37
3ce33ce03dc83d22
3d0bbd04be403dc2
3ca33e16bd70bb29
bd93bdab3e2ebdb1
3d04bc1f3dfe3d32
3cb0bc82bdd4b94e
bcca3d023e1abd92
0000000000000000
bd243a51bd63bd3f
bcaebde2bcdbbdea
3e913c7bbe3c3cf1
3d323d883dd3bc57
3c5f3db43e4fbdf5
bc9fbd913df53d92
3dbe3d58bdd33d6f
3e363d8ebdaebcb0
3e1bbb9bbe463e8c
3d52bd1bbbfbbcea
0000000000000000
bdd1be19bd9f3dce
3cc2bc45bcf4be68
3dd3bce2bd05bdb9
3ba5bdbcbdbabbd6
3c423e9f3d9b3d3b
be26be1e3d963d79
be1d3e8bbcd7bca5
3e963cb8bd35bd51
3c6cbc263e043dea
3b853d8c3bfebd10
0000000000000000
bd5cbe243d373d10
bde23d9abd873d28
3e733e063a533ded
bdbfbdb8bc3fbe63
3d2c3c6dbe02bc90
be0d3dda3d5abcb0
3db73cc1be00bd67
3dcd3e513d8dbdaa
3e09bcafbde3bda7
3da43d03bdb6bdca
0000000000000000
3d09bd98be56bda4
be2cbe75bda93c50
3e72be353d873da5
3dc53dae3e143c6e
3d983dd33d41bcc7
3cf2bc7abdc93e1a
bda73e98bcd73dad
bdac3e37bb7dbc99
3d253e463e03bdaf
3e4f3c91bddfbd10
0000000000000000
be53be41bdcebd25
bd163c143d77be0b
3e4e3c88bcc7bd06
3e5a3db7bd5ebca6
bc7e3de7bd35bcbe
bd853d86bdb6be08
bd58bdc6bdba3e2b
3dc8bda4bd53bd32
3e413d6c3e20be5a
3c95bc15bdc0bd39
0000000000000000
3dcfbd7f3db5bea0
be3e3c0ebc7f3bce
3caabd88bd523cc9
3d553dcebc953d6f
3d62bdd8be30bd64
3e133ded3e17be57
3db9be2f3da2bcf9
3e43be683d9a3d88
3dac3e663e323d93
bd653e143d36be11
0000000000000000
bd9fbd6a3e1ebd90
bd72be71bd9b3dcc
3e3bbddcbe00bdab
3da43d4dbbd53d8f
3cb4bdee3d2dbd93
bd72bd40bd95bd8c
be273daf3c973cb6
be423e9bbd7c3e0e
3e463db03e3d3e40
3d3cbcf9bcf5bd62
0000000000000000
bdbdb8be3dd63e31
be0cbd7dbdafbcbc
3e32be4fbc99bc7f
3df7bc51bdb3be35
3e51bc1bbd63be60
3c68be99bdfcbe84
3e183d103db93d5c
bc92be3c3d20bd9e
3d7ebd2b3d893d92
bd6cbdd73c833d00
0000000000000000
bddbbe63bcadbbc0
3e163e153dc63caf
39fc3b5c3db4bcdb
be18bc853ddb3df9
3d44bdf03dfd3d87
bdc83d58bdb8bd77
be57bc94bd8a3c85
be113df1be073ddb
bd42bc86be113d15
bd913d383d3cbd07
0000000000000000
3c05be06bd10be72
bc2c3dba3d8b3dd1
be3e3dd0be18bc3d
3d7ebd4c3e073c1a
bae03d87bd47be1b
be8b3dbdbd23bd33
3dae3db23c143c11
bda3be503bdf3bd7
bdb6bca03d113e9e
3e4cbd90be34bd1e
0000000000000000
3e3e3e293e2dbdef
bda13e08bd983e0d
bd13bd133d983b83
3d983d0abe0dbdb4
3dcebd8a3caf3dea
3d0c3e0abcf5bd7d
3b9ebdc43e13bdc5
bdd63db73de73ddb
bdc2bdfe3d29bb4b
3da0be10bded3cca
0000000000000000
3bc83e203dadbd5c
3d11bcaebd5c3e93
3cd4be323d953c41
be3d3d373d5f3d86
3df7bd2fbd5c3e1d
bd48bcc13b69bd27
3e76bd8d3d86bcb7
be7fbd743e193e17
be9c3dc1bdd4be20
bdcb3e2cbe20bd39
0000000000000000
beacbdb03e673d9d
3ba2bdb6bd35be27
bd603c1a3dc53e01
3d4c3d04bd18bd72
3bb53d4dbddb3e56
bd4d3d92bc0ebdf2
3de43e013d41bd09
3d923c1e3e0ebddd
bcb2bdc53e383ddb
3d8ebcb9be5ebdd2
0000000000000000
3c76bd5e3d953dbf
3d543d2f3e003ab4
3e0fbd003d933d64
3dbcbcbfbdf2be05
3dcbbcc23d623e1c
be113c6bbe00bdd2
bd123e11be213d21
bdcb3be0be2e3e08
be053e163e49bcc7
bdbcbd193d9a3e04
0000000000000000
3d873d533cedbe2e
3e593ce7bdbc3e06
3d3dbdd53da8bc85
3e39bcc43b8b3cf8
3eb3be01bd1639dd
bbcfbbd03d7fbdc6
3e17be103d51bddd
be053d893c72bdda
3e1d3c793d033dd2
3d4d3d3c3d0c3dc2
0000000000000000
bd943daf3e313bf3
3a28bdcebe523e12
3d8ebd53be063ddc
3d293e4cbd47bc4e
3dcb3cc0bcd2bdd8
3d3c3da0be393d96
bd83bb90bb3abdb7
3d8fbd05bdecbd5a
3e75bdf43d073dbf
be6abe15bcde3dc3
0000000000000000
3e46bd863dbabd1c
3d3abc783de93ab5
be53bdbcbe35bdd3
bd453d2fbde93df6
bab73e14bc283cb9
bcde3d0c3dcdbdcd
bc613d5c3ddebdec
3c3fbb9e3d38bd34
be683d983dd2bd4f
be66bd833d04bba4
0000000000000000
bd81bd37bd7c3e13
3e963e083d24bd0a
3d2a3cd9be04bdad
3d763e683d463e20
bde83d56bca1bd04
bc26bbe1bd2c3dac
bd49bd02be7c3d0b
bdf83e8c3da6bcbb
3c343cd0bdb83c64
3c80bd8e3e02be81
0000000000000000
bcd33d1dbc9fbd4c
bdd3bdae3c95bd84
bd35bdb8be16bca3
3e023e17bdb5bd03
3cb73bf9bc83bd69
3d29beb0bd3fbe10
bdffbd173d2a3d78
be013bd5bdb5be4d
bd3bbabfbd653b7c
bddabd163d383aa0
0000000000000000
be33be51b9b1bddc
3e043d2dbe75bc17
be623e1abd8b3e1a
3b6dbd693e233da2
3de03d49bcefbd06
3e5abdc4bdc9bd50
3ddf3b8dbe3bbe32
3de13dda3d643dc3
be013cbc3e2b3d35
3dba3d8e3d8ebda4
0000000000000000
bd403d333df33e3e
bd92bc1fbe80bdb8
be453d81babdbb9f
3e3f3dddbe453d34
bce03df93c6ebcfc
3c25bd3f3ded3dbe
3db4bd5d3d293e09
be44be92bd353d23
bdb63c2dbdd8bd97
bb9e3e2dbe50be1f
0000000000000000
3e5cbe04bdc6bdc0
3e20bd49bde6bdd1
3d73bd61bdacbd4f
ba83bdf53d9c3d0e
3d3abe133e2ebd28
3dd2bd57bd06be7b
bc883e0e3cb93cbf
bdecbd8cbd9f3e4d
be05bcfa3e00bd5b
3e51bd32bdb5bda5
0000000000000000
bcc7be3bbd28bc84
bce43d833c913e29
bdb4be2ebde13dba
3e19bd203d143dae
3d923d91be45bd92
bdacbe13bd983db9
be56bdadbe8ebd5a
bcb13d483e39bd91
bda53ddfbca3bdc3
bd7e3def3d1dbd2e
0000000000000000
bdd8bdb03d85be0a
3cbc3e943d293d3d
3de1bc953d663dbf
bda43e943d41bd9e
bdb9bdcebb3e3deb
3cf2be3a3e4cbddd
3e18bcce3bb1bd10
bd5ebe6f3e2e3d58
3d233e6d3dd73dd4
bd203e06bd8bbe23
0000000000000000
be0c3e043d8e3da5
bd893dd23cc53d8b
3b783d7e3dbebca3
3cdf3c2a3d4bbe01
bbd9bcea3e04bc96
bdc7bc973e013d73
3e75bdc43b98bd1a
be5dbd69bd8c3b07
bdbd3ca43e04bdf7
3d65bd193d8d3d08
0000000000000000
3dbdbd66bc48be04
bd903e9c3d91bd8f
bdd2bd633cf83df8
3e2f3debbe403e3d
be63bb513da0be64
be4cbdbc3c8d3d80
3cfc3ce9bdb73e20
3d1cbe5a3d9a3d6c
bddd3da53d333e40
3dd0bd573e7bbd1e
0000000000000000
be093d883bb1be35
3da03dabbd10bda0
3e0a3d573d883d50
bdb9bd71bd443df5
be77bcd93e3cbc89
bb4a3e383c14be1b
3d2b3e3ebd3c3ccd
3e4cbcff3dfcbe62
bd11bdf33df83c84
3d8dbcf53d203d73
0000000000000000
3d8dbd5dbdddbcbd
bc08bd2d3dc13da8
bd93bcbb3dbd3d67
3dff3dfebce0be72
bdd13dfc3b9ebd97
bd6c3e353e21bd89
be0b3d65bdffbe37
3e353cadba3f3e09
3e383e06bd9fbe2e
3dd5bdf13ce4bd53
0000000000000000
3e27bba6bc503d93
bacabd4b3d30bdf8
3c3fbd933dd6be62
bd273dbb3d7fbd08
3d89bccebcdfbe24
3ddebe073dfbbe1c
bba53e2a3ddc3d95
3c81bc2a3d6d3d6a
bda53dfa3d493dae
bd0c3d19be11bd92
0000000000000000
bbf43bf43e0c3d59
3cd0bd2fbabe3bec
be30bdb8bd8c3e26
bd513d09bd163d5b
bc003e07bd1abdf1
3d04be993cbabd94
3dff3c67bcc3be1c
bdc83c7e3d97bdfc
3d9a3da1bd2dbe7d
3d443dc6bd14bcb1
0000000000000000
be103cae3d93bda8
3e10bd5f3d233c15
3d47bcf53e4c3d94
be15bd853dbf3e8c
bdd53cdf3d0c3eab
bd803dcc3dcf3e13
3ced3dbdbdbe3df2
3cd63d5abd1cbd75
bce7bcf9be263d99
bda9be133e0c3c62
0000000000000000
3e28bdcc3e2dbe1a
bd6d3d6b3d42be19
3d933c873db23b63
3dd23cbd3e303d92
3e933deabdbebdaf
3cb8bd983d10bd0c
3e49bd44bd3e3d5b
3e4e3d343e403d9a
3e233d233e233bf0
bdaa3d95bd57be25
0000000000000000
3e28bbd53dbebdde
bccfbdd3bda43e5e
3e80bdbd3d1e3d2c
be073d423dc1bdb2
bdfc3e4ebcefbdcb
bd273d38be533dbc
3cf33d9b3df8be93
3e103d90bc8dbe09
3c73be413d3f3d96
3d90bde5be2b3e11
0000000000000000
3e66bbf93dd63c8b
bd953ce53e863c87
3e323d823d4ebdce
3d163e01bda83da9
3d0b3d6b3e243c7c
be593e07bd87bdaf
3e443e01bd98bdb8
bcdc3cdcbda7bd5a
3d9c3dee3d8abd9d
3d843d9b3e453e3a
0000000000000000
3e2a3d423d8a3e4e
bd9dbdb03d573c93
bd833d94bd7c3d0e
bcdebe713e25bd1c
be143b8abe243e1d
be30bdf73d6a3de2
be11bd8bbd1fbc7b
3caa3e2abdb3bd17
3dae3d3bbdb7be2a
bde8bd8f3d6cbd84
0000000000000000
3d9ebcf1bce6bd86
3dbd3e0c3dcf3e4b
3d8a3d42bd0dbd72
3da33e1abde5bd45
3d233ea03d89be08
3daebd933cc7be0c
3d3c3bfc3cbdbcf8
bd6cb7093c34bd11
be263db9be0d3e5b
bce53dc6be2e3d54
0000000000000000
3e463eb33d4bbdc5
bc82be4fbd21be34
b842be45bdaf3d0d
3e613e25bd823d15
3dedbd40be193cb0
bca03c7b3e74be15
3c9abdaf3e2bbe37
bce0be83bdc43d9f
be183d993d323de9
be46bbcbbe0c3d8a
0000000000000000
3c72bd933db8be34
bd923d07bbe3bd94
3d1cbd34bbbf3dab
bc0c3cab3e933ae4
3cca3c6d3c7f3d9f
3dfe3d5c3e623dba
3ddf3c813dc8bd0a
3e27be013bc73dc9
be34bd91bda63d9c
3cac3e80bd4abd14
0000000000000000
3df8bd58bd8a3e6f
3c233e08bc4dbde0
bbd03ddbbd84bdf8
bd81badc3d793d94
3d06bd623dc53d23
bd8c3c62bcf0bce2
bd88be4dbd9bbd9d
bbeb3dd83c523e18
3dc9bde53c36be7e
3d1abd94bd8b3dd5
0000000000000000
bc4ebbc53d8ebdc2
3bd1bd8fbcdc3c8c
3deb3d51bd663c7a
be2fbe17be1b3dbb
3cbe3e8ebd8e3ced
be69be9abd8dbdd5
be1e3d673e833ce5
bd9a3dccbe483bff
3ca9be1bbe2a3b61
3db53e2a3e1fbe0d
0000000000000000
be05bd003b1fbe18
bd103bd03d513da2
3d6cbdf5bd5abca3
3ce73cac3d85bdc2
bd373da73d24bde0
bd5f3e293e5dbe28
be2e3cc23e05bc43
bd03be88bd2a3dd1
3cb4be5dbe103db0
3e57be08bc803e58
0000000000000000
bb92bdc73e61be02
bd103d043c583e4c
bd55bc90bd16bbbd
be2abe5f3e54be5e
bdddbe343b653d78
3e543c85bb1ebdfa
3d0a3da7bd3abb5d
bd38be553dd3bdac
3aef3df33d5fbdfa
bdf3bdacbcaebd98
0000000000000000
bda6bad73e393d45
bc39bd68bcf03d54
3e563e36be7abdb5
3d483daa3e4f3d3f
be0b3ddebdb43a66
bcf73c983d3b3df4
bc77bbe5bce0bcda
3e253d87be123e61
3e32bc6abe72bd0b
3daa3d913d103da8
0000000000000000
3e29bdaabaf23e19
bdb2bd81bd0bbe43
bd53be14bdad3d31
3c64be93bdf43d9e
3dd63d5a3e593d86
3d40bd81be363e0c
3e44becebd24bb52
3e1d3d6d3d973e04
3e013da7be3bbd09
bbcc3e67bc9dbbba
0000000000000000
3bbd3cdabd1dbd7e
be84bdfcbd893c81
bd96be2a3d393da3
3dd43c31bdf6be27
3dcbbdccbd633ced
be6b3ce2bcde3b42
bd783c913d993dc2
3df4bd563ba63db5
3e903d9abc953d71
3e0abe76bde33e01
0000000000000000
3d403d7a3d5fbcb2
3d9a3d1bbe22bcbf
3dcfbc843d4d3d38
3d1f3e2cbe8a3df9
3df23e063da7bb9c
bce0bbc5bd213d24
bdb5bc9f3ce4bd56
3e1d3e6fbe013e48
3d00bd41bd823d18
bd1abdf9bd6dbd29
0000000000000000
be543e0f3daa3de0
3d3bbd57be26bd56
3d90bdfbbdf93e6d
bc093e013cca3ca3
3d8abd763e21bd53
3e4ebc68bdd43e0a
bdfabdb83e48bc90
bc993d863e113d8e
bd4a3d823e203d66
bd2bbe0fbac0be11
0000000000000000
bd793e3c3cc8bcc9
bd653db8bd8fbd7a
bc11be44be52bbad
bd9abc3f3da03d33
3d553dc2bd9c3e09
be043d53bc77bd97
3db13d8dbe073dd5
bdb83e833c433e69
3d62be1e3d4fbde0
be3bbdecbdc8bd58
0000000000000000
bca3bdcf3dd73e13
3dbabe743dd0bd01
3dcfbdac3ce03d1f
bc6f3da5bc663dec
3dec3d08be183cda
bd9f3d543d2f3e49
be63be583e0a3de8
bda13dcb3db33d69
be0bbd32bddabd70
bc80be7cbd12be02
0000000000000000
be4cbd86be1d3ca8
3d223e0abdd7be25
3c2c3d1cbe4abe5a
be323bf5be0d3dde
bd7f3d33bd9abd46
bdc6be523d293dab
3d26bd223cf1bcf3
3c973c1ebdedbe87
bc7cbe483dbdbd01
3dc63cb5bd103d90
0000000000000000
bc8cbe3fbcf0bc8b
bda73b363cf03dd3
3d563befbdbebdd8
bdafbd07bd62bd45
be0f3c5e3dec3cb9
bd7ebe7b3c403dc1
bd8f3da8bd43bdb9
3bfabcc2bcacbdfc
bd2cbe1cbc583d2c
3cc4bd773cb03d8b
0000000000000000
3d763d033de03e14
bcfd3d643e8dbd76
3c76b961be223c67
bd903e063d133d0e
bd823db73e22bbad
3dedbe50bcf63daa
bd84bceb3e573d4a
bd113d4c3cb2bdad
bdc23d303e0bbcbe
3bc1bbf33deabdea
0000000000000000
bd953d483be03d47
3dd4bc93be21bcac
3e81be023e6fbd18
bd8b3d643e22be1c
be073d883e813e67
3e15bc18be1b3e17
be0c3dfcbdb6bd9e
bd6abd233e2c3e3a
be25bdb2bd313c8a
3de4bdf93db1be84
0000000000000000
3dffbd34bd5c3d75
be51bd4fbc9dbe0a
3df93e1a3e073d2f
3d5ebddbbb483e0f
bdbd3dc63e2bbe3e
bcb2bdac3ddebcaa
3d8a3d0dbe1a3d0c
bd93be16bc15be07
bc9c3d7dbcb03ead
3dc8bdd33e1cbe93
0000000000000000
bea7bdbabc52bd9b
bdad3e80be253e22
be4c3c92bdeebd78
3e66be0c3d563d77
3dd43c9c3df73d9d
3cf4bdee3dd03e6a
bbce3cc7bda33d85
bdf2be03bdd73df5
be063db3bd3abd12
3d263d23bd3b3db1
0000000000000000
bd1cbd783e0b3e05
3c89bcbd3e06be4f
bc16bdec3e05bd82
bdc43dc3bd8a3db2
3e22bcffbdaabcd4
be09bd16bcf7bdcc
bce13dbf3dc3be4b
3dca3dd6bcc6bd85
3c593c2bbd083e01
3d95bd3f3d6abd27
0000000000000000
3c64bda8bc1ebd98
bcbd3dd6bdb1bd23
3e193c553dccbb90
be31bd093e523e7c
bd703c2d3e143da6
3da03e21bd3dbdb1
3dcb3d013dd0be40
be1cbdabbe15bdac
bdb0bda8bc0b3c46
bd03bd88bd423d91
0000000000000000
3d57bc3abcd6bdc1
bdfebe02bda83e84
be28be063dadbd33
bd6c3e1a3e68bd4d
be2bbdf9babfbc7c
bcfe3e0fbde63d39
bbe53e0bbb023d89
bd033cd03da03bdc
be2f3dbe3d71bde3
be0bbd00be22bc9b
0000000000000000
bb2d3ddcbd2dbda3
3cbabd293e283c11
bce1bbdebd273e1c
bb94be23be3bbe19
3e1d3e7fbc643b55
bdb63db5be02be0c
bdd4be0b3dc93db4
be233deebd033e38
bd26bcbb3defbdc9
3befbb9ebd7cbdaa
0000000000000000
bd2bbd6a3d2cbd85
3deb3d70bd6e3d6f
bdbd3a37bd9f3cef
3d27bd973d52bdbb
3c813cccbd16bd22
bda4bd3ebd40bba4
bcfa3d00bda33d24
3c97bd66bb1d3d9f
bd2a3e083ce63d63
bd8bbd35bd173bc0
0000000000000000
3f0f4041403ebedf
401ec05340003f38
3ee6bee03f543d4f
3fe9be3040393ecc
3ebd3f3a3f2abf1a
3e24c116bf253b85
bf50bee5bf2abe9f
3dbe405fbe363f41
becd3e11c082bc71
bef5bf4c3ee13f07
bfc73f22beb23f00
bcc03d92bf053f13
3f49bf5d3f893f15
bccd3f773ebd3f8e
3f1b3f0dbf2bbf15
3e8c3fb7c046bea5
3f753f03c0a53f83
3fe43fc53f90c002
3fc1bfac3fe24011
bf263ef7bf3a3f1a
3ce14078be05bef5
3d88becdbfa5be53
bf18bcbe3e15bf90
3ec03ed83f743fc9
bf31bf433f3bbf30
3f4c3e9dbf4abf3d
3e79c00f3e95bf32
bd4fbed1bf0bbfc0
3ee8bfcabdbf3fe0
3f183f0d3f47bf20
400f3fe2403d3fd0
3fbb3ea840123f63
c048bd1a3f44be7f
c09a3e0abd64bcef
3f103f4f3f2b3f1b
3ead3f09bf0a402b
bfaa3e453dfd3faa
bd2e3efdbfbabec4
bf443e82bf07be76
bf14bf063efcbf27
3dfebf4a3eb04027
3f843eb3bf44bfe2
3fb7c07abfc0bd1c
3e843e863fd7bd82
bf193e6e3f1cbf24
bd40bf4e40ebbdf0
bf61bf91bf48bfc0
bf6d3e363ef13df4
bd0bbfd73f43bd2f
bf1abf47bf353eae
406840233f7c3fd4
bf503f5e3e6a3ec4
3e91bfc63f2fbfb2
3d513e22c05f3e7e
bf193f273ed3bf00
3e9fc09cbf3b3f08
3f53c0273f7c4053
bec3bf53bf993ef9
3ecbc05b3ff8bdbd
3f3abf10bf1fbf2c
3ec04007bf2abf40
3f9340093f2ebd91
3f2c4078c0673fc4
3f0dc07c401f3fbb
bf18bf1b3ea0bf29
bfb6bf7fc06fbfa3
bf8bbf51c0a23e5b
bf96be143f953ea6
bf8e3ec0be0e3e94
3edcbf273f21bf08
401abfe03fa54015
bfa93fc3c0ad3ec0
bf5f3ddabf544007
3c25be4dbef93f8e
bf17bf0c3f5b3f04
3d8f3e2a3e3fc013
be13bf463f7ec080
3ca83fefbd193f89
beafbe383e6a3fc1
bef3bf13bf16bf27
bd6a408cc0193f34
bd5e3fb6bfb73dc2
bfaa3fc0bedebec4
bda1bf793f4cbecc
3f0ebedc3f0dbf2c
bf8c3fddbe2cbdc6
3f8fbebdbe6cbfe4
bf61bf0d3ed23eed
bf6a3ec33cfb3f5c
3f4fbf213f1a3f15
bf973f033e0dbf74
bff93f4fbb5b3f02
4039be803f553f23
3f4cbeeb3f8ebe7c
3eeabf1dbf153ebf
3decbf023fdf40a6
3f59bf2f3fd43f8d
3f853e5a3f40bea1
bfaa3f983fa9beb7
3f46bf1e3f323f00
c023bfe83e884012
c0373ff83f9fc00c
bf874028c068be83
3ff940004099c004
3f3b3f2dbf1ebf25
bfb43fdf3f89c023
40514092bd90404c
bf5dc0843f7e3fc6
3f023fa33e87bf6f
bf0ebf493f29bf07
3e3cbe90bf663f20
3f023e663fbe4015
bf97bfa2bfda3f2f
3e883fd8bf8c3e87
3efe3ec6bf2c3eb1
3efebebe3e20c0db
be68bebdbfa03f05
40313f573f0d3f13
bfb03e7d3f51bfe9
bf2b3eefbf30bf50
bf81bf253f36beae
40593f8a3fe3bf9a
bfe8bf9abda3bf3c
c01dbdf53fcbbea0
3f57bf133f3f3f26
be08c037bdddbec9
bfadc026be92c017
3ea1bf973f643ec9
bde13f67403d40a8
3f573f023f303eeb
40023fd03f1c3fec
4001bd66bf07be90
3e9e3f0abfc3bfb7
3fcebfb53f1bc07d
3ef23f173f423f0e
3f8a3ce3c0ddbe9e
3fd03ef93ff3be21
3f11bf423f9ac034
3f48bf32bfebbf6d
3f323eee3efcbf20
3f4bbfaf3f01bfad
3fea3f053fa13f0e
3ef0bf86bfe84073
bfd9bf5fbf10c01a
bf233f263effbf32
bca83e913f403e01
bf7ebf7ebdd93f2b
3ebe3fdfc020be81
bf274026bf89befe
3f1dbf013f03bf3e
3cfb3d693da93d74
3d22bc92bc19bd82
bdb1bda93ce73d69
3d0f3d833c4abd24
bd06bd33bcd2bc0d
bdc6bd153d5bbd95
bd91bc9ebd29bc71
bc9b3c0bbd843d86
baafbd7bbd9a3d1c
3dc6bd203d893b8d
bcc1bd0e3d26bd3a
bce8bdf53c24bc43
bd883d073db73cf5
3d8cbc7b3d2e3db1
bdabbc1bbbecbbdf
3dd63c8a3ca5bd4c
3d383dc53cf7bc0c
bca2bc483a0ebb73
bc1e3d9d3d6d3db6
bcc63d9b3d62bcbe
bcaf3da43d023dae
bdb8bd94bc153cc7
3d4ebc133df53d17
bdbebcdfbd0dbdaf
3c783d2eba7ebda2
bd743da53b82bd9f
bc253c04bd16bb2f
bcc0bc76bd41bc68
3badbd88bd2b3c57
3c9a3bd83cd53cd9
bc0cbde13d713da9
3d16bd1cbc833d40
3c83bd85bdbfbd38
3d11bd78bd8d3c39
bc9d3ca23cfa3d84
bd91bd103db0bd2a
3da9bc19bbec3d6a
3a6ebd83bdf8bcca
3da83d14bd63bba0
3d2bbc853d5f3c07
bd3e3d57bd763cd6
3d183c303be53d57
bb59bdb9bc8dbcf6
bb6a3ddcbc353cfd
bc6dbd463bacbca2
3d2e3bf23d243cc3
3d9cbd003d173dd1
bd95be04bc47bcb8
3d083e11bb88bd02
3db13d07bdbf3c96
bcf03c39bcbabdbc
3b913a2fbd553d78
bc69ba3b3bebbe10
3cea3c13bd56bd2f
bc0dbd37bcf13bb5
bc38bd513d3f3c58
3d153d243c483c8c
3df43d4b3b7b3d59
bd20bad63dbe3ce2
3d50bd8dbc353b9b
0000000000003e0e
3d4fbbd1bd24bbb6
bd7d3d45bd6ebd0b
3d8abce93da93d64
bdc63db73df33d9e
3a9e3c4abd3c3c98
bc89bdaf3e193c5e
bd3f3dcabce3bd18
bb993d0ebd6ebd20
bb353d05bc653d24
bd9b3ba3bbc23d25
3bdb3d7d3db2bd2a
bd18bd77bcaeba83
bd113d183cf8bcb0
3dcd3be63c9ebc71
3e2abd64bc253e07
bbda3cba3c373db1
3cb6bcc73cc33dd8
bd0d3dd73d48bd6a
3ad93bae3d8a3d1e
bceabd2fbde7bddd
3d803c1a3cc6bd65
3cb53ce4bb873e03
3d67bde83cb9bcbf
bc363dc7bb00bc83
bca9bc793d9b3e1c
bd7ebc39bdd5bc8f
3d4e3d18bd39bd57
bc57bd9dbdcd3c30
3dca3bc63dd73d44
3c3bbd6f3bfc3d16
3d773d223b433c1e
bbbabdb3bcc53c90
3d943d3e3d8b3d86
bb8d3dff3d0e3cdb
3cd63dc4bcc0bcce
bbf4bd67bd9bbcc9
be163d5bbca23cc0
bc603d313d6dbd2a
3c0bbcd8bcc43dc6
bc53bd703cd63acd
bd6e3c9fbd26bc42
b996bd15bcb03b55
3d343d7e3d3fbcab
3d5c3de63d023c62
bb82bd4e39bbbbdf
bd803d0cbd37bc34
bc97bd243beebc55
3c853cc0bd1a3bc7
bcd0bd0c3ce43d99
bb91bdc13d9cbd01
bd0ebbb0bdc23da5
bd123cb63cfa3c8f
3d813dc5bc793dc3
bd9abd893d1f3cc1
bc8c3db03a59bd30
bd66bd10bded3cdc
bb88bbaebd393c85
3c8d3b193dd23d0c
3d95bdbe38a2bd86
bdc43c73bcbe3c47
0000000000003eac
3bbd3d2a3d503d23
3c84bcf9bd12bd1b
bd363c9a3c67bd8d
bdeb3c08bcf43c16
3cac3cb8bb82bbae
bcc53dad3dc9bbf7
bcb1bc9f3d24bdaf
bdbd3c983c693def
bd86bd613da83d26
bd86bc8cbd823bef
3d1a3da2bd4d3d96
bd4b3d413cbdbb11
3d653d91bcfa3dbc
bd0a3c7a3da53c3b
3d213c5fbd6dbc59
bc4abdb23c68bc8c
bd14bdb3bd433da0
bd9fbcf83c87bcf3
bc8d3c04bd4c3d98
3b44bc10bd0cbbfa
bd2abd51bb753d00
3bfb3d43bd763d2e
3cb43d093cd1bd44
bce23c7abd06bcd1
bc7bbc71bcc9bd56
39773c033db73c5f
bd323c50bd58bc3e
3d1c3d8dbd13bd84
3db33c4bbd4ebd02
3d38bd0cbccd3d28
bd02ba4a3d643ddd
bd26bc6fbd07bc14
3cd03ca1bd8a3d0b
3d413d083d99bce7
3d623d903d59bc82
bc733e073d0d3d8f
3db2bd02bd06bbd4
bd0f3d56bd893d54
3cc43db33d533d0d
bd4abd1c3d04bda4
3ce03d7c3d4e3d77
3c963cfb3d45bd8c
3d67ba6fbc083c84
3b38bc9dbe1ebcf9
bcd8bde43d3ebcc3
bdc4bdb1bddc3d96
3d08bcc43d24bd55
bdbc3d5abba7bcfc
bcc2bc87bdefbd11
bd463d8a3c6abcc0
bdbd3dce3e52bd2e
3d253b983d143d02
3c61be12bd873de3
3d66bd26bdfdbd8f
3dcc3d9ebda93c82
bdcabd7d3c51bd0a
3de03dc73da03d25
3d48bd233d70bc13
3d78bd11be0b3cff
bd443d0cbd663c0c
0000000000003ee2
bb99bdc9bdd4bbe4
3d3fbd3fbccdbcd8
3d7f3d44bc973df0
3bce3da3bd883bd1
bc963dc33df6bda1
3d36bd283c133c8f
be29bd573ca43d8a
bd213d0fbd61bdb4
3d083da6bd2cbc9b
3d55bced3cb9bbfb
3d65bde1bd22bcb3
3d6fbdf33abcbc41
bd6bbd34bd94bda0
3bd2bd313d70bbf2
bd04bcf6bd13399c
3d823ce03d31bd00
bdd43d1d3cf83ca9
3d4abd1c3d413d2f
3c5fbc56bd4d3d3c
3d03bcc0bd0b3cbb
3ce33d52bc543d95
bdc03c2e3c12bda0
bc8ebb85bccf3da3
baac3c853d6ebc6f
bd343d86bca7bc77
3cdb3d323cb93de4
3c03bc99bd5e3cf4
3d43bb3cbd663d39
bd173d7b3d10bd22
bd4bbcbdbc04bb0f
bc5e3c653de83e05
bd87bc6f3c5abe0d
3d1fbc89bd00bca6
3c443d9d3bd53d50
3cc5bd1e3c9cbd59
3db8bd7c3d29bd7a
bdd43d183d90bdca
bdfcbdaa3daf3d47
3d97bd163d573d48
bcf43be53d40bd38
bd20bae1bd093d55
bd113c163da43cc0
3d19bd563db3bd1b
bda23c58bc303c05
be16bc793ca03e04
bd353d5fbd9a3da3
bb7abc25bd443d23
3d2cbbe73cb53ca2
3dd0bbc23c3b3cc1
3cf6bd663d06bdd8
3d49bda13cebbd6d
bd173b93bc81bdeb
bd7abd363c5abcaa
3ce7bd463d28bd14
3dbc3c84bc193d03
bda83bdf3cecbd06
3c19bc993b213c19
bd38bc5d3b4cba7f
bc05bcb03b8ebd88
bc5a3b03bca8bca1
0000000000003ea6
bcf13d613de3be42
3de23cccbc0f3d7f
bd93bd3c3d453e2d
bd7f3d8b3cd13d99
bda13bd03bc2badf
3db2bcb93d9dbd24
bd2c3de9bde03df9
3d993b9d3e14bd2f
be263d2d3d86bdde
3db53ddc3dc23c81
3df23d013d0b3df6
3daf3ca93d843d6d
3dd5bb18bd683d25
bda63c13bdf03b17
bc123dad3ca83ccc
3d24bc343ce53c8e
bd53bbbbbd1bbcc5
3c513caa3b72bcce
3d333d66bc0d3cac
bd1cbb22bd2e3bb4
3c80bc16bd283cfd
3cb23d84bd133c2e
bd2d3c95bd5b3cf3
bcda3c48bdff3afa
3e06bbc83cde3d5f
bde1bba63d64bd51
bcc43cc13daf3ba5
3d933dbcbddcbd49
bd5a3c993c5d3c96
3c433d4f3bf33dc7
bdbcbc90bd3bbc93
3d9abbd2bd0bbd31
bd1cbb113d77bb4e
bd41bce7bb4abd86
3dccbe07bc943ce1
bd3e3d373ccebc03
3c4a3d84bcbd3d83
bc433dc7bd04bc61
3c4cbdb7bd6c3c92
bc003be7bd303c62
b9b6b9a8bdc73d3b
3ccd3d90bd16bd25
bc113d1bbd65bd5e
3b953cecbbd33d78
bc113c2c3ba6bd8b
3b9c3d5fbbdfbd5c
3da6bd71bdaa3ce0
bde2bd23bd673d54
bdc0bce73dc63dba
3d96bd15bc763c51
bd743d22bcff3c11
3d6db6da3ddebc9f
bcc63d463e2e3d45
bdc6bcce3d62bc89
bd763cbabd723dd7
bc8dbc14be0abcdb
bc64bc4e3d943da6
3dd73d5dbd31ba0c
bcd83da33de63d61
3c1a3da93dd83d8f
000000000000bd87
bd50bc7c3d88bbc5
bc27bd193a66bd87
3dbcbda5bd06bd2b
bda8bd873b963d23
3dbebc4b3dc3bcf2
3da83dbfbd53bd00
3d91bc8b3d28bc2a
bc42be053d683db2
bc05bd62bd8cbd10
3d67bd8cbd283d87
bd8b3d353d65bda6
bdacbd183d8f3d02
bd0e3cd8bd033d32
3d3e3e003d7dbc18
3c42bcc6bd09bd55
bbcebbf0bd1bbc79
3ca1bc0a3d88bdd4
3da83cb43d883d13
3d01bd88bd713c37
bca43c40bc4fbd8c
bda0bd2bbc90bcb7
bc23bcbfbb073ccb
bb64bccbbddc3d80
3d1dbc67bce53d36
baa93d3fbd0c3d31
3d513c46ba17b9d9
3d123ce0bd0ebd4d
3c78bd0c3d31bca7
bc2cbd2fbd01bd1d
3d76ba073d923d34
3da23dadbca83d39
bbadbc493cda3d72
bdc03be5bdacbd09
bd8dbcd5bd103d4a
3cf33d9e3e0cbd5e
3ce8bd25bbfcbd50
3d14bd243d803d86
3e08bc743d793ccf
3c613b5cbd31bd8a
3da43dacbda03dbb
3cd23d89bba53def
3db0bd83bd503d6e
3d18bd85bdfd3c50
3ca8bd293d1f3d4f
bdd0bb7c3d4d3d18
3dd4be0dbd30bd59
3d913db43d51bd93
3c8fbcafbc3fbdb7
bd3fbcaf3d64bdd7
bc84bd9bbc34bd52
3e043c22bd05bd3f
bdacbcedbaf6bca7
bc823d4cbdb1bbfe
3d4abbe43cd23da6
3cd4be22bc99bd1b
bdf7bb46bd6fbbcb
3e11bd8d3a85bd9f
b8a93d22bd27bb3c
bcbebbf2bc5abd98
bcc33d73bd853d9c
0000000000003f16
be05bdbcbc06bc54
3ce3bdb7bd0c3e0c
3d9b3d983dc93b22
bd13bce3bcb5bd93
3d18bdbfbd433e0b
bda1bd2abc46bb15
3d673dfb3d80bba0
bdacbb2abcbcbced
bcf9bc553d08bcee
3e28bd62bca0bbf7
3d76bcf6bbc9bdc5
3c22bd25bd783db0
bd833d043c0a3b83
3d44399d3d4fbc8c
be643cdcbd62bd10
bcaf3d8c3d07bd4c
3dcebdefbd81bb74
bbe0bd783d69bbae
bccf3cfbbc1c3cbd
bda8bb933cd13d3b
bd6bbd653dcdba59
bd43bd8ebc533ca7
ba013c653c4fbd0f
3ce03bb6bd2ebd9b
bd1cbd8ebccdbe0c
bd683c1b3d753d41
bd983c813b813c91
bcc5bd96bd0bbd87
bdd8bd553c0c3c96
bc82bcdd3db5bcd9
bc5dbca3bbba3d8b
3a593beb3ce03da8
3b57bd28bdc93caf
3d76bd493d4d3d16
bd233d29bc2cbc7e
bda13d95bd523dbe
3c9d3d873c973c9c
3d0b3c123c8f3cd0
bc6f3da83d97391c
3c42bca0bb62bc2f
bd463cd5bcafbd37
3c483cee3c533cac
3d053ce13d7b3d7a
3ab2bda23c4fbc76
3c613c9bbc94bd7b
bd833d493bdd3d05
bcc43c6f3dbd3dd6
bc22bcd13d14bc5f
bd8e3d193b20bc2d
3d20bc83bdc4bacf
bd9f3d0fbd27bd43
3d46bcfc3dafbcb4
3c61bccbbdb8bd04
bd8dbc3abd58bd5a
bd2b3cec3dc6bd58
3c3ebdab3d903d20
3d793cf33c67bd17
bcc2be14bd92bd19
3d253d97bce63c69
3c95bd20bb9bbc65
0000000000003f2a
3d063d973cfd3cd4
bccbbc8a3ccfbdf0
3a65bd413cccbc85
3d253b763c413b90
3d43bced3d0fbb89
bcd13cd0bcd73da2
bc993abcbd2ebd2f
3ced3d573d8c3d9e
3d4dbceabe02bdac
bdc93d6ebc103d00
3cb5bdd83d7dbd88
3cb1bcc7bcd5bd17
3d0f3da6bc8abb2f
bc85bd3dbd223d2b
3c7d3e55bc05bd62
bd1e3c643d6bbdf2
3d943cd63daebd46
3d453d49bc91bd46
3c0d3ccebd253b0c
bdaabcf73cecbd31
3dd53cccbbcebc91
3d763d9b3d193b95
be003d553c8bbd4b
3cffbd7bbd60bc58
bcaa3cfe3c753c0d
3cdb3ced3c83bce4
3b8cbd8dbd09bd44
3c693d463c96bd19
bd1b3d473cf8bc67
3d263d5a3d153d3b
bb35bc2b3c83bc9a
3d173c71bd1c3c07
3c803d593cc7bc59
3d1a3dc3bd5bbaf2
bd423d8fbcb6bd6e
bdd3bd73bc483cb9
3c19bd2abc80bdd5
3d643d02bba53d76
3bc9bcdfbc463d26
388c3d11bd183d4e
ba53bca33c1a3ce3
3d183d52bc953d4d
3d233d423cbebb9e
bd11bcf93c3f3c3b
bdaa3d943ca63d7a
bcfabcee3d3e3d45
bcd1bdeebc673c83
3d9b3d9e3c183d2d
bd8f3dc33d133d1f
bd9cbda1be13bcaa
bca6bd813d553c2e
3d5bbbad3cf6bd5f
bd7a3d01bccb3d72
3df4bdc3bb35bc9c
3d453d223b7abd98
bcc3bd803d0bbc81
3d253d273cdb3dea
bd17bd1abe23bd8f
be0a3d553d3b3dd2
bc493d053d23bd2a
000000000000bf22
3be8bdacbd84bb8f
3d1cbc2cbd4e3abd
bcfebd83bcd8bc5a
bcfcbdea3cfd3bc8
3c023d93bb1b3da4
3af73dba3ca63bda
bcebbca63d1f3d22
3c473d53bd513d1c
be1dbc82bcba3d01
3cd73cee3ddf3d05
bca83d24bd3a3d65
bd06bd853c763d5d
3d1ebcf43d42bd2c
3d113d83bde6bc3b
3e21bdea3d363baa
3d4bbd3ebc403b8f
bdda3dba3d533d2f
3dd43b2dbd023db7
3cf23d623d2a3b6f
bdaa3d92bcbb3d9d
3ccd3cac3de6bcc6
3e05bdb03a163cd4
3d97bdf8bd3d3d4e
3d51bd10be19be11
3cd0bdcabd043cca
3afa3c93bdb63e1b
3d3cbcc4badfbd95
bd04ba9cbd1d3d68
bd413d89be413df5
3d343dd1bd3bbd0c
3d78bc5fbd11bc05
bcd8bd1f3d473c2c
3d923da53d583d7c
3dabbccd3d863de2
bd693da3bdb6bda0
3d42bad43c8bbc4a
bc79bcfd3d1fbdbc
3cdcbdff3d89bd6a
bad0bbdc3cf13d2d
bc8abd893d5cbd3b
3d5cbda23b5c3d25
3d8cbd813e09bc8f
3d20bc173c94be2c
bc923ab03d90bd81
3c5c3c90bd1fbd44
bd553cbf3d50bbb5
3daa3e1c3d553d85
3d6d3a403d0b3db9
bd7d3d723cd23ddd
3dd33d48bd513e4e
be5b3dbabd483cea
bd04bd433d76bb88
3b2f3e01bce4bcde
3d5cbd423cb0bca3
3b19bdaa3b82bd4c
bb403d933dc03dbf
bd10bb9dbdf93d42
bca43e573d30bd4a
bceb3d873d053d71
3d28be473d6b3d24
000000000000be39
3d9b3c4e3c3d3d24
3d133da5bd17bdb4
3d8bbccb3b48bd43
bca3bc9c3c853cc6
3c1c3d99bcd53a96
3c03bd4a3d44bdb3
3dba3d0c3d3c3d28
bc903c96bcd13d50
3bf2bd243c603ddb
bde0bd8cbd383da0
bc8ebd293cf1bde4
bd1cbcc2bc9bbd6e
bb303d69baef3d0a
bd2b3c2bbbee3c43
3c2bbd4e3c693cca
bd56bd95be03bdaf
bd333d57bc423d88
3a84bc413de23d5c
bd253bb2bd90bc8c
3d2fbc5bbd93bcba
bcfc3d12bc413d1b
bd343d99bd393dbc
3d373d81bd743d04
3d0fbc883c71bdb8
bd33bbad3c9abcc2
3d3cbc6e3c68bdc2
3d393d4b3cd5bd6c
bcabbbc2bd2f3dd9
bd63bd6cbe1dbd53
bd73bd57bde43c50
bb97bc1e3d57bbfb
3d563c013bdb3dce
bb8a3c1ebd3a3bf8
3ba93cce3bb8bcd1
3d22bbffbd8cbd96
3c62bdb1bd0c3bc5
3dbebd0ebcc33c14
bd32bcb9bdb33dba
3abbbdfd3c94b8a4
3d83be47bd1d3c24
bdb83b903d91bd85
3c70bd9a3d013d0e
bd9c3d473d4d3d64
bdafbd843d88bd94
3c67bad53afdbcad
3d19bb7f3e463d30
3c383d9a3d913d68
3cd83bb13cab3d6e
bcf03bbc3b303d2b
b92f3d343c11bc3d
bb263d47bd20bcd0
3d413c18b9a0bd2a
ba223db63d2fbd1d
3db63d54bd1ebcca
bd36bd833d13bd93
3d03bc0bbdaebc8d
ba9d3dd3bdb43d42
3bd3bd43bd87bd85
bcc0bd2cbb893d65
bcea3d8e3d10bc16
000000000000bf15
be373d043d25bd3e
bd6b3d03ba89bcf2
3d6b3db6bbccbde3
3d63bcef3e353d87
3d09bd24bc863cb6
3dc53ce33d1bbd13
3dc0bc3c3e18bd8b
bd093da9bda5bd09
bd493d8bba84bc4c
3c503c803c0bbd15
0000000000000000
bd91bdc1bc613e26
3c3c3e4d3b98be0f
3d91ba8f3db2bd9f
bd943cb03d18bcf9
3b853cdd3cb2bdc8
3dddbd90bc963c54
3e013d653d46bdb3
3c1cbd143dafbd3d
bcc0bac63cb53cf3
3d893e07bd88bcf4
0000000000000000
3b53bc3d3c123a20
3c8a3cec3c0fbb1c
bb70bd58bda83d17
bd053cb63d0bbdba
3d3e3d933bd73e3d
3d18bdaa3c233d79
3d853bc43d2dbc93
bde83c293ddb3d6f
3cb2bd5f3da6bb9a
bd50bd93bbcc3cd7
0000000000000000
bcdfbcd33d013ce2
bc003dc3bd7a3d08
3df33dbcbde93caa
bdf4bd623cb1bcba
3d9c3d913c903d39
bbb2bd74ba983ced
bbe83d083db3bd80
3d09bd51bd5b3b79
bc6cbd51bd843da2
3cc63cb13cf53d0a
0000000000000000
3d8a3daa3d843dca
bda5bd82bd5c3ca0
bd383d493dd73cac
bce03e10be283cef
3ddc3d023ce33c88
bc223e003d033b31
3b9d3db23c643dde
3ce5ba34bd98bbaa
3e01bda7bd94bd1d
3cbbbdc0bcdd3ce1
0000000000000000
bde5bd9dbd47bcb6
3db3bd9d3d3a3d95
3e003e1a3d5abd42
3dd9bbb0be693cfc
bd80bda0bd823a0f
3e133cf03c0dbe07
bd3b3e1d3d14bdc8
bd13bcd3bd31bd5f
bc0abc27bd9f3c5b
3ca6bd873d3f3e24
0000000000000000
bda53dcfbc823ca9
bcf13d98bdd63d19
bcbcbd90bc8d3d8b
3cc3be02be00bd3c
bda43e273db0be26
bd2cbc5abd243d6e
3d20bd223d9f3dba
3da7bd8e3dd33d95
3db63e1bbd1dbd36
bd9bbd443cb23ca3
0000000000000000
3caebd25bd4b3d07
bd1cbdafbd5cbda2
bd58bdbbbd2a3da2
3b5b3d12bd833bbb
3d5abdbc3e0d3d91
bd6abda6bd8f3d92
bda9bbeebe213dbb
3db7bc833e053cb7
bc013d95bdbbbda8
bc44bd813cdd3a1f
0000000000000000
3e11bdf93e13bdaa
bdc63cdb3d20bc8a
bde3be243e423cca
bd9ebd773d4d3dad
3ce43d93bd523c96
bcdfbcfc3dc3bdb3
3d45bd693ccbbd3b
3d93bd5dbd413c62
bdc2bd31bd743d5f
3dd63d84bd833d8a
0000000000000000
bdf93d7cbe4f3d8d
bce13d3b3cbcbe0f
bd9abc86bd3dbe2b
bbff3db23d553c6c
3ac3bda53b76bdd3
3d53bdb9bcffbbea
bd45bd123de43d44
bc41bda73d95bd93
3d473d8c3e1cbdfb
3c07bd73bcb13db4
0000000000000000
3a093d8c3d74bda2
3dbfbcdb3d3cbe3a
3e1ebc8dbd303e3b
bdcf3d3d3c8cbcac
bd05bd343cac3d3e
bc833cd1bd1e3d04
bd90bd643e21bd7b
3d3c3d72bcdc3d91
3d24be5a3ca33e29
3d133dedbdac3de0
0000000000000000
3db73db13dc43bac
3d973d873d393bdc
3e15bd43bcc33d66
3ddb3d8abe123cf2
bcd63d873c993d84
bc2fbdb03d88bc2d
bdcfbb793dbdbd01
3d76bd153d5f3d39
3e373d893bcfbb56
3d773b6fbbd9bcfa
0000000000000000
3cdf3d15bdadbe2d
bd5bbd9cbde6be07
bd73bd47bddaba99
3d3abd9bbe15bbb8
3d40bcfabd8e3da6
bdc83e3bbdbabd47
3d343d94bd493d4d
bd5cbb8fbe193cc4
bd84bd3439d23d1c
3c3fbc2abc533e1f
0000000000000000
bda73c64bd35bce8
bd883abfbd91bd1a
3de33dbf3d12bcfa
bd7f3d403daebd12
bcdcbd9d3c603d61
3d303d91bb033dfe
3d8a3a6dbd0d3d6d
3cb63da33dab3d1a
bce5bdb3bbac3da4
3d9e3ae5bcc73dda
0000000000000000
bd9bbb513d8c3ce3
bd8a3cdabd94ba52
3ce43c043cb43be9
3d993c98bcd3be26
3c833cbc3d5e3e23
bda1bd50bdb53d4e
3d78bdcdbccb3d12
3d0c3e013d63bd51
bd4d3dbd3cc53dd4
3da6bd05bd76bcfc
0000000000000000
3cf43de93dd0bd24
be0c3e013cf93d43
bc47bdbdbd17bca1
bd123d993bbcbdc7
3d1a3be63ce43dad
bc833c37be0f3d83
bce83ce03dbebdac
3dab3be43cf5bcf2
3c903d0e3cd1bd8e
3d153ce8bccf3d42
0000000000000000
bdcfbc83bd383b20
3d0dbd523d833d56
bd8bbd8c3d843b43
bd0d3d70bbab3d84
bc16bd55bd91bca3
3c373e093d9e3da7
bb573d2abde2bd1f
3cd9bd383d47bcb8
bc5b3c663dbbbd75
be1ebd7e3d9abd9c
0000000000000000
bd7a3d41bc90be1d
3cce3d563d0abd9b
bd653db33dc9bdda
3d48bda33d9b3c41
bdb6be0b3d063bc1
3cfbbd0f3e053cb3
3d6b3e2e3da03e02
3c88bcccbce3bc26
bdb3bd1c3c46bdd6
bcfabd14bd003d78
0000000000000000
bd8ebd22bb503d1c
3ddf3d67bcc8bc14
bcd63cb7bdc03d94
3cca3dd23b0abd59
bd453ca9bd6abc97
bd05bd853da73de8
3d7c3dc23d3dbcf8
bd9a3ca1bdcebd68
bd66bc26bd07bdbc
3d0abcdfbcc03c22
0000000000000000
bde3bdbebbd3bccc
3cf9bd44bd9c3aa7
bd7abb8ebcb0bd34
bd753d363c883d8a
bd8cbd353d583dab
bdcebd613d0ebcc1
3bc73b94bd5d3d1c
bc39bb323e1b3cb5
3de1bd28bda5bc09
ba5a3d9abc913c88
0000000000000000
3d223cba3d9a3da2
3d8dbd0ebcb7bcdb
bd483d8f3c933b84
bdd0bc31bc8c3df1
be09bb083e073c9c
3beb3dcf3c9c3db6
bb873d803c903d5f
3dbb3dc13c8dbdd8
bdcfbd4abd64bc99
bd523df2bd9b38b9
0000000000000000
3be73c3cbba63d1c
bd7fbd97bc84bb96
3db6bd5b3d80bdae
bd3ebc1b3d61bd57
bddfbd93bb0c3c18
3e1c3d323d3a3d9b
bd2fbe13bb67bc79
3db53c90bd42bda8
bdadbd69bb863a00
bcf0bc9abc82bcc9
0000000000000000
bd8a3c343d9abdca
bbe13c533adcbcb0
bda13d4b3cfcbd4b
bddbbd3cbe053b6f
3d9e3c543c26bd9c
bdb1bcf8bc5cbd5d
bd27bcb1bb153d4b
bd413d83bc79bbf4
3b8b3de83d0d3bb8
3e2fbd173d1d3dac
0000000000000000
3d623cb03e303db7
3dcebd2dbd923cbf
ba41bd193d873c93
bbbbbd2e3be0bcf9
3d9dbcf73d14bdc3
bd2a3dbd3deebdf5
bdc63c88bda23d68
3d0cbc8a3ddcbd67
3db0bde43cf93d9c
bcdcbd5d3e21bcbc
0000000000000000
bc8ebb9dbbf93e08
bcb2bd9ebd29bdf9
3d113e59bbe13dd8
bc973c983cc9bd29
3ce3bd99bd0c3e0d
3d383dbc3d1a3c8e
3b56bd92bd543c5c
bc983d92bca63cd0
3d503c29bd7c3d95
3d1d3b65bce53c81
0000000000000000
3b9ebddebe163cb0
bd54be533d17be0f
3adc3d15bd933e59
3ccd3dcf3d013d0d
bdb9bd533cf93c6d
bddfbd143e1f3d7c
3c853caa3e543e1a
3e153e00bd77bd81
3d4fbd8d3d1c3dd3
3df23e18bdad3d55
0000000000000000
3d8dbc783de0bc0f
bd76bd923ce23c1a
bdbfbce5bd963c2c
bd053c8c3d6a3bd0
3d7dbcdd3dde3c42
bd133d3ebe1b3d2a
bc89bbecbd6fba2a
3a95bd893d833d9a
bd96bd62bd9cbd3a
3e0e3a41bd0c3c67
0000000000000000
be073dc8bbbfbd38
bd8b3e413d333e13
3da13d963d87bcdc
bda8bd3dbd063d9d
bda13c723a42be10
bd76be26bdad3d64
bcd5bb4e3de63d58
bdbb3e5cbd9abe1f
3d0abd4f3dcdbde8
bcdcbdb83cbc3c4b
0000000000000000
bcd8bdb2bd8ebcfd
3d37bc1a3c76bc80
bc3c3dcdbd88bc87
3de23ddd3dd63d1c
3d0b3d493d143ca0
bb53be183b303d2c
3d0bbd933dd23d78
3c7ebb82bb83bb47
3bbc3d5fbca03d18
3cbbbd713dfcbc91
0000000000000000
3caa3c92bcd43def
3cc33c0bbb343d3d
bdad3ced3dc2bd12
3cafbd83bd61be40
3cb73d823cb63ca8
3c27baf23d9c3d3b
bc51bd11bd6d3df1
3db6bdc0bb9bbc92
3ca2bcc43d52bd14
bd903d763d7d3d1e
0000000000000000
3d6ebc94bd90bd9d
3d37bd4fbc1c3e43
bdc0bbf8bd66bd01
3da03ca33ca2bcd8
3bfe3c723d81bda4
bd063d41bb83bda0
b87bbd7abdaebd7a
bce83ce5bc60bd85
bd2a3c91bc6d3d4f
bc743cf63db13d0a
0000000000000000
3b893c8c3dcf3dca
3dc1bc68bccfbcf7
3d073d1ebc0dbd96
3da9bd4bbd5dbdf2
3c913c9dbd243d4e
3da0bd9f3da83dc4
bd8b3c0c3e15bd26
3dedbd5c3acf3d66
3ce8bdaebe2bbc56
bda2bd983e083b12
0000000000000000
bdc1be383db2bd12
3997bd2f3d9e3dca
3cb73ca2bcb8bd47
3d0dbc84bca1be43
3c463c30bbe3bd82
3d43be1b3d30bd8a
bd9a3d21bddabe11
3d20bd29bd3b3d61
bb483c933cc13d95
3d98bcbfbd153de0
0000000000000000
be0abdc93e28bd8c
3c3c3d3f3be7bdc7
bd43bcd1bc9bbd06
3e163e18bd35bcce
bd07bc8a3e0bbbb6
3cb23c343cfe3cbd
3c08bd56bd663d6e
bcdcbc813d35ba50
3e2dbd983d1d3d22
3d573dac3df73db0
0000000000000000
3ce03c3c3e193de8
bd9cbde0bd2cbdad
3cddbd36be033d8e
bc9b3cff3acabc97
bc9c3dccbe3dbd95
bd54bd193e003d06
3b643c72bd2f3d04
be33bc4dbdf03cfb
bcfebde8bc243ba3
3e103b96bd283d5d
0000000000000000
3ce5bcd83d99bd9f
3c3cbdff3d7ebd88
3d903c6bbe7c3b2e
bc72be163d263d8e
bd08bd24bd473d00
3e08bdcc3d5c3d0e
3d8bbcacbc8b3db6
bc213cea3c01bc8e
bd28be683d82bc9c
bcc73e33bdc53dad
0000000000000000
3dacbe313d053d91
b986bd443d08be6f
bd00bc103d633d0b
3e0f3e07bd3bbd14
3df63db23d7b3d26
3ca3bd853d223c41
bd683d70bd983c45
bcc2bdb63cbb3ddc
3dc8bd65bdbe3e03
3b08bdccbdccbc37
0000000000000000
3c49bbcc3db93da2
3d823c76bd8c3dc1
bce43d63bcc0bc2d
bd05bd8d3d33bdbd
bb1abd4dbdd5bc05
3a9c3ce1bd0dbd19
bcadbc06bd8abdbe
3cc73d033c223d3e
3dd2bce53d873d10
3d2b3d67bd443e13
0000000000000000
bd9bbd1cbde5bd6d
3d743d843bea3ccd
bc88bda6bdb1be00
3cf2bbafbc623d37
bcc23ba03cca3b3b
bd873dd33e2e3d8d
3d2abd04bbbd3d35
3e113df73c54bd78
3d2e3dd33dd93e01
bc3abd84bd6b3daf
0000000000000000
3dbe3cff3d8abc0a
3c293e22bdf5bcda
3cfd3dbcbc1f3d6f
3db93dcf3d1abd64
3d57be2f3e373d43
3be83d763df83c63
bd733e04bc13bcd9
bdaabd913d8a3c30
3c073cbbbceb3ca3
3d943c5d3dc2bc56
0000000000000000
bd8a3d2e3e043d62
bc50bb5b3d853d80
bb983c72be09bab2
3c723dd53ba8baf0
3d04bd8c3dcb3d4f
3d0d3d9ebe3dbd10
bcd3bd803d913d89
3c183dddbddf3d61
bd67b8e63e14bd56
3dae3d833d093cc9
0000000000000000
3d1ebcebbcc2bd17
3d08be0abc823c16
bbf03cb23d19bd94
3d363d0d3cb83e57
3d38bd68bc9bbe45
bbbe3d973d353d4d
bd46bd6c3d433cf7
3c563dcf3daebd80
3c33bddbbb04be18
bd433de2bdebba0b
0000000000000000
bd423cebbd53be04
3bc0bdedbcf5bd0d
bda5bdc63d4b3de7
3df3bd0d3d073c8b
bdb1bd5ebd16be1d
bc6a3c2bbd5abc58
3d94bdd93d91bc7c
bd67bdc2bd5b3cf9
3ce5bd68bc1d3dbe
bca33d9d3dcabc90
0000000000000000
3d1f3d223d7b3aed
bcc23b9f3d0abd3d
bde2bd593d24bda9
bda5bc413c65bd3b
bd143c623dddbde0
bb41bd3d3c053dbc
3d273abebbbbbd18
bd2e3dc83c9e3da5
3b1c3c96bd97bd22
3d813ccc3d5dbd4c
0000000000000000
be603d83bdcd3cdc
3da3bd3b3dad3d1f
bce23d263cd4bd50
3d26bdf13e063d9e
bd7f3debbca7bcd8
bc783d643e1abda1
bcfdbd9f3d00bdfd
3d8f3dce3d04be44
3c3bbdd6bcd33da8
bcec3c53bd7bbdd9
0000000000000000
3d1ebd24bd48bdb1
bda9bd1e3da33cd9
bcc5bdc0bd99bc5c
3bed3d1e3c433d95
3c6bbd29bd043d3a
3cf53d85bc44bce9
3dc43c4e3c92bd05
3cd5bd9fbc2cbd73
bbbdbdc3bbe7bc46
3d603c983d01ba86
0000000000000000
3d0b3c56bcc3be08
3d243ce83cbbbe01
3e103d37bc913da6
3d26be27bce53dad
bc0e3db63dc03e21
bdf7bdb23d14bb10
bd95bc80bdc5bd06
bc873d9d3c9c3c31
bd873d6e3dcabd17
bb9fbc6fbd74bb8f
0000000000000000
3e053d763d8cbd18
bbc1bce33d9a3d28
bd6cbb38bde4bc7b
bcb1bdb1bdcfbdd9
3cc43d0a3d7e3cc4
3d87bdd93e5b3d63
3d33bdb4bd223d33
3ca8bd1dbe40bd96
bd063dbd3d84bd11
3df8be293d453df7
0000000000000000
bc92bd5b3d293e4d
bd48bc743d53be13
3d133cd13b583e22
bdf8bd36bcd83db7
3da1bd0d3cd83de7
bd703cf63d763d8a
3b593c913d973d3a
3cd63dad3dc4be24
3e89bce73da2be1e
baf33dc13d943c92
0000000000000000
be5bbcccbde8bd66
bb4fbd13bdc1bcbf
3bba3d3a3e1e3c76
bd883ddd3e23bb3c
bd53bde03d05bad2
3d92bd26bdb83ddb
bde8bd2f3da63d67
3e013d063d6a3cca
bd94bc453ca93d13
3cfe3dc33bd03cf0
0000000000000000
3c6c3c37bdc5bcdf
3db53c31bdec3d45
bd573d22bb5a3959
3d76bc623c563d82
bdd63cf33d3fbd8d
bca03d58bc4cbb93
3d59bd083df7bd13
bd23bd49bd92bcea
3cec3bd53e45bb67
bb1e3d4c3da83c9a
0000000000000000
bd1b3d733d55bd35
bcccbb573c823e1f
3dacbcedbcbfbd15
bc6abdd93d6ebc6e
3ce13d533d7c3d81
3cee3d843cd13d91
bcb7bd9d3c1a3d1b
3d993cd33d823d39
3d933ab03c92bd89
3d13bbe8bd83be3e
0000000000000000
3dab3d93bd063afb
3d0abd5dbe4b3e78
bd283d8fbd5abc7d
bd6abbc3bc1bbbdc
bd253d4bbd323dda
3ccebe223ac13e18
3d98bd71bd12bdd8
bca1bc39bde03d8c
bd263dd83d683c29
3ca63e06bd933d25
0000000000000000
bd5d3db4bdd03d7f
bccd3d8fbd1ebd86
bc8bbdb7bdb13c3f
3c1bbe0c3dd53df7
bd3f3c073d74bd7d
3d503d393dec3d24
bda23d293d78bdb0
3d11bd673dfbbe01
bde83c843d0b3d54
3dce3e193c30bce0
0000000000000000
3b393cedbd4ebc19
ba4f3cc1bd893d0c
3cf33d0abbd93d91
3d93bd593d9c3e37
3dfd3da23cf13dbf
3b4dbca8bd8bbd8b
bccd3d8bbd09bd9c
3db73ca73d59bd46
bdb63c1bbc373d94
bda0bd88bcf0bc96
0000000000000000
3b283d51bceebd0a
3dbc3cb83d9c3d98
bd9fbe03bd18bd43
bd8e3a3c3d98bb25
bb6d3d58bcccbd1a
3bec3ce73d9cbdbc
3cc13ca73e233d94
3db03d65be0d3c65
3d2cbc15bc45bd72
bb8b3c70bd07bcff
0000000000000000
bdb2bcc43cbd3da3
bd103b16bd043b7d
bdff3d7e3dd2bdec
3cfe3cec3d063df2
3e0fbd65bc57bd67
bd7fbdc7bdb6bd58
be273d8a3d803d79
bc65bd74bd8fbd51
3db9bce0be0a3bf6
bd89bd2d3e33bdd3
0000000000000000
bdc33d4ebc723bcd
bd823d4ebc34bdba
bd02bd7d3c37bdc0
3a1cbdca3a3e3e04
bce63d0dbc9f3d83
bd053e423b1b3d86
3caa3d043d813cbd
bd693d683dd73d52
bcac3cb43d92bc8c
3e0a3bdbbe283b29
0000000000000000
bc773e5c3d80bb50
bd693d8a3daa3cd0
3d3ebdd63bc7bc26
bd30bd9f3db1bd52
3dd93d183ce0bd3b
3c823c3bbcb83de3
3d0bbdc03e003d99
3d45bd92bcaa3c34
bcb2bcf9bd5bbd88
3cde3dcbbcac3c4c
0000000000000000
3e2fbbecbcde3bee
3e7b3db4bdc83c68
3bbf3d03bb6e3ca9
bd29bd20bcb3bdfc
bd86bca23cd03dc7
bd183da5bc593d5f
3dd5bd52bd243d1e
3c853c4f3e0e3da4
bcb8bd4e3dc23cf7
3dd63cf63d0bbd83
0000000000000000
bf46bda3bfac3e46
bfa23d15bfc1bf81
c055bee0bf564004
3ffdbed63d54be89
3f353f353f0a3f07
c01dc09a403ebf3e
be4340093f38be29
be7e3fa03f8b3f3e
be9fbf9c3f06beed
bf2e3f563f153ef7
3f153ff63d34bff7
3efd3fa13dd540de
3ed53f35bf063fab
bf64c0043e90bfc7
3f11bf173f493f43
be96c00c40133f36
4008bf043f84bea6
bedf3d72bf0ebf28
c02b3f7ec0023ec1
3ec73f14bf1dbeea
40c2bec33f48be52
bf65be88c0b23ee6
3f0fbeb93ef33f4c
3f63c00d3e5ebcc5
bf1cbf073ef9bf26
bf32bc3cbfe23f89
40333efd409d3ecf
bdaec026beabbdb1
bfcf3ef63f97bef0
bf29bf10bf193f2e
c06bc0043e31be50
402ec0103e6f3e3f
bd684046befbbf5a
bf04bffd3df73fe4
3f2e3ef7bef43ee3
bc823f323f7b3f98
c05bbf963fc8bf7d
c00c3f72bf11c028
bff2bf7bbe1dbfdf
bf123f0c3ee33f15
3e3c3f853ec13f73
bf41bea63fcdbf23
4032402dbec44008
c08ebf92bfdc3f20
3f2cbf383f09bf4a
bec140033f6f3e46
3f8fc0453eb44009
3f71beb63ecfbe1c
c02cbe133f13c02a
bf253f2d3f1cbf47
bfc73f4a3ebebe9d
bfc63fe13fce3fbc
bf373f8fbe94bf85
405b3eb3bf683d22
3f1d3f2c3f1abf21
3fc3bed43fc5be87
bf0c3ffcbfafbf55
c00fbf3cbe11be9e
bf06406bbf763e92
bf183f12bf143f0d
bfcb3e1b3f04bf39
3fab3fe2bd63bf88
3f3bbeac3fb2bf00
3fb0409e3ac23fd7
3f2a3ee63f3c3f21
3e7cc07d3fa9bf12
bec2bfdd3f1e3f7e
3eb1400cbef23e42
bd1bbfdb3efdbfa1
bf28bf133f11bf59
bf023fa43fbc3f8f
bed1bf39beb1bf55
3e423f7bc0a43f85
3e3b3d13c086c0a5
3f4dbf01bf173f41
3f4040973ea63ec3
bee5405e3ea13f9c
bf153f6fbe94bd91
3ef7bf983e833f21
bf1fbf4fbf44bf2e
3fd13fbebf37bee2
3f423de93ee93e15
3fbabfcebf4ebf3a
3f963f473ea03f08
3f0a3f143f2bbf28
bee7bec9bf7abe8d
bea23eaa3f30bef0
bf743f9b3e243fb8
3f2f3f63bea83db0
bf2fbf313f25bf26
3e3f3d723f4dbf85
bfffbeba3ec63fcf
3fb53f9c3ff5bf47
3edabd2d3fbbc006
bf0c3f163f223f22
c05abe9a3e8c3fe5
c083bf94be43bfb8
bba23fbebf844003
c007c0373e33bf80
3f2c3f0fbf21bf1f
3f463eecbfcebdca
bef83e5ebefcbf4a
bf8a3ec6c07d3ee0
3f863d873f333eba
3f30bf38bf0abf1b
bf873eebbed9bc53
3d0cbeeebff23e46
bfce3d1cbf06bfd1
bfaf4084bf12408b
3f103f443f0d3f29
3fb24009bea4bf5e
be223eebbf8abe47
bed6bed33deabfb0
c010bfb2c0953f35
3f263f603f1ebef1
3f173f24bf0bbfc9
bfa33fd63fd2bf3c
3e9a3fa83f25becd
bec3bf8f3cd4bfc4
3f38bf0bbf0cbf30
3fcfc02240b73e11
3ecf3d3f400b3d1c
40c2bee0c045be7b
3fa2bef2bf963fba
3f083f1fbefcbf2c
3ed53f993fb53e50
3fb2c0a3bf6cbdce
bf9c3f453d21be0b
404c3b9d3f4fbd9c
bf1a3f173f023f27
3f423c42ba21bfe5
be0cbdf9bee93fe5
be26bec03f37bfee
3f403f1abf913ff5
bf37bf02bf33bf36
be85bdddbea23ee4
bf09beaa3f8bbed7
bdde3e87bfef4006
bfc93ebfc03bbf4b
3f293ee4bf453f13
3e9dc0fabf723f0a
3f0b3fcc3efc3f34
beee40403f54be24
3f353f6f3e99bf67
3f303f133f423f53
c012bf233f91bfe1
3ebbbfedc0313fe8
3fc4c018bf5fc028
bf66c0893f04be20
bf293ecbbf183f3d
bcb13d72bc60bdaa
bc63bdf9bda13d22
bd2c3ccabb97bcc1
bd443bd2bcc0bca2
3cfb3c693b023d96
bdb33cc63b55bca6
3d1fbc66bcf2bdc4
3d37bd4abc21bd83
bd4abd37bd4b3def
3c1c3b323cca3d2a
3db73c90bc73bd8c
3cf03dce3e1abc3e
3b363da23d86bdab
bd8d3d903c7ebd01
3d123cb83d3abd28
3b403cf53cb4bd80
bc89bccdbcfd3d31
bbb53cf03c9cbbab
3c893d82bd963bb3
3c2a3cfe3c553ce7
3d06bc7fbb72bd5a
bce13d38bd18bc24
3caebaa33c63bbfc
3da6bca13d3b3d60
3d17bb9e3d1e3d13
3d203c24bc6eb925
b9ca3d9f3d853d57
bce4bcf73d143d1c
bd303d91bcf0bdab
3d4abd48bcb03bd3
3c483c6abb75bc8d
3c943cc23d9cbd0a
bd0e3cf83d58bb5f
3d85bc7fbccaba5c
bcae3c0dbc413d84
3cb83cdcbcf9bc83
bd773da03da63d18
3c9ebbf2bc2abd50
3c993b5ebcd03d01
3c263d34bc27bc76
bd07bd2ebdaf3c85
bcb73ddc3d243d95
bc68bc033d85bd7f
bd47bd773ced3d94
bcf3bd09bae1bc23
3cb23c8a3d293d70
3c813dc13c93bb31
3c003d23bc8b3c93
3b1dbd77bb773c5f
bcaebcaabc123dd0
bcdb3dd93d1e3c86
bd2cbda63db1bd6e
3ccbbca33d7dbd04
bc84bd983ba83cc5
bd49bdb2bd3ebd7c
bd42bcdf3bb9bd11
bc1ebd1e3d013d90
bd553d73bd23bd40
bb3d3dc23d98bcd0
bc313caabd4d3bcd
0000000000003e84
3d923ce0bd3f3bc1
3c9f3d3c3ce8bd28
bd1bbd97bc38bce4
bbd4bc963d073cae
bd143d2d3c833c2a
bd16bdb2bd623cf0
3dc03be93d033d54
bcdf3a44bd833c3b
bcaf3bfebc033b1f
3dd93d1ebcaf3c84
bd26bc583d383b0c
3d7dbd5a3d13bc63
bc85bd313cfebc83
3d283a123cff3d8b
3a373cdebd27bac0
bdbcbc143bd23c47
bca03c4cbdf5bd54
bd3ebdda3cacbe09
3dc93cb13bd53d94
3d0f3c61bdc8bd02
be06bc6b3c3b3d19
bd83bbcc3dd7bd6b
bcbe3dbd3d16bb31
3c78bd653ca1bd69
bc08bd003d92be0a
3d72bb173c4fbbc7
3d91bd4ebd7cbce5
3d67bd553ccc3b2f
3d8b3a0f3d1f3b7f
3dc9bd61bc003d48
bd17bc2c3c9c3cbd
3caabd91bd91bcf0
bc8fba153d313ca6
bc3d3d1abd363c4d
bb3fbd35bdab3c28
3ce539f33d4dbc40
bc733d7fbc8fbd21
3a3b3d3ebb913b9c
bb86bd6c3d6d3c40
3d023ce03b14bbd3
bc8f3b333c92bd19
bd853c6b3d1dbd56
bbc33d963d653b97
bc4ebb8abc8ebdc3
3d113cdebd173c14
bd1f3d7dbd2fbc6b
3b8e3ce4bd163cfd
bda03b2eba733c5c
3db53d2bbd673ccc
3c463cfc3c9cbd0d
3d71bd8cb9843d19
bd283d6dbd5fbd02
bd15bdfe3dea3c21
3c82bac3bce7bbc6
3e58bcb8bd3e3ccb
bdaa3cc8bceb3c8f
bdc4bddabdb7bda3
3da13cbcbd55bcc3
3c84bcae3d02bd18
3da33d4c3d553cb3
0000000000003e1f
bca3bb3cbd083d88
bdd0bcc73a05bd43
bd77bcc73ba1bc7a
bd403cf5bd0bba81
3b093c2ebce43d18
bd783c263d0a3cf0
bbe2bc4dbb60bc56
3c073cad3b643cae
bcd7bc2a3d043cc6
3db93d5c3ccebb4d
bcdf3d553c893d83
bd72bda2bbb73d54
bb9b3adf3cc03d5a
bceabd51bde7bd5c
3d5bbc32bccdba7a
3ce13bb73d1c3d5f
3c663c3a3cf63d62
3d6abbc8bd15bc89
3c11bd223bf73d00
3cb73b43bc25be02
bd0c3db8bd10bd1c
bd2a3b90bd93bd62
3d90bc1fbb30ba89
bd5d3d013b273d29
3bb93cce3b933d5e
3d87bd8dbb6fbcc9
bd7abda23d9e3d1e
bcc8bd24bd333c9c
bc233dae3ce63dcd
3d2a3cdcbd23bc95
3d813c333c803d7d
3d4a3c843d033b94
3d31bd9fbbddba0b
bd303cde3d5ebc5c
bde33da7bd1d3c2f
bc9b3a153b4fbc79
3d8bbc3fbd8d3c86
bdb4bd30bda3bd1e
bc81be073dd4bde4
bd143c923d363dbf
bd753d2b3d7e3d82
3daf3ca03a0dbd3b
3d4bbd0bbcf53dd7
3c94bd7f3dabbc98
3d87bd4f3cb5bd31
bd25bd09bd39bd48
bd823b69bd07bd01
3d313d3e3dcd3dd1
bcea3d923ca9bdea
bd64bc573b963bfe
3cbfbc70bd4d3d03
bcbe3c123db7bdbe
3d07bd2fbd413dc0
3bb63d90bbad3ceb
3da1bdfdbd183c62
bcf3bd8b3da43e03
bd8b3d14bddebd58
3d54bd90bae13da4
bc8b3cc53cc33d9c
bd03bd7d3c3e3d2f
000000000000bd01
3dab3dcc3cd93ca0
3d57bdd2bd6a3c85
bd54bc8b3d69bd26
3d283ce5bcac3e03
bcf3b9c53c193cf7
3c933d0b3c353c4c
3d503bddbd973b89
bd3b3ddabb7dbd93
b8abbd38bcbdbbe2
bd0e3b60bd743db6
bca0bb8cbc823d07
3d4bbc223d513cef
bcc33c72bd28bd16
3c67bd51bb36bc88
3b33bc5fbc2bbd07
3d90bbf13baabcf5
bbbb3d44bd3e3d42
3d94bcb0bd7ebd9a
3c94bd103baebd9e
bc94bd75bd4c3c8d
bc3abd12bc2abd51
bcc4bc0d3cb73dad
bd1e3d8f3db0bb27
bc25bbe53d053c0b
bd8bbd933ccfbd43
bcb03cc0bce53cc3
3b223d87bd5abd4c
3d95bce23d9ebcbc
3be0bd99bcfebcab
3da6bcb63d783db7
3ce5b886bcfe3c49
3cf0bd1fbc6e3b68
bde13ca6bd6b3d38
3d9b3dda3c06bd2d
3dd9bd56bd15bdd3
3d52bc85bccf3bef
3d213d2cbc71bba0
3dddbcdb3d773dbc
bd0c3d45bb8a3ce3
bdaabb123d96bc35
3d82bd91bcd03ce3
3bee3d993c82bd82
3b87bb6e3d9b3d43
bda63e05ba46bd42
3d88bd0b3d2c3aa8
bda0bdbcbd783e34
bdb53d5dbd033be2
bdd2bd52bd803d9c
bbcdbc983e03bd3f
bcd7bcb13dbf3cdd
3d41bb97bce8bd6f
bce1bd54bc763d82
bce33da4bd94bc53
bd9a3d1d3c2c3d16
3c0e3d863da0bd3a
3c003cc23da83c28
3e04bd113d23bc95
3d91bdf0bd9dbe2d
3c80bd303cbabdee
3d47bdd13d923d33
0000000000003ea5
3d50bd943d2abe0a
3dc03a453d003a11
bcad3cda3d823d92
bcfc3d283d4a3b0d
3d8fbd763d233e17
3d88bce7bdc03d23
bd3ebd8f3da53cc3
bd153dd3bc943b80
3d63bd973cf4bd05
3d10bb9f3c9f3d87
3a47bd0dbdaa3d75
3e31bc5cbd7ebc19
bdaabc77bd0d3c40
bca93d423bcd3d86
bcba3d58bce3bd8d
bd2bbcc6bce5bd89
3dc63ce9b9d33dab
bd8c3d4cbd8fbd6a
bd01bd563dab3d82
bd7c3c853ce2bd04
3dadbbdcbd73bdf5
3c2fbc4dbe623d54
bdc23d26bd173cfd
3dbfba4d3e0b3bba
3bfcbd7c3d96bc74
bcf53db3bd7b3dd2
3cc13c9b3b983d82
bcb9bc3fbd3dbdde
be283db53cbb3d2e
3d603dfebd06bdad
bce03da2bba23d2e
3d01bc923b8b3c12
3dab3d79bd09bcd9
3cec3d01bd103cff
bd51bd1cbd76bd95
3cf7bda2bd2c3d21
bc30bba23d6ebbbc
3d4d3d2a3d78bd0a
3c0abbab3d903ca1
bd8e3cbf3d243cd1
bce8bd13bd453cb8
3dcebb5ebdb9bd53
bdbf3c6fbc8a3a8a
3ce33c763ccd3c02
3d89bd123d68bb99
3c793e033ce13ce5
bca0bd9bbdca3dc8
bd6c3d84bd5b3d33
3d673e443ce5bc05
bd40bc6abca1be28
bd02be053cdabd28
bd33bd043c06bd4a
bc45bd193e0abdb4
bcd6bd6a3d83bd9b
3c7d3c253e123d90
bd8fbbeabd66bd45
bdca3da93cf63c8b
be033b21bd1e3c5a
3df23ded3d823d92
bb993dbebdec3d56
0000000000003a7c
bcda3deabbe0bbf2
3d2fbdd43a8fbdb2
bcd63dc6bd8abe0c
3cd2bd393de6babd
3db23cef3dbdbd07
3cb1bc823d513d0a
bd81bcca3d853cdf
bb003c3cbb133d59
3deb3c65bd68bd84
bd4c3df4bd41bc4f
3e073d2bbd3bbd88
3ddb3bb5bc0abcae
3ca63d85bdf7bc27
bd27bcd03d3dbd11
3bc13d883dd43d7d
3b91bcdb3d4fbd20
bd83bd0c3db9bc0c
bc113dcdbbc0386a
3ca83d00bd10bafd
bd2cbc53baecbcf0
bd48bbbcb9a83d61
bc2ebb1c3d793d50
bd86bd543d1e3c18
bc1fbd79bd28bdb2
3c84bd0f3db33ca1
bd9f3d23bca33c06
bcb73d27bd0abce1
bccabb253c82bd0c
bd37bdde3cdd3ccf
bd3abd8f3bc7bdb6
3db4bd1d3cfebd9d
3d70bd123d20bd45
3b84bd1bbcadbbee
3d46bcf7bdfd3c92
3d893d553c89bbb8
bd2a3cbc3d083c4c
bc2bbd2739143d23
bcaf3c8e3c10bc01
bba0bd17bc803cba
3c79bbbb3cc9bb4d
3c1c3c74bb7c3d81
bb1abdb1bd54bd01
bb24bccabbfb3cb5
3bf7bcc53c56bdb5
bd1fbd8b3b36bcf7
3df63cd73d2fbd48
bd7e3c303d923cb4
3d05bd793d03bd41
3cebbbb3bc983d76
3cb8bdb3bd5ebc9e
3dc43c98bc56bd8d
3dc8bcf639803c1a
bcdb3c27bc103ce5
3cca3d21bd543e02
bd003dcb3de4bd30
bd4a3d1b3da03c5d
bc14bbf8bd25bcdb
bd923d24bd50bc90
b9303a093cffbd71
3d953cdc3d893c3d
000000000000beb8
bd85bcbc3d07bcd9
bc403d9c3d21bcf9
bca0bdc23d38bdb8
bdb6bd8abd433d06
bc2a3d9a3d89bcdc
bc56bde33d0c3d4b
be193c923dc3bd90
3d2e3dc93d6c3dfc
3cb1bca7bd43be1a
3d98bb883c903bf1
bdbb3d0dbc8b3cd1
3d33bd053bf9bd88
bceabd61be01bd5b
bd25bc003d6cbdbb
3d0e3d39bc993dca
bcd2bd093ca63d1f
bd8abd35bcd4bc5f
3ccebcd93c5dbc9b
3d1d3c943d29bcca
bc48bd33bd083c8b
bd1ebde7bc3abc81
3d3b3c90bcfc3d87
3c323d863cb1bc9f
bbbc3d4b3b4abd69
3c0c3d9cbd29bc03
3d173de3bbe83d59
baaebd33b9023da5
3ce73da9bd63bccf
3d39bd3a3de03d45
3c903d6a3dc4bd99
bd1cbd2f3d05bcd6
bcf73cc4bc0c3cd3
3d07bc563d68bc04
3b57bbbebd07bd4e
bcb73ce0bc6fbca2
3d143cbebc8b3d17
bd4abd70bd20bcc8
bbd5bceabc27bbd4
3b863d0cbd073d4c
3b0fbbce3c01bcdf
bc05bd61bd463af9
bd153d23bd92bd32
bc243c1d3caebcd2
3d233b943c71bb3d
3d5abc2ebd37bc9c
bc17bd2d3d85bc67
3d03bd0fbcdbbd16
bc5d3cacbc76bd81
bca1bc52bcf43ca5
3d4a3ceabd69bd1a
3cbbbc35bcb3bd11
3c133d823c32bdde
3cb2bc183cbe39e0
bcb33c46bd413cf3
bd46bceb3ccfbd5b
bd923d84bdd1bd81
bd0abd8cbb1c3d74
3d02bb65bc663d05
3d223bd83c78bcd0
bd093c863da1bc91
000000000000bd08
bd1b3c663cb13d18
3d5c3cba3a28bd3d
3db13cf6bd90bd8e
bd94bc9cbcfabcfe
3bc9bb8bbdcf3b62
3d6b3d21bbe7bd2d
3cb6bd2d3aa9bbb2
3d06bd263c31bd5a
bd48bd62bb58bc09
bc363b74bd47bda4
bd223cac3cfc3cf5
bcd03ccb3c89bd4a
bc463c103cb23c3b
bc0abd9b3d18bacb
3c8abc3cbc993c77
bd653dae3d263d1e
bd5cbd2abd393cf2
3bc73d4f3bf7bc4e
3d2b3cb93bc1bd52
3e103d243d6cbd4e
3ca23d5c3d76bca4
bbdabd5e3d953b89
3ce53cb4bd0d3d98
bce7bc353ac73c7e
3c47bd59bc673d17
3ccb3ca23b973c92
3c1b3c9dbd9fbdb2
3d4a3c833d0a3bf0
bd7f3c94bd03bb78
bcc6bd1e3c2b3d15
bd1dbd2e3d29bd0b
bd523c1b3bc5bcce
3c2cba7fbcfb3d3a
bcbbbcddbc7fbda4
bc81bd133d363a13
bdf33cdd3d2ebcaf
bd423dac3c99bc87
bb643dd7bc01bc73
bdaa3d1abb2c3d0b
bd95bd2e3c823c83
3e01bd1a3bcd3d6c
bd0e3c30bc813c0e
bd6dbbab3ceb3d52
bbe53b8ebc763cbc
bce93d2c3d0cba7d
3c2d3dcc3cd5bdae
3d57bdd4bcc6bd0f
bd5abc0dbd9bbd80
39ad3b4e3dc23d02
bc423ddb3db63d3d
bcc23d42bd5f3cd8
3dabbdff3dc23bfb
3d7ebda93e02bd6d
3c32bcc23dce3d90
3ce1be10bb023d9f
bd3e3d09bcdabba4
bd3fbc52bcbfbc46
bda9bc5ebb2ebde1
bd8ebd8ebd8b3bf8
3ba7bd4a3d46bc06
000000000000bf06
bcd3bd223af83d45
3c36bd4f3c25bd93
bcf83d363c75bc8f
3d93bd023ca03daf
3cec3b263cd13c0f
bdaa3c763db1bc76
3a123d41bd623d08
bd673d313cc33c9f
3d6e3d6ebcd8bd28
bc343ccebdd03d61
3c64bd23bc2c3d0e
3d4cbdaebc973a90
3d573c893d0a3d3f
3bb1bb633cd9bc64
bd79bd7fbd5dbca5
3d3b3da6bd1d3cb9
3bbfbcf23d293b5a
3cb83d10bd24bc9b
bcf4bd913bec3cdf
3c8abcd2bd893cf7
bae6bcefbc7e3d1f
bd8bbd033d86bd30
3c9cbdb53d24bd3f
bc7ebd6ebbe3bccc
3d123d483d313ccf
bd74bd0b3cc03cf0
bcb7bda1bccdbc22
3d4139fe3d05bb0f
bc413ccbbd44bc31
bca83d563d323cf3
3c9a3d4abc76bda5
3d80bbc23b523c99
3c0ebbd0bd593c92
3d983cb73c84bd08
bb9b3d82bd7f3de1
3cfb3c6e3d753bc3
bd38bcc9bd86bd01
bae4bcad3c83bd90
bbc13ce43d983bea
bd18bbd6bcd63d10
bb65bc723c933c9d
3c99bd29bccfbdb6
bd7cbd463ce33c6b
bd47bc733cb03ae6
bd0d3de6bd4d3cd3
3d25bd403bafb955
bce7bd7e3d38bc3f
bcd13d84bbaf3c05
bc39bd163d823d7f
3d193cd5bc5d3ccb
3c963d563ccc3d16
bc08bd17bbf13ce2
3c673d403c91bcd7
3c263a05bc6cbcad
3d903cb23c883b1e
bd983d8fbb943ce9
3d15bd8ebd733c2d
3d293cedbdc5bd5d
3d2abb83bc9bbdb3
3d13bc9dbd0fbc8d
000000000000be62
3ce13bb33d61bb05
3d633d89bd763dd0
3cba3dae3c3d3c66
bb833d423d1f39ed
bc8fbd77bab03d8a
3d2abd093c82bd46
bc8ebd713cfcbe01
bd1abb813dffbd38
bcc23be13dedbdd0
bd4ebbdf3ce03da6
bd103c983d75bd1f
bdde3dae3d38bbe9
3d843d173d933cae
3da9bb353b4e3bb0
3c42bcc23c8e3d89
3c9cbca0bccb3d0e
bdbd3d24bd223d69
bccfbbdfbd4e3db9
bbd03bb83e0fbd78
3ce8bd90bd3e3ced
3cc63cb5bbac3d32
3c373d60bd4b3e2a
3d123d32bcaebc08
3d123aa0bd0dbd67
3d9e3d44bd553c10
3d0b3d24bd363d6c
3bb93c60bc46bd49
bd333c4f3cfc3c98
bccc3bcd3d5abd79
bd3bbc733d6dba52
3d76bc933c01bca0
3c31bcbd3909bd86
3cb6bd583d363dc8
3d88bd033d143d0f
bc62bc983c46bb9b
3cdbbcd93d103da1
bb8dbd14bd3cbcd1
3d4b3ca33d8f3d70
bd323c8cbd243b09
bd4fba29bab8bc04
bd1f3c80bc53bda3
bd53bbb8bcae3d55
bba83d72bda0ba3d
bd283d45bd17bcb0
3b4f3d473c243cdb
bd21bd153db13cd1
bcc03c6abd333a3c
bd02bd8f3d2dbc73
b9dcbd883d1e3d97
3d4e3d2c3c263ced
3c70bcf93ca0baff
bd7a3cfbbd203d77
bd03bdad3d8dbcbf
bcdc3cf83cfb3c84
bca23d413d0e3c6d
3d943d933cadbd65
bcacbc4bbd463892
3cf7bd8a3cb8bd60
bc193b20bc6a3d06
bc843dae3d31bda0
0000000000003cb7
3de33d633b033d7e
bbf43d3abad7bd81
3d1cbc403c553c0d
bc533dca3c94bc13
3d013e04bd143d95
bd9dbc9b3d063d44
bd9e3c2f3c0d3c41
3e0bbc15bcafbd1c
3e0b3c57bcf1bc1a
3dbb39a13d56bb92
0000000000000000
bd19bda93db73cca
3d5ebd0f3cd7bd94
bcc3bd0f3d2dbd06
3dae3d2ebddf3c17
3d533c323c773d99
3d573ab63d7abcbb
bca7bcd23d1dbd16
3dfb3c5fbcc4bb6a
be02bc07bd79bca5
bba53cb53b8abcc3
0000000000000000
3d47bd4ebd283d5b
3d50bd923d83bd2c
bd8b3db13c13bd83
3e14bc85bd01bc2d
bb863c35bd7bbdb7
3bd2bcc8bcadbcd6
bd24bc4abd37bde6
bd933d3ebd6bbcbb
bd1abdcbbd81bda3
bd653ca13c07bce4
0000000000000000
bd8dbcd13d6b3d12
bcb23d7cbd753b80
3d163d01bd21bd1a
3d973caabd5abca6
bc803d13bd723d17
3d5b3ce7bd93bc20
3dc4bd23bcccbd2f
3d003d7dbc3b3bb4
bd673d623d8e3b8a
bcc73ba7bc3f3ce9
0000000000000000
3c7abdc5bdb1bda1
3b9b3cc7bc93bd15
bcf73cb83d10bd1e
bbc5bd833c2dbc84
bd7dbe063cecbb6c
3e05bc17bcc93bcc
bcdabda53ce73d5d
bd223a693d12bd71
bb6b3d84bd9d3d86
3dc13d6c3d813d37
0000000000000000
bd8f3d26bdfabd99
bdadbc393d87bd81
3d76bd813bd73ddb
bd4a3c243d103d07
3d54bb023c3fbd28
bc76bb6dbabc3c6a
3d743db33d173da4
3d053d6cbcf4bcfc
3c84bbfcbc253d2b
3d71bd6c3c513cd2
0000000000000000
bd8fbd22bb643e20
bddd3db8bd353d50
bd263d21bd73bd38
bc943cce3d27bc5b
bd6fbbbbbbeabd36
bcbf3c71bd383d15
bd4e3ca93d4a3cc6
3d61bd393b87bd0c
3d0b3b13bd86bdf6
3d51bcbfbda63db7
0000000000000000
3ad73c4b3c9cbb6a
3bdabca03dccbde8
bce4bda43aa3bd94
3bc13b7ebcc63d1f
bd503cb13d74bd13
bdce3d453da33dbf
3d633ab2bbf53cf3
3ddebad23c4dbcb7
be0c3d223ccb3c9b
3cac3d2fbd71bcee
0000000000000000
3c933dba3cabbd17
bdccbda73d8dbddc
3d93bc10bd553be7
3db1bcc9bdfe3d26
3cbc3acbbdee3d1d
3af53cdfbc293c39
3cf1bcbfbca53d7b
3df53c9eb9873d2d
bca53b7b3d54bc1b
3ce33d573c74bd26
0000000000000000
3d13bd61bd063ae2
bc2dbdbe3cc23d45
bca83c8dbd433d71
3dfd3d3fbd983d9d
3d92bb41bc3bbbb0
bccdbc893d8ebd2e
3dec3d5ebd38bbfa
3d56bd9abddcbc24
bd643d4cbd5b3c69
3d5f3d923d4b3dd5
0000000000000000
be1ebd40bda13d64
bccbbc9d3b833d1d
3d073d90bd283d2f
bcb53c7f3d30bd4d
bc223dca3c88bb0e
bdc53c253da83ccb
3d41bd15bd9d395a
bd9ebd013db4bc73
3d5b3d35bdd63c11
3d683d61bd6b3dfb
0000000000000000
bbd2bc01bd023d9c
bcf7bd7f39c6bd91
3d6abdf2bb3abd2a
3babbc3f3c743ce9
3d1cbc6b3c1b3b44
bd083d463d41bd12
bc053d463d333d68
3cef3da83d48bd93
bc8ebd13bbbfbd74
3db7bc90bd1c3cc5
0000000000000000
bd593d17ba413dda
bc00bd123d5ebe01
3cdcbdb6bc9d3cd4
3d4dbdcabc23bd8a
bdf43d333da3bd2e
bd19bbc53c8e3cf7
3c9bbd253cebbb75
bd50bda73bc2bced
3d363d81bd693cab
3dff3dffba523c84
0000000000000000
3c4e3d273d923b4e
3bfe3c39bc96bc46
3d11bba8bd283cbf
bc0d3c913b873d05
bd723d4bba9abcfc
3cef3d533c5dbd14
bb433e0bbc173caf
3ba1bcd1bcce3cad
3c1f3c433cb43d6c
3cc1bc8ebd473c78
0000000000000000
bc99bdcf3db0bca7
3dd3bc0bbc873da9
3d293db6bd3d3be0
3c663da5bd5b3c90
3d143ba13dd8bd1e
bd1d3cbf3c46bcf1
bda73cd3bd913cd8
3c1c3d493d83bc8b
bbc23cb5bd243d14
bcff3d18bcbdbcd4
0000000000000000
bce43d383d99bd75
3c49bbdf3d8d3daf
3b5a3d413d263a8d
bca43d453917bb65
bad23cabbd893d0f
bce6bd14bd1dbd9d
3cad3c5bbd523b70
bd0c3d9a3a9f3cc8
bc6e3d343cf3bc79
3d46bddbba21bd9d
0000000000000000
bd703ce43cfdbbff
3d23bd943bd9bdb6
3cb0bcc03a7d3d8d
3cedbc853c1cbd13
bc94bcab3cfdbaa5
3d41bd713d6b3c58
ba103d0abc363c30
bcf63d683cf1bc1a
3b913b79bc3abc60
3d3dbcc0bd3db9ef
0000000000000000
3d3b3d63bd473cef
bd15bde1bd2fbd07
bc9bbd943c02bd37
3bd83ceebdc2bd30
bca93b3fbb2ebbe5
3d0d3d993cd33b1b
bdc83cddbd78bdb3
3da03b56bdbd3da7
ba2b3c98bc193d68
bd803d4b3dcbbd71
0000000000000000
3da239bb3d153d21
bd05bb643c183d99
bd173d6cbdaa3c7b
bcaa3cfbbd9cbd8e
bc4a3bbb3c183cd9
bd4bbbc0bc3f3cf1
bd26baaf3cedbe24
bc5bbce03d853df6
3daebc623c453cd7
bd47bd893daf3d8a
0000000000000000
3db23da7bcacbd8d
3c86bd913d39bd90
ba083dc73d343c73
bdc0bb473da6bd04
3b163d64bd303d1e
3ce2bda83ca6bd34
3d353e07bc2fbdaa
3d47bd1d3d23bbb6
bd563c413ce83cd3
bd7d3c8c3b59bd46
0000000000000000
3d21bcc8bb733d5d
bc383d323ce5bc99
bc333d873d603cee
3c5c3da9bc563a10
bd1839fe3d4dbbe1
bdaabd363c81bb35
bd1cbd10bdadbae6
bca93de93cd43d23
3d813d04bc2b3d8a
3ca5bca03b3fbc06
0000000000000000
bd8fbcdbbcc8be0d
bd5e3d69bc05bc18
3c423c3f3d613bcc
3da33cc3bd83bdea
3e08bc003be9be2e
3c1ebc07bb323dd4
3bd63cd33d43bdbc
bb893c753d223ac0
3d023c713cbfbc36
bdad3cccbc36bd14
0000000000000000
bd313c5e3d6cbdb1
bd40bdefbbba3d90
3b2f3d5b3daf3d93
be173d39bd79bcef
3cc73c91bc6f3c88
3d643c5e3dacbcd4
bc57bd25bd5dbd01
3da33c143d30bcb4
3dd8ba15ba643d14
3dbfbd9fbde53cca
0000000000000000
bb8f3daa3d953c69
bc013ce93bfbbc0d
3c953cbabd253d87
bdaf3c86bce13b38
bd833d103d8b3d04
bd82bc95bd85bce7
3cacbc9e3cf4bd19
3c683d043c19bceb
bc263c20bccdbc3f
3d8bbb213c53bcec
0000000000000000
3d7ebd763d0fbd22
bb6d3c7e3d2fbc07
bcbebd96bc6c3cb3
3c6bbbc9bd01bbba
bd21bbc33d4c3d1f
3d083c4cbd5ebd2c
3d23bdc6bd42bb89
3d6dbcc93b803d2a
3d73bc1abcb4bd09
3d433d49bd1e3d2f
0000000000000000
bdd63cf4bcdf3d2c
3cb33cb4bd553c96
3d8c3c9bbcaebd5a
3bfe3db93c94bc0d
bd933ca3bc2bbce5
bd3cba763b37be05
3da23bb5bd0b3c03
bd953bf83ccdbcd0
3d8b3d9cbd02bcbc
3d953dbabd953daf
0000000000000000
bd1c3cb63da1bdb6
3d30bd373d62bc9b
3d193c4fbe02bd6b
bcb3bda7bd503e04
3aedbd183c243da8
bd953d9a3cf4bd7c
bbedbd8dbd85bdaa
bce63d7abafb3d29
3bb53e283cc0bd2d
3d903cc4bdc33b95
0000000000000000
bd5a3d473c23bd1a
3d66bde93d62bcf7
3c183da23d1e3d2f
bc7fbd9d3d3a3ce4
3d8d3d113cd63d2f
bcb33c6c3cc43d80
bd053c70bd11bc95
bcc0bbf53dc03bc2
bd993b1e3cc13a5d
3d423b16bd86bceb
0000000000000000
3c91bca8bd853d27
3d94bd6bbbe03d65
bcd2bc85bb0fbd2f
3b60bdd6bdbdbc88
bd58bd3dbd27bc82
bd083c123b86bd3f
bd64bbd5bda9bd42
3d75bd9a3c543d19
3c983c903d8d3ca5
bdc9b9923cb13da2
0000000000000000
bd17bdc53ccb3ca0
bd93bd5abd5fbaa7
bd54bc87bcb4bcf0
bb61bb8cbd98bcc2
bc23bc32bcaebc79
bb613d143b9ebd0d
3c97bd34bd5d3c68
bd92bd7fbc343c43
bd89bd31bd3ebd39
bc3dbc9fbb2dbd9d
0000000000000000
3ccfbc87bdb1bd8b
3c383df73c4fbcba
bd8ebd3dbc553cad
bc41bdc13d4ebd89
bcdb3d0abd0c3dab
bc883cc4bccfbd84
3c0d3d963d5d3c69
bd1abc7fbc2dbd99
3d29bd13bd8e3d89
3dccbe203c213d21
0000000000000000
ba1dbca23d45bd0c
3e003bbe3d91bca6
3d4fbd343c953d2a
3c893c9eba693b12
3da3bd113cb4bd0c
bdd1bcbcbbe83d89
bd433db3bc933c98
3dcbbd893bddbdad
bd04bc6b3b82bd5d
3d6cbce33d0cbd49
0000000000000000
bc9cbd47bc5e3d86
3d83bd9639f93ba3
3c3cbd103cd8bbae
3d44bd86bb5f3a0d
3de93b89bcb4bd44
3d8fbd8dbdc23ced
bd083dccbcbd3d01
3d26bdbcbca3bd8a
bd103bb73c303d10
bd22bd043d803cd0
0000000000000000
bc6ebc66bcb93d53
3dbfbd8abd193d29
bd613cdc3d10bc60
bc533d64bc0d3cab
38bcbd113d153da8
3c23bc583ce53b55
bd71bc8b3c90bd14
bd023d8f3c7b385b
3dba3dabbc34bcf4
3d6d3c793d5abd52
0000000000000000
bcb43e10bc883d44
3bb9bca93cc4bd79
3c58bb0fbd213c99
3dcc3c0e3c98bcb0
bca2ba1a3d323c79
bd303da4bcc53c83
bc78bd2dbcd1bd5b
bcd23c54bd89bd63
bbb83c25bd08bca0
3d33bd3fbca5bb99
0000000000000000
3d403ce8bd823d6c
3be9bdcbbc9ebcd2
3d113c573d133cd8
3bc4bc98bd34bcd9
3d9c3c203d1dbd09
3c84bcd8bc75bd74
3dc8bd743ae9bc7d
3d763d65bd813d6f
3c153da23d86bc0d
3cabbdb43cc43ced
0000000000000000
bd1fbd9b3cba3c86
bcb4bdd93c88bd39
b9bd3d31bd5abd25
bb47bd49bb453d92
bd383cc9bda0bd21
bd27bd0c3b4a3d0a
3b0c3c773b1a3e04
bd743c433d1d3ce6
3bcc3d03bdd6bca6
3c4b3d45bc683d1c
0000000000000000
bd4abc7e3df13d39
3c853d2cbd6e3e09
bbaa3951bd3d3d87
bd4f3d78bdcc3d14
3d5fbbd4bd5abcf9
bc9cbb8e3d0cbcaa
3c293d44bce5bcf6
3d873db03d14bde2
3d0b3aabbcbabcec
bc883d13bdc63dbd
0000000000000000
3d92bb5b3b9fbcd4
3dae3ba43c0e3c3f
3d9d3c903dabbd0b
3d21bd18bcebbe13
3d05bc86bd3dbde5
bc8a3b59bd86bdbb
bde5bd8b3d13bcdf
3d93bc803d25bc45
3d04bd423d0d3df5
bde8bc28bc283d0e
0000000000000000
3d5b3ada3c44bd51
3d89bdb9bd3c3b1e
bc95bc633d0e3ca9
bd3e3da93d223d35
3b8f3cbc3d353d2d
3cf23c343db63d21
bc66bc97bc6e3d58
3c34babfbdc63ce6
bd9c3da3bcf2bda7
bd8dbbe3bde03dad
0000000000000000
bd983d653c8ebc94
bbd5bd6b3dccbd00
3d53bb9c3b32bb94
3d913c363d16bd8a
bcfc3caf3d81bd69
3bcb3c2dbb253d87
3d3bbb613ca23d2e
bc863df53d1cbcfe
3d003dddbc5eb959
3c24bd0abcd0bc94
0000000000000000
bd3bbc793c9b3d6b
3b493cfabd733d87
3c8d3e01bd50bda6
bc6d3c89bc663d54
3d13bd973d9fbbd1
bd83bde9bcc4bce4
bc7e3d9d3c503cc1
3d06bd543becbd25
bc1bbcff3d1e3b7a
3c853d09bd2f3d3d
0000000000000000
bcc2bc7dbc70bd67
bdc63c3b3c9cbd09
3d03bc3d3d283d0a
3d41bba83c9cbc34
3c49bc033d8ebdb5
3d3bbd3d3d86bd9e
bce73c693c86bc82
3db03b54bd4fbe1f
3d973d82bd9ebe04
bd09bcd83d813dbc
0000000000000000
bc0f3cf03cbebd5f
bb143dcc3cb8bd86
bc8bbcf53d87bc7c
bc13bbf13dacbc00
3cce3d6f3db1bd0b
3bd0bd1a3d2a3c16
bc4e3caa3d9c3d6f
3c403d693d4b3d8b
3cd13d123d093cfc
3c92bc99bde43bd4
0000000000000000
3cddbc7bbd9bbba0
bdcd3d41bc013bc1
bc69bb93bc9e3ccf
3b30bcdcbc9cbba7
bbab3ce3bcae3b94
3d5d3d09bd6fbdab
3ddf3dd43cd4bc1b
3d4dbd10bde0bddb
bd293ccbbc9fbba1
b88b3cc63cdfbdd0
0000000000000000
bcecbd3f3d53bd18
bd35bdafbc1dbd10
bdd43b0abc8b3d7a
3d4f3d21bcc6bd64
3cd5bd873dae3d66
bb8c3cfbbc50bd11
3da4bd7e3c953de6
bbf03ce0bd7ebd8d
3bf83d163c163cdc
3d183a2cbbd9bd7a
0000000000000000
bd093cf13d74be07
3cb63d983c103e0c
ba333d34bd783c81
3cf9bdfe3be2bd51
3d39bc90bd87b989
bcd5bcf53d433c66
3bebbd16bdeebc8b
3d0fbc1ebe14bd84
3b89bd2f3d84bdf1
bd64bc7d3d88bd11
0000000000000000
bcf3bca53d2e3cbb
3d3d3d1cbc643d8f
3d403ad03cddbcb9
bc5ebb283d6abc09
baad3c1d3ccc3b8d
3c863d523e013d99
bd6cbda33c63bc8c
bd0ebc853d843d01
3cb1bd20bbafbca6
3c62ba383c52bcc9
0000000000000000
bca6bdb13db5bc3d
3df5bcf4bd6cbcca
bc01bd37bb8c3d34
bd173dd6bb343d22
3d31bc94bcb13ca8
bd393d4d3c0abd4d
3dfcbb5fbc23bc31
bc3bbcd03d633d9f
bdb73d56bbb93d66
3d313e28bcf3bc71
0000000000000000
3d95bccbbd903d85
3c50bc0c3d6b3d37
3d133d673da2bbb8
bbdabc903d513cda
bc4bbd023a23bb99
3a153c21bcf4bd87
bcb93d3e3ad53d21
3d093d8cbdacbc44
3c44bdb6bdeabd6d
bcdebd5bbb7ebd86
0000000000000000
3cedbddfbd8d3d34
3d71bc66bd0abdaf
bbefbc7e3e05bd86
bdb53d59bc9fbd3f
bc83bd68bc3d3db9
bd273e033d11bd3a
bd0a3db3bb2c3d4a
bd69bcde3ccb3d26
3d15bd88bcbabc0c
bd81bd09bd0fbc4b
0000000000000000
3c0c3d9e3d143d0d
3d1dbd71bd22bcb8
3d2ebd10bd49bd92
bb173d47bc563d3e
bcc03b9dbd273d84
3c463c77be06bd53
bd21bcd23cea3cd3
b9103db33cdb3c7c
3a92bdaebc2cbbc0
bd1cbdc0bcd2bdb7
0000000000000000
3cf03ca8bcb4bc52
3cc7bd5b3a8f3db1
bc48bbd53c543c8a
bd97bd393d513dab
bd063cffbd5abd2e
3d71bc863d16bda1
bc87bcbebc033c0a
bd8c3d37bd2b3ced
bd14bccbbc1ebc9e
3d1cbdb13c68bc97
0000000000000000
3bdebb3bbd893c5f
b936bcb83d483a43
3d193d173d0bbd0e
bb55bde1bcabbd78
bd0bbc953c48bd23
bd523c3d39bf3d2c
3c9f3d513bb6bd8d
bcc6bd1cbda93dda
3cc4bb5d3d1a3d6c
3d67bc063cdebd1f
0000000000000000
3d693c8b3daabc38
bd1dbdc1bc45bd58
3c0a3cf13d2abd00
bcacbdb53db0bd47
bc05bdcc3e183d7a
bba73cb5bc99bbff
bca63c313dcc3d5c
bc133ca93e0abd5a
bce1bcab3c883d60
bd24bd90bd613c4c
0000000000000000
3cd33d61bd083cbb
3cc1bc9dbce8bd32
3cd13d27bd0d3b9e
3d91bc9fbb813ca0
3c77bd64bd32bd30
bd36bb9e3d003c83
be04bd2c3d913c80
bcf73c95bd0ebcba
3cc1bd123cd83d26
3c803c08ba393d1a
0000000000000000
bcddbca4bd643ba1
bdb1bc843d11bda7
bd30bb5b3d26bdd9
bd3b3d423d95be13
bd973cd33e023d99
3d7f3d82bb0abda7
3c9dbca1bcd13c29
bd6dbce3bd0bbd47
bbdabd74bba83d8a
3c3d3c4cbd27bd46
0000000000000000
3b41bcb33d8a3c66
3bfb3d87bd9d3d44
bc9c3c10bd63bb1d
3cd0bd74bc923d99
3e083d25bca63c11
3d86bc063d6c3d77
3d4d3c3e3ce3bd94
3c813d08bb3bbd8f
bdfb3c7d3d37bc5f
bd9e3ce33ce43cba
0000000000000000
3c5dbd283d14bcf7
bda43c4e3a9ebd91
bd4c3d3abcc93cd4
bd3d3c573ca33ccc
bdc23d06bcd8bc7e
3cd0bd8a3dc53e07
3c44bd14bd2e3b9d
bcdcbd1ebd62bc7f
bdc23d1cbcbcbd7f
3ddabd24bcdfbd5b
0000000000000000
3d83bd7abbb33d93
bd6f3bdc3d9abc23
3d5e3cff3cbebe22
bd7e3cd2bdcbbd61
3d4fbcc5bdc0bd1c
bc653d6ebd653b67
bdc53d31bd6cbd45
3ce53c54bcc7bd9e
3d6dbdc3bd3b3cf0
3da73c9c3cd83c43
0000000000000000
befb3edd4097bbc7
3ec9beabc0943f6b
3e993efcbfb7be99
bf8bc017bef1bee8
3f14bf143f053f32
bde13f5d3f98bf5b
3c883e1b3ede3fc6
3f543f5d3d51bd4c
bee6bf393dffbe87
bf0a3e723f433f20
be93bf563ffabe1f
3e7dbeb2bf0c4013
3f813e97bf0fbe0e
bf8d3de3bf0c3f17
bf1ebf06bf2cbf19
be803f22c02a3f79
bf833f0ac0883db4
3ed03eb4bf7c4092
3fdd3e553e1e3fcd
3f0fbf023f373f25
3f163e1e3f833f96
3e783fbebf5ebfeb
bec4be7441333ec0
3dc8bf2240894075
3f21bf033e723f01
3f823f933f1cbf4b
3fa4bf7abf433f10
bf003fb33f3c3fcd
403f4061beb0bd84
3f153ebebf19bf4e
c00cbf793e74bf3f
bf723f744023be93
4053bfd2c0bd3da5
400dbed8bf5e3e97
3f1abf193f033f1b
3e8abff13f8e3ee1
bef340623fcebe73
40693fc7bed6bf83
bfacbe7f3fc0bfe3
3f463f0ebefc3ec8
3fee3f5b3e823e00
4091bf2a3fb0bf3c
bf9a4013beeb3edc
3ed03f6ebe53be61
bf38bf413eee3f07
bd85be44bf814011
3fe83eca3f01bf01
be81404cbfcbbe0d
c027c09f3f87bcf5
bf17bf33bf47bf0e
bf3fc00bbf9a3f84
bd9f3fa73fcbc07a
be52bfe53f82bf2a
3f653e8a3d7dbf10
bf33bf113f183f16
bfa6c002bfb03f1b
3ebcc01fbf53bee4
3fbc3ec8be96beeb
40383f00bd803f30
bf643ef83f303f32
405fbf27bfa0bf37
3fe0be8d3ed23ee1
3ea2bddbbe553f0a
3e5ebdbfbfa93f82
bf01bf083f24bf08
3f10c0c3bf6040b7
c001c01abedc40e9
3ff83ee5bf84c128
c0a3bf9abe26bf5b
bf11bf1a3f1c3ed8
bf5a3f9cbd7abe94
c033bfc6bf87bddb
404b3d66be83bfef
bef9409b3fd53f05
bf063eeabf623f21
3efe3ffec0b23f87
3f793ffe4027bf30
bef0be103faebe79
3bfebf91be363ee0
bf2f3f7abee1bf3c
3f043efcc0033da2
3f1a3f75bf0ebebb
be6cbf92bf1abfdb
be4cbeeb3f65bfcb
3f31bf24bf23bf1f
bf8ec00b3ff93dac
3fa1c081c001bfc5
3e883f21bdf2bff4
3fdfbf98bf873dbc
bf1bbf47bf33bf2c
c019bf433f10bf52
3ff43f76bf53bf7d
3ee8bf0fbd19beff
bf8f3f7d3f45bea2
bf16bf423f15bf18
3e9bbfa1bfd93f1e
3f57c02240353e08
3e85bec9bf69beed
3f7cbf153ea33e34
bf083f06bf29bf38
bf4cbfbabfc13dc7
bed34034beee3e15
bfab3fe73db3bea7
4026bf0b3fb83dff
3ede3f09bf263ee2
bf273f60bef13ef3
3cd1bee6beb93f74
c0053e803ea2bfa9
40163f0d3f11c0fd
3f413f47bf08bef3
3f303fb93ed6bf9e
3e3b3e5e3f8a3faf
3f11c025bf4bbf71
3d89bf2cbf83bf1e
3f18bf47bf17bf2f
3f0cbf463fb0c01b
3f573fbb3d1b402d
3eb03e01bd3cbf91
bf843e20bd773f25
3f493f263f2e3f1b
3e303e9d3f86bdad
3eb6bf1d3f7f3f02
4077bf05bea23f12
bf973ee5bec43f44
bef6bf06bf2abf3c
4057401c3cacbfbe
3f743f5d3fefbf9d
3e893f18bea63f5f
bdc43fa43edd4037
bf01bf19bf20bf03
3f873fa7bf4b3d81
bec7c090bf0e3e15
c008bef9bf15bfcf
3f883e43bf213edc
bf3bbf23bf3c3f0d
bfc43f7f3f393eba
3f5f3e30c0143eb7
3f39beecbeba3eac
3fb5beca3e233ffb
bf223f3f3f14bf39
3ef83f8e3e793f11
40503f4ebf2e3d61
3e523c633fbbbf96
3e2b3f4a3f513f10
3f2ebf33bf393f16
be253eac3feebfa7
3e743fd53d3cbeb1
3dd53e2b3e95be82
bf2a3f16bf4fbf3c
3f05bf3f3f17bf12
bce83bb9bd98bde4
bd6ebd4a3dcebd69
3d25bd383c4a3c34
3d25bcfcbd3bbe27
ba30bd4cbb26bc0b
bc11bd303c8d3d4b
bd783d9c3b543d74
bd133dcc3c873ca6
3d5cbc8bbc713da1
bc7d3d3bbc413d33
3ca9bde1bd2e3b41
3db93c193c26bd7c
3d64bcbd3d123d3f
bd2dbd6cba903c90
3dc33d353d033d30
3d1b3cbebd1dbddb
3d2bbc7bbcba3c51
3dd43d413c75bb57
bd973ce1bc62bd9b
bb513db6bd9f3d48
3d57bd67b8ebbcde
bcbbbd973ca6bd0c
bd903dc1bd663cbf
3d933d14bc41bc38
bbd93cb2bd8fbc72
3d36bd173d633e13
bbbebd1dbcc6bd48
bc9c3d51bd49bd8a
bd9fbc99bc483dd7
bdcfbae33d2fbd0b
bc2dbcdc3d9a3cba
3c593c2abcf9bd8b
3de9bd903c523ccd
bc5c3d9ebdd0bda2
bc94bd3dbcc33b89
3dd2bd233da8bc30
3cb13d133d033d6b
bdd1bdba3b72bd1b
3d0a3d603c1e3ccf
bd543c883d8eba54
bd0a3d88bd1c3dd5
3cf13c8a3c723d80
3c783d99bca9bcd9
3dd3bd59bd693d2b
3bf43d803d46bde7
bcc5bd343ce93c36
3d90bcbf3c9a3d20
bd603c083aa63d74
3d79bd1cbd8dbbe1
3d093d813c843d0b
3dffbe11bd3b3d93
bced3d813d693ce7
3d9a3db5bd1f3bab
bc183c4fbb973d2b
3d333cc1bd8a3d59
bd0e3ced3e033dbe
bcb13d1c3c01bd38
3dba3c1d3d1e3cea
3cb93d873d483c90
bc1ebd1bbd1bbdb4
0000000000000000
bc8ebd6c3daabd0c
3b723b0fbdb43d32
bc8c3da1bd283e04
bc0b3d1c38f43c70
bc6c3d1dbd843ce0
bceebd633d273ca0
bd4ebd8e3c24bcdc
bbe3bdd63d083c0a
3c843c6bbcc83d9a
3c963dbe3bc83cc3
3dc53b99bc78bcba
bc3f3c9bba8dbdf0
3d0e3d4d3cab3da0
bd06bd4e3c1e3cdf
bce33d4ebd60bd26
bc18bd84bc87bc85
3cafbd72bc43bd4e
3d0bbd96bdb7bd81
bdb0bd953d043ce5
3c133bfdbd26bd1c
3c8e3d8a3ce1bcb7
3cf5bd87bb80bd41
bd29bd91bd51bc27
3c9cbbddbd80bd21
bcd73cd03df33d19
3c14bdac3d17bcab
bd063c8cbd31bb7e
3d353da33ddc3d4b
bd433d0c3d8a3ccf
bcf13db73b543cda
3dc8bd2f3c1dbc8d
bd09bc513d2e3d8f
3c153cf9bd683c87
bd96bd37bd1c3c83
bd8bbcd8bd1b3d5b
bda43b0cbd4dbdbd
bd843c3ebcb4bd8b
3a8e3d66bc713d27
3d613b993d443d83
bdf13c13bd183c85
bbc43d6fbd2d3bb1
bc9bbd92bcd6bd06
bdc33cd3bcc3bdaa
3ddcbcc8bc52bc81
3c45bc4f3ae53c84
bd853d21bc203c6c
3b933d9c3d643d99
bdf3bd74bd80bd74
bc8a3c433cdebd75
3d83bad7bd3c3c9f
bd33bd50bc983c62
bdd4bd60bdebbc12
3bf83c49bd29bbc3
ba7b3d353c903d18
3d98bc3ebcc0bbc5
3d123d97bdd23d16
bd153d00bd673cb4
bc443db1bc3f3c2c
bd52bce3bdda3d12
bcfb3ca93d9abc88
0000000000000000
bdb1bce5bc313cb3
bd8abdbd3d51bc10
3d5b3d33bd3cbe1e
3cf9bd3ebc72ba84
bdc83ca1bcd13c2e
bb993d893d57bbca
bcb33ccebc633cd8
3da2bc963cdfbd0d
bdd53e073d3ebd95
bc92bba13c1cbca1
3d5abdb33d043ca1
3b7f3d73bca8bc0a
3d8a3d073d993c7e
3dc7bd8fbd19ba59
390d3d14bd39bd36
3dccbcb3bb943cf5
bc193ad1bdadbd90
bc89bd243c8a3c88
bc09bc69bc2abccf
3b08bbedbd223d8a
be12ba5b3dd63ab9
3d25bcafbd8b3c04
bdb5ba893c37bcbf
bc233d133dcdbd5a
bd7dbd713d113d41
bd043e10bdbdbd80
3cbb3d3f3ccb3df7
bccabcb6bd333cbe
3c923c8fbd2dbda3
bdb73cbd3dad3da3
3d32bcaf3d86bbf9
bc9ebd373d26ba8f
bca33b803deb3c98
3d8fbd833d83bd0f
3d863cb93dfe3d18
bd20bd003dca3cd8
3c293db3bc8e3c2c
3d793cc5bd233d10
bbe1bd87bd433d1a
bc18bd143d04bd3f
bbd43c403d5cbd11
bd0b3c68bd8abd0c
bd3ebd75bc91bc6f
3ca23d8fbd3b3cb9
3d6fbd1e3c823cad
bd523da4bc71be1a
3ad43d69bbabbd6c
bb8fbcc93d1d3c33
3bccbbafbccabd46
bc173d733c79bd49
3d633db8bd16bd94
bd9bbd29bc7e3d4c
3c7c3ccfbc923dc4
3d303c86bbba3d18
bce63d9dbab43cc6
3d81bda93daf3d4c
bd173c52bd67bd00
bcdbba1b3d52bdc7
bd823d8e3c803d1a
bcd9bcddbd4dbd2b
0000000000000000
3bb9bd91bde93ce8
3da13d253d223d04
bd853d843dc73c02
bd15bd2cbd91bd16
3d993de33d34bd9c
bd70bce2bc06bd94
bd47bc31bb93bd2a
3b923daebd813d73
bd97bd3c3ca93a0e
3c74bc253c9b3d18
bd41bd9c3d58bc22
3d8b3a85bcc83d21
bccf3b793cbb3c68
3cda3dbe3db33c52
3b93bd593db3bc21
bce43cbd3d2e3d12
3cebbd53bb573da5
bcf0bcb2bd863dd6
bc9a3d25bd9ebd5b
3cc43da5bd663cea
3c73bd53bdbfbde1
3cd93aeb3d453d5e
3ca43c18bcdbbd27
bc48bd55bb6dbd61
bdf53d083c853ce8
3d8d3ba33d47bab5
3c723cf53c363cc1
bdcb3d6f3c133cd9
3ab13c653cf6bc62
bd143cb63c88be04
3d153c593bb0bca8
3c4d3dbf3d13bd7a
3cc7bd67bd623d31
bd76bd89bd56bc3b
bcccbcd83be73e04
bddfb9df3d13bd34
bb14bc22bd4b3cd0
3d803b8f3d84bbde
3de3bcbabc5fbc0e
3ca7b99cbe09bb61
bd2cbddf3b883ca3
bd983d6c3d10bd66
3d393d7a3c76bd75
3d083d4e3cf9bd8c
bd663d3bbcb13c26
bdf9bd08bdfcbd97
3ca2bcf4bde33d95
3c34bd1ebdbdbd38
3c8d3caa3c6fbd96
bcc63cbe3e413cfc
bcfa3cc43d96bd3e
bcf03d3f3ca3bd85
3ca73d9abd673d03
bd21bc113c723db3
3d9b3de63da73d1c
3d92b90a3cc6bd9e
3da93de43d463d51
3d45bcb93db93d4b
3b8ebd703ca63e06
bd3cbc263c20bcda
0000000000000000
3c18bca93d43bbdf
3d863d82bca83d47
bdbc3cf83cec3d30
bdacbc43bdae3c61
bdcc3bca3da3bb96
3b6b3d6bbd203d2b
bd21bbfdbd263cdb
3da53b67bc46bdac
3d6ebd6b3c4a3bcc
3cc73ab4ba2c3e16
3c28bbaf3c873d08
3d153cdd3db2bc6e
bd023c4d3d62bb45
3d4cbd77bd5c3c3c
bc0a3d043d22bcaa
3db53c593cdf3c5e
3d743daabbedbd08
bd2d3cf1bdbf3d06
3bb9bbfebd003cda
3dd83bf1bc67bd92
3e0ebd25bd313d30
bd50bcc2bd33bdd5
3cd6bcbebdb0bd94
bd5ebd06bd6d3d26
bbb43d3bbababbbc
3cd33d993dd3bd84
bdbebc0cbdb83bb5
bda4bd94bca6bda1
3ccb3bfd3d3c3a94
3d8c3cff3d3b3d00
3d77bce0ba073cd1
3de13d3abd1dbbc8
3d7bbd243c8c3d40
bd46bd1fba65bd58
bd193d413d7fbc04
bd9f3d893cd33c87
3d223d423ca53d0a
3d063cadbcbf3d39
3c2e3bc63de83c0e
3bb5bc853d9cbd38
3db8bd22bb7e3d64
3d2d3b38bd9d3c4a
bd313da1bdc33cd0
bd25bcc53d41bc96
bd4dbda73b993bc9
bd34bd69bd823c8d
3ddebd38bd08bc55
3c803d2abd58bd7d
3d5b3baebcdd3d97
3d46bc213c883cbf
bdb13d8abcfb3d2b
3d943cd53ddbbd56
bdc8bd513d7c3c9d
3cf2bcae3d253dda
3e07bcc53d73bda5
3d593d43bd3e3cfa
3dd13cfabc813cfa
3c64be253ccebc19
bd393b413dbdbd8e
bd2e3d2eb9cebdb4
0000000000000000
bcd43d9f3d8e3d95
bcdf3dee3de73af3
be353d533dd23cb1
383839acbd343d07
bc973d493d133c0e
bdb0bd8cbcabbdc2
3cfd3c1cbd4bbd09
bc28bc003d1abd35
3d9d3d93bc9dbcdb
3da03bb53d42bd64
3c963d9a3b403d56
3ca4bca9bd663d26
bcd5bd84bd203d2b
bd273d853ca3bd18
bd703cd5bd2dbd13
3d6cbc063bd5ba6f
3cf83d4f3d4f3d8d
bcbbbd7c3ce63db3
bd703b8d3d3dbd90
bbbcbd0dbdebbced
3cbd3cd23d6a3c88
bd4dbd213e063b88
bcb2bd17be543d88
3dc13d8fbd61bcbd
3cc93c47bcb2bc0e
3d3cbb90bccfbdd8
bd8dbc6cbd04bca3
3c41bd4ebd813d6c
3bb7bd523dde3d23
bc79bda73dabbcab
3d113cf6bc5dbb13
3b5c3ca6bcc33d44
bc0fbccdbd23bcae
bda83ba0bc063b27
3cb4bd073d083ba6
bc643d39bc82ba92
3d52bc873c9abca0
bc91be823dbabd79
bd82bdd93db73cbc
bd7ebd6c3ba13c6b
3a8d3d0e3d243adb
ba633db03de53c16
3c43bd7d3d9f3d7a
3c8dbb23bd43bc82
bd97bc9ebd673d67
3d023db93dcf3d0f
3e12bdf3bd66bbda
bc7bbc73bd113dba
3d66ba903b103d30
3da6bd7abd533ca0
3cd93d823db1bc53
bde0bb8f3d3cbcc9
3c91bdbcbcc1bd1e
3d203e0bbceebc67
3d52bc86bd8b3d9c
3daa3d2d39ba3d4e
bc8b3d2cbcd13d03
3db53dd83cbcbd60
3ca3bd49bd943dbd
3d89bd29bdd4bd6e
0000000000000000
bd663d4a3ba6be10
bd103d1cbb92bce4
3cbe3ce63d1339f8
3cea3cd9bcc6be08
3d3f3c51bbd83cf1
3b3d3d0b3c543b17
3cc6bd223c1fbb08
3b9db9babaf83d01
bc5b3abbbd22bd19
ba00bcaabc4fbd36
3d6ebdbebc3c3d12
bd8fbde93ce3bc8a
bc62bd5a3b89bbfd
3d2b3d153cbf3caa
bc20bcbb3dd1be15
bc5d3dd13c1abc9b
bd90bd23bc3ebc1d
3d2abdce3bed3cf6
3d353c9e3ce0bc10
3b27bc94bd6abdf4
bcab3bb3bde3bd68
bd4abd223d01bc93
bc3f3e05bd89bd04
3d14bd2d3d0a3dbf
3d56bd843d363c15
bcb1bc573d553ce4
3c96bd5e3bdc3c6a
bbf33c8cbc733e06
bcffbcc7bdae3d55
3cd93daa3cb7bc40
3d833d6d3ccdbc06
bbb23aef38353d8f
3cd0bda03a84bd58
3d3bbd6fbc203d3c
bc88bc093d333d7c
3cc6bca9bc4abe15
bdeebc433907bbbc
3d2cbd0cbc543d5f
bd523c80bd4c3d83
bd0fbd2939ed3ca9
3be1bc753d893ce6
bd67bd42bb8fbcc8
3cecbd0a3d23bc35
3bc63c1a3d8bbcbc
bcf83d0c3d153d55
3c3abd61bd87bd04
3d5fbde7bd8f3d32
3d0b3d5cbbf1bdc1
bc3bbdf9bd84bd08
bd03bd163c683a24
bcb63d74bcfabd9b
bc92bd1dbc23bc4a
bcba3d3b3d3cbd18
3cb13c8c3d14bd38
bd22bde4bd383d7e
3c69bb6b3c2f3d81
bc6fbd933ccdbcfa
3b333cac3d893d69
3b3d3b193d953b51
3d19bbf8bd103ce0
0000000000000000
bcecbc92bcf0bdaa
3d6c3bc63ba03a47
bd94bdad3d383c2a
3ba13d75bc903d22
bc91bc1c3c84bd88
3c6ebb60be083dd9
3dc8bd1fbcc43d21
bc8abae7bd8bbd6a
3ba5bd603dbfbd96
3d8fbc8a3c8ebdd8
bd43bcd03b833d91
bcecbcc73c823d30
bccc3db1bd31bc96
3d353d5fbcd3bcf4
bd43bcecbc3fbdd7
3d56bb71bccbbdae
3c003d9bbd953d49
bc71bd9abc133d45
3d723cb1bcb9bd7e
bda93ca8bce7bcd1
3d663c293dbf3da0
3c833d58bd353d39
bd88bd023d51bdbf
3cf1bd4c3c143dfa
bc2cbc06bb16bca4
3c6fbd883d2cbd1e
bca6bdb1bd59bd28
3af3bca53d9e3cc6
bbe03d76bd12bd2f
3e1a3d373c683cf8
3ca63cd0bd1bbc94
3bc5bd3abcb73d97
ba1e3da5bbce3d9a
bcc5bd99bcb6bd7e
3d463d993d66bc86
3cf93c183cad3d23
3d343d18bc8a3d1c
bc083c25bc8c3c44
bc353ae33c8d3d84
3db9bca6bcef3dc8
3dc4bce6bd253bde
bcc7bd86bbcfbd24
3dc0bd9abd1dbb84
bd163d14bcd43cad
3d573cc13d263d55
3d8b3d533d9c3db0
bdaebbc43a973c57
3b5c3e09bda1bcb8
3b943de13b91bc92
3d563d26bbab3da0
3d02bd60bd6ebc73
bda6bbf23dba3c99
bc343c98bca63cc8
bcf4bd583d12bd8b
3c8e3d8dbd99bd2e
3d463bd23dce3d67
bd3cbcdabce6bda5
3dc23d303ca1bd87
3d933d973d2abca0
bcb03d77bd8ebd55
0000000000000000
3cbd3dfe3d353d8e
bd65bc133df0bd7c
bcd4bd0dbcbcbd5d
bd37bc8bbd05bd7e
3d0a39963cf8bbd5
3a5f3d24bd41bd5d
bca83d0abd353d86
bcf5bd96bc3fbdb2
b861bd91bd143cec
bd3dbe27bd0abd48
3c603c8cbb403cb0
3b9d3dae3da93d9f
bd14bbfdbde9bc12
bcf8bd5639c5bdac
bd3bbbeabc3fbc88
bc963c85bda63d97
bbbfbd933d313c83
3c67bc60bc0ebd98
bca43d03bd02b98b
bd9b3c913da63ddc
bd99bc183d62bdc8
bd3b3ce23d69bdd5
bd4c3de83a053d1d
bc283d0bbbba3bb0
bc8fbbb43bf73d17
bde63d86bbfebd0d
be06bd2fbcefb8b2
3ccbbd31bd91bd51
bc983c333d2ebdab
bd1fbc14bd963c6b
bcb7bc94bcbebaeb
3d97bdb9bd3fbcbf
b9ffbd543c12bc85
bcbcbd853da43c06
bd313e05bd793b89
3ca6bcc53d983c10
3d9b3dc63df03d39
3bf63db9bc663db7
3dee3d4abc66bc2f
bca23d843dffbd38
3bf73ce3bd9f3dad
bd11bbc2bd0ebc8a
bd743c34bd33bc63
3a6f3d82bd9a3b9d
3d9ebdca3ddfbc58
3d82bd2f3c1abd32
3d1c3d373d6a3cc2
bd31bbf83d473d5c
3d2cbc813d08bdcc
3d653d70bdfabd8a
3c673dc8bc8abd4d
bcda3c493d26bdd0
3d503cf5bccebdc2
3c8abd3d3d3a3b87
3dc13c18bd7a3ddd
3c27be12bc2fbd97
3d43ba593e1dbcae
bcea3d123d8cbc79
3cd1bb9e3d8f3c67
bd61bc1e3cbdbd93
0000000000000000
3db5bc88bd82bbdb
bd95bd003c903cf3
3d893c9f3c143905
bc463d47bcefbdbb
bd623b9bbcc1baba
3cf3bc62bccdbc5b
3c89bd803d283ca1
bd393c6f3d0a3ced
bdac3d17bd6d3d54
bd8c3dbcbd833d95
3d92bdb53df83d40
3dddbca63c813cf8
bcefbb7cbc79bd83
bb61bdb1bc00bd30
bdc9bcfbbdc6bc66
3c62bd90bc57bdcc
bb473c9ebbf6bda5
3d1ebd19bd97bc8d
3b4dbc723d70bda1
3a923ccc3df23e41
3e26bd5abd0b3b97
bb57bc8d3d10bcc2
bcbabc6bbda93dd7
bd463cf53d893c00
bda03d1aba9fbd9f
bc1ebcbd3d363d69
bd17bd3b3cc43cc9
3d30bd203d913dd1
3daebcf83dc1bcc9
3d863d083cfabd7a
bb85bc9e3c923d2a
3d153d4a3d9bbdd5
bc4cbcaabcc93e07
3d343c483d9fbc8b
bc56bdba3bbbbd54
3d2a3d283cc1bc55
3c95bcb83d02bdad
3e063d33bb77bcb1
bd0fbd96bde0bcb2
3d98bd05bca43d01
bcdb3c80bd1c3cdf
bd983bdf3b9abd79
bcefbd9f3d58bd23
bc62bcd9bcc2bc2a
bd43bc4ebb173dc5
bd33bcacbdd53da4
bc993cd33d1d3dac
bcd63b74bcbdbcd0
bc5ebcbfbb8b3bac
3dbb3d62bda53bb2
3cc53c5abd2d3c5a
bce0bc7fbd8fbdd4
bbcdbe1bbd453d41
3c873c6dbca13c67
3c72bc3abe0f3cfc
3dc3bbce3d13bc67
3cf73d383caf3c29
bc5f3c0fbccd3d41
bd43be06bd79bbdc
3d913cfe3c11bcaf
0000000000000000
3cdfbd6b3d9dbb6d
3c89bdc3bda4bc87
bc1e3dd13dc8bd51
3da83d13bdba3d27
3ccebddebca3bd48
bdbbbd1abce2bdd8
3d8d3d013bfebc8f
bc5abc59bd27bdac
3b81bd96bd9e3d9b
3c663c5ebdb0bd89
bdb1bd2abd223d9a
3d73bc2bbd20bd9b
3d8bbbe3bcec3d12
bd65bcab3be8bc50
3c303ca13ca8bd35
bcb03d4e3cc23cf2
bc583de73d8b3e04
bcc93d733c99bca9
3c6f3d603d8ebd44
3d1dbcc7bb6ab9fe
3c5a3e2e3c39bcd1
bd303d913c50bd5d
3da5bd1bbdc23dfc
bc2bbce1bc673d76
bd063da3bd6e3dae
3d4ebd3f3d79bcdd
3c65bca1bd233b82
3d5b3e0fbd89bc4b
3d213c53bd5b3c47
3cf23bf43dbe3c5c
bd0e3bbbbce1bd51
3d5fbdf1bd0fbd32
3d5abd38bb863cc3
b9913d7b3d9fbd24
bcb5bd6abd89bce5
3df4bd063d203dc7
3c44bd4fbd80bcdf
3cc93db43b56bd59
3d203d953c8cbd32
bd083db2bd233d96
3c9fbd093cd7bdac
3c013c873d273c5c
bcba3d373cb83ce6
bc6b3da33d353d55
3c623cbcbcf2bd0d
bd28bd26bd98bd50
3c24bcafbd82bdd4
bce73aea3ce93c31
bc39bcadbced3e22
bc823c94bd80bcf9
bcc03d55bd88bdd5
bd353ceebd43bd0c
bd80bd6c3dcebb59
bcfd3c183dfd3d09
bc2b3b17bcab3dbb
bbddbd1dbd8f3d13
bd47bd943d0f3c12
bb82bcb0bcbdbd60
bd433d80bd413d84
3cc83d123cef3dbe
0000000000000000
bd2d39c1bd36bd7c
bc973ac2bd3f3cb0
3d753d36bc683cdc
3db0bcac3c2bbd00
3d273d8bbccfbcb5
bd233d67bd0f3da0
bdc53dad3ddebd6b
3c95bd22bca2bcad
bd483c5abd4b3ca9
3ac73d1a3d3b3d53
3d90bb7a3cda3c79
3d683c063cec3cf6
bd4cbb9b3daebdb2
3e1c3c70bbb0bb0a
3d56bd58bca53c98
bc4d3dc43d143d68
3ca53d6c3ca03c23
3d03bd55bd113d6f
3c5e3cec3ce83bdf
3dedbc293cd63d1f
3d4f3d683cabbd9e
3db63bca3c5b3b93
bc62bce23d4ebca8
bd9e3d7c3bfabd6c
3db53d09bdddba90
bd94bda4be253c88
bb523d1fbd723d1f
3cbf3cf6bc863d73
3d73bc0bbb6c3aac
3d2638ec3d4d3cb7
3d99bb623d44bc73
3b8f3d3f3de0bb81
bd863b4b3c753d86
3d74bc9e3b553db7
bd2fbcb5bce73c60
3cde3d5a3bf4bcbb
bdf63cad3d8b3c8a
3d26bd29bc8b3d46
3daa3d61bbf9bc9c
bdde3d223da7bc95
3e0dbbffbcd0bc13
bd963d4bbd053c63
bc3d3d983cde3cc5
bd203d92bc023c4d
bc9b3d2f3e093cd6
bcf43c1f3cbfbd76
bcf6bd583d8b3b25
3e13bcad3be4bd38
bd72badebd44bd1a
3a19bbccbd5fbc4e
bb9ebcf4bd3bbdc4
bc6d3d9fbc163d4c
3dc4bd0c3c603a8b
3d2ebd0dbdffbab6
3ca73d06bdcbbcb4
bda2badebc4fbc9b
3d373d97bd463d2c
3d593d383d023d45
3dc23d64bdefbd51
3c29bd813d523d38
0000000000000000
bd4a3a493d793dbd
3d893cc03cedbd20
b990bdd3bccbbcab
3d103d6bbde1bc85
bd663c913d043d46
3e243dbcbc633cb4
3d393d98be183c5b
bc73bd443d8ebb9c
bc67bd82bd823cd6
bd323bcfbd693db3
3b693ba63d90bcf6
bb2b3cba3d493c74
bd8bbdb03d7a3c9f
3cab3d753cd8bd46
bd3ebbdebd1c3dbb
3d293cb93d8fbe02
be373d0a3d663d51
bdb73d9abd363dcd
3c8abd063d59bb99
3d933d34bcee3ccf
bc5fbc98bd133de8
3bab3d4bbc64bd3a
bc55bdadbc033ca5
bd793db93d96bbad
3c2f3c683e37bc97
3b67bd19bdc0bb86
3cd6bce53db2bcc0
3d873b253d4c3b78
bd293ca2bcc43d34
bce63cb93d1bbcbd
3b523cf93cdabd7d
b9f13d3dbdfcbd39
bcd0bc72bd05be09
bd4cbd85bbbebda0
3d74b9fbbb73bd13
3c13bc0abe283df8
3d54bd02bd00bcbb
bd61bcf3bc80bbc2
bb9a3b143cab3ca2
3bee3c9e3c9b3d02
3d39bd1f3d293c3d
3c723d90bde73ce9
bcf7bd563acf3d9c
3d0bbd87bd823910
3db2bcc5bbadbd09
3cf23d62bcf43d00
bbda3b83bd20bd2d
bb823abf3d2e3cff
bd9d39403d24bcf2
3bdabb32bcd2bd06
bcaabd49bd32bdc1
bccfbcfc3d123dc7
3d013cb6bd0b3d02
3d273ce5bd183d72
bc923ce63b8abd25
bd373da1bd1a3d7d
3e0b3cd33da7bd54
bca5bd59bd813c08
bd1d3d883d6b3e16
bdf6bd663cd73cfd
0000000000000000
bd1a3b313c90bce9
bcf53d993d46bcb0
3c913d76bc213d5e
3d22bc76bdc5bde4
bd613d89bd023df9
3d98bdac3d383cb7
bdb03da8bc7b3c32
3d4e3c1f3dd8bd9a
3cc5bbbebc7cbd0b
bceebdc2bda53d96
bd2f3d783d143c48
bcb13d12bb383d60
3dae3ca33a1ebddf
bdd43d68bd373dc7
3cc9bcd9bdc73d06
bd22bd0bbd103bf8
bca8bdf43d8bbd9b
3e32bceb3d2e3bbb
3b6fbd0a3d8cbd85
bcb13d2e3c963d54
3ce4bd863cf23d18
3c3c3d0abc7b3d87
3cd0bb8b3e073c50
3d7b3be0bd66bd80
bc873d8dbd823d83
3d393d9b3d27bd99
3ce4bcdc3d06bcfe
bd783d70bd163d6f
39753d95bd7c3d84
3d68bdabbca9bd59
3d3fbdae3d943c8c
bdc33db5bc2b3cac
3d86be0ebe12bd57
bd1f3ca13ce63ce8
bc343d4abd66bd9e
3da73d6dbd553d06
bd563cb7bcb0bd93
3d73bcd5bd833d97
bd7e3d083c9d3d86
b9f5bc103dbabcf3
bcef3d153db1bdda
bdb93d44bd94bd24
bc873add3d9c3bf2
3c523daa3d3cbcb2
3a8f3d38bcf33d2f
bdbebd5c3d903d5d
bd2b3c20be05bdb9
3d5a3cadbded3d14
3d893da2bd83bc86
3dc4bcd53d8bbba1
bd8cbda93cbd3d89
3d87bbeabc1f3d96
3d8dbc0cbdcabd0e
bdfa3d1d3c86bd81
3cbe3d98bdb7bce1
bd443dbdbcdc3ab9
bd1f3d0a3c693d2b
39f13c0ebe11bd94
bd22bdb5bc183d4b
3d76bd703b5ebcea
0000000000000000
3c743b503b753c98
3dc8bcf8bcfbbd7c
3d4f3d193d283c01
bd58bbbf3c58bd42
3da33d623d313bfb
3da43cfb3d78bcb8
3c8dbd363db23d08
3d7fbd2fbcbd3c5f
bd47bd5ebd4cbcea
bb9cbcefbcbc3da7
bc3c3b4c3cf1ba5b
bd6a3d353c723d26
3d4a3ddebd4f3ba3
3dc43d18bc38bd10
3d353d6a3cd53ba4
bce73da03d79bdeb
bd4a3d08be11baab
bccebd6abd5e3c84
3c0f3d563bd5bc19
bbdb3bdabd0abd7a
3c73bd613d783d7d
bcf1bc5d3cafbc89
3d82bdc7bd08bd09
3d623d933ce6bc36
3d3dbc0abc4cbd5e
3db9bd9a3dac3cef
3cf13c293c193d96
3dbc3cf5bd2dbb3d
bd023d1b3badbd6d
3a55bcff3dae3d07
3c1bbd98bb293b62
bcb4bca73bf63c1d
bc083c3abc94bc82
bc8abcee3dbfbdd4
3d483d77bde33cea
3c1ebd243d3bbd23
3d25bcfcbdb23b22
3c423da9bd813da2
b8c5bbcb3c37bd03
3ce439f4bdfcbb26
3dd3bd0b3c7e3b63
3bb237313d51b92c
bbeebd19bd743cd7
bdd23cf23daebd08
3d573d8f3d253bb8
bd0bbd21bd163c79
3d423ba8bdb53d14
b98fbb7dbc303d7d
3a383d963cd1bc6f
bcc63c9a3d90bd26
3b4dbc9e3ca9bd6b
3c8fbdc0bc2cbc90
bc893d043daabd94
3b633c613bb0be1e
bd0a3d30bd95bd2e
3c893d94bd90bcb4
bd1fbcb2bd90bbfb
ba5fbd203cb73d8f
3cf4bc80bc5cbcc2
3cdebd77bd9abd92
0000000000000000
bd9d3d9e3c99bc92
bd55bda43dc8bd40
3db13da4bb8f3d65
bc693dab3d113b20
bce3bd873d203d7f
3d3f3ced3da93dcb
bc223d96bd963d04
bd9b3d4e3d043d43
bc8abd59bbacbdb3
bccebc7b3911bcea
3b32bd62bc2bbd91
badfba513b9f3dd3
bd573d183cfa3d01
bd71bc09bd883c94
3d433bb73cca3d5c
3db4bdf3bccb3dcd
bd80bcb43c103ccc
bc38bd663db0bdc3
bd6cbd173d073d1c
3c053be43cd83d1e
bca53c95bca13d09
3c2c3dbe3d03bd80
3cf4bc9fbd05bdb7
3d2c3d153cdd3d71
bb9c3d893d5d3bc4
bccb3d833cc8bc8e
3d9cbbc03d3c3d55
bc55bd13bce3bc2f
bcd93d6c3c6a3d9e
bbc4bd9cbc33bd6d
3d7cbd2a3d3e3d1a
bdc2be07bc0bbcb4
bd2e3c393d43bd2f
3bd93d95bd33bcd5
bd55bcdebc9b3d1f
bdb93d863d77bcd7
3d0ebd20bcec3d4e
3d883dd23c85bc86
3cf73d32bd82bcb4
bd52bd9c3c2ebdcf
bdad3d85bbc93b24
bce8bac83d0b3d5a
3cc33dd43b913c51
3d843dcdbc863cda
bb17bd403d143cb1
3d44bc163d95bdc3
3d8fbccf3d71bc0d
3ca63cb1bde03d18
3d993befbc963c9d
bd0e3cfc3c65bc64
bc173da53d29bdaf
bd8abb173d8a3cd9
3c9b3c97bcadbcc3
3cfabdf2bafe3c8d
3b1f3cf73d17bc96
bd11bcb4bc84bd08
bc743d813c3cbd61
bdb33d20bd0c3d31
bd13bc0bbc973ce3
bab3bdcfbd30bd95
0000000000000000
bd383a8abd8b3ccb
3d6b3c40be06bceb
bd2b3b6c3bc8bdc9
3d9fbb91bb743c8f
bd40ba5abd823da0
3c0c3bf53d673d04
3cc4bcb63dc33d6f
3e043c143d923d9a
3c073d6f3d063b1f
3d70bce53a03bda3
bd95bd993d7e3bd2
3cc83d173ccd3baf
bd993cf4bdb6bcc4
3d98bda33d8dbd46
3cc8bd373e20bcd2
bd90bd6abc283d41
bd293c193de83bad
3d8fbb94bd5fbd0e
3df53d9ebe1ebd30
bd81bdb2bdb63b2d
bd76bb773bc03de6
3cfc3c24bc8d3da2
3b3c3c3bbd51bd62
bd17bd0b3c2b3b49
bd73bba13e08bc94
3d5abcb9bd87bd40
bcadbe39bd81bc49
bcc8b977bc18bd11
3dc8bd00bd063ce4
bd6ebdef3d583c68
bda23c043d8abd41
bc2e3bc2bc923de3
bd753aa23dce3d13
bd543c2fbbad3d1c
bd0bbd31be17bcb2
bc873d8ebcfdbcde
3d2ebcc73d533d0f
bdc9bd64bd4bbc24
3cae3c033d2b3c0f
3d29bd93bc7c3d87
3d533ca3bca43d69
3d64bdb8bd803cdb
3d74bbd43e023d3d
3d213d01bd303af7
bb94bd6e3e003baf
bc84bc8b3d26bd6b
3d843d4a3e103b91
3c4ebd89bd4c3ce8
3d153db9bd063d30
be1ebdf03d43bd96
bd043ddabc45392c
bd0b3c9abd5abce9
bb4f3ca1be073dd6
bdb53d7abd86bd69
3cc5bc193c8ebbaf
bdfa3c09bc44bd84
3da2bdaabd4c3d0b
3d3dbcfe3dd93c18
bd75bd97be3bbc00
bc7dbd19bcd9bdc2
0000000000000000
bbe9bcaabd85bdaa
3ce5bb613d083dcb
bcb2bd163d35bdba
bc04bd813dc7bba5
bb163d4c3ad9bdff
bb79bd30bd3d3c2f
3d813c4abd33bb15
3be03c213c373c9f
bc403c3dbc40bd84
bdb8bd5ebd6c3c09
3ca73d2a3d27be05
3d4e3d6e3d0a3d4c
bd833cab3c403d5f
3dee3ccbbd06bcf9
b9fcbcc53d0abd92
3d3cbc363c29be2a
bbd9bce73cfbbdba
3c973d9f3a1e3d75
3c32bd843c03bc12
3ca1bd943bd4bc1f
3bbd3bbbbd3e3e27
3d04bacdbd223ce3
bc283dd53c253dee
3d31bcddbd543daf
be043c9d3b1b3c64
bd243cdbbd103d80
3d0bbdb93d95bd98
bd8e3d9dbe093da8
3d50bd78bcd93d83
3d86bd5c3d353ce2
bcc5bce03d22bd57
bd9bbc6f3d43bd83
bd76bba83d303ca4
3d31bc52bc103cdf
bcba3d48bc8a3c37
3cbb3d1e3d8cbdb6
3c493be73d0ebca2
3d6abcd7bcbd3c94
bbd13cfe3ccabd18
3c2f3d52bd593cac
bb49bca93a13bd19
3cebbda53cbebcd1
3d033bffbca93d81
3d833d4b3dc93d5f
3c90baf4bcf7bd15
bd40bd3bbd26bcdc
bd8e3b043d08bd27
3cfb3cc73caabd84
3d173c363cc43cda
bbafbc7b3baebdfb
bce23daf3d08bc46
3cbf3dc1bc273d85
bc96bdb43d19bd0d
3b4e3e05bde4bdcc
bd2abc77b988bcb5
bd35bdd1bdf2be15
bd0f3d25bc883dfe
3ce83cf8bcee3cc0
3ca1bd49bdf6bd95
bc2b3db0bcb63d0d
0000000000000000
ba8a3e1cbd0dbd9a
3ba5bbd9bb92bcb5
3db83d1c3d46bd31
bc4dbc6b3c0d3d1b
bd7b3d853debbd17
3e083dd6bd73bcd7
bb2abe403ccc3c39
3cd8baa3bd143d67
3c2a3d833a73bdc5
3ca8bcda3d24bd50
3d713ce33c8abcce
bb1bbd333d363ca9
bcb7bc6b3ca0bb0b
bd8a3d7a3d1f3da8
3ddcbdfcbd2ebd1a
bceebc93bbce3d4f
3c0fbd3c3dab3d85
3cabbca5bde8bd93
bdc13c713d503d8f
bbbe3d0cbcd13c88
3c22bd963dd33b97
3ca23d573daabc89
bd223ab33c4ebc32
3cfb3c91bcdcbdc8
bd583b753d50bd0d
3d063c9a3ceb3de6
bda3bd8a3da4bb8d
3cbfbd8e3c7c3d40
bbdbbd2a3cbcbcad
bc94bcd43cf8bd5e
3d39be0c3d15bd08
bd613c33bad3bd0a
bce63c9fbd4e3d03
3bf23d183d543e03
3c80bda53dd7bce9
bd0cbcc4bae4bd80
3cb13b3dbd35ba41
bd233c1ebdbf3c10
3cb13d893cc93d32
bc443c9bbccfbd11
3b5fbdecbd103d88
ba48bd8d3dac3d6b
bc8ebd81bddc3ba6
3d01bc483c38bc66
3c1bbcb43b16bdda
bb823c6abd0bbc82
bc393cbabd91bdb5
bc77bc633d92bca2
3db4bdc4bad93c93
3d3c3c723ce5bc7b
bcb63d3cbc3c3d2f
3d473d8cbcf53c51
3dc13cbd3d733c32
3d4c3d7d3d01bd60
3c33bcf1bcddbd99
bd92bad13e5039d7
3c96bda9bd343c97
bc5bbce83da13cc2
bdb23d763df63b8f
3ab43dea3b84bba6
0000000000000000
bd27bd0cbd3dbdaa
bce33c843d1bbd90
bc9e3d513dc4bcb9
bd513d63bdaf3c1d
3d073c0b3d94bc31
3a44bdf53d4abc54
bd09b97b3d1c3c64
bdb73d1dbd55bde7
3cfa3d1f3d15bab1
bcaabd89bc5b3c17
3d75bdadbb85bcef
3cc83ce8bd85bbd3
3c41bd5c3d8d3c23
bcc13e0d3cc3bd3f
bd6bbd15bdeabc74
3d9ebd0ebd4d3dad
3d913cc73c9c3d69
bd723dba3c423c70
bccfbcc8bc75bcb6
3c853d233d08bd3e
bd86bd87bb923d67
bd8d3c5ebd483caa
bdca3da63d51bd53
bd043c163ab8bcf5
3d62bdddbb883d3a
bae9bc373dd43a1d
bc51bd5c3dd6bcba
bd00bd583dab3c1d
3d4438d8bcedbd1a
3d30bdc3bd423d33
3cdfbd1bbda5bd09
3a10bb7d3c11bc80
3d993c81b8c73b92
bd643dcb3c393d8b
bd00baab3d6d3c05
3d34bdd8bb98bc99
bd893d3fbd7bbd1e
3d813cafbc10bc82
bd683d693bcfbda2
bdbb3bee3b87bdaf
bd5ebd4a3b77bcaa
bd503da53d90bdc6
3d873b823d803a5d
3d94bd99bcbebc47
bd953bb3bd79bd99
3bca3ac13d7a3ba9
3d8ebd723cfcbdbb
bca33d28baeabd20
3c80bd37bbd1bc07
39b0bd673d853d9d
bca53d73bd07bbed
3cd4bc38bd60bd63
bd1cbd04bcd2bce7
bd34bd75bd27bd3d
3dd13ccebc753d3d
3cabbaa73df73d06
bd48bcecbd97bb80
3c9dbdf9ba7f3cec
3db03c3b3da1bbce
3cf9bd4abbc6bd35
0000000000000000
3d95bc18bcd73c8c
3d3c3d0ebdacbda4
bd31bd0abd873bc3
3cc23af9bd553d87
3cdf3cacbcc43d24
bd193d383c143a47
bd33bb50bd84bd20
bbb53b0bbc563d45
3d903d3dbcfd3d18
3c973b4b3ccfbd16
ba673c9a3cfabd65
bbe9bc61bd9fbd11
bd71b9ae3d7fbb13
bd99bca1bcd7bc5d
bc423d353c99bb59
bcb83c1d3bc33d44
3a83b9a93dc6bd4c
3db4bbd43d27bc38
bce73c27bd84bd80
3d063be6bae3bce7
0000000000000000
3d183cd6bc823c0f
3da23cfa3d85bd8a
3d863c31bcb3bbb9
bd883cb63c8b3d8b
b9b93c25bd14bbf2
bc8d3c293b3b3d05
3abf3c953d23bd82
3cef3d1f3da0bd81
3bdbbd283cc5bd7a
bcb2bd69bb96bd07
3cc73d233c99bd23
3d333c073d04bd14
3cc53d3f3d3a3d2f
bd563b5ebd753a95
3d4a3c243d0abc87
bd7dbd5f3bc93c25
3d2c3b22bb643c06
bc81bd89bbfa3d5b
ba2e3c083c18bb82
3cb73c9a3cd3bcee
0000000000000000
3c9c3cf53caabd33
3b81bb663d023d73
bcb83d26bc7b39e1
bd3abc3c3af83c09
3d82bcd33cfb3c27
3a8f3b4a3cac3d36
3be8bd7a3ceebd98
bd473d3dbc3dbce2
3c8c3ccfbd3a3d17
3dd03deebbf93d29
3c87bd023d9bbc9d
bc8abcdbbd00bd29
3cabbd33bd4b3c9c
bbe23d4d3cd63c93
3ce6bd45bce1bb03
bd8cbd7abd003d33
3d37bc7fbbb43d05
bbfbbd753c213c0c
bb10bd463c943c21
bd813b593cb3bd4f
0000000000000000
3d09bce63c5c3d07
bc50bd7f3c353d88
bbeabd363c1f3d35
bc71bbd3bd863c87
bbee3d10bd843d14
bd003ae5ba55bc44
3d15bcbebc7abd20
3d3d3d433d05bd41
bca23b3f3d1f3c1d
bd2d3caebd103cb3
bd003cf83cb83b14
3d00bcdc3cb0bdba
bd3f3cc83c2bbc91
3bfbbc94bd883cf9
bc913d7dbca53d0e
3d65bc26bdce3d06
bd403b3d3cb73bc8
bd313d143cc8bd59
3d14bd6d3c263cc7
b861bcafbd793de8
0000000000000000
bc6c3cb63d38bd1d
3be63ce13d38bda2
bd1e3d003be4bcf7
bcd6bce5bd27bcfb
3d323cb83d45bcd8
3d413d023d52be0f
bd2e3c753c283d80
3bbd3d023d38bd8e
3b60bbfdbc633cb2
bcf0bb103c92bbdb
bd4dbca9bbd1bbba
bdf53c54bc98bcb0
3cc2b8f4bcf0bceb
3d093bc1bd463cd5
3d21bcb7bd70bd15
bc903cd53d573d62
3d6abd2b3a73bce1
3bd9bce73920bca3
3dc23932bc8fbdaa
bda63d18bca9bdee
0000000000000000
bd033c383c773d02
bc23bb653d093d08
3c1f3d723d8bbcb9
bcf73de63cda3d37
bd5bbc8abc8abd45
bcf3bc8abc093d60
bd44bcd7bc453c0d
3caa3d03bc43bd41
3cc13d4fbca4bce6
bad6bc163c73bcf4
bd3bbe1abba3bdf0
3cf83d63bd4f3c3f
3d0d3d29bdad3d29
bb503d9f3cf03d53
3c593c4fbcd03c1d
bb1d3c9d3db13d30
3cdbbdf4398cbcfa
3c463d99bb9abcd7
3d0b3d89bcac3ce8
bc383d25bbdc3e18
0000000000000000
bc413cb0bcccbd25
3c73bd44bc0bbcb5
3d173c7cbd81bd8a
bd423deabd6bbc31
3dacbd71bc203d08
3b36bd1abd1f3cb9
bd483cc43d54bbe4
bd69bd6dbb473d06
bb823d31bce8bd2e
bd153bd1bd4fbd1e
bd23bd8c3d1b3c9a
3b81b99d3dabbc9c
bce9bd343d233d65
bceb3cedbdc8bd83
bd4fbd3d3c223da0
3d15bbd1bd83bc3e
3daabc723c293cef
3ce23d953bfe3ba3
3db33d52bd97bd43
bcc5bd5139e0bcf3
0000000000000000
3c9b3d573d093d01
bcdd3d2abd42bd8e
3ce73d09bbdebbcd
3d4ebd123bab3d90
bd08bc473d0b3ce5
bd763982bd28bd03
3cecbc17bd613ce2
bccbbc3a369c3c36
3db6bd0d3cbc3cd8
3c623c99bbe53d00
bd433cddbc77bc9a
3cf73cacbd643c77
bc8cbd73bd89bd69
3c3cbd463c6f3b84
bd6f3cc4bd42bd35
bd02bb913c9dbc55
3d6b3d4f3c70bc21
3d6fbcbd3c5a3d95
bd00bc0c3d52bb0d
bcdd3cbabbb3bd6f
0000000000000000
3d11bd7e3bee3c5b
3aaf3c133bd2bcb2
bb833cd0bd0b3d5d
bd12bb91bc963d38
3d25bd2ebc883cc4
bbce3d61bd1e3d83
3d05bd8bbd3abbd0
bc63bd1ebd3d3de0
bc32bba1bc66bbe4
3d00bd12bd07bbed
bc91bd39bbcd3c7e
bb933c163c5b3d48
bc953cb73cec3cdc
3d1a3d4abdcdbdbc
bca1bd763cbb3cf9
3c1e3b0bbd86bd14
bb2abdb6bced3ce1
bcca3d8fbc6c3b5e
bcfc3caf3be4bce2
bbb03d0bbbe7bcc5
0000000000000000
bbb93d39bd243dab
bd103d493d903d3b
3aa93b763b253d35
3cfa3d2c3c483dd6
3d2e3d813dae3cff
bcacbc653cf93cc0
bb89bb013d7a3d9c
3b9fbc5dbb30bd31
3c3cbc45bd02bd09
3c553d0a3c89bd99
bcde3ca63ba33c99
bcd3bd2dbb80bcca
3d15bc8b3c33bd68
bcf43d1bbcd3bc88
bcd8bce83ae33d15
bbc53c783c483d85
3b91bc3b3c9fbc78
3d38bd38bd47bbc8
3d24bc37bc253cad
bcf13cbc3d6a3bce
0000000000000000
3c48bc1fbc68bdf9
3c283b49bd86bd8a
bcba3d6fbd91bdd5
bcbdbbf23c82bd30
3c173d18bc8f3d0b
3d013b0c3d213d60
3b963bcbbd8e3d5c
babf3c393c043d5c
bd63bbf9bcc1bcfc
bd23bda8bcae3c6c
3d503bfabc0ebb72
bc0a3caebd713d69
3d4d3d13bc623de4
3b10bd723c51bd98
3d0b3ce4bcbdbbe2
3d3dbca4bc8b3c4b
3c803d3d3b343d7f
bd5dbd41bc093d49
3d133c4e3bdabb3a
bc18bcc93aafbc8f
0000000000000000
bd5cbbfabba63c63
bda43d843d22bd15
bdac3d9d3c29bc9d
bd0b3d8abd1b3d5c
bc513d32bd093ca0
bd2d38fcbcf93c9c
bd61ba523cfa3bc6
bc6cbcbfbca5bd07
bd293d35bc233b35
bc1c3d34bc6c3d57
bd46bd76bc1f3c67
3d243b053c91bc92
bc5abd2bbd1bbdb8
bc3a3d623b95bd36
3c5dbd4bbd12bcf4
3c823d81bd2bbcbe
3c04bd3ebb5ebc5d
3d743c9abd2a3cbd
babe3c2dbc93bd27
bc9e3ccc3ccfbc18
0000000000000000
bcbebda63d7a3c1a
3d483d0ebcecbba0
b91c3cd7bd913d0b
3cc5bd43bcc03d0d
3bc53c7bbaf5bd3a
3bf03d3a3c00bcc0
bcdabc94bdf33dc6
bbf23c5cbb95bda5
bc57bd48bb74bb50
3d823d2bbe423c00
bd1e3c9d3c80bd41
bb2d3c21bd8d3da5
bd053d0c3b28bbd3
3d91bd14bc9b3d2f
bd123c35bbed3ced
3a8f3c71bce23c0a
bcc13c913d3cbd81
3cd7bd433db33cfd
bc133cea3c8f3c1b
3d2d3c6cbbb6bd59
0000000000000000
3c403bbabc543c9f
3d893cf93bc0bc87
3c83bd003cb13c86
bd26bd3dbd073d59
3c3a3c57bd4a3cf4
3cc33d6abd74bcfe
3d14bcc4bd3dbd05
bd1c3d3dbd4dbd55
bb31bdb63d1e3d79
3cea3ca4bc6b3df3
3cddba92bc17bd97
3da2bd943d11ba0a
3cc13cc63ca43816
bd01bdde3b063d29
3c333d203d02bd3c
bcb5bdb13cb03da7
bd0f3d92bcddbd01
bc62bb163d16bd1b
bc1dbd743d213d4e
3d62bd17bc943c74
0000000000000000
3cbd3c983c53bd13
bccebc9d3cd4bd69
3da03d053d9fbc11
3d8e3cad3d89bb11
3d3abdef3c6b3c23
3b09bd8b3ca4bcfe
bc163d983d16bca3
bc2bbaa1bd7cbd44
3d0cbcaebd6d3ab2
bc2c3d293c833d9b
3bfdbd7a3a85bd14
bcbcbaa63d0ebd40
3c823d013db2bc99
3c113c643d1e3d3b
3c213c533d3bbd86
3d723d9e3cd53d11
bd2cbcd0bd5e3d77
3c203d87bd4a3c69
bc103babbc883c57
3c68bd923e07bc86
0000000000000000
bc15bc9ebd593d79
bc7f3d2bbc6e3ca0
bd1a3c543da8bb2a
bc2ebc343d20bc1d
3d03bd1dbb9b368a
bc9ebd0ebb643d88
bd52bc89bcb4bc3a
bd6a3ca63c913cbc
3d803ac3bc15bd11
bc7c3c0e3d1cbc0c
bc9bbd09bd243a9e
bc1c3ccdbd00bd05
bcf0bde7bd0d3c33
3c9e3c63bc95bc88
bd493d5ebd363da5
3c08bd6d3cb73bd7
bd533b21bcf4bac8
3cea3cd83d81bc88
3be5bd34bd503cf1
3aa8bd03bcb0bcd6
0000000000000000
3c573cb73c89bb94
baa73b1c3c9c3c24
3c8dbd023c133b8c
3c753c9dbcc53c15
bbc93c2abcacbd57
3d6d3b52bcb738f3
3c9e3c8ebc423d8a
3d3e3d353cc13d61
bd29bd2f3db43cfc
bd4abd013c72bd1b
bc8b3d063ba4bd66
bd04bcb9bd143d57
3ca53d06bd04bd0e
3d0ebc5a3c8abca9
3da13d3dbc453da6
bb34bc19bd1fbd1e
3d173c5abbb4bbd2
bd38bd4cba9abbe6
bc0cbcf53b8bbd0c
baef3d0b3d45bd4b
0000000000000000
bba7bc4cbd513c95
3d293becbd393caf
3d39bc89bd023d05
bc5c3d0bbc45bc01
bc463caabcbb3d0c
3d98bb14bd323cc3
3d323ceebc863d2a
3dc33ce5bc933c79
bd56bc58bcb0bd15
bd1f3b75bbfdbd73
3a943ccdbcbcba9d
bd6a3d273d663c36
3c99baea3d5c3c8a
3c203cf3bd303b5e
3d8abcb03c753ce5
3c2d3d82bd6e3c56
3d96bd57bcd23cf9
bd17bd533b8cbab4
3c5e3ca63cc7bcb5
bb3c3d53bd6e3d1c
0000000000000000
bcc63c613ce2bcd1
bd00bd84bd21bd51
3c103ce23ce63e2a
bb75bbc93d183cb3
3cb53c7a3d3bbd5f
bcffbc213b06bde1
bd62bd4ebd31bc40
bbcfbd8fbc5c3d91
3d84bcdd3d3c3ddc
3d813cec3cfc3cd1
bd3b3d93bd003dd5
bd023cdabcfcbd35
bd273cadbd13bd00
3d973ccb3b53bdec
bda53b69bd40bb96
3c8c3c8a3d04bdce
3cbdbcc1bcf6bc75
bc133d833c073d5e
bca93cb53d48bd70
bd34bd043cdbbd91
0000000000000000
3c9ebc2e3cf23c24
bdadbcae3c8fbd4f
3d8a3bf23bc2bda2
bd20bccfbc8ebd2c
3c1b3d48bd06bbcb
bd14bd13bc9cbbe1
3ccfbcf93cb4bd99
3c433c92bcf6bd4f
3c66bcf8bd48bd76
3e0abdc03c813cc7
bd45bb95bbf6bce6
3cacbcc33baf3b31
bda53da9bdcb3db0
bd06bdcd3d853c20
bd8b3d4c3c763bc8
bc39bd773cdebcb9
3d223dc63a6d3ce8
bdc03c58bc80396e
3d773cce3bb33d53
bc98bd193d0dbc90
0000000000000000
bd4fbc06bd4d3d45
bd6b3c71bd063c5c
3ccbbd43bdbabc8a
bd8b3b5fbd2abd34
3b7a3d05bd34bdbe
bba2bdddbd0abcc4
bd0fbaad3c393d7e
bc91bd923bc6bd04
3db83d12bc28bd3a
3dd23cbc3d093c30
bda7bcb5bc843bc8
3da03b91bbc03d8b
3ddbbd533c1f3cac
3cc63cfb3c6a3d94
3d77bd1fbd0cbc82
bc2c3d55bdfdbd34
3d8ebd1e3d2cbc91
3cea3c1e3d18bd09
be023d07bd39bce2
bdcfbd1dbd1f3d2d
0000000000000000
3d83bdbc3bcbbc61
39e43cabbc75bc4f
3e0cbdd93c9dbcc8
bd42b9b9bd2f3d20
3d31bd13bb703d43
3d813da33d2fbd40
bd56bd0d3d5e3cda
bd0e3c2e3ca9bdda
3c453c3cbc803d1b
bb87bb9c3ca03d97
bd0cbcf0bba6bd9d
3d033c16bd113cf4
3d10bb02bbbdbd16
3d29bde7bcfd3cae
bb73bcfcbd833d0f
3d203d563cc83d8f
bcd23d0abce33b5e
bc43bcbdbca63d6a
3c643cf8bd3f3cc3
3cebbc6bbc3a3d85
0000000000000000
3c2739a13bf5bcc1
bd01bc653cc2bcc4
bae1bd053ca0bd37
3d0dbd0abbd7bd7c
3e053bdb3d753cc0
bd14bc9e3c003c1e
bd85bba83d18bcf0
bd71bd9f3d173cae
3ba53c4b3c35bdc6
3d5e3cbf3d87bc16
bda73c9bbcfd3d4f
bd2a3c9abc70baeb
3d14bc76bc913c96
bd55bc233d23bd48
bb6ebbe7bd0d3c81
3c93bcaa3c5dbd4d
bc88bd84bd6b3d98
3d28bc35bd6cbd44
bd743d983d5ebd89
bce6bd2e3b893c0e
0000000000000000
bd013c683ce13d0b
bd3fbd0abc9fbc6c
3b47bbf2bc4d3d13
bd313c923ca8bc13
3ad63d2e3d863d81
3d9a3d453d1f3c90
3d24be1dbc7f3c28
bca9bba43d31bd6c
bd8d3a083c15ba3b
3bfebd523b8b3c88
3d5abd2b3d6b3b4f
bc19bd30bc11bd24
3c69bcb03c10bd00
bca73c4bbcff3d8b
3ce83cc5bbe3bd96
bb643d0abb543d87
3da73bc4bcbc3ce0
bc273caf3c8e3c7f
bd593d9abda83d3c
bcbe3b003c93bae1
0000000000000000
3d943cb4bd073ca7
bd3c3c84bcbdbd6c
bcff3d88bd4f3c66
bd123d1bbc823c87
bcb83d643d15bd90
3b913d343d8fbc83
3c803d33bd17bd21
bc653d2a3d7b3c52
bce93a07bceb3c28
3c963c59bd70bbf3
3addbba73c1dbc1f
bc8bbcb7bd83bc2e
3cdbbcf23d80bbc9
3d8bbd16bd71bd64
3d3dbcf13c963bd6
3d423cb73c93bc08
3b8abd093d973bb6
3cc3bc2dbd253ce3
3db3b806bb873d82
3d083cd5bd64bce2
0000000000000000
bcd4bd953d0abc20
3bb5bceb3c5cbc5b
bcd73af93da23cd9
bd6abd893d473cf0
3cf93c1b3cc0bd24
bc52bdd4bbeb3c0b
3c26bddbbd2e3d2b
3d603b953c3bbcb5
bc713d3fbc0bbc8e
bd61bdabbd4cbc8f
3d2abddebd3dbd75
3d13bcc53ca0bc91
3dbabcc3bd463daf
bd76bd3cbdbfbd02
3d013c47bd1a3d5e
bc6fbd56bd5fbd2d
bd1e3d953daf3cb7
bc62bd34bd163d62
bc943d19bcf43da2
bca6bcd8bd71bd9b
0000000000000000
bc163c1dbc2fbc94
3d80bd93bc85bd21
3cc33b9e3d5fbda2
3cfdbcad3bc43d0a
3d9abc9c3d0dbdc9
3d13bc833ca4bca5
bda33ae5bcc5bc40
bc26bce2bd2dbd46
3aa03da6bc56bd4f
bd003ae63d603d02
bd49bbb0bce33c08
3c25bd5c3b6e3cb0
3cf6bd1e3c4f3cb6
3bd2bb3dbbc4be00
bccdbcd43aa53d50
3d9e3c14bd3bbc07
3bbe3d6f3d8abdac
bd903ccc3c2a3da0
3d53bb46bc1a3b8c
bb42bda0bd3bbcde
0000000000000000
3cf53cc03c99bc46
3d5a3c963b91bcb6
bd203c803c15bd35
3d0abd0f3c77bc60
bc863d4b3c103c53
3b893b2bbd963c43
bc27bd18bd5bbd49
3ab13d16bd22bdac
3cb43d193bd13d0d
bc9a3d7e3db33dab
3d36bd8cbcd1bd76
bc4a3c1c3a643cb6
3d75bd5bbd0abd5f
bd543d4e3d10bd11
bca5bd40bd6cbd8e
bc553dc63cd13d6f
3cda3c39bdad3c47
ba83bc9f3cf03cd5
bd4a3de23d1a3c0d
3cd23ca7bd1ebc64
0000000000000000
b9a43cd03d04bc33
3c0dbd843c6abd10
3b033c8e3d143db4
3ca8bb42bd803d5e
3c8fba963d643d60
3cf5bd963caf3d88
3d2abceeba70bcba
bba6bd1fbd0a3e29
bc8a3d88bc54bd53
3a973ce83b9a3b45
3c34bcaa3db0bc96
bccd3cb1bd00bc45
3d22bc90bd18bcf3
bc6c3d1abc093d89
3ca7bc9abb12bd57
bd0a3d91ba393d2a
bc593c083a053d21
bce53cbfbca5bd97
bcc63c6c3d66bd88
3d1cb9843b4abd0a
0000000000000000
3ce6bcc43ca63d1a
bace3d2abcbebc64
3c883cc63b03bd10
bbfa3d0a3d31bc18
3c78bd4c3cadbd43
bd313c57bd073d27
bd913b793b633d82
bd253bf93be43cd7
3d2bbd053d24bd40
bd00bd053b6fbd54
bc4a3d4fbc653d89
bd973c8fbc9a3c0e
bccebcafbc423d11
bc4dbd05bcc2bd15
bd57bd6dbd213ccc
bc173c5bba9dbd3e
bc76bd86bca53d80
3c7dbcfd3ca3bd05
3d1d3bd5bb9cbd27
3c4a3d19bc613b6c
0000000000000000
3c15bc22bc7f3c4f
3c993c22bd43bd17
3c74bbd9bc6abd12
bc82bd24bd023cad
3dbbbde13cc6bc10
3be53bfc3ba2bd21
3c2fbb503ccbbd0a
bdc33c5bbd05bc82
3ba5bda1bcf53d0b
3d013c7d3d23bc86
3c8d3bcfbcf53b83
bd003d37bd2cbda6
3d353d06bc263da8
3cf9bc0e3cbb3cf9
bd3e3d22bd00bcb7
3db9bd6b3da13cf1
bcb53d45bc70bc6a
bc6b3c41bb203d2c
3d56bcaa3dac3d3d
3d23bb5b3d123c25
0000000000000000
3d533c56bd96bc8a
3caabc9ebc3ebc98
3cc93c083d42baa5
3d45bb80bc87bcb2
bd703bd5bc4bbb47
3ce8bcb23bacbcef
3c5ebbdf3d65bc64
bc9b3ce83d4bbc98
bc77bcfc3d663cf2
bd4abce2bcf93db3
3caa3cf1bc78bc9b
bd213c6cbcf938d4
bc443d693d3abd3f
3ce53cf0bcc6bc9f
3d8f3d643ce1bd7b
bc58bcf3bda83cae
bb5939303caf3d1b
3b9bbd4a3cbbbcee
bd3abcbf3ce03d48
3c903d16bdb2bcf1
0000000000000000
3c6dbd663c993d47
3cbb3ccf3b58bcf3
3b81bd15bd11bd1e
bbf7bcccbdd6bcb4
3c5ebb103d4f3c9e
3d18bbbabb1dbc7e
3d8bbc8dbbc1bd92
bd29bd343c55bb9d
bd043c40bc6f3d33
3bb93c813dc5bd21
bce73a8d3d00bbd8
3bdebd76bc92bd8e
bb953d58bc433d43
3d82bd213aabbd16
3ad2bb57bd42bca0
3d8fbd263bc7bcee
bd49bd05b9c23c87
bc9d3a98bd6dbcb6
3c86bbacbcc4bcfd
3d9dbd9d3bbc3d1c
0000000000000000
bc2a3cfbbd113c81
bcc03d48bd813bd7
3cf83c573d12baa1
bd20bcbb3d27bdd5
3bdbbc0c3bf13cda
bd0d3da3bc82bd54
3c973d34bc063d14
bcd13d11bca9bce0
3c22bc6a3d2bbd49
3cdfbcf53cae3db5
ba573cad3c643c01
bd813cc23c1c3d2f
3bf33b52bd35bbf3
bcf13ba53d043d0f
bcb43c90bd17bb03
bbbfbbf03c9fbd75
3d373c14bd443cf5
3d77bcc33d2abd21
ba42bc413d3abc5c
bd083d2fbcba3ab6
0000000000000000
3b89bca23d40bb6d
bc6cbbe4bb663d17
3cc33db03cf13c86
bcfb3cc0bd1dbabc
3d00bca33c353d43
bbcd3c87bd43bd21
bcb1bd633bf4bd43
3cb33dd73d22bc8d
bcd63cc3bcde3bc9
3becbc893bfdb9d6
3d1cbc713b9bbd3f
bd29bdbabbe63ce0
bcecbcd33b993c61
3b953b7d3b2e3b1e
3d27bbe7bbd3bc9c
bd3c3cabbd0f3cca
bc203c713c10bd10
bd2bbd60bc89bbc2
3b7bbd53bd463ce2
bc913d7f3a1cbce7
0000000000000000
3ca5b9f9bd893d16
bd0a3d4cba40bcfc
bd323d59bb58bce8
bd253d6abc2dbd59
3baebda93c623d2d
bd2b3d3ebc8139da
bc1c3bd53c21bd60
3cf83c26bbecbd2a
3d8bbd6cbc9e3ce8
3b8cbd06bd1cbd1d
3c593d4fbc29bd4a
bc55bab23c67bd4f
bca43c1a3d9f3b47
3c483c88bd2ebcb7
bb6d3b923c793d09
bc4ebd0bbd713d64
3d55bbc13c1bbc1a
bd4bbc7b3d3cbc84
bd52bc743ce43db8
bd343cbbbbe4bc0e
0000000000000000
3cdabd323d01bd10
3c163c0d3d373d83
ba083d86bb613cf9
3c823d42bc06bd30
3ccbbd123d893ca6
3d6b3d19bbb13d26
3c0dbca33cecbc50
3c08bd31bc3d3ce2
bcca3d80bc87bb22
bd2b3c303d0abc11
3cf43c19bc193c56
bce63d8a3cefbb05
3cb4bd833c40bc1f
bd333d8e3d8abd01
bccd3d923d103cb1
3b8e3d943ccc3d3d
bc5d3ce3bc61bc5d
bcf2bd363ce43b47
bc09391ebd193c8a
3cf9bc8a3d6f3c9d
0000000000000000
ba7bbd0e3d0abd28
3db13d1c3ce23cc4
bd583b353d373c42
bd8ebd56bd683bee
3d2cbd2a3bafbd48
3d84bdef3d1e3cce
bd95bc7f3bc5bc46
bd1ebd38bc333d59
3daa3d84bcb83d5c
3d09bd423d42bd08
bc52bdaa3db33d7e
3be4bc893c993d8b
3c6bbb4e3d563d88
3b423babbd89bdb4
3d20bc47bccc3c38
3d8c3d39bd86bdc6
ba993c40bd173cc9
3c2c3d75bccdbd77
3d46bd44bd99bc99
3d2abca03d70bb8d
0000000000000000
bc573c5c3d243c40
bd063d1abcd03d5d
bc723cc3bcfebc16
3b9c3bc0bd1a3cf9
3c9ebb91bce43d14
bd17bbccbcd23d54
bda33bbd3ce13d1c
bd493c96bcf93cc3
3cfe3ccfbd85bbaa
bd073d1a3ce1bdf5
3cafbaee3d3d3cfa
baef3c993b97bbc1
3d64bcd7bc053d5c
3db73c8dbd243d70
bc44bc84bb29391a
bd6f3d8cbc643bcd
3ca4bda63d11bd7a
bc9d3aa43b993922
bd973c44bd0e3b74
3d2a3d79bc7b3c9e
0000000000000000
3b6d3d423d2dbd9d
3ccf3cffbc6bbc94
bca43d3cbcd8bd48
bce93b2b3c853d02
b9e73d963ccdbd19
3c543d073ca4bc86
3c6f3d153d32bd9e
3b92bd83bce73d1f
bcdcbc01bd56bdae
bc85bd263905bd59
3cc93c6bbc5d3d56
bc8ebd5a3d153c98
39b1bcc1bc423abe
3bdcbd123d35bd2b
3c14bc2ebc2dbd48
bbd33d343cb0bd12
bc47bca63d6c3d92
bd033bf8bd273d7f
bcb6bca4bbbebd12
3c5abc7a3d003d3d
0000000000000000
bd10bbdebadebb8c
3b183bdd3d0c3cae
3d7e3c82bc613bd2
bc9d3c14bcddbc42
bd423bb4bc0c3cdd
bd8bbd5a3d23bd5a
3ce3bdccbc533c86
bcd5bddb3cc33bb3
bc943d4fbd79bcb8
3c243bc3bd1b3c63
3cf13d7bbd043c6a
bc6f3ccbbd3f3ba5
bb023c1cbc56ba0e
bc00bb813d313c80
bca93bee3cf3bcbd
3d9fbc953c7e3df0
3c143dd7bbea3dba
3d393c9ebcf23dab
3cc73b2e3c8f3ce0
bcc7bd613d06bd86
0000000000000000
b9afbcc23d49bd64
3dbebc203ccabc0b
3a373cd13c26bcd0
3c44bd2b3c553cde
3c8e3c4d3d783c30
bc023c2d3d23bcb5
3d87bc79bc7f3c23
be10bc5d3c653c4b
bcd83d333d84bc10
bd32bc3e3c05bc8d
bb753a4cbc823afa
3d9e3bf4bd3cbd14
3d473d09bcd4393b
3dd5bdbbbc4abd1b
3d0d3c9abcf83d77
3dc33d863d32bd72
bd36bd58bc13bcd0
bd11bc9abc803d2e
3d8e3c043ccbbcea
3d8d3c5bbb35bb98
0000000000000000
bcddbb9cbd903d61
bd713d07bcb93ce1
3d2f3d85bcb63d05
bcd83d18bcb73b30
bc4f3daa3d2b3d14
bd50bc55bd5cbd3f
3cb43d28bd833d5c
3d823b573d54bd20
3d773c5fbd573c82
3e18bcc2bd093cb2
bcdd3cf43d1dbccb
3d503c343ccf3d85
b7d8bd553c9f3d75
3ccebca8bd9d3ca5
3cf4bc6d3cbc3c69
3d4f3d92bd923cb4
bd663cadbc86bcff
bd1e3bacbac0bd1d
3db6bd09bc343a29
bd503c7bbd893d1e
0000000000000000
3d193d45bc683bc9
bcb8bce83c21bcda
3a98bab73c6f3ca7
3c1cbd0c3d013daf
bda6bd1a3c293c1b
bd973d08bcf03c94
bda43c8abd77bd24
bdb6bcd13d8d3cf4
3d66bcda3c3b3d68
bca7bd2f3c733c87
3d3cbbe4bd993caf
ba403bcebcea3c06
3c04bd483d07bcbc
3cecbd23bd3a3ca9
bd923cadbd7cbd61
3b25bd1bbd013998
bd8c3db5bd1e3ad7
3c683a803d583d28
bd5c3c1c3bcdbcc9
bd7fbcb0bcb4bd09
0000000000000000
bc5c3c483cb93b1c
bd5dbc16bbdb3b33
3cbebcc13d383d7e
3d983cb0bc2fba4b
3d063c3dbd413d1e
bc8ebd62bdb23cb0
bd54bba3bd3d3b81
3d5cbccc3d11bda3
3c783d893d843cb0
3cb23b973c443d1d
bd5c3ce4bc22bd92
3c5ebc7e3ce03ce6
3b16bc5bbc1bbd43
bd0a3d2cbb1b3cca
bc98bd6abc37bcb5
bca43d74bc803da1
3b3e3c973d94bcf9
3caa3d393d2a3d07
3c3abc093cbb3db3
3c4bbc53bd0e3bc1
0000000000000000
3c10bcbf3c12bd2e
bc46bd24bd9f3d26
bdba3cc93d00bb55
bc18bd713cb3bc2c
3cf43db6bbbe3d2b
bc1c3cf23d01bc65
bd1abd65bd4cbc5c
bc28bcf0bca5bd90
bbfbbc8b3c2ebd52
3cf83d13bd5fbd73
bcbb3d2cbcc3bd57
bc0fbcc9bd23bc53
3d553d25bc763d88
bd3dbc633d03bd35
3c1a3ca0bcabbc87
bd3abcea3cd13c51
3cc93d8f3dab3cba
b92e3aec3d3ebcbb
bba43da33d703d7a
3a50bd66bc933bf0
0000000000000000
3d3a3b8ebd2b3c76
bcc3bc943d0cbc6d
3d58bbcd3d4a3c97
bc5bbd0e3dcbbd09
bc2a3c4dbdb3bb89
bc55bc78bcbdbd90
bd5d3dacbcd4bd95
3d6dbd81393dbc72
3d0dbaf6bcca3b16
3cacbae33ce23c69
bcd2bc953b83bdc2
3d073d1bbbe9bc33
bc323c4cbcedbd36
bc013d63bc8b3d20
bd2ebd51bc8bbd0a
bc953c6dbc39bc0f
bcaabc4a3d3d3d82
3d08bcaf3d383cd4
3d4538d13ca83d1f
bd163d00bbf4bd41
0000000000000000
bc7b3d35bc8bbc1e
bbab3b3d3cc0bd4f
bcb13cab3d6e3c5a
bc7cbbe63d02bb7c
bbab3c9c3d64bcad
bc883c8a3d2fbca7
bc023aecbdac3c3c
bc0cbc0abd0bbd71
bc403d853d653d37
bc12bc9b3d713ca3
bd023bbcbba4bcb5
bd71bc3dbd1bbca8
bac1bd1dbba1bcb0
3d993c0a3d2c3caf
bd05bd75bd90bca2
3c503d8e3cb53c74
3ae2bd02bb603ceb
3d123d32bcde3d90
3d6d3d33bba7bb6c
bca23cc5bd1abd42
0000000000000000
bc2b3d733ca2bcf6
3b8e3d39bd293d35
bd463cbc3decbca8
3d2bbd9e3c89bd16
bd09bbddbcd8bd14
bd373b5cbd28bc48
bda9bc52be03bd40
bdaf3c703c823ba8
ba5ebc9f3d5e3d0d
bc94bcbe3d3c3c1a
bcc93c60bd97ba3e
bd17bcc0bd44bc8b
bc753cc5bd9f3c15
3d583c433d8c3d23
bad73d23bd36bc87
bd8b3c973d313d40
3d9d3be93d113c89
bc96bc71bc5b3d17
bd21bc6d3d913c18
bd5bbcdcbd7abc3b
0000000000000000
bc053bdc3d4a3bc8
3d703b043cc73d1b
bb29bd873cf83c6c
bd42bd86b8e13d38
3dd33c973bbb3cb7
3d433b26bcd5bbda
bcdfbc4a3dd73c43
bd19bc7dbd563d02
bc8dbd2fbc48bcd4
3c8a3d843c74bd30
3d193d8f3d5a3c37
bd02bcca3d423d44
3ba8bd12bab93c37
3cc5b8cdbbe7bc80
b8cb3bb13cd43bd8
3c5abcca3d5a3c34
3d3a3dccbdfd3b9c
bd173cf8bd77bd25
bc6ebce33cc03cea
3d01bd1c3c3e3b24
0000000000000000
3c5a3c443cafbc74
3dcf3d2b3d90bd0a
bc093cd1bc0dbcc5
3ca53c14bba6bc9c
bc8c3ce9bc8cbdba
bca03d40bbbbbcec
3af93d323d683ce9
bc663bfdbd973d2e
bac83ca3bc353d2f
bcb8bd553c39bc83
bcd7bbaabb06bbf1
3d16bbf0bca53d2e
3d34bb803d8d3c84
3c98bc433d93bd2a
bcdabb913ab13c42
3cf63b293d0d3c24
bda03accbdd1bd53
b82dbcb2bac3bbb9
3c493b783d35bd75
3d8b3d2a3d263c5a
0000000000000000
3c4b3d873d9c3d08
bc12bc943bea3cb3
bc9f3d03bc063d20
3bcebd98bac63d15
bb3b3d543cf03cb2
bc93bce93d7fbd69
bd00bdd13ceebdaa
bc5fbce6bc50bc6e
3b083d92bcf53dc5
3d663df4bcfdbc2d
bc4abc6bbcbcbbc4
3c8dbcc13b2ebc4b
bc27bdfbbcc03c90
3cb93d653d24bd79
bd11bd983ca0382a
3d9d3d403d66bd2d
3cf93d953d82bc05
3d083d17bd04b9e1
3c483c4fbd35bca9
bbb4bc8c3d7abd7c
0000000000000000
3c6cba9d3d4d3cdf
bd2a3d42bd233d0d
bcbebb283d9a3c67
bdcfbcb63dbabd0f
bd04bcf43d173c5d
bc89bc493d57bc9f
3c303cafbc803cc5
bd933bd23d8e3ce5
bc9b3c88bca53b83
bc82bcc9bdbebcad
3dbe3ced3b1ebbdf
3d8fbbb6bd3fbd0a
bd21bc34bbd33c75
b9823d4a3d203c9b
bbabbc983be33c97
bd88bc803cab3ad1
3d01bcd5bbb03bf2
bd24bd3abd15bcf2
bddeba1fbcec3b4e
bda13bf9bd4c3d30
0000000000000000
bcee3be5bcec3c48
bc9e3b8b3ddebd01
bdc8bd70bd4c3c88
bd6b3b2d3d80bbb5
bc0a3cc3bbafbde0
bad43ce1ba85bb23
3d14bd00bd113baf
bd47bd8d3da1bcfe
bd2d3d253a9fbc83
bd4cbba33bbfbb08
bcc4bd90bd0bbd1e
3de6bd3dbc90bc68
bd82bccd3c50bd1b
3da03c93bc44bc98
bb53bc903d2dbd4f
3c823c3ebd30bcdd
3d943d63bcb33d52
3d453d22bd153d43
bd0fbcd0bc9c3d19
3d17bd68bc873d07
0000000000000000
3d6fbd113ce3bd43
bcecbce63cbd3b22
3ab83d733d933c66
bcc03c733aa33d1a
bbeb3d0a3d0bbc99
bd4a3be1bd023c7c
bc2fbc6abd0dbc36
3d123a94bd483c2a
3cb33d703d063b6e
bd0cbc5f3cb4bd76
bd523ce8bcbb3ba3
3c68bc1bbc5b3d8a
bb7b398d3bce3db8
3c73ba843d04bdb7
3d483bf0bd273cc7
bd6a3cbf3cd0bd4f
3d94bd3e3d0a3a97
3d7d3c6c3c53bd14
bc1a3cf9bb01bcbf
bd60bd37bc8a3d33
0000000000000000
ba523d143c80bcbe
3c94bceabc813bd8
3d7cbd1b3d103d54
3de5bac33cd23d19
3d4ebcaa3d7abc2d
3bb53cdcbd0cbbb7
3ce8bd063d4a3d34
3e30bd713d4ebd5d
bd833c6d3d203be1
3d4fbc0dbd3b3d6b
3cec3d98bd05bc0f
b7dbbbd4bd6f3ce3
3c27bc8dbd4fbda6
bd88bcd13c663c60
3c65bd343db3bdca
bd25bcc73d393e2a
bcaabd5fbd8fbd8a
3b8dbbdb3d34bc08
bd7fbc93bb8bbbe9
bcf13cc03d933c2e
0000000000000000
3d1a3cb53d0b3cb0
3da2bc25bbe9bc06
3cc43cbfbd943d55
3c923b38bd853d0c
3caebc86bb36bd7e
bcffbd583ae0bd34
3d173d10bd2639e1
bddd3bc63c63bd9f
3ced3cd8bd333c0c
3d1f3ca8bdb33d71
3d03bdce3cd0bcc7
3c753d17bd513b83
3cabbd273cb7bc41
3d6a3c723b813c46
bc82b7fa3d863b62
3cbc3a2fbc39bc08
bcc6bbe53d5ebc81
3d59bda03ca23dcc
3c41bd1c3b89ba82
3da83cea3c91bd31
0000000000000000
bd743d853d163c8a
bcb93cd5bd9ebb9a
3b8f3d923d9cbcb2
3ac6bc8bbb3f3cbf
bd0cbda0bd99bd15
bcb6bd47bd22bd59
bca03cedbcd2bd37
bc16bce8bd1c3ce5
bd1dbc0c3cb53d83
bbac3d583ca23c05
bca53c8bbcffbd6b
3d0dbc9c3d093d29
3bbebd193d333cf2
bc913ceb3bde3d4e
bc28bd64bcb2bd28
3b833d253be13d08
3c7ebbf2bd2abdaf
3db13cf53c413c96
3d553cbfbbaf3da3
3bccba243d4ebd84
0000000000000000
3d4bbc8e3850bc78
bd053cc2bc89bcdf
bb6d3c1b3c8b3ab2
bd8e3cbf3c563d09
bcbcbc5a3d0cbd37
3c5bbcc2bc9fbdb9
bc9c3d183bc3bc62
3c693cd03d63bd23
bd28bd8a39c5bc8f
bd0c3b50bc733d55
bc803d423cf53cad
bd423ba8bd65bd6c
3a6f3d043d06bdae
bd3b3c03bd623d5e
3c533da0bd1abd5e
bd41bd42bd24bc75
3d973be43d5ebc94
3a9cbc9d3c943d8c
bca93b9d3cc03c92
bd3f3c383d95bb5d
0000000000000000
3d0bbb463d493c51
bcd03cf3ba91bc60
3d87bcbb3b2abcaa
baf33cf53c75bc43
bd15bc86bd9cbd16
bc6a3cbebce6bcf7
3d17bad1bd0a3d8a
39f9bbeabd27bd6d
3c92bb683d073c29
bc53bd063d223d16
bcad3d04bd7fbc91
3d9cbb97bd1d3d28
bbe5bcccbd3bbd4b
3d283c433a883d2f
3d483a06bb7e3c8a
bc5abd583c043ce2
3c71bcdf3cf5b9e6
bc50bca73cc3bd0e
bc01bcec3aca3c98
bbf53cbfbd353d6b
0000000000000000
3da1bcda3cbabd27
3cffbdbabcc7bcc1
ba503bd43d3fbd3b
bb99bc973b413d4e
bc19bca13cedbd0d
bd3dbd43bc0a3d6c
bc7abca03d04bcc7
3bf4bcefbd30bc24
3ce7bc233d56bd0c
3dc3bd4a3d5ebd0b
3ca6bcc4bd6ebd06
bcbc3d613ac2bbed
3d633d423d2fbba7
3ce2bce83d12bd71
bd223cbabdb43d6b
3d7bbd703d98bd29
bdba3c503cc23d36
bbe43d103d9ebcc6
3ccc3c9abab2bd7b
3ceabcf1bce3bcdb
0000000000000000
3d073d23bcf9bc8d
bd163d1a3a483ceb
3d1e3d4a3d5c3dd6
bd18bcc33d27bca4
bc9dbbe33a733d0f
bca63d0f3ce73c02
bcfa3d2bbd743c5e
bafabc17bd003b86
3ce03d363cf8bda5
bd643cd03a953c17
bc60bc92bd2a3c74
3ca43d0dbd073dbb
3c943bb8baab3e34
bc4c3b42bc12be13
3cc13cd2bd9e3d0e
bcb13d4b3d13bdb2
3dbebd4fbd9cbd9a
3d2bbcd8bca53d15
bced3c183daabc9e
bd3c3c93bc4b3c2b
0000000000000000
3b8dbb7dbc17bc1b
3c0d3d873c86bcdb
3cbc3cd7bdc4bd12
bd763be13d6dbdc5
bcef3cd4bcadbd19
3975bc15bda2bc43
3c87bae4bcb0bbda
bc533ad03d763d1b
bcd63c643d823bfc
bcab3d32bdae3c8c
3b68bd17bdef3d86
bc2c3c813d18bc17
3c59bbec3ceb3d0d
3d2a3b55bd66bd93
3c503cc93d39bd2a
ba953d153cafbdf1
bd1fbd30bd04bc5e
bba539b13d503c88
bbdb3b323d2abd95
3d2e3d67bc9bbca3
0000000000000000
bd3aba8b3c45bcf0
3c123cd03d39bc98
3d15bd9b3c30bd68
3d4c3b9a3d72bb85
3bb63bc8bca03c3c
bd963ccd3d533b62
bcbdba9ebd003c9d
bc18bb8f3c11bc69
3cb2bc753d993c60
3dc4bdca3b50bc7d
bc903c593bc83cb8
3d06bd06bd25bcbc
3cd13d7cbd413d25
bcc6bdafbcc9bce7
bd2e3d8fbd1e3a27
3c12bca23c30bd8c
bd793d953cc23d81
bc55bd023d013cbe
bd8e3cd43d1d3c48
bb823c74bd783d69
0000000000000000
3d7c3d4f3cf33cb5
3ae63c4bbc8f3b8f
3d2dbc73bd053d17
bc24bc66bd93bb91
3d40bd6cbdb13d73
3d8a3c51bd243c74
bbbbbdd03caebca2
baecbd4bbcd6bda2
bc813d91bd463c2c
bc86bd693d1dbb9a
bb75bcc73d6fbd3e
3c96bd32bc0f3c96
bccc3cb1bd223d68
bccbbd89bb92bd0b
bd17bc56bd6b3955
3d0bbc6fbd983d22
3d7f3cd43d68bd92
bcf53cd1bb943db9
3d0e3c5abcac3d01
3cb43cbfbc3abd0d
0000000000000000
3c8cbcaabc7c3d81
bbd4bc953d38bc26
bcaf3cec3d303d0c
bc9c3a61ba85bd5a
bb8f3c903cb4bab1
3ccebcdebbdc3c47
3c603ca03cfabc3e
3dac3c73bcd3bbe9
bd433cbfbc15bd19
3c5ebc9dbab6bb83
3cb4bd1cbb243d00
bd1abb8c3b8d3d46
3c793d0a3c0e3d39
bd91bce03cd13c35
3cbcbc543ca5bcd9
bdb1bd563d4fbc05
3d553ce6bd8d3c12
bd2a3cc9bccdbd16
bd363d2c3c28bd25
bd4c3c773dd53d41
0000000000000000
3d7dbb0e3ce4bd94
bd4ebda63c8cbb92
bc5abbd5bb773b6f
bcddbd46bbf53d10
bd3b3d723d903c5e
bbe6bc8c39d93b65
bc4abd34bd2dbc57
bdd33cc43dc1bde6
bcaf3d163cc8bc58
3d7c3ca53d04bcb5
3d70bc943c5abbf1
bd0e3d02bd01bcbc
3a7d3d92bdc43cba
3d1bbbc0bd16bc74
3a5fbd5bbd24bbee
bc923ce93ccd3d63
3daf3c36bcf63ccc
3cab3c42bc703ca1
bc8cbcb6bbf73d40
bc8fbd1abd4dbcd1
0000000000000000
bc3b3d21bd69bc9f
bd013d2ebd12bbef
bb853d6a3b96bc9d
bc543d463d52bc0c
3c223d73bd3ebbf6
bcec3d83bc7dbd36
bca03ae7bd17bd18
3bc4bb82bc32bd03
3c543b373d253d4b
3d623bd9bd3abb8c
bcdf3ce1bcb43bec
bd4abc94bd0b3bd0
bd053cbdbc3a3c1a
3d1abaa3bbf93a0c
bd053b09bbe13ce5
3c223ca8bc8dbc4b
3cdfbd7f3d4e3cd6
3b11bd0e3d343d54
bb323cdabc213c1a
bcc53d73bca7bd56
0000000000000000
bca43d4abd233ca9
bc3a3c9b3cfe3d89
bd31bd8ebc93bbfe
3d32bca13d19bd26
bdc23bdbbd453d3d
bdca3c8ebd853d1e
bdcd3d81bc50bc1e
bd8dbc80bc4b3d84
3be7bd123caabab9
bcf33c97bd113c9f
3d643d9539923c92
bdbe3d0dbbb3bc05
bb683c5cbc0fbdc0
3d61bc03bd3e3d24
3c513d153c56bca4
bcc3bd24bdae3d09
3cf8bd0b3cd7bc29
3de0bd033d22bd1c
3b62bd89bc5abc3e
bc1f3bddbd123d1a
0000000000000000
b99ebab03ba1bc5f
3d07bcf03d39bce3
bce13b67bca83cda
3bd9bcf9bd42bdac
3c773d53bcf53c34
3d29bcf4bc56bd81
3d12bb613b8c3ba4
3c23bd573d28bc61
bd803cdbbd01bd87
3bf73b0a3c483daa
ba4dbcd33db33b3f
bd1fbcc2bd17bd13
bd2aba46bca5bcfd
3d073cc2bce43d6c
3c5abc0f3b4dbd8e
bb153d87bd90bda2
bc3e3cb33d713d53
bc743cd6b7d0bd88
bd623cf9bdb3bd27
3c923c2dbd1e3c20
0000000000000000
3d35bc41ba093d0f
bd23bd3dbc9abb77
3d763cdcbc043c81
3d48bd1b3c99bc96
bc693d1ebb8c3ba1
3cb93c8b3d8138bf
bd1ebcb53b933d88
3ccb3d03bbf8bd66
3d01bb883c1e3d94
bc113c55bd773d4a
bd85bd3bbd76bd1f
bd52bd403cec3db4
bd26bd7f3d77bcdb
bc36bd083d2f3d28
bc92bd2d3d4fbd6a
3dd23c69bc8c3d85
bccebd093a44bd86
bc653c3bbd383d0a
bc47bb7d3cbfbc91
3c0ebc333c713c8e
0000000000000000
3cdb3d593ce6bce7
3cb53b74bcb83d2f
bbe33bd23cff3d91
3c9fbc483b093a68
3d95bd0d3d2bbc9f
3d493c20bce03c17
3af3ba7bbdb33d1c
3bb7ba4bbb63bd0f
bcb73b6dbc8c3d30
3cdd3c4cbbcd3d89
bca83cda3c64bd11
bd23bcb5bdac3d89
bcb7bc38bd1abd8b
3c9e3c353d8f3dce
3c15b622bd893cda
3dabbc1d3d3e3cd0
bcce3d1cbc18bd3a
bd21bbe23cad3ccc
39c0bbc4bc8b3d13
3cf33d18bcec3d4e
0000000000000000
bb813c37bd783d3d
3c35bc073ba23c35
3c46bd2e3c93bbe0
3c163cb4bc4bbd4d
3d0b3d31bc9ebd0b
bbd03cb43b10bd7e
3d86bc90bd5bbd2e
3d1b3d473dd3bda4
b9da3ca3bd253e04
3d043cc5bdb5bab2
3ca03daabd403d97
3cd7bcf33c803c61
bcd83cbc3e433dda
bd2e3c64bd403cdd
3d0ebd0b3d523c56
bc8abd06bd9e3c8d
ba843d073d49bd27
bc19bce93bcc3d8c
bd56bcb8bc90bcfd
bd2d3d1f3ceabdb1
0000000000000000
bc69bd843cabbd13
3d26bd133d59bd02
bd2abc95bc873d3c
3adb3cff3c5f3cb6
baa93d06bdbe3bed
bc903cb9bca9bd83
bbcfbba93c9abc8c
3accbc99bd14bc34
bc11bc6e3ce93d4b
bc0bbaef3d6c3c0f
bcd8bd893a34bd3e
3d833d673d6b3d4d
be013c00bca23bd8
3dbcbb083daabd0e
3d20bd433c91bd5d
bd1bbb203d7c3c61
3b71bd85bd6f3d34
3d853bd3bd223d0a
bb8d3cf6bcf03b11
bda7bd2e3d7dbcec
0000000000000000
3c67bd953d233d3f
bb41bd133d5bbcd3
3d90bd7d3a09bb32
3c24bcf9bd013cad
3d6a3d75bcce3c8d
3ba63d2dbd1f3acf
bcc03d343d85bd7d
3d183d0f3c04bc43
bd8dbbc8bce5bcc1
bb37bc5ebc18bd81
3c87bcbabd9ebb4d
3d263d433d4fbd29
3d903d323c173ccb
bd8cbd593d723c0b
3b563d463d85bc66
bcb4bd5a3d223cd0
bd553cd53bae3d12
bcac3be4bd3bbbe8
bd20bcf03ca3bb29
bd37bc773d90bd49
0000000000000000
3c8ebdcbbcf33d7e
bcf5bd983b4e3c08
3caabce53c05bc18
bcb93b1c3cd6bcee
3d883cbdbd1b3c9b
3d313c983c823d22
bcf53d353d31bd51
bd69bcf93d69bd54
3c65bcc3bc2f3bba
bc5dbd9bbaadbd00
3c833d28bcc63d07
bdc4bd5dbc88bdb2
ba5e3d8f39e93c34
bc1abd9cbca0bbb5
3bba3d513d12bca6
3d1cbb97bcc8bda5
bce93d08bc9e3e06
bc5dbc6e3d16bcde
3dd7bdb8bd90ba88
3cdfbd3bbd143c8c
0000000000000000
bdd23be4bca5bd28
3d99bd9c3d213d0e
bd1ebd95bb05bd16
3cc0bcd3bc503d2d
3d70bd393cba3d2e
bc43bc943c973dbd
3a4dbd2b3d4c3cf1
3d0cbc91bbd7bc13
bd723cebbcf4bd03
3d07bd3abcc6bd78
3c433c633d033d05
be07bd163d07bd65
bbbe3d9fbc0d3d86
3c0c3c8cbc61bd42
3d0c3d2cbc073d79
3d29bd503c29bb7e
3d14bd2cbd503c3e
bc6ebcd33bbbbc86
3ca2ba2a3c813be6
bc8c3ceb3d353bf0
0000000000000000
bd1cbb6e3cf2bc12
3d943d233cf7bd08
3d073d183d49bcde
3cb73c2abc0ebd42
3dcc3c423ca1bd6c
bd38bd0a3c10bb44
bc5abd473d53bd18
bd163d16bc5c3d83
3c5e3ab13d093db5
3c4d3c99bb43bd37
bdecbc18bc74be02
3c033d8f3d0dbd01
bdc8bd1abb88bdc4
bd5cbc8cbb9abcb6
3d0abd45bcf33cde
3d6c3cfcbcccbcb6
bd46bd50bc433d36
3cff3d0cbbc5bc39
3d25bc423c70bbe2
3bab3c213cfebca8
0000000000000000
3c903d2aba60bce6
3c45bd013c26baac
bd583d7cbb2b3c92
bdb63cc7bd033b5a
3c303d4c3d4dbd0a
3bb83c90bc893d32
bc19bc473d50bd28
bd053dad3c1d3c0a
3cfc3cc1bc72bd0b
bcfdbbc03cb4bce9
3ccebd0c3bc03d1a
bb97bdc5bd96bc9b
3c21bd60bb863d83
bc5bbd96bc29bd98
3b97bc683cd43d1f
bcf83cdfbd1bbdd6
bd023d39bcc23df1
3d37bb76bc663ac5
3d823b013ca0bda9
bcc43d183cf7bcfa
0000000000000000
bc5c3cf6ba093c0c
3d923d75bd123c36
bd36ba953c153c88
3bb03be03c5c3c79
bbd83cb6bce2bd26
3d103d09bd3ebd09
3d413d01bce83c5d
3cc1bb55bd92bd18
3b61bc41b8da3c8d
bd503c643c5a3d24
3d43bc25bd09bd5b
bc623d063c9b3c9f
3c293c05bc9e3ca2
3c163d4d3c1b3d62
3cf83b05bb8dbd99
bd0b3d1d3cb83ca7
bcb3bd703c7cbb8b
bcbcbcad3d2f3d3e
bcbfbcadbd813d96
3a523d4a3ab7bcb0
0000000000000000
bd1cbce0bc46bcf8
bd6fbd28bcd33c4c
bdcabdd2bd033d20
b999bda0bcf43cf4
baf13d023c9a3cf1
3c1e3bc03d6a3cd8
bd003c08bce13c52
3d03b9973ceebd07
bcc13b91bd8bbc05
3c74ba68bde4bdaf
3d4fbb0b3c123de1
bd83bd45bbd8380d
bcbbbc9c3da93d15
bc0c3d02bd26bd9e
3c263d3f3da83d62
bd5d3ba4bc98bcab
3da13bac3d0abaa9
3d23bd79bd2d3bbd
bd56bdec3bc9bd93
bd48bd46bcfabd45
0000000000000000
3cb33d89bc99bcf2
3d393d16bd5fbd68
bcf23d833cd5bcec
3c373d453b38bc9e
3d383c1cbd08bc11
3d55bd0fbd2b3c9a
bc703ca3bd113c23
3bc1bcccbcccbc28
bc8c3d10bd663d39
3c863d373bdc3ccc
3c693c8ebdafbd56
bcff3d93bc85bd8f
3d0ebc2c3da83b29
bbb43b2dbdab3c6d
3ca6bd093c65bbea
3d7b3d4f3cc13cc3
3c2e3ce63c19baf0
bd7f3cf03d953d25
bc3bbcf03d44bcd2
bb523d0dbcbebd2b
0000000000000000
bcfe3d273cee3c3e
3ce53d793ce83c9b
3ce23d3c3d483c41
3c2a3c663dbc3cbd
3bf73d1e3d7cbd18
3a043d4b3d2d3d4e
bcd53ca53bb5bcdd
3af73d143c593d66
3cb1bcc53cf93ccc
3ce8bd933d3dbdae
3ced3bb93c473c60
bd5bbca4bb213b33
bbfe3c07b9093d48
3ce13c333d963d56
bcfabc63bcfe3d51
3d673b783e003cb8
3d29ba133c9c3c0f
3d6a3bc83c6f3cde
bcf6bcbabad63d25
3b123d6d3c0e3d91
0000000000000000
bcb6bd3fbc393d7a
bd523d183d783c79
bccdbd3b3d2bbc9e
3d8cbd1bbcdabbff
3b2a3d533c8c3cbb
bbd2bd833c883d55
bd59bd703d253cb7
3d013d543d2cbcfb
bcf0bcd2ba09bcc5
bcb4bb573cd4be06
bcd5bbc8bd0a3d20
3d2dbcff3c34bc34
3d283d103bdd3d9f
bd83bd243ccabd01
3c993d403c493d85
bcd3bd9abb81bc2b
3c9a3d9ebd3cbbcb
3d0e3ba3bd3ebd85
3ca43d8e3c18bd3a
bd503ca73c8b3ca4
0000000000000000
3c1c3c583a973cc3
3b973d00bd29bc2d
3d2abb96bd213ca5
bcc8bd033d173d89
3d71bc86bcf6bd21
bc433d25bd3abcb4
bc843d05bd4bbc5e
3cd23d1fbc5fbc58
3c87bc543c6e3d4b
3db8bc7a3d073c42
bcd33a0f3b65bd95
3d1cbc8d3d1bbc9a
3cb13c92bcb0bd6a
3d1a3c85bccc3c50
bc993c2ebc8dbd15
3d013d1ebb8a3c98
bcbdbc3abcaabcb1
bd97bd7f3d7e3bd9
3c8b3cb1bc203d64
3cbbbc38bd37bb88
0000000000000000
3b7ebcf8bd04bc58
3d1e3ce1bcc23dae
bc993c933d19bd4f
bc043d95bcc3bc50
3c983d5b3c90bb23
3d273d39bcfdba96
3c71bc34bd773d05
3d38bd3d3d013d45
3c85bcb6bc153bf4
3c27bcccbce0bc13
3d353c72bccfbc8d
bca0bd00bc01bd2f
bb253d043cc2bcb0
bc633c7fbd68bbc9
bbc0bc233a9d3d93
bc873d9abc8e3ce7
3b58bd363d3f3c66
bc47bbfb3d7abc14
bb883d653cb63981
38493af6bbd93cf0
0000000000000000
3d2d3d86bcb33ddf
3d393cc13d0b3c0c
3c9fbca3bd753d57
3cdabd88bba03ca9
3d9d3bc0bd223d6b
bc443d8abda33d96
3c403c52bbcabcbd
bd88bc243c693b38
3d293cfdbbf03c6a
3da2bca2bd1cbddc
bba1bc353cd6bcdf
bbafbd963d6bbd31
3d883c973d7a3c81
bcf13bf2bd8fbc8f
bd843cb73d8d3d5e
3dcebd18bd4a3d39
bc7c3db9bd94bd36
3d743bacbb62bc1a
3d31bc62bc7c3cec
3ca13d343bf83cf5
0000000000000000
3d013d25bd3abb8c
bd5a3c69bc7e3c71
3d5e3c7b3c9c3c12
3db7bc1ebd233c2a
bd243c95bb863c63
bcae3cf5bc4d3c63
3c6c3c8dbd923d36
bd82bd26bd0bb887
3b85bcd7bc763cda
3dbdbd00bc673c3b
bc0fbd34bd03bd04
3b123bf03c813d7c
bc763d873c813cb8
3d0bbc043c57bcc7
bdec3c823d92bcab
3cb73bf4bd8f3c55
3cf8bca63da6bd73
3d663cec3d49bd40
3cee3d4d3d283d93
3d0c3cfc3cb73da3
0000000000000000
3c0e3cedbd7fbcdd
3c163d0dbcc3bdab
3d20bc0bbd77bc3a
3d07bcb53d42bd52
bb0e3db7bbddbd11
3d903d42bc15bd8c
3da8b99ebc48bca5
bd7ebb95bc813bb0
bd733d723b1d3c92
bd5dbd2dbd343cde
3d3a3aa2bc8ebc99
bcabbde63ce93cd6
3d45bc55bb6f3d6a
3b2f3bec3c8cbd6c
3d43bd2ebad4bb3e
3d323d2fbd75bdaa
bde13dac3d213b52
bcedbc683d51bc2b
3cc73ce83d593cc3
3b07bcb2b9adbd6f
0000000000000000
bd0bbca33d433c19
bcf2bc933c213cf4
bcd43c09bd4bbc81
bcfc3b923d8d3d76
bd05bd85bbaf3cc9
bd023cddbd6f3c8b
bd20bd5e3d343c15
3cdd3dbe3aa33d89
3c7ebdcd3c8abd96
bcdcbd913bbd3d0b
3c88bdc6bbe3bc29
bcc8bcfb3b573c83
3bb63e1d3b613d2e
3c7bbcfdbb38bd43
bd243d97bcd03bf5
bac9bdcfbd35bd5e
3dbf3ca83c923ab4
bc983d103c8c3cc5
3c823b40b9c4bc2e
3c82bca1bcfabce5
0000000000000000
bda43cd0bd8e3cfa
bd043c7f3e043cf9
bd563d973e0dbd35
bd16baa0bcbebd3c
3c6e3d8f3da7bcf0
3cbb3b67bd013a43
bd53bc193c9a3d58
3c533d8d3c433c82
bd0f3c403c3e3c90
bc8f3cdd3dd9bc83
3da93d043d6e3d42
bcacbd763dd03c2e
bd67bde33cbc3c1b
3d3c3aba3d343bf7
3d17bd98bdc63d11
bcf93bf0bcfdbd0f
3c3f3d14be18bb0f
bd4d3c223c5fbcde
bcc1bcea3da4bd53
bd593c37bd31bccd
0000000000000000
bbafbc84bd2e3cb8
3c10bcfdbb5abb07
bcb23d81bd383dac
bc9e3d233bd43c2f
3d693b85bd18bd4e
bb80bd183c1bbd13
3bc3bd31bcfe3d16
3b403d48bd55bcc7
bb923d123db73c18
bcd33d3abcdbbd8b
3d00bc823c423c80
3cc3bc9d3d013d69
bdc3bd403cf23d80
3d32bb93bbc2bd84
3c6dbd21baa2bc0c
3cc13d503c90bd81
bc73bcf23cd03e22
bc913ce53ca23d1a
3d2e3a913d74babf
3d02bc87bdf6bdae
0000000000000000
ba143c913cb03bff
bb29bcef3d943d0a
bc783c653da53caf
bc12bd893cc03bf3
3d85bc4f3db2bce6
3d89bcbe3cd03d2f
3aa4bcbdbd713a9b
bc893c4abdbc3cf4
bd9b3c853d8d3cde
3ce5bbe53d1cbc4c
3d29bbd6bd113c22
bde03cae3ae5bd29
3d33bc983bb53a49
bbf8bd0f3bb7bc25
3ceebd6a3bd4bb57
3cf2bc82bc34baa7
3de9bc993ccf3d23
3c3b3d71bd22bcaa
bd013d813d0ebc1f
3c033cae3ccd3d4a
0000000000000000
bb783ae7bce3bd3a
3c37bcdbbd85bd8b
3925bc613b3d3d30
bd01bc933d2abc8c
bba2bd6ebcdfbd0d
3d81bcc1bd4fbadb
3c913b36bc59bc2e
3cfabbdb3c433d41
bcb4bd303d6dbddf
3addbd18bcc93b87
3b84bcabbc243d01
bc89bd333b0d3d68
bc2839df3c7f3d75
bcb03c87bd23bcbc
3cb23ca43c473d38
bc4dbd00bc89bd99
3d5f3d613d1e3be0
bc963d243d673cdf
bd723acd3af8bd4d
bce4bc3abbef3c01
0000000000000000
3d15bcf9bdcd3d28
3c25bcca3cabbd84
bcea3d1e3c8b3d77
3d743bf73db03b81
3c883b7abbdd3cbd
3bd9bda5bc9dbae4
3be3bc8cbcd7bc21
bca8bb94bc8e3c0a
bc393c43bca1bcf2
3d373ca43c393c71
3c16bd58be1ebd67
bca9bcaebcc2bd35
bccc3cb7b844bc8b
3d28bd6cbc93bc5e
bd83bd243da2bd2b
3d20bd83bd02bc1e
3cfb3d833d843b57
3d383d523cbc3c10
3d3abcff3d6b3b78
3ba6bd103bb2bd0b
0000000000000000
3c89bcbc3d8bbd05
bc73bc5f3bee3cb5
bd223d933cd23daa
3bedbb00bcfb3cd4
3bbc3bac3b0d3bf5
3db2bc3cbd483ce8
3d9dbcc43bf23c28
3d463c90bd4c3da4
bcf53cb93d89bd35
bd183d523b833deb
bc61bd28bd243d6f
3d26bd86bcfbbc17
bc81bbfbbd373d56
3c87bd7a3d96be2b
3abdbccbbda43c89
3c87bd01bcaabe33
bd6db968bd033cdb
bd3ebba23d6c3d59
3c5ebd02bc34bd64
3d51bd76bd19bc82
0000000000000000
bd1c3d10bd85bd74
3c76ba5bbd8d3d07
3b8a3ca93cd4bce3
bbe2bc4ebd64bd27
bd5fbbce3b9d3d9a
3c963d603d8b3d70
bda8bb98bcc43c75
3de33d9c3b1fbd3a
bd72bd28bd113c52
bca9bc29bcfcbbd8
bd013d843d563c9e
bd38bcd5bb8dbd2f
3d803d3f3c75bd1b
3bb7bd69bd86bdeb
3d823c273d93bb41
bd1dbdc3bc8d3d9e
3dbb3d453d8b3c6b
bc89bd40bd43bbfd
ba6cbd613d94bb8c
3c82bca5bd173d98
0000000000000000
3cc1bd433cbfbc99
3cf93b073c793c2c
bc863c333cc53cf7
bc6a3c12bc87bd0b
bd563cbf3d4f3b96
bd6abd8d3d3f3d8d
bd6cbcf5bc093d39
bd46bccb3d313d5b
39e33c053d31bc8b
bc253d3bbcad3d11
3cb9bcb9bd1c3d15
bc1d3d66bd043d1c
bd36bce8bd973bd2
3d0a3c513d70bd52
bd78bc53bd4ebc83
bace3cc03d253d01
3d3bbd013d66bd91
3e1e3da0bd8c3c79
bc91bbf1bce23cc6
3a283c003d49bb9d
0000000000000000
3cc03d053cc73c64
3c0e3d663d8c3d79
3d9dbd0ebbad3d0b
3d89bce0bc75bc1b
bc5f3cdc3d6536e1
3d133d273c973db1
bc853d7d3b84bd01
bb823c99bd6abb82
3b13bc25bd2d3b7a
3d4b3c8fbd37bc61
3c14bae5bb193d37
bbd93b24bd40bcf9
3c713d4dbc42bcdf
bd39bba13d063afc
bd1d3cbabb19bcda
3a1abccb3d4c3ba9
3d333b5ebca83ca0
bda3bd14bcedbc6d
bcd2bd4dbd093d64
bae43c5f3bd73c07
0000000000000000
3b7abd9bbd2fbc32
3c34bd2d3d6cbb97
bdca3c17bcbcbb0b
bd4a3d19bd3abbf9
bca2bce73d5c3d48
bdd63b81bd8cbbd7
bd8e3c7dba93bcb3
bc993d3abb2cbd4d
3d313b46bd273d09
bd1dbd6c3d90bd67
3cb3bd5dbd3dbd54
bb1ebbd33d693c7a
bcb3bc923c76bb6e
bd713a0c3d47bd22
3cfdbc72bd37b9bb
3ccebcaf3d80bd3e
bd0f3cf2bc1b3d25
3dae3d1fbd0c3d95
bd87bd4a3c203d58
bd1e3ceb3e01bd88
0000000000000000
bc463c503d423c8f
bc2ebb283cfb3d20
bd883d803d79bd63
bda03bcbbd773d23
bc74bc6ebcdebb87
3d7abbd83cbe3ca4
3d253b643d083d89
3c6b3c9bbc5b3d49
bd1b3d3fbb88bb3e
bca23d39bbb0bd46
3cf03d053c2a3b83
3c823ce83cb8bc3b
ba503d35bcd73cda
bda239bf3c6d3cdc
3c85bcc0bcc63cbf
bd6bbd12bd533d45
bb87bd02bcfabc31
bd2d3d3abc80bd29
bdb83d2dbddb3c16
3d15bcbc3b273bd6
0000000000000000
bd82bd823c1fbc42
bca1bd173d50bbcb
bc96bd7a3a11bcf7
bd5bbb56bb20bc8d
bd2dbc20bd723c2c
bcc0bc2e3d52bba3
3adfbccc3b48bd56
3cf13d32baf6bcd8
bd593c4dbc223c67
bacbb9e8bd3fbbaa
3da33c1a3d80bc1d
bcd1bc413c20bd20
bbb73cecbd28bc94
bd9fbce7bc143b7d
bd033c9f3d4ebcb0
bdddbd433b353bdc
3d1c3d2ebcd83dd2
bdb53c2bbcd53c93
bdad3bfebd5b3c7a
bd2dbd523d0dbd83
0000000000000000
bc7f3d563d39bb16
bd82bcd2bb9fbd31
3c3e3af13aedbd62
3d3c3c0a3c06bdaf
3c733d693bb0bd95
bd0a3d91bd0abb2b
bcf5bcb5bd1cbcc3
bbcebd3fbd013c4d
3db93b353d22bd85
bd50bcaf3d153cc5
bce0bce23c0d3d8a
3d3fbcbebd07bd99
bd11bbc3bca73c6e
bd8cbb1c3c66bca1
bb3bbcaabd83bcae
3b7c3d3dbb3c3c45
bd21bbfe3d563db3
3c97bccb3d8bbdba
3d8fbcf43a2a3c61
bb673c18bd05bc9c
0000000000000000
bd383d72bbc7bd14
3c223d52bc98bca2
3d5a3c7c3c9ebcc6
bbb13d9f3d85bcdf
bde6bd16bd84bdcc
bcc4bcaabd20bc4e
3d20bca33c233dbc
bbf9bd5a3d0fbd3d
bd41bc6abd0ebc89
3ccf3d17bdd63d81
bc41bd74bc243d24
3d583d033bc9bc89
bd09bcb23d8ebcd5
bca73dea3c623d84
3d13bc903d8dbd25
3b2f3dfcbc81bd73
bd39bde63cdd3dbf
3c8d3d703c00bbda
3dbb3d063d08bd57
bca23c0abd17bd42
0000000000000000
b9443d16bc293ce0
bccebd18bc63bd0c
3c023b27bd973d51
bcb9bc84bd79bd77
bc1d3d1dbd2fbdc0
3d163cb4bb953c0b
bd663ca63cdcbcf2
3d7cbc403d353d03
bdd83c59baf9bc45
bd363cc2bc703d26
3d8bbb4bbb803cbd
bdbbbd92b8e73c43
bc8cbcab3d153bb4
bc2a3d943cb4bd29
3c29bd063d033cc7
bd3f3d5f3b853d19
3def3d4e3ba73dbb
bd163b83bc7d3d93
bd87bd82bda4bcf1
bcadbb933c31bda4
0000000000000000
3d823d733ce83bfb
3c1bbcd8bd1d3cf7
3cc13afc3d653dbd
bb9c3ca13a193daa
bd11bb083d613d60
3cc4bcce3ad6bd82
3c35bd2a3b19bacb
3d06bd0bbd233d1e
bc293d0a3d1dbcef
bd033da3bd853e00
3c1fbc85bd1bbd1a
3c58bd07bd07bc4f
3b2bbda73d67bd29
bb683d2ebd14bc0f
bcabbd99bc5bbbc3
bd333d1cbd173cfc
39953c343d49bdd0
bcf63cafbc96bcdf
bd1d3bbcbc2ebc13
3c223c8b3b5cbd79
0000000000000000
bd8ebd013c27bb6c
bcc7bb2cbb993ce5
3d50bb6f3d04b5aa
3cf5bd483d08bd94
bcbcbd353d0f3da2
bd533c2c3cbbbceb
bd86bcd93c6cbd77
3d493d4c3d323d52
bc87bdb2bc213d8b
bd29bd26bcc53cb6
3b48bca2bd603a97
3c82bceebde2bdc2
3c633d813cbcbc0f
bd92bcdcbbc33d1b
3c6d3d89bad4bd26
3a53bcac3c57bc1d
ba2c3c69bc7e3bb7
3ce0b9a13d09bd0b
bb563ce43d173c2f
bd51bccdbc92bcc2
0000000000000000
bd5e3d13bc9fbc96
bcf0bd2bbb59bd4b
bca73d9fbd36bc3b
3d853c28bc9f3d70
bc973c373cc5bbe9
3d6a3d30bd293c6e
bd893cb9bdd9bc0d
3c98bd12bd10bce4
bd883dab3d4b3b27
bd4a3c91bc99bd01
bdaa3c45bceabcf2
bc63bce0bd0dbd31
3d0cb9b53c8ebcd9
3d003ce3bd4fbcba
3d41bc923cefbd04
3c9a3d683c22bc4e
3cb33c033d17bd11
3d5cbbb23c97bbd7
3cf3bca73d573c3b
bd8b3d4b3ca1bda1
0000000000000000
3b07bd41bcfabae9
3d82bd90bd49bcd6
bc52bdc63d1cbd76
bbe13ca83d01bd2b
bd8d3c84bcd4bda4
baba3d06be0ebc05
3cc93d843cc03b42
bcde3c873d44bd7d
3d8fbccb3cbf3d4f
bc5abce73d053d6f
3b22bb82bd553ba7
3d41bd31bc123b0d
3b313cfabc74bd3c
3d2bbd0cbbc43c3b
bd463c273d83bb16
3df1bd10bd4a3ca4
bdfb3d1fbc4ebbd4
bd6bbcac3cca3d59
3da8bdd3bd22bd12
3d2abd80bc88bcf2
0000000000000000
3c5bbcbd3cc9bd60
3a6dbd623bc43d82
3b79bcb2bcf73c96
bcc1bc87bd7f3ae0
3cfc3b37bbef3dc3
bc253d613cf2bb87
bd9fbd313d113c8d
bd213cbc3bc3bd98
3ce83d763c5e3d7a
bcfcbd11bceabbf0
bceabc983bbcbac6
bb973c453c54bd1d
3d0a3a983c8dbc96
bd3a3d5bb96bbcd5
3cc13be13d6fbc82
3c8e3dbfb91f3d0f
bd28bd493c0abbd1
3cd1bd18bda0bd23
3cc43dff3c3c3ad9
bc303d48bd193cd8
0000000000000000
3c85bd5fbb673c4b
3d11bd9b3ce5bc16
3c8ebb9dbc623b89
bce73d903bca3d1d
bca9bcf83c9d3c8e
3d193c6d3d99bd30
3c7fbdb5bb4abda4
3dc4bc1f3d9bbd55
bd19bcf2bda03c57
bd323bd7bbca3ab2
bc273bc9baed3caf
bd053c6bbd8bbdab
3a4c3d953d8a3c5a
3d57bd273ccf3cb6
3d6ebcb63d0b3b6a
bd2ebc94bd203d46
3d1f3d47b8c83d6d
bc593c78bc4fbd31
3b173be9bca73ce7
3ce7bd1c3cabbceb
0000000000000000
bcb83ce23d40bc9c
bb0c3cac3d043dc7
bc383cce3d9d3d81
bdac3dfbbc553b93
3d6abcb3bbcb3d71
3c383ae4bc74bd0f
3c40bc103d3d3cae
ba8c3c04bd0fbe37
bd743d25bd4cbae7
3dbb3ddd3d12bb93
3c88bd30bd66bbae
3ce53d543d4e3d21
bd523c963d4e3d9e
3c563b823d60bd86
bd2fbda03cc1bd31
3c403d713d483bd0
3c7c3d5abdeabd85
bd403d8c3d0bbd0b
3c95bc1d3daf3c69
3d01baaa3cd1bbb3
0000000000000000
3bda3c6bbc9c3d9a
bc5d3c7dbd74bd21
bbe23c88bc853d5b
3cb0bd8dbdbabd45
bd16bd903a12bd75
bc15bd13bc1e3cdc
bd8f3c8bbca83c72
3d473d04bc54bd1a
3d5c3cb6bd3dbd08
bc93bc0d3dfbbc31
bc963d013c283dce
bd433d723ba4bdba
bd2b3cbc3d323d19
bd04bbab3d94bcef
3c72bca2bd41bc8e
3d3cbd95bcb4bd92
bce93d3c3ce83da9
3d1dba69bdb83d1d
bc06bcf23c3dbdbb
ba18bbbf3cf0bc46
0000000000000000
3ca6bd573c3b3d77
b8c7bd213c8f3d3e
3bdebbd83c86bc40
3d0abcbf3bb93c5a
3d433d123c1bbd8f
3c0fbb4b3d1a3cfe
3c793ca0bcd93c52
bd8dbda53b4d3d05
3d3b3d84bc93bcba
3c8abd45bd5fbc1b
3c163befbcc8bd03
bd433c42bd0ebcda
3caf3c753cd9bc85
bcd6bd013ca93cca
baca3d2a3ce43c85
3d5e3bab3b8b3c97
3cc0bc943c05bcd8
bb3d3d0cbd3dbcee
bd093c3cbc753c91
bd19bd3a3be03db5
0000000000000000
3bff39b6bcd33c21
3d213cd7bd813d5b
ba9fbba1bd1b3937
bd3c3c95bbcebd30
3c9ebd223d5e3d5f
3dbbbc0c3c863d4f
bccebd283c4dbcf3
bc2abcbe3dcdbc7f
bd0d3d88bc653d27
bdb63c2c3dc5bd2e
3bdabc4a3c9dbd65
3b163d4fbc2ebdf2
3c6dba163c5fbd03
3c043d233cbc3d27
3d0abcc43cd13ce7
bcba3c9cbcd93c68
3c24bb9e3bd13ca2
3c493d86bd1ebbcf
3d733c3cbd31bb81
3c95bcb4bcf53d06
0000000000000000
3bc2bd923c92bc04
3c9f3b9e3d50bd39
bd52bca03c6bbd85
3d8e3ccb3b0ebdc8
bd0fbd3b3c783c08
bd44bc8b3c88bd87
bd71bd403ccd3cc7
bd4b3cdbbd27bd5e
3e203d083cb2bc5f
3c613d23bc13bd11
3d8d3d27bd243d34
3deabd823daf399a
bcae3bbb3d35bb2e
3cb3bb88bb65bc08
bd7c3c983d1c3bd4
bcd8bd3c3cee3d63
3d2e3d8abd83bc6c
3c9cbd113cd23d5d
3ca03c92bc1d3ca7
bdbabda93d73bd87
0000000000000000
3d583cbcbcd73d12
bd2e3d8f3d7b3d8c
bcd43d5dbd483d00
bdd9bd383ae13bc6
bd143cd33d1e3d05
3ca03cc9bbe5bbfd
3bf7bc543d253b87
3c55bd393d23bd2e
3d05bc5ebd20bcd0
bc23bb8a3d2fbce0
3d913bbb3d063c36
ba51bcbbbd2c3cd4
bbe53c9e3c6e3d29
bd5f3c72bcd63c13
bd24bc713d013d14
bd063cb73c453cb5
3d493cf13c2abd34
3c04bcd4bd30bce9
bd8cbd91bcf5bc3d
bcb13cec3d3d3d02
0000000000000000
bdc5bcc5bce4bd6b
3d053d60bcd1bcc1
3d433cd03c04bd3d
bb6cbcde3d3f3c1a
bb5abd00baddbb95
bd17ba443c333cb1
3c853d0d3ca6bd2c
bc14bc9b3cf3bd05
3c9ebccebba1bd13
3e29bc2d3b5a3cc2
bd7ebb883d333cab
bc883d1bbb61bb33
bc243c773cec38d0
3cfbbc85bd04bd2c
bd293c573d9e3d45
3dc33c793c35bd98
bdbcbcefbcea3ba1
3c073a1b3c463d65
3c8bb9a7bd313d52
3c4d3d853d253970
0000000000000000
b9edbb353d083b10
3d313c463c283cc6
3d723d873c4e3d34
bd643b923d3c3db3
3cc0bc723b75bd02
bcb7bc963d543cc0
3bd53be43d06bbcc
3d65bd3cbb503c76
3d463b8ebd5f3d88
3d463bd7bdaf3c42
3cbabc2b3d143c9f
bd303d68bd303d08
bbe8bd063bdd3d46
3a293d13bcaf3ca6
bc883bb03cd2bd03
bcbf3d32bc2e3cce
3ab7bd44bce2bd6a
bd1b3c29bd513d7f
39fd3d88bd073c27
3c333da83c82bbd4
0000000000000000
3d143b79bc0fbd8d
bc6c3c243dba3d55
bd363d483ddc3d46
bce8bd8a3d2e3d36
bd1c3bc4bd893cf0
3cf9bc80bbefbb4a
3d82bd3fbc9abcd9
bd17bdfd3ce2bbd0
3cf53ce7bcac3d9c
bcf5bc65bd66bc85
3d923c8ebcfb3be1
bc0e3cf13d453dd7
bd01bde63da73cf6
bd59bd0abced3c0f
3d30bd023d2ebb29
3beb3c4a3d4d3c33
3d793d34bcdebc22
bca73c8e3c1f3d68
bd29b8b63d083db9
3ca2bd8f3d41bcd4
0000000000000000
bd1e3d633c6f3c94
bc963ce2bc0cbc29
3cfdbc463d76bcd3
3c173d53bc433c06
3c993ba3bcc1bde4
bcafbd07bd523cf1
3c153ca0bd1cbd0f
3ca8bda2bceabd6b
3ccbba693c7bbca1
bcef3d733d09bcea
3bcabd11bd4a3d06
bb003c0c3bdebd13
3ce63be8bd5f3d09
bd603d19bc5cba18
3c82bdb9bd293cc6
bd343d0d3d05bc56
39ecbe173c9b3d11
bbbb3d033a8c3db7
bd203d863d2cbbc4
3cac3c82bd0abd77
0000000000000000
3c1c3c313c8fbd05
3d45bd1eb981bd0f
3d1e3d4b3d523d40
bcae3d6abd0a3d34
bc3bbad3bc863d08
3d413c8c3d5b3b75
bceebd3bbd83bb25
bd3dbcdc3d48bbf4
3cd73b883dcc3a60
bc69bca0bcd93cf4
bd0abc323cfdbc28
bc0bbcac3d353cc4
bd8dbb9cbc0bbc1d
3c913cfdbd6fbcb4
bdae3cf53d82bc2b
3c51bca0bd933c03
3c323d2c3dafbb8d
bce93d523cc83d0e
3c06bb4d3d1ebcda
3b9b3bc2bc92bc63
0000000000000000
bd043c9c3c423d10
bd2a3cd4bd2bbc39
3c2cbc10bdf43c48
3ca3bc4b3d253d62
bced3cdbbca53d4a
bd87bcf1bc7ebd7f
bd753c793d35bd10
3d203c17bcb8bc64
bb5ebd2c3d8a3d4d
3ccbbc783d153d53
bd493ca0bc21bd2f
3d0bbd63bc1d3cc8
3ce23d213d753b96
bdc2bd96bd013c3c
bc743cc53cefbb0b
bb12bcd03d6d39a4
3bddbc9d3d97bc29
3c79bcc5bd073d25
3dc3babcbd18bb77
bd02bae9bceebca0
0000000000000000
bd923c2d3d323cce
3cd93d52bd833da0
bd9a3c0fbb9a3ceb
bd6dbc3cbdd93c95
3c91bc90bdc1bd19
bb4b3c61bcfcbc94
bc9e3c2139133bda
3d6bbc9fbd25bd79
3daa3c07bc933bb6
3c55bd8bbda73d3c
3c233cd93d4ab826
3cf8bd043b913d01
3d4fbd1d3ca8bcea
3d623d5abd533d3c
3d7e3c353d3cbd1a
3c8e3c39bd6e3d19
3d013c163da6bd5d
3d9cbc28bce93cbc
bc79bc32bdd33c2c
bcacbc94bcae3d18
0000000000000000
b98e3b673ca6bd06
3c9abd3abcd5bd0b
bc4b3d703c9ebb55
3d923cd63d773c50
3c3fbcd13c7f3cac
bd2dbc873c26bd11
bc3ebc76bd51bd9a
bd1abd47bc83bc4a
3bff3c99bc60bc98
3d083cb4bda23c8e
bd23bb8bbd27bcd3
bd00bcf7bbd1bd51
bd70bd1c3cbc3cd9
bb983a263b8a3c99
bd1dbc18bd4dbcfa
3d093d33bc4d3ce8
bc573b643d943d83
3d1b3cb83cb13d2f
3d063cc2bb47bcbe
3cb2bd58bd33bd4d
0000000000000000
bca7bd633cbdbd36
3d493cb33c1fbd22
bc05bc7cbcb3bcf1
bd9a3c22bd25bcac
bbb6bd623c613c29
3ce4bd9f3cadbca3
3d32be0bbbb0bce7
3c843c903c793c84
bc6f3d873c52bd22
3cedbc1e3d073c6a
bbf53d00bb503c24
bc853ca8bc853cdc
3c89bbe3bd403d2c
3c943d723caebda2
3cf3bd813b6dbc34
3c743cdc3d12bd49
bd313d49bb133d08
bd353decbca53c40
3d043cb73cca3d36
3d34bcef3cb0bc79
0000000000000000
bc663c44bce43d01
3bea3d33bd2b3cca
bd873c333ba7bd3c
3d0f3d793d963d37
3c0e3d24bc653d44
bd653b91bc803d3f
3c40bcfcbd313bdb
bb9dbcaabd053cb3
3ca23ceb3ce1b94b
3d5d3d4fbd30bcdc
bcefbd78bcff3b9b
3d4fbcaebad5bd75
3cb9bd8abd483cb5
bd543d36bd34bc9b
bd5dbd79bd063c8d
bab73c5abd53bb82
bda4bd193cefbc36
3d4fbc63bc66bd4b
3d523bf0bc7bbc47
bc6c3d90bc1ebd20
0000000000000000
3cb13c7bbd77bd51
3d4fbc083cf9bd31
bd393d1dbc403d0a
bd03bc99bd7c3b8b
bd223da63d873ad4
3ce43cb8bcd6bdad
3d87bd023d0abd23
3d2f3ad43cb73a94
bcd73d33bcf43cd9
bcc13c343c443cb5
3c63bc6bbd52bc87
3c03bd8fbb28ba8d
3cb3bd93bd13bb8b
3c23bbf43d733d85
bb333c27bd0c3d1a
bd0a3a363c91bcb4
bcfe3d9ebd6bbd7a
bd383b5dbd143b20
bcb1bc0a3cde3d9f
3c28bce5bababd13
0000000000000000
bcebbd01bd253cb2
bd7a3b14bd303ceb
bd9c3cd8bce23d56
3b563dc63d303cd4
3d923d2ebbacbb95
3d533d9abc7f3d68
bd063c8ebc0cbc83
3d0ebd173c2b3c63
bc863d533c31bc8e
bd0ebc173b02bce8
3ce4bdcb3c2e3be3
bde4bcf93d993cbe
3d373c77bc003d0b
bcd13d0cbdc13a6f
3d2d3c993d013b9a
bc703cf1bd933d1f
3d4abd4f3c9e3c2d
bbb43d48bc2dbc2d
bc573d073cd63ca9
3c023c943cfa3d23
0000000000000000
bd2dbd963d33bb75
3c093cabbbfdbd8b
3d1c3df33d76bd99
3d923d083da83cd6
bd05bcb0bc0e3ce1
bc2cbc763cb2bd8a
bced3d3ebd14bc26
bd063d6c3c21bc8a
3d1ebc783bd53d25
3d2b3cf5bda23ce7
3c453d19bd22bb83
3c19bcdf3b413cd0
bc3c3d82bd723c35
bd0abd453b573c82
3ca3bcea3c9cbd9e
bd34bd953d9dbcc0
bcfd3d73bd10bca1
3d403c2dbd8d3bd4
3d3fbdd13ad1bc88
bc9abe003cbc3d46
0000000000000000
3cc0bc16bd3e3c04
3d97bc2b3bba3c94
bd6b3d0a3c323c28
bb07bbd2bdbabcb2
3cef39123d1ebd01
3d43bd533d013c6d
3d37bd1a3c4f3d84
3d77bda0bc58bcd5
bcadba86bdb3bd48
3cd73c613d843cd2
3ca1bdb63d10bba4
bd8b3c1abd1b3d1d
39d83cccbd5dbd24
3d773d1f3aa4bc32
3d2c3c10bd15bd77
bcd23d07bcac3c6d
bc503cad3a713d11
bd553cf3bda1bca9
3c53bc0c3c7d3baf
bb343d243cf93dc2
0000000000000000
bc44bdf6bd413d8f
3c3b3c663d3a3d05
3d83bc05bd943daa
bd253d8d3d07bd3b
3972bd3d3d133c02
bccfbdcabb8fbd53
bd44bd30bbd63d18
3d24bd783d22bd2b
3cc33d303b573d56
3c413baabae53af6
bd2abe3ebd0bbd67
3cd8bd53bd0c3d5c
bd153bf63b9bbc56
3c803c323c0d3b4e
bd6dbc8bbbf3bdae
3cb13cc83d0d3d67
bc86bd56bce9bd51
3ca03cdf3d41bcab
3b28bd1dbc303c11
bd403de6bcab3d22
0000000000000000
3d40bd3ebc99bd27
3dae3c1c3c0e39b4
bd2abcd43d1c3d4e
bd01bce03c633d56
3de33d963ad5bc4b
3c223d9cbd2bbb82
bc09bdb1b907bca7
3d0f3b22bcc2bcce
bd86bba83d123cd8
bcbbbc813cdebc91
3d103cfc3c383bd8
bda5bda03b94bd1d
bcd63ce4bd013d36
3cf9bc9f3d23bce7
bc8fbc35bc61ba8e
3cad3d473caebd8a
3d513e153b9d3c0a
3b92bd153d0f3c74
bc8b3b8f3cb6bc3d
3d20bd0cbc9b3c15
0000000000000000
bb3b3ca1bdd33d43
bc7cbdb33d6e3d5e
3d27bc02bc0c3bd9
bce53d01bd1cbbad
bbdb3d3bbc8d3d62
bdafbb50bd5a3dbf
3d23bd0cbd383dad
bd11bb40bc9cbc4e
3da13d693d30bd52
3d5c3c963c8dbc39
bc95bd11bcdfbcc8
3d87bd28bca93bbe
3d313bb9bd13bd0d
3d9b3d043cdebbaa
bbddbd2b3cb13d0b
3c2c3d613c3d3c08
bd6b3c1a3d813c38
bcb9bc62bc1c3cc8
3daebc513c303c0f
3da8bd43bd803d42
0000000000000000
bc46bd163cfcbcd0
bd04bcc03d05bbdf
bc1e3cd23b803b3a
3ca33c26bcfbbc92
ba593d0c3cf63cc0
bd3bbcf83d87bd80
bca23c7ebc06bb8e
bc12bce6bb93bd89
babf3cd6bc423c30
3d173d2f3c9f3c14
3d4abcc33d4bbde8
3d11bd3f3aff3d8f
bc54bd26bd20bd4b
3d2abd163ccc3b93
3daabcb63a30bd7d
3dad3cb8bc723c67
bcef3ca1bc40bd9e
bb933cfabd783d36
bd203c0ebcda3d2c
3cbbbd86bb5d3c83
0000000000000000
3c3d3d74bcd03cdf
3cdd3ca3bc9a3ce9
3d53bd3bbc8c3d20
bc7f3cb73b55bcca
bc9e3d1dbce2bcaf
3d823d4cbc003da4
3d693d1fbd0c3ce0
3b783c843d403d42
3c0abc8f3c703d54
bc77bd673d093bac
bc9bbaf3bad8bc1f
3d3bbb23b8783c80
3cf5bd183ca6bb43
bd1c3ce9bd02bc35
bc743d103b663d0a
bd4e3d50bb9f3d08
bd303c053c7fbd05
bb81bd533d2dbd81
3ac2bc9bba8ebb9d
3ccb3d2e3941bc01
0000000000000000
3d11bd323d0fbd24
3c8cbd1e3b90bbd3
3be4bd993cb63cbd
bd873c1ebcc6bbab
3d123d123dfc3cc8
bddcba6c3d583afb
bd453c98bd3fbd3c
bd413d5d3caebd9e
3dacbcb5bc913d2b
3d48bd1e3ca83ca4
bc283d5b3c97bd04
3c833caebce43ce2
39d53d943d593cef
bdcbbdc1bd813cd7
3c333d07bbdcbcfd
bc54bd0f3d4b3d5b
bd9a3d1dbc6bbd1c
bca33c95bd34bca2
3c87bcae3c893d7d
3d64bd09bcd43d7a
0000000000000000
3c99bbcd3c843c80
3cb43c9f3bd0bcbd
3c593d2ebd50bc4a
bd29bd46bbadbd0f
3ca03d473c133c37
3b923d213d29bda8
3cad3beebc22bb81
bd783d013d1ebcbe
3b0d3d4ebd013d76
3d3d3dcd3d263cda
3c42bdb4bc73bd2d
3c973cbabd5f3c4a
3d2ebd42bde7bbf8
3bf93d3a3cf1bcd2
3b67bd703d16bcab
b9763d33be0b3d19
bd07bd6e3caf3b6f
bd84bd5abc9c3b77
3d3dbc68bd083bcc
3d283c443ca5bd1d
0000000000000000
bc3bbbecbb77bcd4
bd283d583da33c8d
bc9f3c68bd05bdcb
3cd03c6b3b39bd26
3cc93db2bd453d87
3d4cbd6fbc7e3da7
3d3e3c73be04bd00
3d54bcf93cae3b5e
bc023d84bbcabd79
bd753cd2bd5e3c2f
3d83bd2abd323d84
bc5abcd7bd2abd34
bc03bbccbd953d25
bcae3cc2bd14bc13
3d4bbce4bc073ce1
bc9f3d54bb5abcd3
3c77bc80bd0a3d9c
3c0d3d2c3d163c0a
bc853d2ebca3bd16
3c1fbc543cc3bd63
0000000000000000
3a2f3cc4bce23c9f
3d54bd09bb9cbceb
bc773bf13b8f3d00
bd193b18bcf13db0
3d9e3c87ba0f3cfa
3c483cf6bde1bbb7
3c513bd33d533c11
bd1c3c91bc343d66
3ce7bd413c54bd2b
bce8bc903d9fbd31
3d233cc0bd7c3bc0
bdc4ba233de5bd00
bca23d1fbd683bd3
bd0dbcae3dd9bd5c
bda5bba93c3e3d4c
3d46bc773cbbbd1a
3d273d65bda2bd71
3d6dbd1fbb813cd0
bcb938013d31bd1a
3d5f3c92bc7b3cd8
0000000000000000
3c6cbd1cbb3ebd4a
3cbdbca03caf3c33
bcb2bc9fbcdb3c4c
bcc5bc973cbe3c87
bd953d493cd43d8d
bcc1bc9dbc863b87
bdc4bce43b71bd6d
bd3d3b1bbc8abcb4
bc4a3d113c21bd31
bc1b3d123c873d3f
bb17bbbe3c95bbcb
3d16bd21bddabc89
3cc1bd603bc33c43
3c5b3d703d47bc13
bc4abd17bc86bd1c
bd153d303b58bc2b
3c103cc2bc7d3d81
3db13bebbd503d5c
bd1f3d253d2f3afd
3df4bcd63d69bcc1
0000000000000000
3d58bd12bd403b97
3d22bd35bc963ca9
3d18bd1a3c48bbf8
bc3f3d5fbc15bd1d
3cd1bcc9bb4bbc90
3bc9bd87bd0fbab8
bd763d54bc6f3d05
bd84bd7a3cbcbbc1
3713bcd1bca5bd2a
3c85bc38bce13d50
bbb83c1ebd00bc9a
bc8b3d183c0a3d4d
3a8f3c313caebd89
3b99bbcabd26bcc4
3d5cbd27bc723c43
3d893c4ebd8a3ca0
bdfaba483c98bcd2
3d913d46bbf0bb5e
3df93ce0bcb13d1e
3da0bcc5bccc3c9b
0000000000000000
3c8c3c4e3cabbd44
3d49bd87bc683d2b
bc303c893c57bd02
bca93d2b3cbbbc90
3d14bd203d353c75
3a26bd103d0b3d07
3d19bd4fbb7b3bce
bab43c45bc373c2a
bc67bc343d743c8c
3c713bb9bc67bc35
3bbcbd91bbecbdba
bb34bb7abd9cbd6b
bcec3d0ebc28bc78
3d0dbd103d343b24
bc9fbb91bd8cbcea
3d54bc50bcb5bcc1
bac1bcf83d6c3d71
bd023d2a3d8b3d82
3ca43c843b7f3a55
3d91bd603c1dbd28
0000000000000000
3cf3bb98bca23c48
bd183cb73a913d2c
3d083badbd113d1a
3d3a3c68bd36bd05
3c933d433d3cbcca
3cc03d04bb83bba7
bd233d1b3cbdbc1d
bc8d3cb23d0cbc71
3bb3bca7bb41bbf4
3d19bd053be93d36
bc66bce63b30bce7
bd143bdfbd55bcc3
3ca33d043bcabcef
3b31bc1e3d893cac
bce33c0dbccdbcd8
3ce0bca7bd0f3d45
bd1e3c89bc7dbd5b
3c8ebd1abd67bce8
bd43bc1a3d783ce2
bb98bd13bc913d11
0000000000000000
3dcb3cd6bcd7bd75
3c893d31bb14bc21
3d8fbe0cbd2c3d2b
bcc03c0a3cdabd3b
bd483d9ab991bd22
3d0abd163b953c1d
bcecbcfbbb0bbb63
3c11bbafbd1d3d0b
3d503ca83da3bdb6
bcebbb883cd2bb1f
bc903cc13c313cad
3cc73d673d153b6d
bddbbab0bd043c10
3cbf3ba1b70e3c0c
bd9a3dabbc813c99
3d113b823d56bcdc
ba18bd2abc733c82
3cbc3cbfbc3abd03
bccd3c823d493c17
3b23bd3dbd813d14
0000000000000000
3d25bc6ebc383d57
bcbabc973d4dbb8c
bce6bd32bbf439c5
bcac3c643bf53d07
bd55bda93ccebd00
bd92bd563c70bd45
bd323d2a3d33bc95
3c00baa53d57bc9a
3cbdbc273c313d31
3bbc3d63bd26bd28
3c573bb6bcd7bb51
bc6dbd0bbc12bcc0
bcacbc5d3c46bc50
bc0abc373d4c3c9a
3cebbd7a3c9bbc64
ba32bd843ca9bd4e
3c283bebbceabd3a
3d1f3c30bd9c3dc5
3c00bd2e3ce7bae0
bd133c173c433cdb
0000000000000000
3c893d103d37bcd4
3d133d2cbd6ebce0
3d2fbc333cd03c96
bcbf3d04bdc93d42
3d833d09bcd43cf0
3d41bb41bddabc35
bd0f3d55bc843c94
bca4bbbd3cbb3cec
bcb13c5bbcc03cde
3d033d00bd0cbd1b
3c4ebd2ebd37bc7c
bc233d883d213d28
bd073d2ebac53c4e
3d4b3d5d3c7cbd9c
bd3dbd95bb84bd2b
3d643d8f39853aad
3c9abd393d973c15
bd083c443b513d87
3bbb3d373c56bd4d
bc503da5bd6ebbfa
0000000000000000
3b4d3d323d2dbd47
3d053c9cbd4dbca8
3d30bb66bbfb3c10
b9e7bc1dbc293d46
3d12bccebd613b81
3bcebcaebcdabd56
3ca33d0e3c133cc5
bd553c8fbd2a3d15
bc613c9c3c963cd1
3d413b143dbabd96
3cbdbd0cbd2c3cee
3c8f3cd83deb3b9f
3c903d1d3d31b976
bd1e3d7d3bb03c9d
3b943d813c2f3cc2
3ce33bf03ccfbd8b
bd2dbc74bdb1bd0f
bcbbbd403d963d3b
3d013d973c8fbc39
3d873d483d41bb57
0000000000000000
bc15bcc5bc623c1c
3d32bd0c3d673d72
3d123cae3de83d56
399bbd113d843a37
bc313cee3d21bd4c
3c723acdbcd9bd7a
3d0ebd1dbd47bd06
bbc23d89bc7bbd04
3c93bd9a3d4f3d38
3cf4bbc43d0b39ff
bc99bc7fbd4fbd98
3d233cde3d173d3e
bc183db5bcf8bb09
3ca83c2b3d7f3d4d
bcf73da3bdcbbd3b
3cccbdd93d0a3cd5
bd083ddebd403c82
bcb0bd35ba503d85
bcf4bcbf3cd03d94
3c8a3ca4bcb7bd02
0000000000000000
bc03bd1a3d09bca4
3c84bce0bcd53cc7
bd54bad7bc3bbd02
3d123d1dbd133ce5
bc35bd2bbdb8bcd0
bc12bd82be01bcc6
3c5cbd9abccdbd33
3d6bbcbb3c183d53
bd863d873dcf3b15
bd2cbc89bbe2bd89
3ca9bccbbd63bcfd
bcb43cbc3d0cbd7e
3cedbb4dbd843b5a
bdcebd4c3dab3bc8
3d693c013c9ebcb4
3bb63bb53dddbc6b
3d00bc1fbd2c3a11
bcd23acc3dec3c07
bce6bd19bd30bc2a
3d113cb33de13b9a
0000000000000000
bd7fbcc5bc2b3ca9
bc9cbd58bcdf3d80
bd293d093d07bc97
3d613d2a3dc63c92
bd9f3c313d10bd32
bd2bbd1e3d323c4c
bb8fbc5e3d423d12
bcd7bd543da93d58
bc8c3c46bd3bbbc8
bd76bc9e3d7bbc9e
bd6cbcc23d113c5a
39a93ca1bc533c8f
bc7a3bb13c7e3d26
bba0bd4dbce53d4f
bcb8bc8ebd543d2a
bd0a3b5c3aa5bcaa
3d3a3c45bcf7bc87
3cf1bc7cbd8abcaf
bd253cc1bcd1bc79
3c8fbc27ba093c4d
0000000000000000
3c76bd2b3cdd3b8c
3d3b3cef3b23bd49
b982bdc13d73bcde
3c6ebcc83c9abd50
bcc53d073d8bbcfd
bbfb3cb7bd273c0d
3d28bc863bc33c37
bc8b3c72bd303cfd
3d70bd873d32bd59
3d043c9cbc853c4f
bddf3cbabd093d96
3d08bd5abb59bcc1
3aa2bbe93d68bbb9
3d1cbc6e3c893c58
3ad53d81bd22bc88
3d3dbd633d2a3bd6
bd803dc9bcb43d11
3c30bd31bc33bcb2
3ce4bcc43d77bd54
3d6f3c38bc35bd68
0000000000000000
bd5d3d813b47bd92
bc793cdb3d65bd5f
3cffbcad3d82be4d
bc2d3cc93d51be03
bc8c3b6d3d783d36
bc573da83d8dbd45
bc07bd13bb0bbd91
bd043ca8bb2dbdb6
3d103ac23d283d5b
bc8cbcd2bcd4bdc2
bcf2bca1bc43bd92
bd4fbd9bbd4b3d8d
bcf5bda83c54bd94
3c4e3d03bbbe3dd6
bd3d3a9d3c913e14
3d073d863c4abdfb
3d253d4c3c583d8c
bc0dbd8bbd183dcd
3c533cff3bfdbc61
bc553daa3d2fbdd7
0000000000000000
bc873a84bb47bdcd
baf63c8d3d40bd50
bc17bc933cb43d36
3d593d0b3c243cc1
3d18bddbbd16bccf
bcddbcbbbca7bd0e
bcdf3d9b3d2fbd50
bd603bf8bd313c65
3c363d1d3d3ebca4
3caebbe3bd0d3cdb
3acfbcd63c603c64
3bba3da0bc11bd1b
bcbb3c243cf6bb25
3b7abcb43cb7bc19
bd553afabbc1bb69
3d573d13bd1cbb0a
3c0ebdc7bd123cbd
3d16bc233a40bc1c
3c853d04bc48bd3b
bcb63d43bd383bb4
0000000000000000
3c85bd873b84bc05
3d19bbffbc87bd1f
bd19bd633cdbbaa0
bd39bd3abaeb3d8c
3d753d2f3c15bd90
3cdfb9c13d4abca3
bc6e3da33caabcf6
3d413b99bd2ebc2b
3c923d393cbf3d65
bc9e3c983d1dbd37
bceabcfe3c36bcc9
bdb1bd993ca1bcca
bd043b98bd14bd00
3cb4baf4bbd73c57
bccbbd1f3c893b16
bc473d053d96bcd0
3c893bea3b8fbc79
bcf23c553a6b3cc9
bd25bc89bc9e3c54
bcf7bd55bcf4bd12
0000000000000000
3da73a513d06bde5
bc71bc853cff3ca1
bb323cdc3c983a75
bcbfbd713d1bbd14
bdacbd89bb3fbd81
ba84bc893cb93a9c
3cf6bd3b3d2cbcb8
bccdbd87b9c2bd68
bd483d85bda8bce4
3d23bc38bd5abd1c
3cb0bd2a3d07bc1a
bc963a513d1a3cbe
bbe2bd363d24bca3
bcf6bd2cbc4abdaa
bcbf3cea3d36bbbe
bd4e3d1dbcd83d7e
3d753d9cbccfbd5b
3c193d5fbcadbd18
bddcbcf13c38bd5f
3c4fbd4c3c8ebccb
0000000000000000
bd89bd583cbf3c5f
3b5abc3d3d4e3d59
bcd4bce73d2c3d23
3c813c58bb9d3c31
3cee3d4e3d7cbc68
bd15bcd23b793d09
bd4cbc873d243c20
3d323c14bdfb3c1c
3c283c8dbc95bc6c
3c90bc803cc43af0
3ad03cc63c9a3b60
bd423caf3db8bd14
3cff3d85bb6bbc8e
bd2bbd2c3d683cb1
3cb63c79bc333b2d
bcbebc483d7f3d6a
3abd3cfebd2dbd5e
3d1b3bf53d1fbd5f
bbc43a943d58bc2c
bd87bc853d083bc0
0000000000000000
bd88bcbe3d763c0d
bca8bd14bc363cae
bc9e3c883ba73c6b
3d053c543cf4bc7f
bd23bb1b3d023bd9
bcbabd203d123bbd
bd80bcb4bdba3be1
3d273d523db73d22
3d52ba94bd7fbc2d
bce83d0ebc853bd8
3c72bd7d3c8c3d5b
3ca23d50bd66bc56
3d94bb80bb893c56
bd5b3d213ccabcd4
bcb63bd2bc473bed
bc523a44bdb7bd53
3c7abc2b3c503c49
3d553ce1bd18bdb6
3cc73d21bc6ebd25
3b4dbc423cc5bbb5
0000000000000000
bd9bbbae3d023cd1
bd9f3cc4bd0ebd56
bd7a3b143c9fbd3b
3c8ebcb9bd73bcd2
bb23bce5bcedbcd9
bcdcbc02bd5ebd7d
bc5dbd083c3dbcab
bce4bc59bd8bbd1a
bc803cc03cc73bbe
3d3bbcce3bbabd65
3d4ebd203d263b2f
bce6bd3d3d04bdac
bcbebd093decbb06
bceb3cda3cb83c91
3c68bd43bd643cfd
bd8c3b783ce6bc4f
3d9c3dc8bd9d3c8f
3ce63c333d593dbd
3c3e3ce83d393d0a
3cbdbd07bbedbd2e
0000000000000000
3c96bd58bdce3d4d
3c8bbbfebc53ba6e
3d563c9ebcb1bd4f
bbfbbd19bc91bc8b
bcf73ce43d0f3dd5
bd333d0dbb7b3d14
bc92bcefbceebb9a
bdbbbccb3df8bd06
3d173d21bd463c3c
3d513c2b3ae1bd19
3b15bd32bd8abcbd
bc98bc723d23bca9
bd433b163d39ba75
bb253ce3bd0ebcd3
bd48bde53dcebc8f
3cf23cbabd59bc08
3c743cff3bc33d26
3dc03d013b153c13
bbf83cffbd4a3be7
bca2bd86bd02bc0a
0000000000000000
3c69bd1a3d193bbd
bcfabc673d463d5d
bd873c503c17bc0c
3ba33d5bbc233cdf
3d4f3d133b0b3bc7
bc36bd0b3bbc3d4a
bcf2bcb83c9d3d18
bc3c3b913dc4bcd3
bc4fbbf93d09bcc9
bd1c3d0c3babbd7f
3c93bcd5bd023c5b
3ad5bcccbd05bd64
3bfa3d03bdb2bc84
bcc83c613d12bce6
3a8abd68bd453cb3
bd283cd43c4e3c0e
3d09bbbcbd913b95
3c283c03bd9bbd32
bccfbcb33c683d30
3c1b3c983d013d09
0000000000000000
bcb73cfb3ced3d76
3c023cf93cb03d1b
bcb83ca8bcba3cad
bd353b04bd2c3d87
3d4cbc133d8f3cb2
3dc83d493d153cc3
bcb43ccebd3c3cbc
39d2bcc13cd6bca0
bd6abcbf3cf23cdd
3cb5bc55bcf9bc4a
3d513cfbbbe43a97
bd33bcdebd8c3b8e
bd3b3c6bbbe93c52
3c42bcf73c103c9c
3cee3d323d04bb59
bcd33aab3d3a3d9c
bc4d3cd2bd0cbd40
bc8ebd6cbd48bd2b
bd02367b3da13ccd
3ca93cd53cd33cde
0000000000000000
3c9e3cc83c223ce2
3d19bb78bca33cbc
3c65bc94bc46bb45
3c6abd363db0bbe7
3d313a8f3c923d32
3c23bd3cbccb3cfa
3c193be33c67bbab
bd313c1b3d4e3cfd
bc193c653d19bd18
bcb43d6d3d133c46
bd2cbcbfbcc83c8a
bc013d013cc9bd42
3d9d3ce0bd153ae7
3b7f3da23da43b9e
3cae3d2dbd883c41
3d943d8d3d3d3cca
bdb3bda0bbf1bc4c
3c85bd843d0bbd04
3da33c9ebcdcbca5
3d043d793d0d3cfb
0000000000000000
bbc0bc2e3c9c3b92
3ced3c743d1c3cd4
3c603d403ce73bdc
3d8f3d4a3b4ebcf0
3d633d1c3b49bd83
3d383cb03d02ba2f
3b9dbc82bbf63d46
bca13c173ae3bc9b
3c03bc0ebd0fbb8c
bd6ebdd3bc053c15
bcb9bd913c2f3d10
bc6fbd11bceabcde
3cde3dc33d1e3d7d
bce2bbf6bcdebd8b
3cc1bc0f3c4fbb70
bd1ebc5b3c13bd1d
bd9dbd6b3d033c3e
3d3339a6bcfebbe9
3d843dd6bcb23c59
bd26bb4c3b3d3ccc
0000000000000000
3cc73dabbcff3b1e
bc3a3d423d083d47
bc7b3d76bc5d3c3b
3d19bd6aba36bd03
bdf33d1cbb5d3c85
3cfebcd3bc27bd0e
3d1b3d0ebd4fbc8b
bc323d15bc8fbb45
bd95bd1a3d5e3cbf
bcafbb573d203d36
3cc0bb15bcfdbd1a
bd5fbcc23cd5bcb6
bc30ba91bd12bc8a
3cc2bc2abd413c49
bd113cb13c29bd91
3bcebd91bcf13c4c
3c3b3c56bc183d33
bc1ebcf93c793d01
3c073d423cb7bc03
3ba4bcc3bcbfbddc
0000000000000000
bce63d033d153d94
bb023d9abc473d65
bd543cbcbd7d3d04
bd403ba93c523d2e
bd6f3de03d49bb8b
3c863d59b8d53d0f
3c553d15bc9b3d6b
3c903ccfbc6e3d2b
bd1abccf3d9b3bc3
bb9abbf9bc3ebc81
bca83d063d3dbb81
3d47bd40bdb13c53
3cc23d2a3d25bc84
bda13b43bc3b3cca
3c983c3e3cdf3c1b
bd8a39ed3c83bd22
3bc5bc893dc33d54
bd2bbd473c28bcbf
bd5c3d48bd56bce0
3d253ca8bd823886
0000000000000000
3d313c65bbb6bc4d
3ca43c423dbf3d66
bdb03c9ebcb6bc7c
3d17bc4bbd47bd84
bcdbb92a3d613cf8
bc8f3c263d383d31
3c963c853d203caf
bda6bbcfbc493d11
3d24bc68bc35bca5
3d07bcacbd32bbd2
bd923d45bcb53c31
3cecbd0cbcc5bd06
bc63ba62bd35b8bb
3d6dbcb83c90bbb7
bb0e3b84bb47bb91
3c36bcaa3c9bbc12
bd8ebc163c64bced
3d0cbcea3c4c3c4c
3d543d073c31bb40
3c203d333caa3d7d
0000000000000000
bc683d1a3ce5bd1e
3d14be0e3cee3d26
bc72bc823c87bdce
3bccbdbb3d9a3cef
bd0b3c4dbccb3c20
bb08bd513da1bd36
bc953d41bbcbbcd7
bc9dbd0f3c363c64
3d0fbce53c40bd06
bc3c3d743bb7bd1c
bd573cafbd17bbd6
3dab3b0dbcc6bd1a
bb72bc8ebd6a3cd6
3d8a3d09bce23c32
bbb4bcdfbd8f3d07
3c473da03d68bcd3
bc223dc93d5c3d43
3cd83d773d873cde
3a1b3bdcbba33cef
3c773cc9bd7e3d52
0000000000000000
3bd6bc1dbbbcbd1b
3d0bbd36bc9cbd92
bca0bd7d3b2e3bcc
3cbbbd9bbb6bbd5f
bc84bc4abd08bd53
3ba93bc2bcf7bc50
bd9dbca6bda0bcaa
bc853bfabd243bc9
3c8dbd293d2f3ab3
bbeb3c3bbc1c3c58
bd81bc6e3c0e3c9a
bce2bcb73c25bd1e
bb2f3d22bcf4bbb3
3c4bbc85bca1bcce
bd5c3c7abd37bd1b
3cbbbcd0bb03bb03
bc3c3cfdbc0a3cb5
3b90bbf33c0f3d7f
3cdf3cb4bce7bd1d
bc8d3d0c3d553c68
0000000000000000
3b663a8bbba1bd6e
bc543d2bbd85bbb8
3ca53c233caa3cf2
3cbfbb593d213cfc
3d533cb73da0bdb2
3c273c1c3d71bd3a
bc7cbc9cbcafbc0e
3b5d3cc4bd7b3c5f
3c3b3cb7bb7a3c45
3d883cf6bd023c9b
bcf73c933b83bd05
bc04bd22bcf53c84
bccebc423bb03cd9
3cca3c98bdbdbdf8
bcf4bad23d963bcc
3d863c02bd3ebaae
bc54bc37bcca3dec
bb72bbbfbc9e3cfd
3cd13cb43d053cd3
bcc13c9dbd4abcc5
0000000000000000
bc523d67b9f93c4d
bb93bbcc3c39bd99
bd603d52bbabbcdf
bbee3ddeba903d15
3c113d15bbeebcf0
bcfc3d69bc69bd91
bce73d123d37bd71
bbe3bbe9bd17bc3d
3db73d3dbc81bafa
bcf9bd1b3cc73b4f
3db6bd4dbc46bd16
bd4fbce93d943ca8
3c8cbd223d1c3d80
3c3e3d4c3cb6bd30
3c633c06bdb63cc1
bb593d5abc1cbd32
3d8abbb5bd56bd04
3d8f3ca039fe3bc7
3cf2bd4ebcd3bc5d
bd293d943d05bd79
0000000000000000
bbcfba61bc283cf7
3c32bd213b2f3d73
3d383d25bd9dbbc0
3d20bcaabdacbc76
bce6bdb3bbb8bce5
3db6bc9bbbf4bd8f
b7d4bcb63d0fbcec
3d5e3dc0bd99bd4a
3dc7bd843c583ceb
3d4cbd993d583d22
bd25bb42bc30bb58
bd443c90bd033d68
3c763d5c3c553a2b
bc67bd39bd6abca2
bd003db53d8ebde2
3d5bbde0bd8dbdb1
bd1a3dc13c6bbdbb
bd983b52bc24bcdd
3dccbd7d3b41bc50
bc98bc89bd113c37
0000000000000000
bc63bccebc833c05
bd23ba98bd8b3d9e
bbf6bc813c26bce5
bc48bc4cbcb0bd5a
bd1d3ca73d4b3d81
3c593d04bd123d3b
bd0f3bbfbba43c49
bd443c2bbd08bba1
bcedbd233d3bbcc3
3da9bd00ba31bdd3
3be63d85bd8dbc45
3c03bc5c3c88bd16
bd313c7c3c56bcd2
3bafbd13bc59bc62
3b08bb94bc543c5a
3c61bcebbc813d02
bce83cbe3c653d4f
3da0bc373ccfbc92
b8dabcabbc8a3cf8
3c883c45bd013d6b
0000000000000000
3c4fbc2c3d653c82
bc09bc94bd123c38
3cb73d04bc863c79
3a61bcc1bcf2bd78
3c11bc2dbd9f3d46
3d0bbcd2bcdd3c07
bbd9bb84bce6bb7e
3d49bd29bd2ebcdb
bcc83cc4bc33bcf9
3b8c3d003cf0bd32
bd39bd2d3d82bcb8
3b4abd363d3cbc79
3cac3d463c4abcdd
bcf2b9c8bc8d3cc1
3b4b3d843c7cbb5e
bc823ac7bdb33d92
bbfb3cc4bc91bd66
bc0e3d74b9f4bb4f
bcb33a30bd4c3ce2
3d383b1cbd24bd0a
0000000000000000
bc89bba93d293caf
3bfabd583d45bbe3
bbee3d07bb4bbc5b
bc393dac3cc7bcc6
3d8b3d7bbc873cb6
bd573aea3c873d69
3d74bc5a3d463cbb
bd1a3d893d083c6b
bcb8bb19bd48bc1f
3d003b8bbd22bcd1
bc3c3c9bbd793d40
3b66bcccbceb3cca
3a703d64bd123cc4
bc13bd97bd36bc86
bd303d83bda9bcab
3d753d1e3c58bcd9
bd91bd14bd57bd46
bd2cbc483ca3bc39
3d49bd5f3d84bd74
3d65bafcbd203b89
0000000000000000
bd103cf4bdacbca2
3d76bd163cfdbd57
bd04bc81bdd53c1a
bc46bd66bd72bd17
bc673c64bdbf3c61
3d2ebd6fbd4f3ae0
bce83cc43c62bc8f
3d63bdaebbcfbcb5
bd27bda4bd4bbddf
bd453caabc133db2
3c003d453c643d33
3bf9bcf33ddcbd5e
3c293d0e3d9cbc8c
bb2abc8abd0ebd08
3d553c813bb6bcf1
bd3e3d66bd02bcb8
3d9e3d2abd153d0e
3b81bd243b39bb8b
bceabdecbd2ebd19
bc8ebdabbbddbc7d
0000000000000000
3c963a7a3da03c90
3d8abd223d403d8d
bcaabc9b3d5d3d3e
3dacbb93bc0f3d6b
3d9d3c70bc773c51
3c7a3abfbd1cbba8
3da9b92c3d9e3c1e
bd89b7f43c92bc90
bce3bd65bca03c84
bd2abd4b3d433dae
bcbd3cfebd34bd21
bd00bccb3ca83c0f
3cebbcb0bc96bdb0
bda73c91b9c13d9e
3cd53c84bbcdbcdf
bafe3b8f3d593834
3d3a3c57bcfabce5
3c43bcad3ceabcf0
3d3fbc1a3d7ebcb4
3c5d3cf93cf43d65
0000000000000000
bd3c3ce5bca1bd17
3bdebddebc3cbc4c
3cd2bd38bc343d43
bd033ce7bd853c13
3c04bd873d123c78
bca8bc92bd56bd56
bcbbbd91bd2ebc89
bc8ebda5bcb7bcd1
3c573d06bc97bb57
bc35bd513c103dc8
3a0cbc5dbc76bd41
3d27bcafbcdabd06
3c573d3dbd8bbca8
bbc5bd143c8b3d14
3b83bd9aba3ebc57
bd69bc34bcf83bb2
3d0a3ce3bdd1bdbb
3c673d393cd53d1f
ba96bda63d853db4
bcb1bd6c3afabd01
0000000000000000
3c1b3b82bbc4bd87
3bfbbca9bc7abd14
3d0f3ca13a53bd5a
3cedbd8e3d9bbcf7
3bb13b8ebc563cc5
3d2b3c0cbc3c3c6c
bc8f3cacbca03b6d
3d23bcd5bc123da1
bd4d3cd1bc0cbdaf
ba6b3b663ce1bce9
bc8b3d18baa53d3e
bcb13c7bbb34bc40
3d063c0abb293d81
bc783b01bd3b3d01
bc9b3d18bd163d91
3ce43d31bd44bc06
bc3abd6d3d4b3bbc
bd28bbd83c99bd40
bc983cd839a6ba48
3c0a3d10bd3bbd96
0000000000000000
3cb13bedbd043c68
bd82bd74bcb83dac
3ca8bd70bd63bc91
bbfabd173d54bc71
3d7abd38bdda3c2b
3bb7bd52bcb7bbb3
bd87b983bc123c98
bdaabd64bd26bcbb
3d273cf43ca4bd35
bd0d3c12bbbbbd31
bd043bf1bd633b97
bd553d37bca43be6
bb85bcc8bd08bd01
bd78bc123be3bcb3
bca7bce13cc4bc4a
3d5e3a4ebd0d3bd3
3d4ebd5bbd083c1e
bcefbb3b3b8fbce3
bd5f3cde3c953c73
bcfd3d873c90bbab
0000000000000000
bc4c3c013d213d36
3c463d253d20bca6
3d2d3bff3d37bc9f
bda83c063c8dbcf6
bda3bc69bcae3d33
bd333d863bc03d2d
bbd43d3ebb653c43
3c703b30bdc0ba84
bd0fbc85bbafbcde
3c86bd96bc62bc14
bc993d8f3c833da6
3d0f3c743b69bd53
3d40bba9bd6a3d8d
bc7bbd693cf7bc89
bc063d51bc6d3bbe
bde23c813c423c24
3d1cbdae3d8e3d3d
3b8abd1b3cfebcd8
3cbbbcb4bd133d0e
bc383ca9bcb3bc4a
0000000000000000
bd3bbcccbd393cca
bac33ccdbb80bd4a
3cecbcb2bdb0bc63
3d37bd29bd473bc0
3a6c3cc23bc33c10
bcf33d52bbb6bd60
bb5d3d23bc72bc8b
bd10bb6abc9e3c26
3d92bbf8bd1e3d86
bc2c3ccf3d2b3c9c
bcbdbcc93c30bcd7
bb02bb4fbd70bd91
bd08bcfd3d17bc29
bac43d66bd49bbd8
3aa839e63cbb3cd9
bb8a3d2aba293d32
3d4fba873db63d3f
3d26bcffbcbe3c3a
3cc93c8ebd843cbf
bd9c3d2cbcbe3ca8
0000000000000000
3d833ad5bd28bc5f
3da2bc4cbd43bcde
b9e13d1ebd8b3c85
3d503d8bbb4b3abe
bd8abc9d3d80bc83
3b51bd12bcedba41
3d56bb77bd3ebd26
bd39bc89bd573c93
bb973c2a3da13c62
3d493d753ca7bcb8
bdbb3ce0bd4e3ca5
3cbf3b753c063cea
bd1dbdc0bcf8bbc5
3cd53d523cf1bd01
bca3bd4dbc73bc8f
3d46bceebd26bb54
bd943c27ba2c3cbc
bc0a3d40bc153d16
3d09bd49bcd63c60
bc65bd3f3dc2bd3c
0000000000000000
3b3c3b173c25bc08
3abf3ce73d55bc26
3d18bc80bd6dbcb6
bce5bb6e3d193c35
bd62bd85bce33d0f
bb07bd1f3d52bd50
be1a3d2b3cf3bca0
bc9bbd49bca13caf
3d403d863c9b3ccf
3d5ebd92bd91bd85
3cd43cd03d6abcc7
3d81bd02bc9d3c48
bd22bd373bce3d3a
3d2ebd15bd6dbdc7
3d0ebd8b3d20bd00
3db93cd4bcaabd67
3c6c3cca3c4abacd
3d29bc873c89bccd
3c93bd95bd3dbd3b
3b873d6ebcecbd27
0000000000000000
3aae3d59bd19bd88
3dbdbd3cbc17bd92
bc34bd74bce8bd93
3c9c3bd6bc483c2b
3c87ba913c80bd47
bcccbe0e3c52bd5a
3d2fbd4abcbebc53
3d1c3da5bb77bc3e
bba53dc1bc4c3d91
bcc3bd203c8abca1
3cd63c38bd0e3ccc
3c693cfcbd253de2
3ab63c893d633d36
bd4ebda1bd6abd7d
bd833cdc3d14bd3e
bda3bd58bc0d3b81
3d02bce439bcbe00
3dc43c243d2dbd2d
3d36bbb2bc00bb65
bd0a3bff3c523da9
0000000000000000
3ce23c023d493b66
3cd73c08bd80bbbc
bd3fbc063da7bc7c
bd2e3a63bd623a8d
3d2fbc393d1e3c88
bc9cbc7c3d303c76
3c70bcd9bd8dbd53
3b57bd5bbd533cc2
3cf03d1f3db13cd0
bcdebd37bcbabcc0
bca6bd923cfcbcc2
bc47bd73bb0bbd4d
bd703ae5bd803c02
3d32bc7cbd23bcaf
3c25bc82bcab3cfd
3cd53db33d02bc84
3cfe3d793c903c0b
3c15bae43c8c3b55
bbd8bc14bd893d60
3d40bc3e3cfd3aa5
0000000000000000
3ca5bd433c15bc9e
3ce93b9cbaf53cfe
3c1d3c9fbcbabcd9
bb523d5dbc6abd25
3cb53d553d733cfa
3dd13dd63ce1bb71
3cbcbcfa3cd5bd85
3caf3c60bd01bca4
bd863bea3d153d73
bce9bd8d3b0bbd56
bbe5bd45bbcabd1c
bda1bd1dbd3bbd01
3cd93cd4bd4c3ca4
3c9cbcd43d1bbd1b
3d773becbd143c9d
3cad3c2d3d9ebd31
bafdbd973d403d03
bc823c303d023ccf
3c0cbd853d053c2b
3d59bd0e3c58bd6b
0000000000000000
3c373a16bc19bd5f
3c54bd1f3d29bc10
3d08bc953d543d91
3c8abbea3d0bbc79
3bdabc513c0a3c7f
bcd2bccebc123c30
bc9ebd27bbe0bba5
bd6bbce2bdc23d9c
3d3e3deb3c92bd83
3d5a3dd83d363dc5
bdab3d85bd593d49
bc79bceb3cf5bd1c
bd433ccd3a923d1d
3ce13c153d963cef
bd463d9b3bd3bcb4
3b8b3ce33d473d01
bc213d88bcdbbcc5
3dbb3d553d513d1c
3d863d1b3d5a3d36
39d9bc57bbcf3c16
0000000000000000
bd7a3d11bd853cfe
bc413c813be6bd6c
bd7cbc323bb93df4
bd063dbfbb2ebdc0
3c813b2fbc82bde9
bbf33b84bcffbcd5
3c8abd123db0bd20
bbd0bd33bd40bd81
bd643da7bcdc3c19
3dca3bde3d07bb76
3cc1bd88bc6bbd51
bc963d523e0d3c72
3c0f3c9d3be1bd87
3b3fbb3b3b9ebdc5
3ccabc79bc9d3d47
bd723d17bd2cbd4d
3c90bade3c40bcfc
bcc1bcc13ae8bc62
bd07bcfd3c8fbd43
3c7d3c0d3d5fbd67
0000000000000000
3cb2bc60bd02bcd4
bce53cd2bcec3c3b
bdb0bcc9bdfebd6f
3c2cbc753d48bc7f
bd413d89bd05bd06
bd923b63bd2e3cdd
bd883ccdbd063d28
bc6c3d13bb833c2a
bc07bd6e3c8abd47
3d3e3d2fbd8ebc37
bd4fbc4d3ca63d05
3c95bd96ba823c1a
bc86bd113d1e3cda
bcaf3bcfbd50bc8c
bce53c913d133cc3
3bc13ce0bc97bd1b
3c313d213d123cd8
3cfabd973c003c3d
bcd6bd7d3d44bc72
bd7dbcbfbd083c4f
0000000000000000
3c8b3cd13cc5bd26
bd03bccebd8abd9a
3dad3d51bba1bd63
3b87bd8a3d01baef
3c73bc59bc703c1c
bd8ebc89b9133c38
bd0cbd75bcafbd21
bd68bd6a3cedbd2b
bc873dadbe133d8f
3dd03d673c413ce5
bc08bcaebccb3c02
3c16bd3abb1b3bb6
bd38bd593d8bbb2b
bc1d3cbebda0bdb4
bac1bd843d223c84
3da43d0fbccd3d36
bd9a3d8c3d3e3ca3
3c533b0f3d123d4a
3d513cdcbc01bc94
bc693da9bd023d45
0000000000000000
bc763c023d133c21
3c93bcb53d023db8
3e46bd10bc813d8b
3d50bacd3cd3bb90
bd0fbd1f3cfb3d0c
bd5fbcbe3c913d18
bbe03c82bdec3d8f
bd253da43cc8bd03
3d86bd213cfbbd70
3db8bc2cbd9cbd30
bcee3d52bda53d0e
3d613b0bbda9bc57
bcf83d33bd83bb4f
3c84bcadbb5abd63
bd473c9b3c2bbcac
3b6cbd54bc9e3c41
bcd13c0e3d493c8b
3c2fbd45bbe3bbbc
3cb4bce23d993cb9
bd4b3c983cafbcfb
0000000000000000
bc253db93c923d14
3c5bbc423ca8bb16
3cfcbd4fbc87bc99
3a9bbda7bc7bbd93
3c66bdcb3d29bc09
bda1bc773ca03cb6
bcef3c113d03bd2b
bca13bbc3cdbbd52
3b0dbd70bd24bd04
3dd2bd4e3d673d97
bd273c473bae3c3f
3c9ebbdebc2abd00
bd8abd4bbd48bcda
3d31bccf3ce33c02
bda93c94bbc3bb8d
bbc0bc46bc43bcb6
3cd63ddbbd523cee
3d4f3bfdbd58bd95
3c7fbd813cb7bbd3
3a8c3d0d3d26bcd0
0000000000000000
3cc33b4d3c13bba4
bc943ccf3caebd5b
3c163d4a3c9fbceb
3d35bda73bd73ccc
bd843d343b4a3d02
bd603c1dbcebbd18
bc81bcf8bc943b5c
3c953d50bd2c3c58
3cd5bcc7389f3d8a
bc6c3dba3d53bc76
bd8b3c11bc1cbd31
bd26bc8abbe8bbd6
bd83bdbcbca8bcaa
bcedbd433c1f3d43
bd1ebd143b74bd57
bd083c143c5d3c09
3cf03daa3c243d94
3ce7bd5c3c8c3dae
bd3ebd84bc5fbba2
bda73c2bbca2bd46
0000000000000000
3b70bca63c0d3d65
3d1a3cce3cdd3cbb
3b2b3d2a3d3cbd49
3d243cd9bc103c76
3ccabd9d3d8b3d2f
3d31bd82ba5e3cf0
3a7cbd81bcadbc61
3d073c37bd313c3b
bd62bc003d32bd78
3c29bd083cb8bd8a
3b55bd32bd913c31
3bd53dd33b85bd31
bda53d283c883d33
3cd7bcafbd1a3ca1
3ba93cf4bcdfbab5
3c363d1f3d9f3d65
bd82bd11bd6939c0
bc9ebb793a76bd74
bd333d113d823c7f
3cdd3dc83cd63c29
0000000000000000
bd863bcabd613bf7
bca03cd1bd4bbc27
bde33d76bd633c32
bcd33d37bce4bcb6
bb7b3c453d5fbd65
3cb63cf33d57bd85
bb45bcc7bdfe3d24
bbadbd10bcef3c4d
bc873d2f3b0f3d98
bc683d693d073d9e
bcda3bdbbbbdbd54
3cfc3ad0bd1a3d28
bd02bc4abdb1bd0d
bd89bc993d1d3c93
3cb7bca4bb143c9d
bdb83d473c6b3d8b
3c48bd1b3d3cbd30
3cac3d18bd253dbe
bdfc3cdc3dee3cb6
3cbabcf33d4b3bb2
0000000000000000
3d363d393d21b973
3bdfbcc83d0fbc2d
3d3a3d023d083ce6
bd55bb2bbc9ebd07
3ccdbd30bcdfbd86
bc3cbd5abd60bcfd
bb683d903b403bac
3cf63be7bd1d3ba6
3d7f3c533d51bda5
3cf93cbfbc09bdbc
bd3b3c90bcf23c0b
bc95bc3d3c1ebd5c
bd0fba40bccb3d75
3d713d3e3c013d10
bd5cbc11bce73dad
3d03bd323c9cbd4d
bc303c7abaf63c90
3c32bcfcbd55bd1f
3d103c923cb6bcfd
bcce3c993c90bd46
0000000000000000
3d11bbb53c83bd8c
bcadbcb3bcdfbde6
3c393cde3dc2bd99
bc833d873b2a3c41
3d3fbc5b3c41bd7e
bc40bcbcbd53bcfa
3c443c4fbc7d3cd1
bceabc95bc673b97
3cfdbc183cd73c79
3ccebd073c993e03
bc5cbcf83bc8bd8e
3ce4bb63bba13d7e
bd30bce0bd84bd86
bcf4b963bc52bd0d
bd27bd5dbd5cbce1
3c33bba83dc3bd19
3cae3d37bc163dc8
3cff3cd33c78bcfc
3c37bac3bc393c64
bc98bd113c41baae
0000000000000000
bc88b9df3bd63caf
bd27bc533da4bc7a
bd983bf73d303cae
3c683d303ca13cae
3dc83cdc3db73c8b
3d333cdebc94bc14
bd14bd33bc42bcf5
3ccabca0bc36bcb7
bdc0bd183cd43d52
3a2d3d8ebd5b3cd5
3d003d21bc143cbd
bd803c8bbc6bbd81
3d283ca43cd5bd07
bcc4b978bc993cf2
3d44bc1f3b3bbd9c
3c443cd53cab3dbb
3da1bdd7bd90bd02
bd223d86bd84ba7d
3dd53d703d67bca4
3b8bbd14bc40bc87
0000000000000000
bbaabd98bae83c84
bafebd1fbd32bbeb
3c38bc563cb03d0b
3bbb3c4b3db73d3e
bc4dbd523b543b88
3d20bda6bc9fbd1e
3c79bd28bd4abc8c
3c78bc073c053c78
bb3d3ce63c91baed
bd83bbe23cdfbc73
bca9baafbd6fbc41
3ccd3d133d21ba86
3c2e3cf7bd06bc7c
3c11bcac3d813d0f
3be73bd5bdc9bbcb
3d3abb83bd263d0b
bc55bcc83d6cbce8
bd473cdfbcf23cca
3a3fbc553c153d6c
3cb53a923c09bbd4
0000000000000000
bc003ce7bc72bcf2
3d5bbd873ce1bce5
3b26bcdd3ca3bc7d
3d293d49bd1e3cb0
3d233c40bd00bd25
3c9f3d203c89bcd0
bc4bbd3439383d70
3d273b803b85bd84
3c283d17bd3abc62
bbd23c10bc313d26
3d65bc64bc7e3cbc
bc7cbca2bba43b81
bd74bc073a5bbb0b
bc81bc1abcbdbc25
3ca53cac3c2abc97
bd02bc403c4b3d3a
bca23d5ebd0b3c2d
bc4c3ce0bd313d2d
3b353cfabbfbbd56
bbcbbd813c81bc65
0000000000000000
bcd83d45bca43d3e
bca7bbb43c17bcf6
3daebb22bc933ceb
bd9e3d4e3b85bce7
bcb6bd8c3c8b3c02
bd37bda9bda93cc9
bca6bafc3bcfbd3e
bd59bd1ebd74bd0d
3be03c5cbbc1bca7
3d90bce33d9e3cc2
3ce2bd60bdb03b06
3c2c3d063cb5bcdc
3d83bd0f3cdfbb6f
bd0b3d193d073c81
bc923c1bbd2b3c3e
bd153d2a3bc43db4
3c3b3ce13d87bca9
3d983c35bd08bd2a
3e083d113dbd3d9b
bd313d5b3c70bd00
0000000000000000
bbea3d253cdfb914
bc9d3beebc4e3c65
3c3e3d2d3d3b3d2b
3d4a3da33c5bbdab
3c57bc543cc43dc9
bd903c7d3d1a3dbd
bc31bd44bcacbd14
bca8bd0dbd0ebc93
3dd53d10bccc3cb0
3bd73d8a3d2c3d31
bd053cc4bc733d92
3d15bd0b3d27bdf7
3c453c5a3d1cbcd4
bd12bcc03d613da8
3c8b3ce63bc53c7a
3d383da0bbd13d0a
3d71bc923c44bc08
3d42bb19bd0dbc45
3ad53d953d533d05
bbca3d163d3eba6d
0000000000000000
3ba9bc2f3d8fbc11
bd22bb3f3c7ebcb0
b8273c56ba493dea
3d5dbcbabd7d3da7
bdb13d8cbd4c3d0e
bd5dbc93ba7abcbf
bc6bbd923c85bd4c
39a73d67bd423c10
bbce3dc6bd243dcf
3db73d8b3cd13d2b
bcb6bb3bbe263c09
3be13cab3c2ebc39
3d9cbcc4bd403c96
bd3abcc53dd73d2a
bd1dbd53bc56bd48
bd733da73d523d89
bc8bbd35bc40bcfc
3c00bcadbd5dbd96
bbf43d9c3d6abccd
bc783c10b9a5bd30
0000000000000000
bc813bbd3bb83dc1
bd9b3d073d05bc81
3d483d00bca43d7c
3d073d31bd0abd0a
bbf6bd2f3d45bd68
bbd7bc043d9cbb85
bcccbd5a3cf8bc02
3ca43d6fbc1abd2e
3d9e3a993a6ebd37
bcd73bcebd4abc82
3cfd3c973d573d84
bc82bd30bd0f3cbc
3d2abbb4bcadbd58
bd13bcee3c64bc4f
3d31bd0e3c2bbc30
3c8fbd233b84bce6
bc5a3d783c823cfe
3c123c1fbd5f3d27
3d07bd2e3d2bbd89
3c78bb543c9bbca7
0000000000000000
3b893cedbd163c91
bdaa3cb3bd263cb3
bd35ba35bd4d3b97
bd04bcef3cb83d30
bcd3bc95ba82bc5f
bd6b3d663c96bb8b
3cfd3d01bca3bd80
3b95bc363dac3d7d
baa8bcefbd24bc1f
bd5dbc25bd31bd08
bd303d9d3bdcbd42
3da03d4d3cb6bca0
3cd53d933d853d90
bde1bd05bd5cbc65
bb92bd313d163bf7
bcfabe06bce23bcf
3c4d3c953c0b3d2e
3abfbd4b3d21bce2
3d03bdb33c90bd00
bd0a3af9bd35bc7c
0000000000000000
3c55bd4dbcf3bd2c
bc8bbd06bd4a3bda
3b31bd033cacbdca
bd21bd203d8bbc88
3d04bcc2bbb13dd5
bbd5bcf53b853cf9
bd8fbc58bd01bd3c
3d9d3c6cba2ebda2
bcef3b6d3c023c94
bc483d3abdbfbd78
3b843d30bd24bd2b
bb85bd2ebc0cbc17
3ceabc9d3d1c3dc9
bda7bb5abd37bccd
bb03bcbb3a683c8b
bae6396bbcf73d4e
3dd63d5a3be53d8b
3d09b9d53ce7bbcd
bd59bcdf3b903bf7
bd5cbd4dbcd5bc91
0000000000000000
bbe2bb4e3cdc3d20
3d9c3c22bd713c1e
3c9abc113d363c80
bbffbd113dda3ce4
3c243ce23bfb3cf6
3a903d8abcd83d7b
3cc1bd09bb693ce3
3d4e3d353c9f3d1e
3c45bd523d50bd4f
b99f3c813d07bcf2
3cc03cd1bcc33c31
3ceabd09bd5bbc8c
bc6f3d17bc50bd48
bcb6bd18bd5a3d32
3c093d3abcd13ced
3ca9bd8dbd09bd4b
bc4e3db5bb023d39
3b62bd253bacbc9f
bb94bcc8bd183c82
bcf73bb4bb3a3dac
0000000000000000
bd1a3d03bd4e3b96
3c17bc51bd253b5c
bcfb3c82bc5dbda0
3992bc12bd543cc8
3bfa3d1bbc3e3bad
bc913cb7bd2c3d1e
bc84bdb3bd0cbc95
3da2bc2b3d333d1d
bc283d01bc47bc94
3be1bda7bcd7bc51
3bd6bd073c7d3d62
bcb7bdc43ab3bda0
3d543d033d723d5f
bd593c2cbc5abd05
3cb93bc93c6c3ce8
bd1dba08bd16bdcb
3cf13c0c3d0b3d6c
3cbeba453c27bc7d
3c353d05bcadbca9
bd3f3ca3bc3abc19
0000000000000000
3d243cb5bc14babf
bc49bc99bd47bcaf
3de03ccfbd21bd1c
3cac3d3cbd25bd07
3d073ca63da33ca9
3bd3bb7fbc593ce0
bba9b9e13c12bcfa
3da83bc43d1a3bf5
3da43d5e3c22bda1
bc8eba073cb0bd9b
bd1d3d0e3ce13d2b
be143cc63c2dbc14
bb943ba03c363daa
3bd23aacbbbbbdc2
bc35bd99bb513cbd
3d0e3d15bd57bded
3d2dbad5bc7c3d3a
bb8dbc8fbce7bc18
ba86bd3bbd47bc9e
3a0cbd1abcddbd91
0000000000000000
3d2abd9cbd0dbc0b
3c903d653b3dbd1b
3cdf3d6d3bf8bc98
bd353db5bc883d1d
ba603d5fbcd7bc9f
bd463b28bd9ebd63
3da73d9bbc0fbd27
3d66be0e3cbabc83
3b99bd7d3bf83d8d
3d2f3a6f3a813cae
bb7cbd56bd4e3d2a
bc033bf03d43bd16
3b883c4338b63c61
bbb23af1bd00bdba
bc0ebd173d15bb5a
bce73d733b8abcb0
3d4dbcc6bc913c85
bcc73d3e3d613d25
bd65b91cbce83c30
bd0d3d55bc973d33
0000000000000000
bd8ebd84bcda3d16
3c4ebcbf3d093d3a
bc0cbd123c71bc28
3dcc3c753d24bd17
bc93bd6c3ca73d39
bd37bd873c933d9a
bbdfbd2dbbbb3b74
3d863c163cc83c3c
3d393a2d3b07bd1d
bd7cbc92bbd3bd3c
bcbf3b3b3d28bd0a
3c113c43bcd03b50
3d733a7a3d4e3c97
bd2dbb9abd173c1f
3b173c06baa93b7f
bbb3b959bcb03c18
bc253d37bd9f3d0e
bc883d3cbc45bd17
bcecbcfdbd23bcba
3c37bdbcbc19bcf2
0000000000000000
3a28bb6c3c7abdca
bce73d08bc18bd42
3c2e3d523d2ebc4a
3a28baec3b903b4a
bdf1bd153d34bd95
bd98bc033cbbbc8e
bd053ad0bd1cbdf2
bcdf3c60bdd1bcb5
3b80bcd33cf0bd1a
bc8fbce7bd2bbd2f
bb1f3d073c813c81
bc123c0c3baebd15
bb823d64bc2bbd12
3c873c0abca03ba4
bd173cd4bd9fbb9d
3a23bcc83d17bb4d
3d843cd1bb813d92
3c9bbc363d833cff
3d663c513d0d3d07
bd4cbbf63d31bcf6
0000000000000000
bd223c9abd4a3b1a
3d3fbc1d3d743d83
3d86bd213d583ce9
bcc13c6f3c093b4a
bcd23c813d993d0b
3cf23cf43d9d3dd0
3d073cd1bd553c83
ba633c6c3c983cc7
bdc6bb3d3d543c9d
bca3bd2ebc3dbcc6
bd8c3d333aeb3d2f
3dac3a48bd9e3d0d
bd1e3d8a3c9cbc95
3d2dbd73bd85bca0
3d8d3d9ebd2a3c99
3d40bd343d0cbc28
bd1a3c313c593c18
bd41bd1e3d02bd2a
3a8cbd873d38bc04
3da7bbbe3ca83d22
0000000000000000
bc153c68bc87bb8b
3ae53d78bb953d16
bce13d7c3c5fbc0c
3bc43852bcd83cc7
bd46bc86bb8d3cbb
3d3b3cfbbc813d20
3d413c85bc3c3c70
bd8d3d09bd6a3d7f
bb96bc923d34bd1b
3c3f3bf03c523d5c
3d1f3d563c723d94
3cfc3d1bbd013c9a
3cd53d093b46bd2f
bd21bc693cdcbbc8
3bf7bd0bbb843c23
3d7d3ccc3d483d1b
b9693d0cbc3bbd80
bcb33cb73d5abd12
3cd5bca93d97bb42
bc2a3b43bc71bc36
0000000000000000
3da1bbdfbda8bc9a
3d76bc4a3c593ca2
bd613d3bbbad3b26
3d18bdc2bd44bc93
3d81bd273d763c8c
3d88bc4a3cfd3d10
bc623c5ebd95bc8a
bd19bda8bc87bca8
3d703cf53c1cbd2b
bd8fbd45bde4bce9
bd803c583cd33d36
bda8bd46bcf2bd36
bd90bc593d87baeb
3d98bd91bd90bc56
bc77bd603c883d0f
3d373c423c473db4
3ca33dbd3d06bcf2
3baf3d4e3cd0bd4b
3c2ebde03d81bc9f
3d55bd503ad83c89
0000000000000000
3d0a3bdebcf23b62
3dafbbe33d4fbd5c
bb86ba45bc53bd45
bd42bd68bcdd3d16
bd1c3cff3dc9bd55
bcf4bda03d93bd04
3b76bc573c50bcb7
3ccbbc8bbdbabcb2
bd14bdc13d293d45
bd6d3dbcbcab3d08
bbec3c70bc2bbd86
bc793adcbda43d86
bc59bc7e3a7cba86
bbc63ce23c26bd4f
3b003a97bc1dbdb0
3c2bbbe73d8a3db4
3cb63d763d81bd45
bca43b5fbd17bd1f
bcfebcc93cfebd02
3cadbc8b3cc53d0d
0000000000000000
bcefbbd43c97bd82
bcf43cae3b83bdb3
3d1d3aec3c99bc87
bc9bbc8e3d463c9c
3a093d09bca63dbc
3d673d4cbcfebdd1
bc803a25bd84bc2d
3d8d3c80bd23bd09
bcbb3d053d13bc48
3d56bd0f3ba33cc6
3c19bcc23c90bc88
bca6bc47bc033cf5
3d4f3c90bc67bd00
3bcdbcd23b83bb34
3cffbc9fbdb5bcf2
bcd53d0a3d2b3dac
bd393d3ebc2f3a67
3c233d423c83bd7c
bbe93d12baf93d54
bc87bd5fbd393d3d
0000000000000000
bcd83d4cbac0bdb2
bd733ce33c843d3f
3d653d20bc4fbd28
bcd83c2ebd2bbd3a
bd09bb123ccfbd77
bd1b3ca53d75bcd4
bd543c9e3c43bd2a
3ad73bf23ce4bd54
3d05bd1dbd26bcee
3c0a3c0dbd203c8a
bd003c89bc1fbc47
3c9e3c64bc96badf
bc17bc14bcd4bc62
bd5ebc9b3c833d5d
bd1dbc23bc0b3d2b
bc46bbd7bd813bcb
3d083cc439aebd83
3d5cbcecbd693d97
3cd43c143c913cf0
bcd03d23bb873c80
0000000000000000
3d553b2e3be93bae
3d143d30ba02bda0
3c9abc2abc04bd03
3d303c85bd2cbc27
3d05bd523bfd39de
3d01bcd63d0f3d6d
3b7e3d583c7cbd2b
bd20bd92bb47bd27
bda4bd51bcbb3d69
bd533c37bc23bcfd
bd94bd843c96bbdb
bd053d54bccbbda9
3dba3cb53d5fbb90
bc263c2a3a59b9f8
3c693d0c3a1fbc4f
bc593dd4bcda3da4
3d20bdd13d9abce8
3b8d3bd6bd403ae9
3d8b3da83c843c23
3d633e15bc343c18
0000000000000000
bcd53bfcbd0ebd1b
bc70bccf3ccb3c29
3d3d3b46bb513c0f
bcaebc703bed3d8a
bcc4bad33bc2bc3f
bc4dbd303d1dbbbf
bc60bd9fbd0ebd40
3d2abc1d3c56bd3f
3ca33ceabd033b30
3c903bc93dbbbd94
bd733c77bb7dbc53
3df3bd68bdb5bd6a
3d8abd09bcf83d2a
bcefbd003c47bd8e
3dc2bc383c77bd67
3d633c54bb28bd2b
bda93d773bdfbc72
3ce43d30bcd43d6a
bd66bd003bf73c22
3c31bcb4bd90bcc2
0000000000000000
3d023c913c97bd3d
3d75bce43ccabc87
3b803d7c3c03bda1
bc8b3d61bc1bbd41
bb783d033d1a3d1c
bb8f3d053baebc9b
3c573ae13c1fbd32
bc30bdaa3d443d2a
3ca1bcb53cabbda2
bd133d113d073d02
3d23bc9abcaa3cda
bd113d8f3cd0bd85
3b15bd95bbfc3941
bc5dbc8a3d383cd0
bc92bd1abd11bbeb
3ca43d3a3cb0bcdf
3d19bc88bd173c96
bd283c10bc63bd7c
3ba93bc1bc353bca
3cc43b6fbd4ebc73
0000000000000000
3cdfbdf6bd353d96
3db9bc8c3c7bbc6f
3d8c3d2a3cb3b685
bd083c393d94bca6
bbaa3c333d1b3cb5
bd6dbbbdbc3fbb46
3c73bce8bd88bcf6
bd3bbd753d223c04
3d783ccdbc113d14
3c693c71bdbd3c3f
bc43ba973c733b99
bc49bd03bcd1bcf9
bc22bd4c3d43bd9b
3cd63d0abce73c8c
bcb8bcf03d19bd83
3cbd3cf2bc3f3d48
bccd3ce93c8dbc32
3d593c75bc9fbc04
bd3d3cebbd843d87
bd013d0cbd63bd92
0000000000000000
3d72bca7bcadbcba
3cd2bcabbd353c8e
3c363d05bd413d73
bc5c3d21bc09bd91
bd60bc893d963d3a
bc4bbc623baabd7c
3cf3bd3f3bdebd82
bcebbc943cab3c8e
3c773c983baf3d12
3d3a3d27bc083da0
bcafbce1bcc93b9d
3d1bbb9bbcddbdc2
bc6c39da3c30bcd6
3d16bcf3bc1ebcaf
bcbbbc89bb22bd1a
3c20bd09bd07bcee
bd93bd3abd363c4f
3bcc3d433ccc396f
3c8d3ca03d54bc79
3d023c87bd193d78
0000000000000000
bd52bd223ce33d17
bd11bccd3d0d3d7b
bda53bd63b043d96
3cb9bc3cbcaf3d1d
bccb3b923d713caa
bd07bd0b39fcbd60
bdeebd633b28bcbb
3b0f3c1c3cef3d5f
3e01bbc5bd02bd5e
bdb3bd173c55bc8d
3dbebc1bbbd73c04
3d12bbd4bbaebc8c
3d1e3da3bd813c71
3b01bd22bd24bdb6
baa03c52bb71bcd7
3d02bd2d3c09bd7f
3d99bc8ebbe3bc09
bccd3d49bce93cda
bc983d183d9abd53
3d623c6e3b80bd0f
0000000000000000
3cc5bcb0bcdd3b89
3b843bb5bd45bcc8
3cc13ad33c353d98
3cbe3ca1bc7b3a80
3c0f3d56bc88ba6f
bd1bbd25bd7f3cc2
bcddbb6e3ca8bccf
bdb4ba98bc66bcb1
bae23c873da73d1a
bc0e3d4d3ca13935
bd22bd68bd54bd0d
bd55bcc3bd1c3ce6
bb8fbb9fbceebc8e
bd6a3c56bd0f3cdb
bd00bd4abd41bd1d
3cf33d943d43bcb6
3d54bc863ca63c8a
3d433d0b3d0f3d99
3cd6bc9f3d3b3cc4
bd433bf33d55bc57
0000000000000000
3c633d0abc79bcb7
3c6e3c993d083a81
bd723cb5bba73d53
bd57bc10bd40bd25
3d9c3cf03bc73d10
3cd93d263ce4bae5
bcff3c04bd1d3d78
bd59bc263d4dbd13
3cc5bdc8bdbf3d5a
bcadbdadbdb03d2a
bc873c613d34bcc2
bd133ca33c65bc4e
bd293c393d74ba9c
3d003d0abc403d7a
bd0f3cfc3d9abdaf
3d1d3d48bdb23d92
bc24bd7e3d9a3b5f
bc403aeebd35bcee
3d8eba513d12bd2b
bd1a3d063cc1bcd7
0000000000000000
3d99bc61bd04bbec
3d433d5e3ca7bc42
3a32bbc8bd153c9d
3d23bcbdbd683d2f
3c7c3d9e3d113c4b
3b8b3d44bd40bd11
bbd9bc203c2dbcfd
bca13d91bd193c71
3c4abc23bdc33d56
bd37bba93e133cec
3d38bc8a3a7abc5e
3d3dbd833d3b3d00
3c07bd033d053d2c
3cb93b25bc233cf7
bcb83cabbd04bd35
3c92bd0fbd913c96
3d4d3b863cb9bb84
bd24bd65bd163c15
bd0e3c8cbda33d9d
bbda3ce03c093c6e
0000000000000000
3ceabc273cfbbd52
3ce93d05bd5b3ccb
3cba3ca23d153ba0
bd57bc853d3c3c25
3c4e3dafbbeebc90
3d2b3c70bc71bcd1
3d1dbd85bd723d26
bccbbd7ebd023deb
3cad3d973d113a3d
bc32bd733d46bd0e
bb22bd48bcacbd32
bc3539bb3d88bd3d
3ac0bc083d6b3c37
bcddbcff3d83bb4a
bd6e3c67bd5e3cae
3ab13d8a3db5bc49
3c7abcb0bd9b3d26
3b95bcac3d6f3d78
3b693dcebc82bc5f
3d42bb6d3cd4bc58
0000000000000000
bc0f3c3d3c753c29
bd9d3d7c3c67bba8
3d8dbd08bc54ba9c
3d5d3b2d3d0abd0b
bc8f3d83bc653cdf
bce13b95bbadbd23
3c7d3cdd3c703d8a
3c093d2e3d293c32
3cf3bd8bbd763c0c
3d523d14bbb63b87
3b2c3b95bd0ebc26
393cbd39bd17bbb3
bcea3c223d5bbd0b
3b36bc7e3ccc3d2d
bd6d3c853bd73c9b
3d623bd43c89bd6b
3d80bbc7bd1bbb59
3d3abd86bd4dbc52
bcf43b59bc9b3db0
baed3b8b3d483ca3
0000000000000000
3cb7bd1dbca93a1c
3d24bcd43d5d3d42
3c68bd133c983c92
3c69bd3fbc58bb6d
bc2abd1cbcd33b51
3c8f3c63bc993d30
3d17bd953d563d1e
bb893d57398a3bec
bcc0bc66bc8fbc6f
bcd1bd2e3c22bd23
bcffbc24bc913c32
3b65bd763dacbc65
bcdabd713d713cb2
3ca539cf3b5fbc97
bc993c24bc93bbf0
3ca9bcf5bd2cbc3f
bc9c3d42bd40bc42
3c113da8bc1939cb
3bb2bbd2bac0bd34
3da8bd823d6d3b7e
0000000000000000
3cf33d25bd493cca
3d873d24bcb13c9f
3d793c1d3d0b3c46
bcddbc59bd1c3c8c
3cad3caf3ca93c36
3d13bdb83c293d86
bcee3ae6bd0f3d77
3c42bd27bd423d47
bc073d713ce3bd1b
3bfbbc6b3da83c0d
3b4dbc1f3c533cca
bd813c60bd3f3c8f
bd68bc91bc88bbdc
bd173d87bd293c1b
bd0a3c573d22bbec
b9c33d63bd50bc5c
3d6b3d833daabb45
bca83c053d8ebcca
3a473d4f3d7dbc88
bcebbc8ebbef3d23
0000000000000000
3cecbcf03dccbd4f
bc6a3cf0bb5fbc24
bc513b043cfcbda4
bd0cbd80bbec3d39
bc9e3c03bc18bc4a
3d003c9a3d8b3cf3
3d94bcd6bc80bc3a
bbaa3c6fbd123cf4
3b92bcd9bd10bd95
bc523d08bd3b3c3a
bc1abcf03d6dbc72
b9f6bd693be7bc0c
3c39bc96bcce3d73
3c643d483ccabd2c
3d04bcc03c0d3da6
3ccf3ccebcf9bd1a
3ceabc773d2b3c63
bd3abd38bd1bbca6
bcaf3d3bbcc1bd52
baf7bb813d2bbc4b
0000000000000000
bd253c84bd243d37
bdb5bd48bc70bd45
bb51bd883da0bc98
bce0bd303cc9bcb2
bd0d3d153d2bbbbd
bd433c97bcc8bd87
bd6fbd1ebcbebd25
3d55bb453daabd6b
bc853dadbd9d3c33
3c8fbd413ca83cbf
3d033d313b8abd25
bc6abc8e3b7c3bce
3cc4bcaebad03be5
bcf23c1f3bab3d12
bcc03c0dbcc0bcd6
bd893cc4bda1bc2b
3da63bdcbe0c3cd6
3c32ba96bd143ce0
bd333ce4bd393ce8
bd2cbcdb3b91bce3
0000000000000000
b9b53c033cd43d28
bdb9bcf73ce23d7f
3c993ce33c993d38
3d6cbd83bc51bc80
3d0cbc9dbbe93d0a
bb9b3d403bf13d3e
3cc73bca3b66bd6d
bc73bd023c553a78
bb8fbcd3b8173acd
bd81bc263d1a3b44
3c9c3d863d0cbcce
3bbabb6fbccabc20
3d363c27bcd6bcee
bc8bbd0cbb6e3c9a
3b1b3cf5bb81bc50
3ccabdc83b17bd1f
3ce83db53badbc3a
bc9abd54bd383acb
3d1bbcbabd06bce0
bd67bd03bc2dbbdc
0000000000000000
bce5bc6f3d753d2f
bc6a3d3cbd0f3d32
bd29bd233e17b909
3d553d2cbccdbc9b
3ce8bc5cbd153acb
3c913dcfbc75ba2b
3bea3d28bd8e3b75
3ca13d913bc4bc53
bc78bd7abd9dbd1d
3d48bc23bcd4bce3
bdb4bc54bd3c3d2e
bb21bdc43cb93d2a
3cb53d8d3d073db9
baa83c3abd37bd55
bcfa3cecbd0f3ccb
bb8fba72bce63cb9
bbdf3ca43c6b3b3d
3ccdbccfbc96ba1a
bc2a3c0fbbe53a9f
bb52bd8bbd6d3d01
0000000000000000
3ce9bb093d7b3d56
3c513d33bc843c7c
bd133a523cd23d93
3bb3bccdbd82bb91
3c0dbc563b2a3d52
bc273ce1bba23d57
3d473c6f3bdabd22
3c843ceebd883d48
baa3bd273d94bcca
bb9abcdebdadbd03
3b32bd05bd203c23
bda93bd33c81bd3b
babb3d18bd8ebd5d
3cfd3c113d6d39b2
3c493d14bc9fbd1f
3d503ce73d0fbcf3
3b97bd1c3da83d6b
bd57bd163d82bb3c
bc863c7fbdfe3c8c
3d343d43bdae3b78
0000000000000000
3d29bd183cc13d88
bd7f3be0bdc0bd2d
3ca63c11bd1b3d18
bc273c85bda5bdc1
bcb73bcdbd81bca5
bbdbbd03be07bcf0
bd2abd0f3d383bb5
bd03bd70bc52bced
3b25baa93c8a3c9e
bcb13bd03c7bbc38
bd3bbc96bd983c08
bccb3c153d143a0a
3d543d0a3d58bd02
3d093d163cc0bcaa
3d40bd003d16bc82
3d263d2fbcf3bd16
bbefbd333c563d85
3d583d3ebd08bd23
3bfa3bd7bc1ebdb5
3ca6bbafbd46bcf0
0000000000000000
ba16bcaebda83d07
bcb7bc8abd133c0b
bd9abc9ebd363d67
bda5bc64bcb83c11
3ce9bb173d333b6c
3c6bbc9b3d263cd2
3c6cbdc3bcb1bc69
3d56bccf3d8e3d36
bc353d793d93bc46
3da43c2abc1a3c25
3dd4bcafbcfcbbc4
bd11bd40bd53bd32
bbdd3d07bcc93ce0
bde1bd44bd8dbb82
bb963ccf3ccdb9bf
bda0bce9bc8f3ca2
3d4abd1c3cb7bc94
bcd93d6f3c76bd8d
bdb43cf6bcfe3cfe
bd2b3d01bd32bcb3
0000000000000000
3c1cbba33cd2bc6e
3bf1bbf73c953d3d
bca43cbe3c57bc42
bd8e3d01bbb03caf
3d9dbc2a3c8a3bac
3d993b26bd1f3d2b
bbffbd173d13bb5f
bbd9bd883d533da6
bd35bc543b683c6e
bba2bce7bd82bd80
3b35bd30bd52bc30
bd3abd0abc9cbc7d
3c4fbce0bc0bbd08
3d3e3c70bdbc3c4f
3d9ebbb83d6a3bd6
bc893cf2bd2e3d28
3c413c4ebc4bbd1a
bd55bca53deebda8
3cb83d403dacbbaf
3cfbbd24bd513cfb
0000000000000000
bcf2bd24bd673c8c
bbabbd17bcf1bc7e
bdb43ba3bbf03d82
3b453d693d323d74
3c36bd08bca33d1d
bc7f3d97bc853be6
3d2cbd8cbda53d92
bb03bca7bce6bd46
3d28bc6f3d88bb21
3b9fbd4dbc6b3d72
3c2dbcc6bcf1bbf7
bcb1bc143cd73af4
bca03d8fbd83bd2e
3cdebbae3ced3d9d
bd5fbb37ba5cbda5
3d953c26bafe3c4e
3d873b823c053d59
3d6fbc92bcf33ca1
3c583cd5bcb7bc89
bd42bda03918bbf7
0000000000000000
bc87bd03bd193b49
3d213d85bd6c3ccc
bc943cbd3d14ba75
3dca3d013cc7bc87
bd9d3d0cbccd3cd9
bcd83c003caa3d94
3cecbd44bd3bbd22
3d253da03bfbbbfd
3c5d3d543d3f3d40
bbeebb6b3b46bcc8
bc3abc22bd0cbc5f
3d8abd4e3cdabe09
3d5cbcb2bc56bd0e
bceebb41bca33d9d
bd32bcc7bbc73cbf
bd763b07bd143c9f
bb8bbc763d043d96
3d82bd2c3cd3bc51
3c34bcc13d74bb3a
b9d1bb43bc853d10
0000000000000000
3c6a3d563d9ebd9a
3d4b3d7fbddcbc99
3cca3c853d113cc2
3c13bd00bd51bd13
3beebbf3bd1d3ca3
3c873a71bd05bcc9
3d8d3beabca83c89
bcd33daebb903d45
bc54bcb93b4bbd6f
bc5bba823d473d36
3d243ce63d09bceb
bcf93c433ce53da1
bc8c3cd7bd87bd75
bcccbb8fbcb03d91
3d083c043b87bd19
3cd8bcf9bc693db2
bce83cf63d87bd5f
bc7abc1fbd12bde2
bd4cbd083cb83bf0
3ccc3bbb3cae3d0a
0000000000000000
3cc9bce43c433d4f
3d00bc6dbd403a13
bc75bd24bc103cb4
3dabbcbc3da2bd9f
3c423d0b3c223d2c
3c953cee3cf33dc6
3cf6bd223d3e3a17
3cc4bd023d72bd99
bbe83b98bc18bd2c
bd9bbd52bc99bd7f
bce8bcd4bbd9bd28
bc81bd993d20bd0d
3c1bbc26bd273d31
bd05bcf8bcb13ce5
bc983d763c3bbd3a
3d823bb23bcb3d1c
3c0c3d8cbd70bd8d
bc97bd07bd07bcc4
bd86bad2bd173d84
3cca39293c963c00
0000000000000000
bcae3d71bdb43cb5
3d77bcd33c873bb8
3d913c9c3c25bd25
baf1bd983b88bace
3d9bbcdc3d683d98
3c9ebd50bd473d5a
bc01bc333cfcbbf3
bc2cbc70bd623b9c
3c3c3b033d20bd3a
3bf63d633d633ca4
bd23bd8b3c363ca1
bb953d29bd1abce0
3cbdbc07bb18bd2b
bd353d2a3d013cb9
bd223d043ccfbccd
3c673df0baaa3be7
bd2dbc113ca63d0a
3d27bc8d3c16bc7e
3e0e3d033d2db884
3be1bc0f3c0e3c8a
0000000000000000
3c273bd6bd61bd0e
bcb6bababd68bd7c
3d12bce23cf93cc5
bc83bc02bca3bcfb
bd7dbccf3cdb3cc0
bd853cd3bd49bdce
3d163d91bcf8bd08
3d5ebd88bb83bcd7
bc12bcdcbd653b11
3c8a3d5cbc513d96
3d743bb0bd4dbdc4
3d083cb6bd2a3d4e
bd8dbc3ebcd73bd0
bd433cf8bc93bc83
bd6bbdbebd45bd2a
bd843d34bd4d3d3b
bcb8bc453da23d8a
3c0bbc3e3d4e3cb7
bca53ccd3ca83d87
bd8bbd35bda2bbcc
0000000000000000
bca03d043cf43cf1
3b883d31bdbebaa0
bd0dbcad3d0d3ce3
bccc3d883d283d6a
3c63bd2abd5dbd4e
3cac3c8fbccbbd0a
3c4cbb203c94bd47
3cee3c3f3d2cbd01
bcb3bd09bcf4bc59
bd15bd103d38bc1d
bc15bd83ba17bbcf
bd403c7c3dd13ba5
3bed3d15bd28bd5f
3c593d2e3c51bd19
3d0f3d8c3d56bd0d
3c983cb8bb843d69
3c7ebcea3d38bc49
3bb6bd973d5fbc89
bcfd3dba3c0bbcd5
3d023cac3d12bd81
0000000000000000
3cfa3cc9bb47bd96
bda33d433d3c3c2b
bc85bcbcbba53d07
bdccbbc13d27bd49
bbee3c193d3e3cb1
bc123c7c3a633d68
3c103d8dbcc8bdbf
3dc0babc3c2f3d80
bd95bcadbd24bd56
3daebcc1bcd93de8
3d903b5ebb89bbcb
3d16bd3dbe2b3cc5
bcc2bd08bd0e3c95
3ba7bb333c9cbd3c
3d95bb723cb5bcfe
bd4d3c6ebae53c01
3d2a396c3dc7bceb
3d94bd883b99bd9f
3d023c4cbc6cbd1c
bc003ccabcb7bba0
0000000000000000
bcd83d3cbcb1bcb2
bcb6bb88bcae3ca4
bcd83c53bc97b9cc
bd523d923c89bd06
bb3fbce23cb73d75
3cecbd503c833caf
bcbd3c02bd303c55
3c293b1ebc923b44
bd983d223d09bd0f
3d853daf3d40bdfe
3d55bdacb8e0bd6e
bd8c3d5cbc9f3d10
bc67bd4dbce33d99
bda73c3b3b9f3cb1
3c77bd613c1a3cfc
bd5939393c66bd07
3d99bdcfbd9dbd19
3d183d4a3c64bd03
bae03d65bc043d7b
bd2a3d223ce5bb67
0000000000000000
bd3c3ccb3d52bbf1
3c1cbd393b593d83
bc703d103d20bc4f
3cd63c433d07bc50
3bba3d753c0f3d1e
bd28bc213cb93d11
3d1cbd0e3c80bbf0
3c8e3ce5bcc23d06
bd653ca63c95bc04
3cd03d223d13bd90
bc93bc88bc6cbbc1
bcfe3a3ebc2bbcb6
bd2fbd9bbd413c64
bcb0bbab3d2b3ccd
bd0fbd71bce43ba0
3d1b3d153cb1bb2e
3d533d94bbcc3c5d
3c7e3d31bc72bcc6
bd3b3b2bbb3ebb9a
baf93d653d79bd15
0000000000000000
3c9bbd41bc123d14
3cf5bd023d8cbc8e
3d493c843acebc2c
3c063d95bac7bd1b
3d95bc80bcd4bcc0
bc9abd4dbd27bd16
bc5cbd4cbbdcbd09
bcaf39e13d413d3b
3d053cb8bc953b36
bd653cdf3ced3ccd
ba2cbcccbd0ebd5a
bd903cb2bc003caa
bb52bccabd683d5f
3d933d703c3ebc8f
bd4b3d6dbc963c63
3d5ebcef3d0fbd6c
3d51bd91bbed3be3
bd1abc0ebcd03d09
bcccbc503b443d38
bbbcbca8bd2dbd29
0000000000000000
bd9e3c40bccbbd49
bca1bd2dbce9bd03
3c803ca1bd87bc70
bcc8bb61bca03d4b
3d50bd6fbcefbd6e
bac13b44bc14bc1a
bd00bcf8bc61bcf0
3d413d483c933cee
bb24bcc43c19bd24
3d2a3c473d83bdbb
bc4e3d703c9dbb12
bd84bcc3bd04bc65
bd8f3ccb3d193dda
bae4bda5bc31bc47
3c9ebcc0bcff3c84
3c89bdb4bcdd3bc0
bd3f3d9f3d893dab
bd393d333ced3d50
3cfcbd8dbcbb3ca0
3d47bdcc3c433b40
0000000000000000
bd5dbc0bbbcb3d04
3d433d18bd9bbc82
bd353c4abd2a3d08
3bffbd44bd463c41
3bc33bb0bdc73c38
bdcabd1cbd2dbbb7
bb9abda2bcaa3b21
bd513c11bd543d62
3cfdbd6abb8dbc41
3bf33d473b5dbc14
bd12bd02bcd6bb80
3d3fbd0fbd08bdc4
3c503c94bc6ebcb7
bc83bd02bc143c6b
3d0fbd01bbfaba75
3d33bd4cbd8cbb31
bd38be073d3d3d04
3cdd3d1d3d68bd2b
3d10bc9f3bc13ccc
3d463c26bdb6bc99
0000000000000000
bc763bf13cf93ca7
3d6d3cfa3cafbd14
bd793c81bba9bd15
bc2cbc79bd3fbd01
3d8c3d583cf7bd02
3cee3ba13d0cbdb9
3ab73cc43d25bd00
bdae3d0abca9bd87
bd71bc0b3c683d8d
be10bcc23d53bd5d
bcbf3b033c6dbcee
3c873bd43c88bc95
3db6bc5ebc9b3ca6
bc4ebc123d91bd24
3c71bd13bcb1bc94
3b563caa3d1a3d18
3cdebd2cbc843d9e
bcaabcc2bcd83c3e
3d923b253b2f3c75
3d2b3cbd3c74bab7
0000000000000000
3d303c6bbcc3bdb1
bd13bd063d1e3cea
3d6b3ba73d42bd4b
bbc23a0fbb4f3c62
3bb23cf7bd18bde1
bd9cbcb3bc94bdd8
bbd0bd7d3d503cb7
3b97bc29bc68bd6d
3d743cbc3c293da2
bd78bc113c323d66
3cc2bd15bcb3bcc5
bcef3cc43d3b3d71
bb19bd693c903c51
3c69bcd53c873da4
3d01bbdd3b133d65
3c333d503d85bcf7
3d073d1bbe043b11
3d403d1b3bb03d5b
3d773c733c3c3d2c
bc85bc8d3db23c88
0000000000000000
bd89bc7bbc753be7
3d4b3d953bdabcb3
bdb23d1cbcd53d3e
bd97bc2fbc943cb3
bcf63ba03d75bd39
bdce3cb23d6d3c9a
3be63d99bc30bd73
3b55bc703db73c3f
bc8abbfa3ae0bc88
bda23cfabb8cbd7f
3cffbcd43d3c3c7c
3c743d43bd17bd8c
bc243da63b153d70
bd283c5b3a2dbb48
3c16bd5dbc723db7
bbcd3cc7bd103c66
bd70bd8dbd1f3c92
bcfabd12bc9e3c08
bdcbbd0b3d0f3d18
bc503cf4bcc6bd1f
0000000000000000
3bd0bc61bba03b4e
bca03d12bb5bbca8
bb3cbb88bc6c3c5f
3b313da8bbca3cc0
3c22bd4c3c963ce4
bc7b3c78bc1e3d07
bc463d87bbb4bc78
3c25bdb13cd93b3d
3da1bcf7bd673d8e
bcc03d273aa7bd80
bb81bd1839e7bd1f
bc9d3dac3b40bd3e
3ccd3d9d3d66bd05
3d8cbc2abdb63d03
bd4fbb073d6b3cc7
3d123daabd833cc3
3cd5bcc73c98bc62
bc923d683c863d16
3bdb3d70bdab3b14
3a1a3d973c37bd53
0000000000000000
bd74bce53d1dbd36
ba593d10bc61bd83
bc373b30bd223e31
3c90bcebbcb1bc93
3d7cbc91bc99bd12
bd46bdd9bb45bdae
3d1b3d93bcd2bd9e
bc5dbd8b3d883cc0
3c3e3cc1bcc33c19
3d8e3a38bc1a3cb9
bc11bd8a3d6cbd0a
bd183da3bdd1bcb3
bd4a3c823b1b3c25
bc6c3bd5bd07bd01
bcf23da83985bd5a
3bbfbbbcbd22be0c
3d01bcd03bd83d6a
bd213cd23c393c81
bc203da5bc8fbda7
3c2e3da2bbb5bd9f
0000000000000000
3d263ce73cb73b6e
bb21bd53bbb1bbbc
bcb2bc9cbc77bc67
3cf93ca9bcc6bd29
bca23dc03d8dbd11
3d183d30b9cf3c57
3d2abcd9bd0c3c62
3c2bbc10bb8f3c7b
3d24bca9b85ebca1
3d03bd153c91baad
3bcb3c23b9d73d39
bd1bbc8b3baf3d15
bcac3d503cbdbd18
3ce3bd3f3ce7bc00
bd36bd073d7d3c7a
3d633dc83d54bbef
bd063ca7bb78bc39
3b3bbdadbda4bcba
bcbd3c9b3d22bc34
3c8dbcc83d553c0e
0000000000000000
bceb3cabbd89bbbb
3d32bcb7bd1dbc78
3de7bcebbc933d53
bdcc3c2ebb27bdc6
bbd33bd5bafbbd96
bd5dbccebd963d30
bcb0bbd5bd07bd31
bd9abde23cfabb6e
3bba3ce03caebb9a
3d82bcde3d2b3c12
bd10bd6fbb963def
3d623d623b4c3c49
3d0ab8bc3d673cb4
3cee3d1dbd8abb75
bda73ac03ccbbd57
3d623c17bd34bd57
bdf03ba73dca3cb2
3c1fbc563d49bc1c
3e3c3d75bd2cbd81
3d8c3cbf3c953c94
0000000000000000
3c963bb4bc9dbc1e
3c9fbb11bac23c59
3d04bc4cbccc3d0f
3c173d24bc49bb73
bc273cf0373ebca9
3cc93cb9bd65bae3
bc82bda53da2bd88
bc61bd193bc7bce1
bca23c063cb83d1b
3c35bc6a3c68bb92
3d67bd3bbd7cbceb
baa3bd253d02bc85
3cff3b2a3d1b3c25
bcfa3cba3d6239e2
3cba3c17bd18bce8
3a7b3c643c2c3acd
3d1b3c3dbd71bc92
3de63c46bc54bc46
3b4b3d8a3d6b3d60
bc513cd43d1d3d13
0000000000000000
3c35bb58bd04bd27
bc2d3d633cffbd14
3cd23c9bbdbcbdb0
bcda3c8ebd1b3bb0
3b963d3a3d1a3c3d
3d303d313c523b8a
bc6fbc13bc2dbd02
3d273d193bd7bdc4
bc31bd4e3984bbf3
bbc4bd21bcbdbd6f
3d31bc633c963b1d
bc503bbbbd4f3d96
bce83d3f3d4a3d3b
bd943d2abbcf3d88
3c67bb4b3baf3d77
bd633cd5bc5dbd81
3d17bc833c16bcde
bb98bcde3cc83a8b
bd2139fb3b4f3ca9
bd653c99bb00bdba
0000000000000000
bb263d22bc69bc12
bcb13d3bbc683d84
3c7ebcc83d743d68
bcbb3bd93d2e3db7
3cb33cd9bca7bc18
bcfc3d24bd6dbd1e
bc7cbc1d3ae1bdb6
bd27bcf6bafebd96
bc713d0e3c053cf0
3d42bb653d3d3a74
bd53bcc5bb52bd1f
bc4abd7abc6b3d0f
bca03a60bd8ebcbb
3da13d51bc0e3ce4
bd883c88bcad3d1d
3e033c883d0d3cb5
bb0ebc20bbc3bd1a
3ccebd263b923c62
3c673c9a3ca63cfd
3cbf3cc6bd1fbb91
0000000000000000
3d0e3cdcbd7bbb55
3c953d5e3be7bc23
bcc53ced3c153c49
3cd73ca73cde3bd5
3c7a3cb1bd6d3cf5
3b3c3ce2bd70bca1
bc9f3c14ba713c9c
bd813c9fbd2ebd84
3babbba33ce43b40
3c72bd8d3d3f3bf6
bb9b3cbebb4bbca8
bcd3bc93bcde3c0c
bcd83bccbcf63b9e
3c5e3b26bc443bbb
bc6dbbf03b36bcc5
3cd23bc23d553d27
bbaaba833d423ca1
3cf9bcaa3d813ccd
3d253da6bd013c82
bcb23db73a8abca8
0000000000000000
bc35bd493cc5bd28
3cdfbcb33be33c3d
bb53bd2ebcdb3d04
3d36bc19bbb3bd6c
3d6cbc99bcedba83
bc13bd543d3ebdef
bbc9bc123bed3d1e
bd2d3d0e3d00bd32
3c50bb82bdc03dab
bc953b5cbb8b3d4a
bd33bd0dbc84bc21
bc76ba6bbd5e3d2b
bce8bc1f3cda3da0
bc643a933d4c3d66
bda63d083ce13b00
3d8fbb693c683d93
bd013cd03ca1bd98
3d383d20bd213d27
3ba83a8e3bbf3dcf
bd40bd6dbc043dbb
0000000000000000
bd173d4ebbae3cbf
bd103bd13c953d28
bcb7bca3bce9bd12
bd08bc1dbcdebda0
bd953c963d0fbd6f
bd0dbd3a3d4b3bd0
bd37bcc8bcd63d53
3b7ebd3bbd90bd78
3a8b3d883bc7bd82
bc473cb13dc4bc1e
3d3c3cb3bcfabc16
bd08bc8ebd9abc7a
3d34bc95bd5fbb11
3d01bb8d3d473cdc
3d75bd133bc7bd15
3c14bd60bd693c4b
3d0b3df33cfcbd05
bc06bad8bd61bc6a
bd74bca1bc963c3a
3bcfbcc3bc9bbd42
0000000000000000
3d4a3b79bcde3d1d
bd4c3d973d83bc14
3aba3b9d3e163cdc
bca63ced3dc73d84
be0cbcc0bcee3d63
3bef3ccbbd1bbcb5
3cde3bb0bc953dbf
3a02bd193d78bb96
bd143cc53d77bd76
3c403d463c91bcf7
3d4b3d15bd6c3cc1
bc6ebd433dbf3d34
bd26bcb5bbda3be4
bd2abbe93cca3d2f
3c73bc2abb8e3d66
3aaa3d813d04bce2
3cbdbda2bd47bd93
bd60bd90bb4abcfb
bde33c443c61bb82
3d353b67bc403c96
0000000000000000
b90a3cc13c82bc17
3c3e3d373c8cbc0d
3b863c94bc1c3c03
bd02bb6e3ac53d49
3bd53bba3d53bb99
bc0b3d083d92bc2c
3d943cf73d8ebdb3
bd2a3d8a3ce7bb6a
3c99bb693afebcc5
3b88bcf1bd613d15
bce83d0d3bb0bba6
3a29bbd9bd02bd7c
3c86ba583c75bd41
bd463bb4bded3c6b
3c873c313c91bd7f
3c183c033be83bae
bd86bc91bd7b3cdc
bcffbcc3bce73ca1
bba33c82ba22bc17
3d253c6a3c91bd27
0000000000000000
3d983dafbcdf3c1a
3d4abd4bbd023d1a
3c00bd45bbe0bb74
bac8bd3c3cce3cf8
bc13bcc03caf3cd0
3c4ebc05bc883d5d
3d10bc0bbd6a3d03
3d8f3b9b3c723ce2
3cab3d17bbcabbfa
3c9e3d55bc7ebcfe
bd2f3d613ca93cb0
3ca73aa7bd88bd4b
3c0d3c8fbbddbd3a
3cabbd05bca63d3e
3c0ebd3cbb633d2e
3d1ebced3c07bafe
bac0bcbc3d60bcc1
bcf73d6a3c3ebcc4
3d0d3c7a3d07bcb8
bb5fbcb9bbd63b6e
0000000000000000
3b79bc05bce63d84
3c833d113cf23d6b
3c4a3cddbc2b3cf0
bc0cbcbd39083db4
3ca03d6f3cf23c96
3d45bac63c283da2
bb5f3c5e3c5ebc9d
3d803c91bc1d3d3a
3c473d363c08bd76
bd893ca73d893d07
bc4abdcdbca63b68
bc5cbde03d82bd95
ba8cbb12bc52bc98
bc153d133c9a3b88
bc8abd6cbd07bc1b
3c9f3d703d413d11
bbd7bc9abd62bce7
bc733bc4bc2e3d21
3ab93d46bd073c84
baf2bce33c183c86
0000000000000000
3b8d3d84bb76ba31
3d623cf6bbb13d21
bd03bcd23caf3b18
bbe6bd653c893d51
3d8b3d183c353c1f
3cc7ba943c2e3cc3
3d2ebca53c293d4f
bd9bbcbfbd4ebcf6
3d2a3d543d4ebd7e
3c0b3ae33bb53cfc
3bf8bd553bfe3caa
bd5a3b49bd103d0a
bcc8bd083d1a3d31
3d233d65bc5dbd6c
bcc33cc4bcd93cf1
3d903c3ebbf93da8
bdaf3cbdbd2bbdc5
3c813d00bbd13cc4
3daa3cd8badebc72
3d733d083c043e05
0000000000000000
bc133cb1bb74bd4a
bcacbc23bdb4bd04
3d273c88bcb5bd1c
3ce43bd6bd3fbd22
3c8fbcda39fbbd8d
3a47bd8c3d18bd3c
3bb2bc4e3ad1bd78
3ac6bd9bbc5abc32
bc2e3d2bbc8bbc70
3d6b3d5cbcde3b76
bcb6bb9f3bf2bcc1
bd12bd2d3c72bc78
bd81bcad3c31bc58
3d983ab73c953c55
bd04bc993d9d3d36
3bdf3cc53d45bc7d
3c933cb8bcc53d83
3c273da83d7b3cfd
3c353b333c963be6
3a7b3c06bdc9bdd7
0000000000000000
bd2e3c72bd8d3bd3
bab9bd6a3bfb3d58
bd373d0b3b32bb7d
bd59bd05ba6fbb85
bcc4bc13bd303c89
bd693c50bd9dbc01
374ebcbdbd153d70
bcf8bda0bbb7bb73
bd043cbc3b24bc84
bb14bcde3cf5bcfe
3c21bc203d0c3d54
bc88bd80bca8bcc1
bb2ebd203c8ebd32
bd13bd6ebd27bd03
3c8dbc07bd873d1f
bd2a3d92bceabd50
3d8a3d89b798bcd3
3d02bcf93c08bcb7
3b51bda0bd19bce5
bcf6bd10bca53d85
0000000000000000
3ca83c2f3ce7bd8e
3c66bd5bbb87bd0c
bd4abc8e3a56bd63
bc86bd28bd893b93
bc493c77bce1bdc1
3c94bd8cbd8d3c67
3d3bbd85bc59bc59
ba77bc06bd74bc5d
bcd73c873d9d3dae
3cf63d1cbcebbd37
3c9dbd18bc6a3ccf
bccebd533cc9bd5b
bd92bd0dbbf3bc7a
3cc63ce2bcfb3c05
bcc4bca53ce13cd5
3bb2bc14bd91bd98
bd093d723aac3c0e
bd483cb03d9abc43
bcfd3c4c3d3e3ced
3c5abd763be2bd56
0000000000000000
3c87bbd63d813c7a
bcc23b4f3c6a3d07
bd603c5e3d2cbcc1
bd11bc9a3d66bd5b
3cccbdaa3d033d64
bd253bbdbcf33d0e
bd163c6cbd10bd9b
bd743d75bd13bba2
bd13bce43c9ebc50
bd5ebb953d443db2
bcbc3d04bda9bca4
3caf3ac83ccabe01
bcca3a25bcbc3c86
bd94bc1a3d27bc22
bce13d11bd8ebd0a
3be03c3f3c963d05
3ad4bb333c9e3dc8
3c9ebb543d563ccf
bbb2bc8b3cdebba1
bcfd3ce8bb8dbcff
0000000000000000
bb46bd59bd05bd3b
bb613b9e3cb0bc6a
3c0abd203d05bd2a
bcfb3d153ba7bd1c
3d37bd603c88bd5f
3ceebd443addbdbc
3dcfbd2dba0e3bc2
bd40bcc6bc88bb9a
3d0fbcf93cc2bc0b
bcee3ad73d2cbc68
bb793a95bb8abc08
3c9bbdcdbd423c03
3cef3cabbd503d61
bd56bd6dbd05bbf4
bd16bc6cbdad3dde
bd6039273c5cbd79
3c9a3d843c62bcde
bca5bd303d3dbd10
3c8abd6cbd86bd71
3c05bc04bd7a3a3d
0000000000000000
3cf3bd2a3d1f3c8d
bd8dbc653d3a3d4d
3d0a3c0b3d1c3d0c
3d303d1e3aec3bf5
3d043d67bc9ebccf
3d86bd3b3d3fba01
bcf0bd63bc28bc00
bd913c95bcab3d71
3b633aa9bc073c6d
3c8e3c64bd51bca4
bc91bcd13c613c7e
bcc9bd073cb03cb8
bd16bcefbc2cbd46
bd353cdd3c0ebcb8
bab4bd8b3d01bc76
3baa3d153b8abcbe
3d19bd403b73bc82
bc90baa1bcabbd51
bd293d5b3d03bc70
3cb6bc143d5d3bb5
0000000000000000
3cd33cfb3d953d17
3cf23d46bd023c93
39d53d5b3c3bbc67
3d07bd283ca63cc4
3cdabd2dbd023d40
3d3d3cc43d213d3c
3c483d25bc4d3d03
bdc4bc5f3d0f3d7d
3bd33b95bdad3ba9
bb43bc3dbd99bce0
bd173d52bcc03d35
bd14bd51bd2ebc9f
bcb8bdab3d5a3c80
3dae3cf03d59bc1b
bcff3c5a3d91bba9
3d32bd5f3d473a10
3ccfbd24bc1cbd26
ba94bd8a3c7538bf
3d05bd8ebb83bbc1
3d2c3d433cdb3cbd
0000000000000000
bbe8bb03bba23d0d
bcd83cca3c293c97
3d0abca73c383bf4
3d623b2fbc9ebd0b
3c9c3d893db53c2f
3c5e3d163cea3af9
bc303cc9bc4bbc4d
bd25bbffbd34bc3a
bcdfb9f3b9e63bf6
3c1b3c693c55bc0e
3d3c3caabd8d3ce2
bbe0bcb4bd823c1b
bce4bd25bd07bc00
bd6f3c173d5a3c12
bd003d453ad13c75
3ccc3c2d3ddb3cbe
3c70bbbe3cdabc1b
3d09bd49bd55bd57
3c203d0b3c333c3b
3d10bc813d383ccf
0000000000000000
bd133d103cba3cb5
bd33bc323ca8bb2e
3d0d3d0abc4ebd2b
3d7fbd6d3cb13c04
bd753d363d5a3db5
bd1bbb9bbb853d5e
bd1a3d453c9dbb11
3a583c1f3cb5bc9f
3d543c933b56bd04
3da63e003b15bced
3d27bd723cc6bc37
bc253b71bc8ebd01
bcb1bdd23c91bc98
3c4b3c1e3d2d3d12
bcbbbb963cacbd24
3d093d3f3cd5bbc4
bb863d5aba25bcbc
bce4bccabc293cce
3d213d443d0bbcdd
bd1c39e73c7fbcfd
0000000000000000
bcc7bd19bd093c3b
3b0ebc963da13c09
3d24bd0dbd343d91
bd703d563b97bdcf
bd8c3d093dc4bd8c
bc0e3cc43d12bcdf
3ba03c5ebd893bbd
3c943cbfbd6d3b62
bd683c743c183d34
3ddb3d0bbcdc3cfc
bbd0bd8cbc3c3d05
bd0abce9bc273cd5
bcdebb5b3c52bd3d
bd19bd14bbf43bc3
3c243d5b3d2f3cc5
bcddbcf63bc7bd63
3d24bd0dbd703d3f
3bd23da1bc17bccc
bcf33c60b858bc0a
bd2ebc783bfd3d25
0000000000000000
3d473cc53d4c3d8c
bd593c823c9d3cfa
bceb3c683d96bca8
3c9d3d8c3d6cbd27
bcc2bd53bcd4bc96
bbae3c5bbbf13d7d
3d2f3d853be73a4d
bd843ddfbc623c45
3d203d483d5fbb40
3c05bd163d4b393f
bca63c9ebc913cce
bd373a81bce8bd5d
bd513ae2bd323c54
bce9bcd3bd8a3d28
3cdcbd22bd4b3cb2
bd08bdc33d953b9f
bd063947bd443d10
3ca7bcb3bd8dbcf3
bcc03af03d61bc46
bd0b3c6a3d883c43
0000000000000000
bc54bb85bb95b9c8
3bc33c9f3c0f3d8d
3b7bbc7bbd53bc88
3d96bc3bbcc4bd9c
3c2e3be6bd5bbd02
3baa3cdc3c82bd26
bd003d40ba9abd01
bb983c573d54bc42
3b12bd223b343d1b
bc863c333c37bd3e
bdac3ce03d093c8d
bd343cc23db93dd4
bc94bd04bd61bcd6
bacabc42bd713dac
39943b9f3d053b59
3d923cbcbd603cb2
3d2abc01bda2bcc4
bd00bd6c3c383c59
bcbcbd29bc9b3cde
3c1b3d173d43bd24
0000000000000000
bd47bcab3d023c6b
bd3bbd073d043c3f
3b1d3ca83d553c3a
bc81bc04bbd6bcec
bd7a3d1f3da43d1f
3d4ebd013d083d42
3c4dbcc53c083d3e
bce23d8cbc243d4a
bcf23cb0bb49bc97
bb133d2dbcad3c0a
bccabd4e3d1cbcae
3c3e3bdabca13c76
3b85bda2bc83bd15
bdd93d95bd143b78
bc8ebd60bccebcea
bda93d1a3b6bbaeb
3cb5bd053d8bbc9a
3d863cfabc91bce7
3c923d36bc2c3d28
3cacbcd13c1f3d2b
0000000000000000
bbc13d0c3d043d6a
3bfbbd36bd0dbd22
bcf83d763c26bc7b
3cc4bd803caf3c9c
3cbdbde23cab3dab
bc98bc11bcb13ce6
bdfebc983d083d1d
bcc33b3cbd993cfb
3cfb3cd33c1fbd44
3c2f3c22bc7a3bba
3ba23d76bcb83c6b
3c5d3d223d24bd41
bd1b3c64bcf7bd4c
3d533b923bb43ad0
bb8bbcb6bd91bd8f
3d1bbda43d9d3b6f
3dcd3ba7bc523c70
3d6fbc003da43b23
3d08bda03d61bd38
bd4b3d52bd08394c
0000000000000000
b9ecbc333b97bd34
bc633d473c2ebd84
3ce73ce5bd2ebdac
bc44bd113b2cbcd2
bbc53d2d3c85bc7f
bb4ebababab9badb
3d283d13bc6fbc6c
3d573ac43a81bc97
bd493b04bdb4bccd
3cd73d0ebcaabc4d
3a74bd683de23d3c
3bc2bd38bcf1bbaa
bd1bbb553d8e3d60
bca13cfbbceabc0a
3cbebc763d4ab9ea
bb94bc1ebd9ebcbb
3b9fbce93ce53d94
bcebbd523c293c22
bcf23d0abd15bccc
3d043cc2bd03bd42
0000000000000000
bc643c143c96bbea
3ccebc623d15bd53
3c7a3d3bbd72bd94
bc45bcb5bc26bd9c
bb6cbb4cbd253c42
bd21bcb1ba793a9c
bd60bb2cbd76bcf1
bbce3b96bd29bb1c
3cbdbb393d953d85
ba793d19bd5a3caf
3d1fbddcbc21bcc7
bce4bc8fbb99bcf4
bd73bd12bcfcbc9e
3c243d00bd5abbf1
bda13d673d04bd05
bb153d67bccf3bf5
3d9fbb88bc803b6a
3d2f3cbdbc47bba6
bc3b3c993d14bb20
bc343d1bbd09bd77
0000000000000000
3d2ebd07badbbd01
bbaabd03bcaabd99
3d08bc1a3b7dba4a
bbd93c923d14bc0a
3c5bbcef3cc8bced
3cbbbcebbbe6bc98
3b6abd4fbdc33ce8
3c0fbd01bd03bca6
bd273cb03c823d00
bc7fbd3dbd3fbc8d
3c94bcf2bd8ebbd8
bca13d36bcf43d9a
bcb2ba9c3ce73d58
bd40bd543d33bd44
bb133cc93d283a9a
bcb7bd4c3d14bd83
3d6e3c833ad5bcd1
3cf83cd03d0d3d42
bcaabc243d92b68f
3c9a3c2eba73bca3
0000000000000000
3d463ab8bd50bbb0
3b5cbcd33c37bca9
3c493cafbd0cba06
bd5e3c253d413beb
bc7e3d423c473c5e
bca23c96bc24bd54
3d19bcf53d643c02
3ca6bc383c9f3ca0
3bc1bc9b38763c5a
3bb23cb73d913c98
bc01bd5ebd003d54
3c41bd9d3d6b3d19
3d42bd52bcb73d7a
bd0a3cf23d2cbd1a
bc94bb7bbc5b3c8e
3a863d4c3d61bc9c
bcbf3c8ebdcf3d44
bc733d42bc913bdc
bd623c793b1dbc3d
bcd9be0d3db0bd04
0000000000000000
3c8e3bcfbd1fbcb2
3c643bab3cafbc11
3c233da5bd52bc4c
bc9f3c00bb9ebd95
3d95bc163d4d3c0c
3be3bd223d4dbcf3
bcd53c5fbc3cbc50
bd3b3d0e3c91bdad
3d5a3e0fbd07bd6d
3d7b3ceabd743d67
bcf0bd5a3c3fbcf0
bd053d18bcd13d00
3cb5bdbc3cf43c4f
bcc93d1fbd103da1
bc38bd443e18bd9f
3d633d80bc8e3ce6
bd5bba603d96bd08
3cdfba8bbd213d70
3e0f3cd7bd4e3d2c
3ad63d74bd573cd2
0000000000000000
3b5f3b0ebda1bc04
bce6bc35bd93bc95
bc203cfe3c9abc3a
3d263c51bd843d0b
3d48bd03bd813ca3
bb2b3d2ebd3bbd10
bc943a22bdc73d85
bca53c673c4ebce2
3d9abd023a0d3d27
3c34bc813bd23cf8
bc8d3d2f3c843cb2
bd0abbc8bd7d3c35
3b703c4fbd113cbe
bba6bd4fbcd43a42
bcc03cce3be7bcdd
bc8ebc86bd54bcb5
bbba3d173cf43c28
bc5e3c133d29b9c2
3d3c3c98bd3abd13
3c2fbd3cbced3d01
0000000000000000
3d11bce83d043ca4
bcaebd9fbc9c3c13
3d42bd1cbbe0bc3e
3dd03b503cc0bd44
3d803d69bd433d44
3d653d29bd5a3cd2
bd7fbc253cdf3ca0
3db73a923c633d06
3d463c53bc29bd3e
bda8bda53d253d45
bbd8bcbd3c823cbc
bdd53d0a3cd33cb5
bcb83c2fbc86bb30
bce5bd49bbc53c2b
bd033cedbd0abcc3
3d32bb15bd0dbc1b
b8e9bc33bc5a3c76
bcc9bc7c3da3bd06
3d113cdd3c563b5b
3d8fbd88bce53c8a
0000000000000000
bd79bd15bd26bca8
3d373c00bd173c20
bc90bce53caabcf1
3c0fbb72bb4ebd31
3e0dbbea3d03bbfe
3d52bce9baddbb48
bd54bbb73c6fbc33
bd713d6b3d0b3cc3
3d52bbd4bd28bd79
bd2d3e06bd18bdcc
3c3ebd9b3cc1bc20
bceb3b90bd29bcca
3d5a3b863d3a3dc0
bcc8bc4cbd9fbd20
bce73ad13d2f3d1c
3cb2bd10bdd6bd6c
bc673c97bd913dc4
3b0a3d27bd5ebd6c
3d35bd3c3c923d17
3d813b49bd74bc0b
0000000000000000
bbac3ca6bc903d5a
bc443cdc3db03c11
3d2abb963c333e07
bd5f3c3c3d823cc5
bc773ceb3aefbd58
bbcc3d453d1dbd28
3cac3cf1bcf0bd9d
bd8fbd033b993d71
3cfcbd433c9dbe07
3c25bca7bb2a3dc8
3cc4bc03bc923d23
3d07bc7cbd99bcd7
3ce4bcd6bbe83d0f
bc96bd4abd39bd7e
bd2dbc55bbcc3ccb
3d7dbc823b7bbd54
bd1ebd1e3d09bb95
bd30bd90bd3abd17
3db7bb3ebd02bdbb
3c293da03d13bd1b
0000000000000000
bc71bc8bbd633ce4
3d1b3ca13d19bc32
bd3f3c53bd3f3d70
bddabcd23d0fbd27
bd0ebc97bcd3bbf6
be08bd10bd70bd0d
bd19bc00bd25bd43
bdbabd30bc7dbd26
3ddf3c493daf3d6d
bdb3bd943db1ba26
bcadbd4bbd793c0b
3dc1bcc23d823cb0
bcbfb7a13c17bca2
3dc6bb863d4f3caf
bd1c3cc1bd1bbd0c
bce43d103d373c47
bd123d94bd163d82
3dfa3d89bda23d05
3dfdbc993dcc3ce1
baa1bd19bd33bd9d
0000000000000000
3c87bd1d3ccebc5b
3c99bc2cbd113d27
bc2bbd10bd01bcc0
3c07bd693c553c09
3d9e3cd83d8b3d87
3d12bc463d5738e9
3d183db63d373c12
bb583d0ebd83bd66
bc7ebd0d3c283c35
3c6f3cc03c43bccd
3c013c203c183b43
bc8b3d04bce8bd10
ba1a3cd53cca3cc2
3d213c5bbc3f3b1d
3bd13c89bd1bbd03
3cc0bcbf3d4d3ddd
bcdebbd93cd7bcfb
bc43bd9dbb3c3c77
3c13bd873c173cc6
3cb13ccebbf43c61
0000000000000000
bca53a2ebd10bb86
baa0bd8c3d243d3b
3ce43afa3d98bca9
3d513c28bd73bd45
3bebbb213dcbbda0
bb8bbc31bd763d31
3c08bcdf3ca4bd35
3d473b63bc8e3d2a
3d843cbc3d653d68
3d163e093dbdbd3d
bd39bd2cbd0f3d43
3d703bd3bd46bccc
3dc53d87bcfb3cb2
bd813d813cb73daf
bd03bcdabd263cc8
bd723e143d1b3d61
bd98be12bc8d3d92
3d303d623d253d9d
3d333de93cdd3c5b
3ce33d8c3d58bc2d
0000000000000000
3ca63cab3c33bd4a
3d3e3b223d59bc8b
bd073cd1bd22bc6d
3d043c5fbbc6bc8d
3c97bd353c7c3d4d
bcfdbcec3d8f3cea
bca93c443c393d41
bcad3cd0bbafbd90
3c483cbfbcf13b0c
3ca23c09bdb53cf1
bc473b393d683d9a
bd303ba8bd473d36
3be6bcc7bd84bd49
bc473c303c89bdfa
bc893cff3d0cbccd
bc1abcd33d60bc96
bd613c243d28bdb0
3d09bd58bceb3d89
3d4b3ba13c87bd4e
3ca9ba823d86bc45
0000000000000000
3d12bbeabd473d82
bb3cbb4f3d023d53
3d59bd2d3da93b9a
3d66ba6a3d0f3d5e
3d993c33bd383ccc
bc46bd51bd8b3d4e
bd0abc943d283c48
bcd03cc0bd9e3a7a
3d41b9ce3cafbcaf
bc773d143d6fbccd
bc8fbc1bbd61bd02
3d6abad63b1fbb85
3d32bd583c90bc65
bc693ce13daf3cbc
bd9abd49bcccbc0d
3d3ebd253d733c85
bcee3c92bdd1bc92
3aa2bcb03cd7bcb5
3c783ceb3d7dbcdd
bc45bbe53d333cc7
0000000000000000
3c133ddb3d07bd99
3ce1bd103bb2bc44
3d013e023ca4bc2b
bbcc3b233d2b3d29
3ccbbdea3cc6bb06
3d3dbd783d77bca7
3c25bcd2bd46bc00
3ba83cc23d383bfd
bd93bc03bd47bc95
bd413d683b7a3d3a
bb9cbce73d313c98
bd4e3d3cbcac3cd3
3cd2bd433b913ad3
bd14bccfbc8cbca1
3d41bdbb3c67bd15
3cdc3c5fbc45bcc0
bc85bd163d0dbb8e
bc9bbd4cbce83c41
bc96bd2cbd213b3a
3d703b103d28bc04
0000000000000000
3ba83c33bd8d3d11
bb763cafba9f3d99
bc403c56bd07bd38
bcee3c7fbd473d1f
bd4bbd8abc9e3c98
bd2fbd5f3d0d3d60
3cc5bc163c0e3d2b
3cba3d8d3c853d0e
3c133a873d7c3ccd
3c93bd743b37bd1b
3b5ebdaebd92bb13
3d44bd22bcc13cae
bd743d4dbd553c31
3d51ba5abd52bb80
bd4c3cebbc963d30
3d42bda23d233d59
bd483ce8bb5bbca7
bc7bbd423d89bd5c
3d33bd0c3cbbbce8
3d70bb6bbd1aba28
0000000000000000
bcedbce9bde43d1d
3d233bb2bd42bc26
bcb2bc23bdacbd0c
bc7b3c3bbd05bcdb
bc73bb01bcad3d15
3d07bc9b3daa3ca8
3d69bd1f3d1bbd65
3ca3bd09bd36bcd9
bd2e3c743dd6bc79
3ca4bdacbd77bd7d
3b8dbcf3bd64bd5f
3d46bd78bdeebd2c
bb993cb43d123c6b
3cedbb5ebc8f3c8b
bceabbd73d6a3aa8
bc2d3cd3bd8d3cfb
3c1ebd3e3da43c83
bc113cc6bc493caf
bc773d0fbcba3c64
3c983cb33d023bd7
0000000000000000
bb223c12bd25bb73
bb823d833cf63cf8
bce23d2abd473d3a
ba383d1abd083d1d
3c28bc813cf6bb2c
bc77bd97bb673caf
bd2f3c0b3cc53d35
bdd3bd89bc513c73
3c8cbd4237a6bd9a
3ddf3d093dab3cb3
3b913cd13c0b3c38
3dac3d1dbccbbca5
bc81bd1ebd10bba9
3d5cbc913d97bc8f
bb853cebbd233b32
3d8c3d473dbcbc01
bda0bdc3bc4fbb5a
3b913a8dbbe7bbba
3d3bbce23d633d04
bb263de23b77bd21
0000000000000000
bd3abd54bd483d0f
bc45bbcf3df1bd5e
3c6d3d0cbc083d01
3d1cbd1fbd723d9c
bc17bceb3dd4bd3c
bd22bd3b3def3d05
3c43bd853db0bc4c
3c203d14bd87bce6
bd32bd773ca33d1b
bce83dfbbd9b3a5d
bc1a3c993ddbbd1a
3b89bc4e3da83d59
3d36bcee3c683cc9
bd0cbc6ebd97bc45
3d84bb98bd8abb9f
bc92bccfbb053c8f
3c893d12bcbfbd54
3c57bc9d3d943d62
3c9bbd83bcba3cc7
bd463d1f3db3bd29
0000000000000000
bd913ccabbb9bd98
bc5cbd0abce8bcb5
bde13d083d90bb59
3d5dbda2bca73c3f
ba0dbd85bceabd27
3be83bfabd17bd95
3b963ca6bd5dbd02
3de6bdb83ca93d30
3bfebd4f3c8e3cac
bd063d4fbcecbc93
bce43d8fbda83c09
3c353cbfbc9bbca5
3d3ebd2cbd8fbdaf
bc7ebb7dbc5d3c88
bae4bd15bd02bcfb
bd663d55bbf8bd52
3c423a513d003ceb
3d7abb593c2f3d35
3d81bbe0bcd73d32
bc37bd02bd123a13
0000000000000000
3d20bc5abbb73bf4
3d093c19bc9b3d14
bc9b3cbabd6fbc7a
bca0bcdabd803c48
bc303d08bc963dc0
3d023d383d813cb4
3ce1bd0bbd4b3d63
bcc33e133d52bd1b
bd30bd51bcb7bcb9
3c0dbd9ebcfe3c77
3d6d374a3d833c98
3d1abd1fbd5abd60
3c873ccebdabbca7
baf43ca7bcc8bcca
3cb4bc0dbd263a51
bd8ebd13bd873d54
3c5a3d6f3bc63baa
bd6c3bbabdc2bcb5
3c6a3c29bc20bbaa
3b9e3d13bcbe3d47
0000000000000000
bc913dd43d873c96
3cdcbdbbbd1fbbea
bdb63e743d8d3dd2
bc98bcbe3d803c68
3c73bd7339953ce9
bbdabd35bcb4bc9a
bd14bdc1bc31bd02
3dad3ab43c913d2c
bd023ce13d7c3da9
bdbbbca3bbcb3d30
3be53bdebcf0bd00
bd573c3b3c513d17
3d93bd633d083d0c
bd41bdabbc32bd2a
3d583d43bcadbd91
bdccbd403d0a3da8
3d163dbdbc633cae
bb68bc3dbc2fbc21
bd3abb49bd32bc82
3ad1bd5aba933c3d
0000000000000000
bcf7baec3cc4bd05
3c52bac83cac3d0d
bc77bcd1bce53dbc
3c973cbabc1cbc6c
bd313d1b3d8bbd1e
bbb13d3d3d96bd3b
3d6c3d75bca0bd5c
bc6d3dd83d11bd0f
bbaabca1bbf63c89
3d153d39bd6c3ba1
bcca3d183cf83b62
3d163bc0bd6d3c4d
bc68bcdcbd5c3bcf
3d4cbd8f3c783bc0
bc62bc8e3cdebc58
bb28bd763cacbcd0
bd92bd813d43bc11
3bc3bd8ebccb3d26
3d60bd393bcf3d87
3d733c4b3d3cbbb2
0000000000000000
ba94bcd7bd0d3c25
bb0fbc2e3b1c3cce
bc733c19bd7c3cc2
bc77bcaf3c0abcfe
bcc43d113d2c3d97
bd01bcb2bc1abc69
3c483c49bcec3d09
bc93bd89bcbebc12
3cb7bc953d1b3c9f
3cc1bd5f3d063dae
bc88bd05bc77bcb0
3cc4bc5bbcaa3bfb
3c7e3db93d02bc5a
3befbd79bcb33d9c
bce1bcc6bca8bd95
bd57bca5bc5e3d4f
3d173d21bd3cbc8e
bccabd003ccbbd16
bd30bb7e3ced3d80
3d0ebcd0bcf03d2c
0000000000000000
3d14bd19bd873c91
3db6bc33bd10bc1d
bc2f3a6a3ca7bbfe
3b54bcfe3d31bbf7
3c823caf3c7ebd33
3c99bc07bccfbd10
3d59bcb5bca93b2f
bd67bd93bd453d6a
3b7d3d263a1e3d7f
bd14bab6bca23cdd
3d26bcf53c41bc2b
3c323c06bcdabd11
3d74bc0b3c58bcdb
bca13d8fbd2cbc9d
3cf2bd0dbd0c3d49
bd083d073c46bd65
bdcfbca73d01bad7
bd0b3cb53d6e3d0d
bc92bcac3d94bcb5
3d1ebbe2bd96bd9f
0000000000000000
bcdcbd8cbcbc3da4
3c843c573d2b3ce5
bb93bd5a3cc13b42
3cfdbc413d3ebd05
3b1b3db63cc6bdc7
3ce93d9cbd6bbd62
bc8e3ca5bbcfbc0b
3b893cfbbce1bd9e
3a143cdebccbbd32
3c5b3c963d173d46
bca63cd83ba33b9f
3cc2be0a3dc63c2c
3dd13d3cbc22bd4c
bd8ebe003c8bbcbe
bd003d04bd83b8d7
bd0f3d683d9bbcb0
bd173ce2bc953b58
3d14bd363b09bd14
3d09bc573dc8baac
3aaebd223dc2bcc9
0000000000000000
3cafbd43bc85bbbe
3d6e3d5f3d02bd27
3c21bc5b3cb0bd09
bc5f3d7dbcd63d52
3ca3bc213d2ebcfd
bc5dbd223d5ebda1
bd183d04bc52bbde
bdc0bda83d84ba9e
3c3fba343b19bd0c
3d1e3d823cbebb8c
3b50bd0b3c89bd59
bcd73c9fbd633c7d
bd093ce83c2c3d5e
3cf13d99bcec3c5a
bc22bddf3d6b3ca5
3db73d9c3ca7bd22
bcb03ce7bca1bced
3b86bc2ebd123d8a
3dc13d60bb60bc7f
bb86bc8b3c83bc45
0000000000000000
3c08bc7d3d463d1b
3d9dbd1f3cb7bdb5
bb333d323c8cbd2c
3bd4bd4d3d95bc8a
bb6fbd063dbfbd35
3c5cbd0e3d593d36
3c9fbd87bb78bb86
3d1ebc8c3ce6bc81
bd01bb023ce93df7
3d88bd0c3b8ebdf2
bc11bd56bc9dbd1c
3c713d21bd80bd8f
3d3a3c4fbd773d32
3d1abd4c3da6bd62
3c4d3d1fbc07bc27
3d6abc583cb23d6b
bc913c9bbcc93d82
bcad3db03d023d9b
3d62bd5f3c093d33
3db3bdd43cd33c82
0000000000000000
bbf3b91f3c5f3d50
bc55bda63cf93bb2
bd2ebd4f3cf63cbb
3cb2bc863b263bdb
bcec3c7a3db63bb0
3d433ca8bb3abce7
3c8abd06bca83cab
bda23d59bde5bd4e
3d0fbd643d2bbb95
bc8a39923c513d93
3d05bc0bbc16bd82
bcee3d313b3f3cc8
3d1e3dc13b8c3d4e
3cdebd89bbbe3d3d
bc973cfcbc963cc4
bcf5bdf03d8b3bc4
3c953d52bd38bd1f
baecbb1fbd8ebd39
bbb2bd3b3d893da6
be123cb13d563d8e
0000000000000000
3c89bd4abc93bc57
bbe83d383d773cef
3c9cbb9f3bcf3a99
bbd6bc23bca0bd26
3cc6bd003d8bbd2f
3d193d613d923930
3cc53cbc3d333d09
3b78bd03bc0fbcb2
bcefbda6bd0f3c70
3b87bd82bc843ccc
3d28bc223cb03c76
3c4c3d54bcbe3cf1
3cc23d9d3d70bb85
bca3bca73bf0bcc9
3c8b3dab3ceabcf0
3b653b8a3c15bc85
3c103b843bc6bb90
bd85bbadbd393c03
3c85bcbc3c6abcfa
3d23bcd13cd33c6a
0000000000000000
3c963a093d19bdb2
3d34bc98bd0ebd3d
3caf3e2abb753cb8
3bc83d75bccebcfd
3cb63c3c3d42bd37
3ca4bd01bd10ba93
3d953c02bd58bcf7
3d033d523cd83d53
bb8dbd5f3ca33d60
bd3c3d853c9bbcb9
3cb3bd2bbd08bcce
bc503d20ba533d4a
bbf3bd8fbcc73d5b
3d1bba9b3aa5bce8
bca5bd593d3d3c0a
3cb5bc0f3bcfbbab
bc80bc863d07ba5c
bbedbd073d6b3ca8
3caa3d1abca4bb1d
3d153c19bd24bd19
0000000000000000
3d083d753ce73a7f
bd87bc9dbd0ebc5a
bd233c9339143d13
3cf0bba93d563d03
3c1dbd54bca6bca3
3b63bcc23ac5bce2
bd093d94bbe8bba1
bae6bd34bca5bc93
3d36bcf63cb13d15
3bfe3bd53b0f3d03
bd383c24bcfeb957
3ca13d0fbd353c95
3c153d4e3cbabb77
bce13c89bd213ce1
bcf1bafcbb50bd5b
bc023c48bbf7bc13
3c5bbddcbd403cb7
3d173ceb3ba5bc87
3ce43d52bd943d10
3b053d063c11bd34
0000000000000000
3d183cd03cdebd5a
bc1cbd323db9bcd0
3d393cb93d0ebd75
3d963b8f3d15bcd9
bd47bd003caf3ccb
3d09bd4e3ca2bbfe
bcaa3d963cea3bb9
3da6bcefbdbbbcca
3d81bc273c5eba55
bc8e3d7fbd5d3c07
bbf5bbabbcd23c30
3d2a3c1bbd9c3c3d
bc24bd2abd743c96
bd24bbdc3ca1bdaf
3c4abc6d3c94bcc9
bd2bbd073d3cbd09
b9213d043b033c9f
bda13c85bd1b3cac
bcdebd023d68bd86
bcd73ab23bb2bd08
0000000000000000
3d503d0d3c603d20
bd0c3d2d3d543d2e
bd013d333ddd3d62
bd143c523cbe3d70
3cbcbcd43b0b3bfe
bca93c423d27bc93
bdc33d5bbd0abd38
bd84bd10bcf83ca3
ba84bd073d1a3d1c
bd24bc9dbb0a3d13
bd183d78bd64bd1d
bb7d3ba4bce4bd59
3cb53cdcbcd3bcf7
3db9bb8a3c313b85
bc59b9323c53bd15
3c913c7abbea3db0
3d17bd75bd31bd0e
3d25bca2bca5bc97
3d643d023cd6bc07
bca13d1abd303c08
0000000000000000
bd1139e23caabd47
3c6fbb5b3c9e3d12
bd3d3d083d393c1f
3c8c3c08bc14bd31
3d8c3daebce3bc97
3dcf3c223d3ebd0a
bd163b133cb6bced
bd65bd37bbef3bea
bcb83cceba43bb36
bd173c843b3bbd04
bd92bcb83d33bd4b
bda8bb95bcd13c29
3d953d0fba2abcbd
3d253d1a3cd3bd37
3cb7bd86bb75bc13
3d6a3daabc7d3cce
3d19bcd0bce6bca8
bd5a3d223c2a3d91
3d263d6cbcaab8c8
bcec3cc73d5fbd64
0000000000000000
3c003c773c8b3a12
bd43bd793cc8bbb4
3cdcbcc7bd003c43
3b933ca3bc473c91
bcb3bcd13d16bbc7
bd28bd4b3bdebb93
3bd33c20bc1abbc9
bd13bbb03c173c62
3c9e3cb8bc6abba4
bd0b3c3d3c55bc3c
bd38bc4dbd22ba8c
bc0dbc8f3c42bc5b
ba8c3bb33b193c45
bc44bd05bba53c99
bbcd3d643d2bbd60
bd363b583be3bbb0
bd1bbc77bd833c99
bb5a3ca7bd8c3c0b
bc9ebbbd3cb9baa3
3cd73bb13d63bb5f
bd2ebd3bbc2d3c88
bd75bc093abb3cba
bc613ad3bb883aa5
3d24bd12bcc8bcc7
bc18bcdebd143cef
bcd9bd343c62bb96
bca13d063b0cba79
3b6e3c40bc26bcda
3c473c60bd263b99
bc363c593bb1bbf0
bcd43c46bd803cfb
bc6d3b07bd6ebd39
bd163cb2bdc53d3c
bcf3ba6f3bb7bc82
bbe6bcdd3c92bc51
3ccb3c5c3c0bbd04
3c3d3c653bf33b1b
3b083b22bc0ebb73
bcb5bc7e3c09bc25
bc6dba84bd013cdb
bd06bd47bbe23a18
bc8dbd36bd923cd9
bc7dbd0c3b153d3b
bb58bba1ba283ca4
bc6f3c913ce9bc0c
3d3bbc6abb2fbccb
bd243c253d343c99
bbdbbc8ebd253baf
bc1a3ae8bbd2bbdb
3cf8bbfcbd3ebc36
bc133c25bd0d3d26
bc893c273bd138c0
3d35bcafbc2dbd1d
3ca63bd3bb2f3c83
bce7bc673c6ebb8f
3c613c8b3d79bda2
bccbbc3fbca33d07
bc32bc823ca1bbc0
3bbfbd43bc94bd0e
bccdbd5dbd103d36
3b453c453cb33c91
bd03bd703c30bd16
bcf8bcc9bd0e3d05
3b223b843cfe3b9b
bc3e3c8a3902bc36
3d00bd573c2cbd64
bc45bd43bd8ebc9e
bc4e3c113c923b1a
bc36bb8fbaccbc08
3c2439c5bdbcbca9
3bdc3d463c1cbc27
3cc93d29bd29bca1
3c2abc913c1ebc99
bc1dbbcbbb61bab9
bd28bd5f3d4dbd04
bbfe3cdcbcd33c24
3d5e3ce9be03bbc1
bc733c5b3b47ba08
bc58bc9d3c9dbac9
bc28bc48bd71bc82
3d1bbd2bbb3abd92
3c4d3b85bb153b9d
bc133b52bc92bbc4
bcccbdb23d2abd0a
3d693d2d3cddb960
3c93bc87bd28bd25
bd43bbfe3d0ebc3e
bc65bbbd3c6bbaa2
3b1c3c65bda3bc86
3c703c90ba58bc9d
3d963b3bbdcabd0f
3d223cd5bcec3b2c
3d12bd1abd51bd30
3c9abc5abc79bd2b
bceebc95bd1cbad5
3be23b57bddf3b62
bd0abd15bc24bc9b
bc85bd19bc9dbd13
bccabb3f3d17bca8
bbd2bc47bc2b3bb0
3c3dbd0e3cb7bca0
3d80bd26bc7dbcc2
bb063c3f3c223c38
bd03bd8cbc883cdc
3d46bc54bd2dbd14
bc26bca4bcf2bc71
bd0abcf23d53bc7f
3b8dbcc73cb8bc9c
3a8b3c6838033d56
bc443c893be33b55
bc883c4ebd7cbc81
3d953c813c8dbb76
bbd13cbb39dbbb9d
bd11bc77bb3abcf9
bd77bc13bd3dbcb6
bd153c6d3cfd3cae
3beabd02bd46bd09
3be43bb93c9a3d04
3bd6bab5bc6c3d03
bc70bc20bda7bcab
3cae3caa3ccfbcd1
bcd8bc7dbc0bbc72
bca8bc7e3d24bc08
bb143b88bb1abbff
bd0bbc48bb633cce
3c0b3c1abce23c83
bc9ebcd63cc93c07
3bcfbcc8bd283c8c
3d76bd273b98bd94
bd183bf33cfd3c68
3d2f3ca3bdb3bcf9
3c943d093ce73bbb
3d2d3cefbd89bd5c
bcc6bd503c4f3d4b
bc28bc993c323ca2
bceabce7bc03bb7c
bce63c773ce63cd4
bcf2bc9d3bf33d39
bcacbcb7bd66bce0
bcd93c65bce7bc7b
bbedbc083b323ac0
bc5abc38bcae3d50
bb873badbd033d0d
bc123c523ccebd10
bd5c3d393c6abcd0
3c03bd0d3bac3a1b
bd6a3c89bc9c3b19
bca9bab23a0c3c28
bb843b1fbc8ebb28
ba963be33c0bbd81
3c723bd33bf7bca9
bc483c0a3b5f3d6c
bcd03a87bc03bc3a
bc1bbb8cbc293c14
3d523d53bc87bd6a
bc55bd8fbd51bd3c
3cc8bad33c41bb08
bc93bc953c173b7d
3cf8bc213ca7bc95
bd0fbc77ba8a3b86
bbc5bc2b3c82bce1
3db23c98bcf2bcef
bd0dbcc0bd053cce
bd3ebca6bc5bbc8b
bc4bbb60bd4ebcb1
ba0abcd83c27bc1f
bbd7bbde3acc3c45
bcf8badbbba8ba1e
bc98bbb2bc8d3ae2
bb873cad3c8ebbfb
3a243c333c25bbd7
bbd93ad33b713cfe
bccfbd3b3cb73bba
bcb1bc4abcfe3c27
3c8dbc16bd063c99
bc68bd0fbcfcbd55
bd79bc883ad0bd08
bd02bc973c87bc36
3c1e3c8b3c6abcff
bc2f3adebc0bbceb
bc85ba363c7bbc07
bc133c5c3c70bc0e
bca4bca9bd853cba
bbe1bc233b1b3c2e
bcc0bd3f3cadbd1e
bd133c76bd403d1b
bb7c3ce5bdb7bbf7
bcb33b083c633d0a
3daebc94bc8ebc0c
bad3bb023afebaa8
bc71bc1a3c583d0c
bd19bcad3d1d3ce0
3b563b1b3c943ce5
bce23b943c99ba1c
3c883cbebc7bbc99
3d07bd5f3b05bc83
39d63d223b283b9a
bd4abac7bcb23bad
3d88bc403c0ebd0d
3b993c3ebd843c70
3c2c3ca4bcc9bcc4
bc2abd283d043c5d
bcae3cc73cc73b2c
bc1b39f43cf4bbfe
bc863d053cdf3bfd
3c50bcbf3d23bc16
bd0fbdb63d5ebd5d
bb9c3c49bc6a3a9e
3cefbc6b3ac2bc0b
bae83d973cfebd28
3895bd02bc0abce5
3c263c393cc1bcda
bd0abceb3d1bbc19
bbf13ba3bcce3c1d
bc9cbc173bdf3b15
bcc93d2cbd91bca1
bb763bb3bd533b0c
3d123cf13be7bd4b
bd2bbcf23cffbc97
bd21bcbcbcfebd15
bcebbd523d223cf7
b9933bd7bd983cde
bd5abd48bc2e3c19
bc2a39d9bd903d4f
baac3bd3bb10bc2c
bd2fbd373c97bca6
3c493ca0bc62bc13
bb9dbc9abd95bbb0
3c453b49bc123b2b
bc8e3aba3d1dbc26
bca83ca5bd553d03
bce5bbe43c14bd12
bb0d3afcbd133cfe
3d33bc913b42bcc4
bc333ca8b39fbc5a
3c773c6f3cb1bb9a
b9c13c7dbdb73cee
ba78bb523bb1bb52
3d9dbd2fbc04bd50
37c3bcacbda13b89
bc043cab3c36bb75
bbcebbfe3cbb3c31
3cadba6fbcedba09
3ccf3d4fbcf7bd3f
bd1e3bb13cba3c95
3c9a3c033c9abbfc
baba3c86bd1a3bb5
3cd1bd083c6bbc91
3d87bd643b46bd4a
3c3abc243c49bd26
bcde3ce1bc84bcb7
3d133ce5bc833cae
3c51bd283b623ca6
bcdabd20bcebbc8e
bb893c173ab7bc0d
3b5fbc073ba93c5c
bb8b3c663b99b8ca
3ce4bc00bd373c7d
3b223c5ebb463cbe
bc5fbd2e3c853d83
bcafbd323d31bcd0
3c72bd353c44bd60
bd04bce6bd0e3c69
bc363be23b8bbb57
bd69bb183c32bc4f
bc48bc523b1c3bb0
3cb2bd0bbd0ebd08
bc9bbbdabd2f3d57
bc30b9b9bd643d0e
3b103c99bd023c23
bd52bb8fbcc03caf
3c64bb71bd3a3cce
3c89bd14bb97ba93
3dba3d1dbc6abc59
bbc23c9a3b53bbc7
3a5cbd0b3c3fbbcc
bcce3c083c49bd3d
bd283a89bddf3bd1
bccc3c843cc43c99
bc923bfc3ce33c91
3c55bd173cdebd3c
bbfa3b9d3c363aab
3cdf3d0c3d2ebd67
3bebbc673cddbb88
bb733ba73ab2bc9e
3bcabca4bc553aeb
bca23a8cb9c8bb4a
bb0bbcdcbb8fbcac
bd18bd2a3c3abccb
bd84bc973ce53c3e
bca73c2a3b70b9fa
bbcc3da1bc17bd40
bca6bb8dbcd9bcab
bbdebd043b9d3c5b
3adbbc6c3b3c3cdf
3c7b3cd9bd723be9
3cdb3d193d2ebbe9
bc433c473b80bc90
bd123cdf3c9fbaf5
bd1dbca8bb37bc92
3b283c9abb083ca1
bc61bcbcbd1f3d1c
3c18bc91bc433c94
bcadbc533c3abc2c
bc0dbbf9bb72bcdb
3d13bc34bd18bbea
3d04bd21bc26bd7a
3c8f3cdebcb33d12
3cb4bc96bd443c5b
bc58bd053cadbb13
bcbdbd343cfebbd2
bcb2bc99bd1f3cae
bd1ebc8dbc043d19
3aa03c733ababb5f
3bafbc8cbbcebbb5
bc413cb5bcae3cb7
3b433c483ce3bc87
bc0a3d243c9abca9
bc65bb0bbc3fbc80
bce83be2bda8bb70
0000000000000000
3c4f3c2d3c8e3c2b
3a8fbbb63bf33cd7
bda33a173d1abcc8
3c36bbcb3b83bd14
bc60bd48bd363c35
3c76bd13bc7b3c42
bc8f3c3c3ba73c5c
bcc73c3e3c0fbcb6
bcb5bba73c50bd38
bac23c94bbe73b8a
bab5bc16bd063d26
3c80bb753ba339da
bd0e3d1a3a893b53
3c583c313cbdbc0e
3c35bc3fbc8e3cab
bce23c51bc693c62
bc82bc173c85bb1b
3c91bd10bc4abac9
bc393ba7bcf0bcf2
bde93bb63d11bdb2
3c4b3c073c80bd2d
bcff3ce2bc563cf2
bc043c1f3b953bff
bc09bc5a3cf0bc75
bd3f3b7a3c22bc8c
3ce1bcacbc253cc6
bbb2bc65bbb13d37
3d7dbd1fbc9dbc16
3d05bd5c3c8bbbf6
3c99bb28bac03c32
bd623d43bcc93cb2
3c7cbc473c063c2b
bc4a3c3bbcbc3c5f
bca33cd13c7ebc78
3aefbce13aecbbea
bc62bcf13c8abcda
3cdbbccdbcea3c89
3ba13a2bbb9d3b5c
3b18bbd7bc623bf4
3c0fbceb3c31bb72
bc863d463ca4bc8c
bc553c9ebd203d81
bcb8bca5bbd8bcb7
3c693cc13bc1bace
3c0c3c69bbea3c8d
bd3c3bfb3cf73c11
bcc7bc68bd4e3bb6
bcfc3ce5bc0e3c52
3ad53a70bc22bbed
bc89bcf23c5abd11
3b9e3c643ab6bcac
bb8a3c8ebc573c4c
bcd2bcd23d83bd20
bc383c9b3ca6bc11
3c7bbcbabaf1bc85
3d0bbcd3bd833b3e
bd1d3d88bca33d0b
3bb5bc72ba7abc0e
3c2fbd073d7abd4e
bb77bc233d0bbd15
bb2d3ce3bd1b3c81
bb843cd83cc13cb7
3b85bcbf3b9cbd2b
bc2a3bacbc43bcbb
3b013c4f3b913c65
3cdabd9d3cddbd3d
bd0f3c763d44bd14
bc213d033cb8bc95
bb80bbc13c27b82a
3d20bd873bcbbd63
3c00ba85bc68bb9d
bd42b9133b69bc8f
3d52bdae3c18bcdf
3c323a553c1d3b63
bbf63c01bb2a3cb4
bd00bc10bd153c7c
3cdabd8bbd4cbc9d
3b543c843c2c3d17
bcb83c8dbc383c7a
3d4cbdb03b85bc35
bb87bc833cebbd4a
3c2ebc50bca4bac4
bc333caabac2baa0
3c79bcd3bd1e3c8a
bdcd3a3a3c9cbd8b
3d1ebd6abba2bcd5
bd7f3ce6bd083c96
bd223d683cd6bd58
3ccd3c36bc4a3d11
3c5ebbaa3b42bc07
3bbabdd33c58bd9d
bbb1bcd83c1bbdbe
bd07bcc4ba8d3c21
3cb7bd853c76bca3
bca23d373a87bce1
3cc7bd353bcbbba9
3b58bdb4bd38bcb1
3bae3d093cbbbc2f
bc013c4fbaa53bdf
3ba93bb5ba3cbc84
3d25bcb73c4ebc1b
3a96bdc63d66bd3a
bb2a3c9abc433baa
bca83d3b3d1a3b0d
bab1bd453c7ebd02
3b7ebc4f3d1ebcf0
3ca5bcd5bcc3bc22
bb84bd2bbd453cd1
bd08bc93bcccbcc2
3cabbae43bdc3d02
3d2ebd93bd09bc44
bd7dbc553d13bda5
3aafbb813b6cbc98
3a5a3cebbc843d17
bbe8bd0fbcf43d3d
3b883c14bc0ebc09
bbb1ba1d3d89bd0f
bd1d3ca3bc5fbaa2
baa7bd823c80bd8b
3d5fbd723c13bbec
3d30bd24bcdf3c3d
bcf13d7e3c733ba4
3c09bcd6bca9bc12
bb8a3b99bb133ad9
bcad3d8b3a2bba19
bc913b433c0a3c2f
b9143ca6bc313c90
3c8fbd083cc3bca9
3cf0bd28bd343cba
ba273bd7bc543c34
3cb0bd4c3bc9bd4e
bc813b85bb90bd20
bd92ba983d07bc39
bd4aba62bc6ebc2b
3b9a3c7bbcc03c28
3c4c3c7d3c893c2f
bbcd3c8fbc103ca0
bb2bbc59bc8dbc5c
3d2abd09bcc63be8
b9b33c9fbbe83c79
bc2d3b9abb4d3b57
bd203b8fbd333cda
3b86bc8ebc72bd96
3c72bc4fbccf3c07
bc123c9b3cb8bd54
bd243c063c91bd16
bd673cb4bcf33cda
bd033ca9bbc43c87
3957bb323c64bd24
3d28bd2fbcac3cec
bb2cbc03bc21bc34
bcbdbbefbc8bbd75
bcc63d253c55bc24
bc5f3d013b9f384c
3cdabd5bbd02bd1d
bd403be33e01bd31
3cb9bc0abb4fb962
3cb8bd1bbb513b85
3ca1bc743aabbbc6
bd1e3d443c44b9f9
3c9abc11bd283cec
bb58bdc2bcabbd19
bcdbbba2bd323cf4
bd2bbc2fbcfd3d59
bc313d1e3cf83aec
3d27bd5f3c22bc56
bce93c9cbb773c18
bbcc3c65bc2c3c93
bc553c27bcb53c6d
bd603c7fbd093c1a
3c58bc52baa2bc1d
bd863c76bd873cae
bca63ca4ba05bc9b
3a03bba4bb1abc13
bd2e3cb63c863bf4
3d33bd7bbd0bbafb
bb873c3fbcf03d64
3c41bc0bbacfbcd5
3c04bc6e3b0a3aa5
bc1a3bd13a5038a8
3c11bc423b1dbcd4
3bda3c88bbd93ac2
bd863d46b8a73b84
bccd3c183a8fbbd8
3cb33ba0bc1d3bd1
bc40bc83b8a8bcc9
ba6dbce0bd143bcb
bcae3cdebc853c55
bd42bd1b3ce1bdd4
3c1fbc833b3fbb3d
bd563d213cc9bce8
bd8f3d343bd7bd44
bc883ca93c2cbcaf
bc343bed3affbc60
bacbbc713c35bce1
3d52bd313c85bd22
bd353c983adcbc26
bcc93d2dbadb3c11
3cb9bd63bd6f3c81
3c3abd2abd20bcb7
3d4fbd3ebd1dbcfa
bcdf3c79bc533aaa
3a063a72bafc3bba
ba95bc9abb2abcff
3c96bcdcbc863c5b
3cb9bceebb573a06
3ce8bd593c1bbc93
3d10bd5fbcd8bcda
3cf8bccb3befbccb
3cdfbd0fbd43bcbb
bbb5bc3a3d2bbd41
3c72bc87bcac3c61
3cb93c1f3c02bc2b
bbd83bdbbc083c44
3c6abaa33ba93c83
bcc73c27bd183cab
3be9bd393c09bcb8
3c73bd54bd2bbca0
bba93ca33cf5bb78
bcd0bba7bca23d80
3c4a3afabd263c63
3bc4bd093c1ebcbf
bcf13d5c3b503b94
bc8d3cad3c8bbd4d
bb1dbc8c3c393b9e
3a783c91bcfe3d0c
bca43c6bbc663c84
bcc23ca33cfdbcc8
baecbb823c8b3a9a
bd753d013c6cbd11
3c5fbbb1bc65bbf3
bc373ca13c72bba7
3b65bc0a3c9ebca8
3d15bcdd3c96bd27
3d02bc44bc0a3d20
bd2d3c883c40bafd
3cc6bce9bb91bd1b
3adb3b4dbc193b81
bc0fbd903d58bd3e
bd34bc67bcd53cd5
bb593d2fbbf23c5a
3c643c75bc4c3c9d
3d06bd4d3be4bc39
3d58bd82bd30bb90
bcf33c26bd3d3d2b
3cd5bcee3c92bd09
3cebbd61bd0ebbeb
3b8cbcfc3d14bb6c
bd37bd4b3d1ebd26
bd753d223ce4bd0a
bc473ccbbb293a9b
3c9ebd5cbd12bd4d
b9353c3ebcba3c42
bb5dbcd0bcb93d91
3c18bb8fbab6ba29
3d55bca13ca0bd02
bbc23c93ba69bc20
bd6abc333cd0bd55
bca13ce63c9dbc29
bd5f3c57bd263d19
3c383c883c5b3b76
3d19bd143c87bc9d
bda33d413a3cbc85
bc1f3ceabbda3ce0
bc183d17bd093d25
3b90bc94bb213a98
bbfdbbab3d91bcca
39f4bc68bba0bb8b
3b713bc23cb4bd94
3ccebd8fbd4ebc21
bd7c3cd3bd5a3d69
bd983cab3c6ebd5c
bc843b8d3c83bc67
bcbebcdf3cfcbd99
3c5dbc34bb963bb3
3b7bbb3cbc003ca3
3b3e3c23bcb53c72
bd333d46bc4e3cbb
bc983d0d3a71bc8a
bca83c87bc7bbcb1
bda33ca83d89bd67
bc943c8ebbab3c13
388cbba2bb8fbacf
3c623b0bbcaa3be1
3b8e3c2dbb553c58
ba0cbca43cb1bcd1
bb8e3cf53c4cbc24
bc28baf23d53bc68
bbf13a023d0fbb9b
bd0c3c8cbd473d12
39df3c52bc203c48
3d26bd10bd35bbf1
bca9bc15bc9f3d6e
bbae3d06bbd63ca1
bc94bbfdbc9c3bf7
bc30bc2fbbc8bc26
3cc3bca2bcafbc22
bbc43c66bc6e3c70
bc7f3cebbc8f3d08
ba763c82bc943d0f
bc59bba13c76bd55
3cd5bc3f3cdabca9
bc653c9ebc593c29
3c84bcc0bc993c47
3c77bcb0bc543cb5
bc08bc823d59bc6a
3d2abd87bcea3be6
3c88ba0a3b14bd64
bcaeba843d67bd57
3b113c0fbd0d3d0d
3c2dbd03bc903c79
bda23cc4bd473cc3
bba93c2abd463c85
bc573c27bba3bca1
bcac3c86bb4f3cbf
3becbbeabd013cb2
3c5bbbbfbbbe3c4c
3d34bd51bd30bca8
bc69bc18bc08bc43
3c2ebd60bd223d66
0000000000000000
00000000bcd8bd33
000000003d0f3b3e
000000003c793d0b
000000003c1ebbd3
000000003cdc3da5
000000003cb4bb5c
00000000b9f33c17
00000000bc903cb9
00000000bd313cd8
00000000bbf4bcd9
000000003d3abc01
000000003ccbbaa6
00000000bcaebc2e
00000000bc3ebc10
00000000bd25bda1
00000000bcc1bbf8
000000003da0bc7a
000000003d6ebb8d
00000000bced3cc4
00000000bd933ce5
00000000bb3e3cb7
00000000363c3c3f
00000000bbae3bf4
000000003d0f3cfa
000000003cef3d38
000000003c6cbcae
00000000bb0f3b8d
00000000bc9abcd7
000000003c3ebc83
00000000bcaabafc
00000000bd033cb4
000000003c93bcdd
00000000bbe5bd19
00000000bd1f3ce4
000000003a0b3b0a
000000003b403bcb
00000000b9ea3cbd
000000003aedbb3a
000000003c59bbda
000000003cd43ba0
00000000bcca3d21
000000003cd4bcc3
000000003b0abc97
00000000bb96bb9d
000000003c07bcad
000000003cec3c82
00000000bbc33c68
000000003c973cc5
00000000bbeb3ad9
000000003bdc3d71
000000003bb6bd4b
00000000bccebb99
000000003c01bc75
000000003bbdbc05
000000003ba73c1c
00000000bcd4bd03
00000000bc943c42
000000003bfbbca7
000000003d2d3c92
000000003c653bdc
00000000bce8bc2c
000000003d053ce8
000000003bddba80
000000003b6fbc58
00000000bc98bc22
000000003d123c90
000000003c903d36
00000000bc953d30
000000003b9e3c3c
00000000bb8f3c97
00000000bd4cbd64
00000000bcf63c23
000000003aba3cb9
00000000bc423b4f
000000003c35bc12
000000003bd03cd9
000000003c973d46
00000000bb55bc78
00000000bbe33c10
000000003bbdbc3b
000000003bb93d13
00000000bba63c9e
00000000bce2ba51
000000003d013a48
00000000bd76bb38
00000000bb75bc79
00000000bd513c4d
00000000bd5c38bb
00000000bb2abd45
000000003c353c6b
000000003cc93c1a
00000000bd303c9f
000000003d013d77
000000003ccf3c6d
00000000bcb53d12
000000003c93bcf2
000000003da1bc69
000000003a813cd5
00000000bc813c7c
00000000bb993a6a
00000000bbfabd30
000000003d1ebd54
00000000bc7dbcaa
000000003c7d3c97
000000003d6a3cd1
000000003cbcbb15
000000003cb7bac1
000000003d193c5b
00000000bc9ebd23
000000003b6dbce8
000000003d82bb4d
00000000bd12bd06
00000000bc79bcf1
00000000bc683c98
000000003cf23cdc
000000003ad6bc6d
00000000bbe23c90
00000000bcc0badf
00000000bbb93d23
00000000bccd3b3e
00000000bcd2bd4b
00000000bcf03ba5
000000003c74bcf9
000000003a99bc40
00000000bc3f3a96
000000003bdabbe8
00000000bb68bd09
000000003cc1bcef
000000003d233d21
00000000bc873c21
000000003cd63c81
00000000bcd43ace
00000000bb013ce0
00000000bd01bc4b
000000003c483ca9
000000003b1fbd12
00000000bcdebc5a
00000000bc44bc87
00000000bbdabcb7
00000000bcd23c76
000000003c02bc61
000000003ca8bbff
00000000bcb63cb0
00000000bc52bccf
00000000bd063d1f
000000003b8b3d32
00000000bbac3d06
00000000bc9c3b8c
00000000bccabcab
000000003c3d3bec
000000003bc83c80
00000000bc14bd96
00000000bc073d1a
00000000bc9ebb23
00000000bc943d5d
000000003cf1bba7
000000003cb0bce8
000000003c93bb35
000000003c333c6b
00000000bcd43cfe
000000003c5abc33
00000000bba4bbfd
000000003c4ebc21
000000003c2bbd18
000000003d07bc55
000000003cb8bda5
00000000bc0abc95
000000003ac3bc01
00000000ba82ba94
00000000bd233cd5
000000003c04bb99
000000003c7f38c0
00000000bc113c1d
000000003c78bcaf
00000000bcccbb99
000000003cc3bc8c
00000000bc0bbc79
000000003b813c81
00000000bc8bbc3d
00000000bc933b09
000000003b0b3c44
00000000ba2f3b96
00000000bc34bb61
00000000bbac3c20
000000003bd23c69
00000000bc5a3d53
000000003c663cb1
00000000bc5a3c8c
00000000bb76bcad
00000000ba9fbc9e
00000000bd713c6e
00000000bd443c3d
00000000bd253cd0
00000000bc583b5c
00000000bcd63b5c
000000003cbbbd29
00000000bcd33ce1
00000000bd4c3c3a
000000003cc03d0e
000000003b8b3c79
00000000bd163c9b
000000003bab3c9d
00000000bc2cbbd9
00000000bc14bc5b
00000000bc78bc6d
000000003c8cbcb5
000000003d273d42
00000000bb2d3c14
000000003d09bc87
00000000bd683c69
00000000bc653c8c
000000003c91bd62
000000003c703cc6
000000003b67bd00
000000003ad0bba8
00000000bc8d3d08
000000003bd53c84
00000000bd0ebd54
000000003c2e3cfb
000000003ceabc78
000000003c92bd16
000000003d023d2a
00000000bc453d0c
000000003bc7bcee
00000000bbb63bd2
000000003b8a3c92
00000000ba1d3ca1
00000000bc683c94
00000000bc1abc10
00000000bd223d10
000000003c1fbbb2
00000000bbdf3d76
000000003c693d1f
000000003d4bbd3d
000000003b1dbccc
000000003a7ebcbd
000000003c573ce8
000000003c453c08
000000003c7c3c95
000000003d0f3c22
00000000bc9f3d2e
000000003ba3bd45
00000000bbe83baa
00000000bd6ebd14
00000000bc0dbb6a
00000000bcf8bd17
000000003cc33d52
000000003bacbc4b
000000003d723cc1
00000000bd353cfd
00000000bd373c90
000000003b7a3cda
000000003b8bbc10
000000003d45bc9f
000000003be33b79
00000000bc2cbcde
00000000ba7d3c2e
00000000bbde3d4e
00000000bc9c3c14
00000000bc44bd14
000000003c0b3d05
000000003c1d3ccc
00000000bd333c70
00000000bb883bec
00000000bcaa3ae3
000000003c35bba1
000000003c953a61
000000003c15bc64
000000003b943c50
000000003c403d0d
000000003afa3bc6
000000003bde3cd1
000000003b373c34
00000000bd40bd06
000000003acdbcba
000000003b0fbbc7
00000000bb3fbb24
000000003b9f3c71
00000000bbf5bcd7
00000000bacc3b90
00000000bad93d11
00000000bc3ebc4a
00000000bc63bc01
000000003c06bb84
00000000bb233b4b
000000003bf23c3b
00000000bccc3cb7
000000003caa3d36
00000000bc523bb1
00000000bca83c55
00000000bc8dbb52
00000000bd91bcfb
00000000bcb7bc5d
000000003ba3bc80
00000000bd05bc35
00000000bc833d15
000000003b66bd4e
00000000bc8dbcae
00000000bd3fbc37
000000003c59bc60
00000000bd34bcc6
000000003cf6bc89
00000000bc96bc34
000000003c8dbc7d
000000003c6cbd3f
000000003cdabc90
000000003d7a3ac4
00000000bcb6bcf0
000000003cccbd29
000000003aa23a87
000000003ba8bd1e
000000003bcb3d1e
000000003be63bfd
000000003b3fbbcf
000000003c3bbbb6
000000003afdbbc1
000000003b89bc95
00000000bd70bcd4
00000000bb9abbee
000000003cef3cac
0000000000000000
